DateTime	RespValue
11:12:18.294	17.5
11:12:18.306	14.6
11:12:18.318	15.8
11:12:18.331	12.0
11:12:18.339	12.0
11:12:18.351	13.3
11:12:18.363	13.1
11:12:18.372	13.2
11:12:18.384	8.9
11:12:18.396	10.6
11:12:18.404	10.7
11:12:18.416	14.6
11:12:18.428	13.5
11:12:18.436	14.5
11:12:18.449	15.3
11:12:18.461	14.6
11:12:18.469	15.0
11:12:18.481	16.2
11:12:18.494	18.1
11:12:18.506	16.9
11:12:18.514	16.3
11:12:18.527	13.3
11:12:18.539	12.8
11:12:18.547	15.3
11:12:18.559	14.6
11:12:18.572	14.8
11:12:18.580	14.6
11:12:18.592	12.6
11:12:18.605	13.1
11:12:18.617	12.0
11:12:18.625	11.6
11:12:18.637	12.2
11:12:18.650	11.4
11:12:18.658	9.9
11:12:18.670	8.8
11:12:18.682	9.5
11:12:18.691	8.1
11:12:18.703	7.9
11:12:18.715	5.9
11:12:18.723	7.6
11:12:18.736	6.8
11:12:18.748	7.1
11:12:18.760	8.3
11:12:18.768	7.3
11:12:18.781	8.0
11:12:18.793	6.9
11:12:18.801	6.8
11:12:18.813	6.9
11:12:18.826	7.9
11:12:18.834	7.2
11:12:18.846	7.1
11:12:18.858	5.5
11:12:18.867	3.6
11:12:18.879	3.9
11:12:18.891	2.5
11:12:18.899	2.2
11:12:18.912	4.0
11:12:18.924	3.7
11:12:18.936	1.9
11:12:18.944	0.8
11:12:18.957	0.8
11:12:18.969	1.9
11:12:18.977	2.1
11:12:18.989	2.1
11:12:19.002	3.0
11:12:19.014	2.7
11:12:19.022	0.6
11:12:19.034	1.1
11:12:19.047	2.4
11:12:19.055	1.7
11:12:19.067	2.1
11:12:19.080	0.7
11:12:19.088	3.1
11:12:19.100	3.8
11:12:19.112	5.1
11:12:19.120	4.8
11:12:19.133	4.8
11:12:19.145	5.4
11:12:19.153	5.5
11:12:19.166	8.1
11:12:19.178	9.0
11:12:19.190	10.5
11:12:19.198	8.5
11:12:19.211	9.7
11:12:19.223	8.8
11:12:19.231	12.2
11:12:19.243	11.3
11:12:19.256	12.7
11:12:19.268	11.3
11:12:19.276	9.5
11:12:19.288	6.9
11:12:19.301	5.4
11:12:19.309	4.8
11:12:19.321	3.1
11:12:19.333	2.6
11:12:19.342	0.8
11:12:19.354	1.3
11:12:19.366	-2.9
11:12:19.374	-1.3
11:12:19.387	-2.5
11:12:19.399	-1.6
11:12:19.407	-1.4
11:12:19.419	-2.8
11:12:19.432	-3.9
11:12:19.444	-5.7
11:12:19.452	-7.1
11:12:19.464	-7.9
11:12:19.477	-6.7
11:12:19.485	-8.5
11:12:19.497	-7.7
11:12:19.510	-7.1
11:12:19.518	-8.5
11:12:19.530	-4.9
11:12:19.542	-5.1
11:12:19.550	-4.0
11:12:19.563	-3.9
11:12:19.575	-1.7
11:12:19.588	-3.0
11:12:19.596	-1.7
11:12:19.608	-1.6
11:12:19.620	-2.7
11:12:19.629	-1.0
11:12:19.641	-5.3
11:12:19.653	-5.5
11:12:19.661	-5.6
11:12:19.674	-7.6
11:12:19.686	-10.2
11:12:19.698	-7.8
11:12:19.706	-9.6
11:12:19.719	-11.0
11:12:19.731	-10.9
11:12:19.739	-13.0
11:12:19.751	-10.8
11:12:19.764	-10.9
11:12:19.772	-11.2
11:12:19.784	-11.3
11:12:19.796	-12.2
11:12:19.805	-15.6
11:12:19.817	-16.7
11:12:19.829	-16.7
11:12:19.838	-17.0
11:12:19.850	-17.5
11:12:19.863	-19.0
11:12:19.875	-19.3
11:12:19.887	-18.5
11:12:19.895	-19.4
11:12:19.908	-20.6
11:12:19.920	-20.4
11:12:19.928	-21.4
11:12:19.940	-23.4
11:12:19.953	-25.6
11:12:19.961	-26.9
11:12:19.973	-25.7
11:12:19.985	-25.4
11:12:19.998	-27.2
11:12:20.006	-26.4
11:12:20.018	-25.5
11:12:20.030	-26.1
11:12:20.039	-25.0
11:12:20.051	-23.3
11:12:20.063	-21.7
11:12:20.071	-21.0
11:12:20.084	-23.6
11:12:20.096	-25.4
11:12:20.104	-25.2
11:12:20.116	-23.0
11:12:20.129	-21.1
11:12:20.137	-21.0
11:12:20.149	-20.6
11:12:20.162	-20.7
11:12:20.174	-19.5
11:12:20.182	-19.6
11:12:20.194	-18.4
11:12:20.207	-17.2
11:12:20.215	-17.4
11:12:20.227	-19.0
11:12:20.239	-21.1
11:12:20.252	-19.1
11:12:20.260	-15.2
11:12:20.272	-15.2
11:12:20.284	-16.4
11:12:20.292	-15.1
11:12:20.305	-15.0
11:12:20.317	-16.1
11:12:20.325	-14.5
11:12:20.338	-13.1
11:12:20.350	-12.3
11:12:20.358	-12.9
11:12:20.370	-15.2
11:12:20.383	-13.4
11:12:20.391	-13.8
11:12:20.403	-14.1
11:12:20.415	-14.2
11:12:20.428	-11.5
11:12:20.436	-13.6
11:12:20.448	-14.0
11:12:20.460	-11.9
11:12:20.469	-10.0
11:12:20.481	-11.3
11:12:20.493	-12.4
11:12:20.501	-12.3
11:12:20.514	-12.2
11:12:20.526	-10.7
11:12:20.538	-11.7
11:12:20.546	-9.0
11:12:20.559	-9.7
11:12:20.571	-9.9
11:12:20.579	-12.1
11:12:20.591	-10.4
11:12:20.604	-8.9
11:12:20.612	-9.1
11:12:20.624	-8.0
11:12:20.637	-5.3
11:12:20.645	-4.3
11:12:20.657	-4.0
11:12:20.669	-1.2
11:12:20.682	0.9
11:12:20.690	5.3
11:12:20.702	6.2
11:12:20.714	7.4
11:12:20.722	9.1
11:12:20.735	12.5
11:12:20.747	12.1
11:12:20.755	13.2
11:12:20.767	14.1
11:12:20.780	13.4
11:12:20.788	12.8
11:12:20.800	12.2
11:12:20.813	10.9
11:12:20.821	11.4
11:12:20.833	14.0
11:12:20.845	13.6
11:12:20.858	12.3
11:12:20.866	12.0
11:12:20.878	11.8
11:12:20.890	13.3
11:12:20.899	15.1
11:12:20.911	13.6
11:12:20.923	16.3
11:12:20.935	15.7
11:12:20.944	14.5
11:12:20.956	13.2
11:12:20.968	13.1
11:12:20.976	12.5
11:12:20.989	12.1
11:12:21.001	10.8
11:12:21.009	8.4
11:12:21.021	9.5
11:12:21.034	6.8
11:12:21.042	7.2
11:12:21.054	8.3
11:12:21.066	7.7
11:12:21.075	8.4
11:12:21.087	8.5
11:12:21.099	8.2
11:12:21.111	9.5
11:12:21.120	9.4
11:12:21.132	9.3
11:12:21.144	10.7
11:12:21.152	10.0
11:12:21.165	9.0
11:12:21.177	10.1
11:12:21.189	9.8
11:12:21.197	10.2
11:12:21.210	11.4
11:12:21.222	11.2
11:12:21.230	12.4
11:12:21.243	12.0
11:12:21.255	12.2
11:12:21.263	11.9
11:12:21.275	12.1
11:12:21.288	11.9
11:12:21.296	11.7
11:12:21.308	13.9
11:12:21.320	12.5
11:12:21.329	11.9
11:12:21.341	11.9
11:12:21.353	12.9
11:12:21.365	12.4
11:12:21.374	13.2
11:12:21.386	12.4
11:12:21.398	13.3
11:12:21.406	14.0
11:12:21.419	11.8
11:12:21.431	13.4
11:12:21.439	13.4
11:12:21.451	12.6
11:12:21.464	12.6
11:12:21.472	14.6
11:12:21.484	13.1
11:12:21.496	14.1
11:12:21.509	12.8
11:12:21.517	12.3
11:12:21.529	12.2
11:12:21.541	10.8
11:12:21.550	11.1
11:12:21.562	10.6
11:12:21.574	10.0
11:12:21.582	9.0
11:12:21.595	10.3
11:12:21.607	10.2
11:12:21.619	9.6
11:12:21.627	10.9
11:12:21.640	9.6
11:12:21.652	10.3
11:12:21.660	8.4
11:12:21.672	9.5
11:12:21.685	7.7
11:12:21.693	4.9
11:12:21.705	4.1
11:12:21.717	2.8
11:12:21.726	3.4
11:12:21.738	1.2
11:12:21.750	2.4
11:12:21.758	0.5
11:12:21.771	1.4
11:12:21.783	1.2
11:12:21.795	5.2
11:12:21.804	6.0
11:12:21.816	6.0
11:12:21.828	6.0
11:12:21.836	5.1
11:12:21.849	5.6
11:12:21.861	5.5
11:12:21.873	7.0
11:12:21.881	6.9
11:12:21.894	4.5
11:12:21.906	0.8
11:12:21.914	-0.3
11:12:21.926	-1.7
11:12:21.939	-0.3
11:12:21.947	0.6
11:12:21.959	0.1
11:12:21.971	0.6
11:12:21.980	-1.8
11:12:21.992	-1.5
11:12:22.004	-1.5
11:12:22.012	-1.2
11:12:22.025	-2.3
11:12:22.037	-0.3
11:12:22.049	-1.8
11:12:22.057	-2.2
11:12:22.070	-0.7
11:12:22.082	-2.1
11:12:22.094	-3.7
11:12:22.102	-5.2
11:12:22.115	-4.6
11:12:22.127	-7.8
11:12:22.135	-5.8
11:12:22.147	-7.6
11:12:22.160	-7.5
11:12:22.172	-10.9
11:12:22.180	-12.9
11:12:22.193	-15.7
11:12:22.205	-13.9
11:12:22.213	-13.7
11:12:22.225	-14.6
11:12:22.238	-12.8
11:12:22.246	-14.5
11:12:22.258	-16.5
11:12:22.270	-17.9
11:12:22.279	-16.5
11:12:22.291	-17.4
11:12:22.303	-15.1
11:12:22.311	-14.4
11:12:22.324	-16.0
11:12:22.336	-16.7
11:12:22.348	-17.1
11:12:22.356	-18.4
11:12:22.369	-18.2
11:12:22.381	-17.6
11:12:22.389	-15.2
11:12:22.401	-16.4
11:12:22.414	-16.8
11:12:22.422	-17.7
11:12:22.434	-16.4
11:12:22.446	-16.6
11:12:22.459	-13.2
11:12:22.467	-12.2
11:12:22.479	-11.7
11:12:22.491	-13.3
11:12:22.500	-16.3
11:12:22.512	-12.0
11:12:22.524	-12.7
11:12:22.532	-13.6
11:12:22.545	-15.5
11:12:22.557	-16.0
11:12:22.565	-19.0
11:12:22.577	-17.9
11:12:22.590	-17.7
11:12:22.602	-18.5
11:12:22.610	-19.3
11:12:22.622	-21.9
11:12:22.635	-21.5
11:12:22.643	-20.6
11:12:22.655	-19.2
11:12:22.667	-16.9
11:12:22.676	-18.4
11:12:22.688	-19.8
11:12:22.700	-21.2
11:12:22.709	-19.7
11:12:22.721	-18.0
11:12:22.733	-18.5
11:12:22.741	-19.4
11:12:22.754	-21.0
11:12:22.766	-23.5
11:12:22.778	-24.1
11:12:22.786	-22.5
11:12:22.799	-23.1
11:12:22.811	-21.9
11:12:22.819	-22.5
11:12:22.831	-23.9
11:12:22.844	-25.2
11:12:22.856	-25.3
11:12:22.864	-24.9
11:12:22.876	-24.8
11:12:22.889	-27.8
11:12:22.897	-29.5
11:12:22.909	-27.5
11:12:22.921	-28.9
11:12:22.930	-28.8
11:12:22.942	-28.5
11:12:22.954	-27.7
11:12:22.962	-27.3
11:12:22.975	-26.0
11:12:22.987	-24.4
11:12:22.995	-22.8
11:12:23.007	-22.2
11:12:23.020	-24.6
11:12:23.032	-23.6
11:12:23.040	-24.5
11:12:23.052	-24.8
11:12:23.065	-24.9
11:12:23.073	-24.4
11:12:23.085	-24.6
11:12:23.098	-25.4
11:12:23.110	-25.2
11:12:23.118	-24.4
11:12:23.130	-23.6
11:12:23.143	-25.1
11:12:23.151	-24.5
11:12:23.163	-24.5
11:12:23.175	-25.2
11:12:23.183	-25.9
11:12:23.196	-26.7
11:12:23.208	-26.3
11:12:23.216	-26.7
11:12:23.229	-26.9
11:12:23.241	-26.7
11:12:23.249	-24.9
11:12:23.261	-25.7
11:12:23.274	-26.3
11:12:23.286	-25.7
11:12:23.294	-26.5
11:12:23.306	-26.8
11:12:23.319	-27.2
11:12:23.327	-27.4
11:12:23.339	-29.2
11:12:23.351	-28.5
11:12:23.360	-28.6
11:12:23.372	-28.6
11:12:23.384	-27.5
11:12:23.392	-28.6
11:12:23.405	-29.2
11:12:23.418	-28.9
11:12:23.430	-28.6
11:12:23.438	-29.1
11:12:23.451	-28.4
11:12:23.463	-29.1
11:12:23.471	-31.1
11:12:23.483	-30.4
11:12:23.496	-30.6
11:12:23.504	-30.5
11:12:23.516	-28.6
11:12:23.528	-29.2
11:12:23.541	-30.5
11:12:23.549	-29.7
11:12:23.561	-32.2
11:12:23.573	-31.4
11:12:23.582	-30.1
11:12:23.594	-30.3
11:12:23.606	-30.9
11:12:23.614	-30.0
11:12:23.627	-30.6
11:12:23.639	-29.6
11:12:23.647	-27.1
11:12:23.659	-27.5
11:12:23.672	-25.2
11:12:23.680	-26.0
11:12:23.692	-26.5
11:12:23.705	-26.2
11:12:23.717	-25.9
11:12:23.725	-26.3
11:12:23.737	-24.6
11:12:23.750	-25.0
11:12:23.758	-27.4
11:12:23.770	-26.2
11:12:23.782	-27.3
11:12:23.795	-29.5
11:12:23.803	-28.5
11:12:23.815	-28.6
11:12:23.827	-27.4
11:12:23.836	-26.7
11:12:23.848	-28.1
11:12:23.860	-28.4
11:12:23.872	-27.0
11:12:23.881	-28.3
11:12:23.893	-27.4
11:12:23.905	-24.7
11:12:23.913	-24.4
11:12:23.926	-25.0
11:12:23.938	-26.3
11:12:23.946	-26.8
11:12:23.958	-25.9
11:12:23.971	-27.0
11:12:23.979	-27.7
11:12:23.991	-27.4
11:12:24.003	-24.9
11:12:24.016	-25.2
11:12:24.024	-27.4
11:12:24.036	-24.3
11:12:24.048	-24.0
11:12:24.057	-23.8
11:12:24.069	-25.2
11:12:24.081	-23.0
11:12:24.093	-18.2
11:12:24.102	-17.7
11:12:24.114	-17.4
11:12:24.126	-16.2
11:12:24.134	-14.8
11:12:24.147	-18.0
11:12:24.159	-17.4
11:12:24.167	-18.4
11:12:24.179	-17.7
11:12:24.192	-18.7
11:12:24.200	-22.5
11:12:24.212	-21.7
11:12:24.225	-24.9
11:12:24.233	-26.7
11:12:24.245	-26.2
11:12:24.257	-24.8
11:12:24.270	-25.3
11:12:24.278	-24.0
11:12:24.290	-24.4
11:12:24.302	-23.9
11:12:24.311	-23.2
11:12:24.323	-23.6
11:12:24.335	-21.2
11:12:24.343	-20.5
11:12:24.356	-20.5
11:12:24.368	-20.1
11:12:24.380	-19.4
11:12:24.388	-18.8
11:12:24.401	-17.9
11:12:24.413	-17.6
11:12:24.421	-15.3
11:12:24.433	-15.4
11:12:24.446	-17.5
11:12:24.454	-15.8
11:12:24.466	-14.7
11:12:24.478	-15.3
11:12:24.487	-15.8
11:12:24.499	-15.8
11:12:24.511	-16.4
11:12:24.523	-16.9
11:12:24.532	-20.3
11:12:24.544	-19.9
11:12:24.556	-16.9
11:12:24.564	-17.6
11:12:24.577	-17.9
11:12:24.589	-17.7
11:12:24.597	-17.3
11:12:24.609	-17.2
11:12:24.622	-16.1
11:12:24.630	-14.6
11:12:24.642	-12.7
11:12:24.655	-14.2
11:12:24.663	-15.7
11:12:24.675	-15.1
11:12:24.687	-14.6
11:12:24.700	-13.1
11:12:24.708	-13.0
11:12:24.720	-13.1
11:12:24.732	-11.9
11:12:24.741	-11.7
11:12:24.753	-12.0
11:12:24.765	-11.0
11:12:24.777	-10.6
11:12:24.786	-10.7
11:12:24.798	-9.4
11:12:24.810	-8.8
11:12:24.818	-8.2
11:12:24.831	-7.6
11:12:24.843	-8.2
11:12:24.851	-10.0
11:12:24.863	-9.3
11:12:24.876	-7.7
11:12:24.884	-7.0
11:12:24.896	-7.2
11:12:24.908	-8.9
11:12:24.917	-11.3
11:12:24.929	-7.6
11:12:24.941	-6.8
11:12:24.953	-7.3
11:12:24.962	-6.3
11:12:24.974	-6.1
11:12:24.986	-6.3
11:12:24.994	-5.8
11:12:25.007	-6.2
11:12:25.019	-7.5
11:12:25.031	-7.2
11:12:25.040	-9.6
11:12:25.052	-9.6
11:12:25.064	-9.9
11:12:25.072	-9.0
11:12:25.085	-9.1
11:12:25.097	-9.5
11:12:25.105	-8.8
11:12:25.117	-7.3
11:12:25.129	-6.0
11:12:25.138	-5.5
11:12:25.150	-5.9
11:12:25.162	-6.4
11:12:25.170	-5.4
11:12:25.183	-6.1
11:12:25.195	-5.9
11:12:25.207	-5.6
11:12:25.215	-5.0
11:12:25.228	-5.3
11:12:25.240	-2.9
11:12:25.248	1.0
11:12:25.261	0.1
11:12:25.273	-0.1
11:12:25.281	-2.3
11:12:25.293	-0.3
11:12:25.306	-1.1
11:12:25.314	0.0
11:12:25.326	-3.4
11:12:25.338	-4.6
11:12:25.351	-4.1
11:12:25.359	-6.7
11:12:25.371	-7.3
11:12:25.383	-7.4
11:12:25.392	-5.5
11:12:25.404	-7.0
11:12:25.416	-6.8
11:12:25.424	-7.8
11:12:25.437	-5.5
11:12:25.449	-2.5
11:12:25.461	-4.5
11:12:25.469	-3.3
11:12:25.482	-1.3
11:12:25.494	-1.4
11:12:25.502	-2.0
11:12:25.514	-2.4
11:12:25.527	-1.9
11:12:25.535	-0.8
11:12:25.547	-0.9
11:12:25.559	-3.8
11:12:25.568	-4.0
11:12:25.580	-5.7
11:12:25.592	-4.2
11:12:25.600	-3.4
11:12:25.613	-0.1
11:12:25.625	1.5
11:12:25.637	1.7
11:12:25.645	1.7
11:12:25.658	2.6
11:12:25.670	4.1
11:12:25.678	4.9
11:12:25.690	4.1
11:12:25.703	3.4
11:12:25.715	5.1
11:12:25.723	3.4
11:12:25.736	5.7
11:12:25.748	6.6
11:12:25.756	6.3
11:12:25.768	6.9
11:12:25.781	8.1
11:12:25.789	8.9
11:12:25.801	10.9
11:12:25.813	11.7
11:12:25.822	12.7
11:12:25.834	13.8
11:12:25.846	11.7
11:12:25.858	12.6
11:12:25.867	16.5
11:12:25.879	16.7
11:12:25.891	17.5
11:12:25.899	18.5
11:12:25.912	19.8
11:12:25.924	19.7
11:12:25.936	18.7
11:12:25.944	19.6
11:12:25.957	21.8
11:12:25.969	21.5
11:12:25.977	20.4
11:12:25.989	22.5
11:12:26.002	20.8
11:12:26.014	21.4
11:12:26.022	21.7
11:12:26.034	23.5
11:12:26.047	24.5
11:12:26.055	25.5
11:12:26.067	24.6
11:12:26.079	26.0
11:12:26.088	25.3
11:12:26.100	23.3
11:12:26.112	26.5
11:12:26.120	27.8
11:12:26.133	28.0
11:12:26.145	26.1
11:12:26.153	25.8
11:12:26.166	25.6
11:12:26.178	29.8
11:12:26.190	29.0
11:12:26.198	28.2
11:12:26.211	31.3
11:12:26.223	31.6
11:12:26.231	33.7
11:12:26.243	34.5
11:12:26.256	36.0
11:12:26.264	37.1
11:12:26.276	36.9
11:12:26.288	34.9
11:12:26.301	36.1
11:12:26.309	37.9
11:12:26.321	36.1
11:12:26.333	36.0
11:12:26.342	33.7
11:12:26.354	34.4
11:12:26.366	33.9
11:12:26.374	34.8
11:12:26.387	34.9
11:12:26.399	34.8
11:12:26.407	35.5
11:12:26.419	35.3
11:12:26.432	36.7
11:12:26.444	36.5
11:12:26.453	36.9
11:12:26.465	38.1
11:12:26.477	39.9
11:12:26.485	37.6
11:12:26.498	38.3
11:12:26.510	38.0
11:12:26.518	38.4
11:12:26.530	41.9
11:12:26.543	41.2
11:12:26.551	41.1
11:12:26.563	41.1
11:12:26.576	40.0
11:12:26.584	39.6
11:12:26.596	41.3
11:12:26.608	43.6
11:12:26.621	42.9
11:12:26.629	43.2
11:12:26.641	40.0
11:12:26.653	42.3
11:12:26.661	41.1
11:12:26.674	43.6
11:12:26.686	43.2
11:12:26.698	44.3
11:12:26.706	45.0
11:12:26.718	42.6
11:12:26.730	44.6
11:12:26.739	44.2
11:12:26.751	46.8
11:12:26.763	44.3
11:12:26.771	46.2
11:12:26.784	45.0
11:12:26.797	45.7
11:12:26.805	45.1
11:12:26.817	46.1
11:12:26.830	47.8
11:12:26.838	47.6
11:12:26.850	48.7
11:12:26.863	46.6
11:12:26.875	49.4
11:12:26.883	50.3
11:12:26.895	50.9
11:12:26.908	51.7
11:12:26.916	52.0
11:12:26.928	51.9
11:12:26.940	51.4
11:12:26.953	53.7
11:12:26.961	52.9
11:12:26.973	53.7
11:12:26.985	50.8
11:12:26.994	49.9
11:12:27.006	49.7
11:12:27.018	50.3
11:12:27.026	48.5
11:12:27.039	48.5
11:12:27.051	48.8
11:12:27.059	48.0
11:12:27.071	48.7
11:12:27.083	49.8
11:12:27.091	52.4
11:12:27.103	54.5
11:12:27.116	54.9
11:12:27.128	54.8
11:12:27.136	57.0
11:12:27.148	59.0
11:12:27.161	59.1
11:12:27.169	59.2
11:12:27.181	59.2
11:12:27.193	59.0
11:12:27.202	58.1
11:12:27.214	59.6
11:12:27.226	59.4
11:12:27.234	59.3
11:12:27.247	59.0
11:12:27.259	57.7
11:12:27.271	58.3
11:12:27.280	58.8
11:12:27.292	58.4
11:12:27.304	58.3
11:12:27.312	59.1
11:12:27.325	57.7
11:12:27.337	58.4
11:12:27.345	58.8
11:12:27.357	60.0
11:12:27.370	61.2
11:12:27.382	62.5
11:12:27.390	61.1
11:12:27.402	62.5
11:12:27.415	63.6
11:12:27.423	64.3
11:12:27.435	65.4
11:12:27.447	65.7
11:12:27.456	65.8
11:12:27.468	67.7
11:12:27.480	67.3
11:12:27.488	66.0
11:12:27.501	68.2
11:12:27.513	68.8
11:12:27.521	67.7
11:12:27.534	66.8
11:12:27.546	67.3
11:12:27.558	67.1
11:12:27.566	67.4
11:12:27.579	64.8
11:12:27.591	64.5
11:12:27.599	63.6
11:12:27.611	61.9
11:12:27.624	59.9
11:12:27.636	61.5
11:12:27.644	62.9
11:12:27.656	61.9
11:12:27.669	62.2
11:12:27.677	62.9
11:12:27.689	63.5
11:12:27.701	63.8
11:12:27.710	65.3
11:12:27.722	65.9
11:12:27.734	68.1
11:12:27.742	67.3
11:12:27.755	68.9
11:12:27.767	69.2
11:12:27.775	68.7
11:12:27.787	69.5
11:12:27.800	70.2
11:12:27.812	70.4
11:12:27.820	70.9
11:12:27.832	73.6
11:12:27.845	73.6
11:12:27.857	75.0
11:12:27.865	72.9
11:12:27.877	73.1
11:12:27.890	74.0
11:12:27.898	72.3
11:12:27.910	73.6
11:12:27.922	73.1
11:12:27.935	75.2
11:12:27.943	71.9
11:12:27.955	72.4
11:12:27.967	70.8
11:12:27.976	70.4
11:12:27.988	70.0
11:12:28.000	68.7
11:12:28.009	67.4
11:12:28.021	66.1
11:12:28.033	66.8
11:12:28.041	63.8
11:12:28.054	64.8
11:12:28.066	61.3
11:12:28.074	59.4
11:12:28.086	57.1
11:12:28.099	54.3
11:12:28.111	53.7
11:12:28.119	54.2
11:12:28.131	53.5
11:12:28.144	49.9
11:12:28.152	49.3
11:12:28.164	46.7
11:12:28.176	46.9
11:12:28.185	47.3
11:12:28.197	48.3
11:12:28.210	47.7
11:12:28.221	46.0
11:12:28.231	45.3
11:12:28.243	43.2
11:12:28.255	43.3
11:12:28.263	41.9
11:12:28.276	40.8
11:12:28.288	39.7
11:12:28.296	39.3
11:12:28.308	38.0
11:12:28.321	37.8
11:12:28.329	37.6
11:12:28.341	36.1
11:12:28.353	34.7
11:12:28.366	34.2
11:12:28.374	34.1
11:12:28.386	33.7
11:12:28.398	31.6
11:12:28.407	31.5
11:12:28.419	30.8
11:12:28.431	29.8
11:12:28.439	29.8
11:12:28.452	30.2
11:12:28.464	29.5
11:12:28.472	29.6
11:12:28.484	27.9
11:12:28.497	27.6
11:12:28.505	29.7
11:12:28.517	28.2
11:12:28.530	29.9
11:12:28.542	30.4
11:12:28.550	29.7
11:12:28.562	27.9
11:12:28.575	27.8
11:12:28.583	26.8
11:12:28.595	28.0
11:12:28.607	27.5
11:12:28.620	26.4
11:12:28.628	27.4
11:12:28.640	24.8
11:12:28.652	24.5
11:12:28.661	23.4
11:12:28.673	24.0
11:12:28.685	24.1
11:12:28.693	25.2
11:12:28.706	23.9
11:12:28.718	25.3
11:12:28.726	25.1
11:12:28.738	23.3
11:12:28.751	24.0
11:12:28.759	24.5
11:12:28.771	27.2
11:12:28.783	27.1
11:12:28.796	27.4
11:12:28.804	26.2
11:12:28.816	26.0
11:12:28.828	24.5
11:12:28.837	26.1
11:12:28.849	27.4
11:12:28.861	29.1
11:12:28.874	27.4
11:12:28.882	25.1
11:12:28.894	27.2
11:12:28.906	26.7
11:12:28.915	26.5
11:12:28.927	26.7
11:12:28.939	26.7
11:12:28.947	27.7
11:12:28.959	26.7
11:12:28.972	24.5
11:12:28.980	25.3
11:12:28.992	25.9
11:12:29.004	25.5
11:12:29.013	26.0
11:12:29.025	26.5
11:12:29.037	27.1
11:12:29.050	27.8
11:12:29.058	25.6
11:12:29.070	27.6
11:12:29.082	27.4
11:12:29.091	28.2
11:12:29.103	27.9
11:12:29.115	26.1
11:12:29.123	27.2
11:12:29.136	27.1
11:12:29.148	26.5
11:12:29.156	26.6
11:12:29.168	26.6
11:12:29.181	25.5
11:12:29.193	25.9
11:12:29.201	26.1
11:12:29.213	24.6
11:12:29.226	24.4
11:12:29.234	22.6
11:12:29.246	23.6
11:12:29.258	23.3
11:12:29.267	24.7
11:12:29.279	25.3
11:12:29.291	24.9
11:12:29.303	23.9
11:12:29.312	21.1
11:12:29.324	22.2
11:12:29.336	23.5
11:12:29.344	24.3
11:12:29.357	24.4
11:12:29.369	24.9
11:12:29.378	22.7
11:12:29.390	21.8
11:12:29.402	19.9
11:12:29.410	20.9
11:12:29.422	22.8
11:12:29.435	23.3
11:12:29.443	21.8
11:12:29.455	23.1
11:12:29.467	22.8
11:12:29.480	23.0
11:12:29.488	22.8
11:12:29.500	23.3
11:12:29.513	24.2
11:12:29.521	24.7
11:12:29.533	23.6
11:12:29.545	23.6
11:12:29.558	23.6
11:12:29.566	23.0
11:12:29.578	21.4
11:12:29.590	21.1
11:12:29.599	21.8
11:12:29.611	23.2
11:12:29.623	23.6
11:12:29.631	22.8
11:12:29.644	23.5
11:12:29.656	22.7
11:12:29.664	21.6
11:12:29.676	20.4
11:12:29.689	23.4
11:12:29.697	24.0
11:12:29.709	22.7
11:12:29.721	20.9
11:12:29.734	22.0
11:12:29.742	21.0
11:12:29.754	22.2
11:12:29.766	23.1
11:12:29.775	26.1
11:12:29.787	26.5
11:12:29.799	23.9
11:12:29.811	24.4
11:12:29.820	26.1
11:12:29.832	25.6
11:12:29.844	23.6
11:12:29.856	23.7
11:12:29.865	22.3
11:12:29.877	20.2
11:12:29.889	19.2
11:12:29.897	19.4
11:12:29.910	18.8
11:12:29.922	16.9
11:12:29.930	17.1
11:12:29.942	18.2
11:12:29.955	17.3
11:12:29.963	17.0
11:12:29.975	16.3
11:12:29.988	17.5
11:12:29.996	16.3
11:12:30.008	15.7
11:12:30.020	15.1
11:12:30.033	16.6
11:12:30.041	15.2
11:12:30.054	12.9
11:12:30.065	14.0
11:12:30.074	14.3
11:12:30.086	13.0
11:12:30.098	13.1
11:12:30.106	12.8
11:12:30.119	13.2
11:12:30.131	12.5
11:12:30.143	11.8
11:12:30.151	10.9
11:12:30.164	12.0
11:12:30.176	12.7
11:12:30.184	13.2
11:12:30.196	14.5
11:12:30.209	14.2
11:12:30.217	14.2
11:12:30.229	14.9
11:12:30.241	15.8
11:12:30.250	16.4
11:12:30.262	16.7
11:12:30.274	14.9
11:12:30.286	14.4
11:12:30.295	13.8
11:12:30.307	13.6
11:12:30.319	13.8
11:12:30.327	16.0
11:12:30.340	12.8
11:12:30.352	15.1
11:12:30.360	13.8
11:12:30.372	14.2
11:12:30.385	17.2
11:12:30.393	17.3
11:12:30.405	17.9
11:12:30.417	17.8
11:12:30.426	18.6
11:12:30.438	17.6
11:12:30.450	20.0
11:12:30.463	16.9
11:12:30.471	17.9
11:12:30.483	17.4
11:12:30.495	16.2
11:12:30.503	15.3
11:12:30.516	13.5
11:12:30.528	14.5
11:12:30.540	12.5
11:12:30.549	11.7
11:12:30.561	11.9
11:12:30.573	12.1
11:12:30.581	10.1
11:12:30.594	10.3
11:12:30.606	8.9
11:12:30.614	9.6
11:12:30.626	11.7
11:12:30.639	10.9
11:12:30.647	12.5
11:12:30.659	12.2
11:12:30.671	10.3
11:12:30.680	11.0
11:12:30.692	10.4
11:12:30.704	9.4
11:12:30.716	8.8
11:12:30.725	7.1
11:12:30.737	4.4
11:12:30.749	5.2
11:12:30.757	3.9
11:12:30.770	3.8
11:12:30.782	4.8
11:12:30.794	4.5
11:12:30.802	5.2
11:12:30.815	8.4
11:12:30.827	10.6
11:12:30.835	12.0
11:12:30.848	13.3
11:12:30.860	12.8
11:12:30.868	14.4
11:12:30.880	14.2
11:12:30.893	13.5
11:12:30.901	14.3
11:12:30.913	13.4
11:12:30.925	11.9
11:12:30.934	10.7
11:12:30.946	10.9
11:12:30.958	11.6
11:12:30.970	12.4
11:12:30.979	11.6
11:12:30.991	11.1
11:12:31.003	11.1
11:12:31.011	11.1
11:12:31.024	12.8
11:12:31.036	11.2
11:12:31.044	12.9
11:12:31.056	11.6
11:12:31.069	12.5
11:12:31.077	11.7
11:12:31.089	9.9
11:12:31.101	11.1
11:12:31.114	11.2
11:12:31.122	10.9
11:12:31.134	9.2
11:12:31.146	9.3
11:12:31.155	9.1
11:12:31.167	9.6
11:12:31.179	8.3
11:12:31.187	7.0
11:12:31.200	7.7
11:12:31.212	7.0
11:12:31.224	6.8
11:12:31.232	6.4
11:12:31.245	6.8
11:12:31.257	9.4
11:12:31.265	6.1
11:12:31.277	6.5
11:12:31.290	6.6
11:12:31.298	7.5
11:12:31.310	8.4
11:12:31.322	7.8
11:12:31.331	6.8
11:12:31.343	8.1
11:12:31.355	9.1
11:12:31.363	8.4
11:12:31.376	9.7
11:12:31.388	10.3
11:12:31.400	11.2
11:12:31.409	10.4
11:12:31.421	8.3
11:12:31.433	9.5
11:12:31.441	10.3
11:12:31.454	10.2
11:12:31.466	10.8
11:12:31.478	8.2
11:12:31.486	8.9
11:12:31.499	7.4
11:12:31.511	5.7
11:12:31.519	6.4
11:12:31.531	8.9
11:12:31.544	8.3
11:12:31.552	8.6
11:12:31.564	7.6
11:12:31.576	6.5
11:12:31.585	7.1
11:12:31.597	7.7
11:12:31.609	9.3
11:12:31.617	9.2
11:12:31.630	10.9
11:12:31.642	11.4
11:12:31.654	9.6
11:12:31.662	9.6
11:12:31.675	8.7
11:12:31.687	9.5
11:12:31.695	9.6
11:12:31.707	10.9
11:12:31.720	10.7
11:12:31.728	11.3
11:12:31.740	8.8
11:12:31.752	7.0
11:12:31.765	9.4
11:12:31.773	10.2
11:12:31.785	11.5
11:12:31.798	10.8
11:12:31.810	11.5
11:12:31.818	10.0
11:12:31.830	11.0
11:12:31.843	11.1
11:12:31.851	10.8
11:12:31.863	11.7
11:12:31.875	11.0
11:12:31.884	11.3
11:12:31.896	9.4
11:12:31.908	9.7
11:12:31.916	9.8
11:12:31.929	8.2
11:12:31.941	6.3
11:12:31.949	6.2
11:12:31.961	6.9
11:12:31.974	4.5
11:12:31.982	4.8
11:12:31.994	5.2
11:12:32.006	7.4
11:12:32.015	6.4
11:12:32.027	5.1
11:12:32.039	5.3
11:12:32.051	8.0
11:12:32.064	9.0
11:12:32.072	10.7
11:12:32.084	11.8
11:12:32.096	10.1
11:12:32.105	8.1
11:12:32.117	6.3
11:12:32.129	7.1
11:12:32.138	5.7
11:12:32.150	5.5
11:12:32.162	4.3
11:12:32.170	1.0
11:12:32.183	-0.5
11:12:32.195	0.6
11:12:32.207	1.5
11:12:32.215	2.7
11:12:32.228	2.9
11:12:32.240	0.7
11:12:32.248	1.9
11:12:32.260	1.8
11:12:32.273	-0.2
11:12:32.281	1.0
11:12:32.293	1.3
11:12:32.305	-0.3
11:12:32.314	-0.6
11:12:32.326	-1.4
11:12:32.338	-0.7
11:12:32.346	2.0
11:12:32.359	4.3
11:12:32.371	4.9
11:12:32.383	4.7
11:12:32.391	6.5
11:12:32.404	4.3
11:12:32.416	6.0
11:12:32.424	6.4
11:12:32.436	5.3
11:12:32.449	3.6
11:12:32.461	3.9
11:12:32.469	4.2
11:12:32.482	5.4
11:12:32.494	5.2
11:12:32.502	3.6
11:12:32.514	5.0
11:12:32.527	4.0
11:12:32.535	3.9
11:12:32.547	7.2
11:12:32.559	9.8
11:12:32.567	7.8
11:12:32.580	6.1
11:12:32.592	7.1
11:12:32.600	6.1
11:12:32.613	8.0
11:12:32.625	7.2
11:12:32.637	6.9
11:12:32.645	6.5
11:12:32.658	3.3
11:12:32.670	1.4
11:12:32.678	0.5
11:12:32.690	0.9
11:12:32.703	-1.3
11:12:32.715	0.4
11:12:32.723	-2.3
11:12:32.735	-2.9
11:12:32.748	-3.1
11:12:32.756	-2.0
11:12:32.768	0.3
11:12:32.780	1.3
11:12:32.789	2.1
11:12:32.801	1.2
11:12:32.813	1.3
11:12:32.821	2.4
11:12:32.834	0.8
11:12:32.846	4.7
11:12:32.854	7.1
11:12:32.866	5.4
11:12:32.879	2.9
11:12:32.891	1.6
11:12:32.899	1.5
11:12:32.911	0.7
11:12:32.924	0.6
11:12:32.932	2.3
11:12:32.944	4.9
11:12:32.956	1.9
11:12:32.965	0.5
11:12:32.977	1.8
11:12:32.989	3.5
11:12:32.997	5.7
11:12:33.010	7.8
11:12:33.022	7.6
11:12:33.034	6.5
11:12:33.042	3.0
11:12:33.055	3.8
11:12:33.067	4.8
11:12:33.075	3.8
11:12:33.088	5.1
11:12:33.100	5.3
11:12:33.108	4.9
11:12:33.120	2.2
11:12:33.133	2.7
11:12:33.145	4.2
11:12:33.153	3.8
11:12:33.165	4.2
11:12:33.178	2.6
11:12:33.186	3.2
11:12:33.198	0.7
11:12:33.210	-0.2
11:12:33.219	-0.5
11:12:33.231	1.5
11:12:33.243	2.1
11:12:33.251	2.9
11:12:33.264	3.8
11:12:33.276	2.2
11:12:33.284	5.9
11:12:33.296	5.1
11:12:33.309	7.0
11:12:33.321	6.3
11:12:33.329	7.4
11:12:33.341	4.5
11:12:33.354	4.9
11:12:33.362	3.0
11:12:33.374	5.4
11:12:33.386	7.2
11:12:33.399	5.5
11:12:33.407	8.4
11:12:33.419	6.4
11:12:33.431	8.9
11:12:33.440	6.3
11:12:33.452	8.1
11:12:33.464	8.1
11:12:33.472	7.5
11:12:33.485	5.8
11:12:33.497	4.6
11:12:33.505	3.4
11:12:33.517	0.9
11:12:33.530	2.8
11:12:33.538	1.6
11:12:33.550	4.2
11:12:33.563	4.3
11:12:33.575	2.9
11:12:33.583	5.2
11:12:33.595	5.2
11:12:33.608	6.1
11:12:33.616	7.8
11:12:33.628	8.3
11:12:33.640	7.6
11:12:33.648	8.6
11:12:33.661	8.6
11:12:33.673	8.7
11:12:33.685	10.9
11:12:33.695	10.6
11:12:33.707	9.1
11:12:33.719	7.1
11:12:33.727	5.9
11:12:33.740	4.6
11:12:33.752	6.4
11:12:33.760	4.5
11:12:33.772	2.5
11:12:33.785	2.9
11:12:33.793	0.8
11:12:33.805	0.7
11:12:33.817	1.2
11:12:33.830	3.5
11:12:33.838	0.3
11:12:33.850	2.1
11:12:33.862	0.0
11:12:33.871	0.8
11:12:33.883	1.0
11:12:33.895	1.9
11:12:33.903	2.7
11:12:33.916	1.3
11:12:33.928	2.5
11:12:33.936	1.2
11:12:33.948	6.4
11:12:33.961	5.1
11:12:33.973	5.5
11:12:33.981	4.4
11:12:33.993	6.1
11:12:34.006	4.7
11:12:34.018	4.4
11:12:34.026	4.0
11:12:34.039	2.9
11:12:34.051	4.0
11:12:34.059	2.2
11:12:34.071	3.2
11:12:34.084	3.1
11:12:34.092	4.9
11:12:34.104	2.8
11:12:34.116	2.3
11:12:34.129	5.1
11:12:34.137	7.4
11:12:34.149	8.7
11:12:34.161	8.1
11:12:34.170	9.1
11:12:34.182	9.2
11:12:34.194	9.8
11:12:34.202	10.2
11:12:34.215	10.2
11:12:34.227	12.9
11:12:34.235	11.0
11:12:34.247	9.8
11:12:34.260	10.1
11:12:34.268	9.7
11:12:34.280	8.6
11:12:34.292	8.0
11:12:34.305	6.7
11:12:34.313	3.5
11:12:34.325	3.4
11:12:34.337	1.0
11:12:34.346	1.4
11:12:34.358	2.2
11:12:34.370	-0.9
11:12:34.382	0.2
11:12:34.391	0.5
11:12:34.403	0.0
11:12:34.415	-0.2
11:12:34.423	1.5
11:12:34.436	2.2
11:12:34.448	3.7
11:12:34.456	2.8
11:12:34.468	2.3
11:12:34.481	4.7
11:12:34.489	3.3
11:12:34.501	3.3
11:12:34.514	4.3
11:12:34.522	4.5
11:12:34.534	4.0
11:12:34.546	4.8
11:12:34.559	4.2
11:12:34.567	4.4
11:12:34.579	5.1
11:12:34.591	3.1
11:12:34.600	4.1
11:12:34.612	5.7
11:12:34.624	4.4
11:12:34.636	5.8
11:12:34.645	5.2
11:12:34.657	3.9
11:12:34.669	6.3
11:12:34.677	6.7
11:12:34.690	6.5
11:12:34.702	6.9
11:12:34.710	4.8
11:12:34.722	2.2
11:12:34.735	2.2
11:12:34.743	1.6
11:12:34.755	3.1
11:12:34.767	2.8
11:12:34.776	-0.6
11:12:34.788	-3.1
11:12:34.800	-3.9
11:12:34.812	-2.5
11:12:34.821	-0.4
11:12:34.833	1.8
11:12:34.845	2.7
11:12:34.853	1.2
11:12:34.866	2.6
11:12:34.878	3.7
11:12:34.886	4.8
11:12:34.898	6.1
11:12:34.911	5.5
11:12:34.919	3.1
11:12:34.931	0.5
11:12:34.943	-0.4
11:12:34.956	0.6
11:12:34.964	1.4
11:12:34.976	-0.2
11:12:34.989	-0.5
11:12:34.997	-1.3
11:12:35.009	0.5
11:12:35.021	1.8
11:12:35.030	1.5
11:12:35.042	3.3
11:12:35.054	2.3
11:12:35.066	1.8
11:12:35.075	2.1
11:12:35.087	0.6
11:12:35.099	-0.1
11:12:35.107	1.3
11:12:35.120	-0.2
11:12:35.132	-0.7
11:12:35.140	2.4
11:12:35.152	2.9
11:12:35.165	3.3
11:12:35.173	2.3
11:12:35.185	2.2
11:12:35.197	2.6
11:12:35.206	3.5
11:12:35.218	0.8
11:12:35.230	1.0
11:12:35.242	0.9
11:12:35.251	-1.6
11:12:35.263	-1.6
11:12:35.275	-2.4
11:12:35.283	-2.5
11:12:35.296	-2.7
11:12:35.308	-2.1
11:12:35.320	-2.4
11:12:35.328	-0.7
11:12:35.341	-0.6
11:12:35.353	-0.7
11:12:35.361	0.1
11:12:35.373	2.4
11:12:35.386	2.1
11:12:35.394	2.6
11:12:35.406	3.3
11:12:35.419	3.2
11:12:35.427	0.9
11:12:35.439	0.4
11:12:35.451	-0.4
11:12:35.459	0.0
11:12:35.472	2.4
11:12:35.484	-0.4
11:12:35.496	1.6
11:12:35.504	0.7
11:12:35.517	0.7
11:12:35.529	1.0
11:12:35.537	3.7
11:12:35.550	4.6
11:12:35.562	5.0
11:12:35.570	5.7
11:12:35.582	5.1
11:12:35.595	4.7
11:12:35.607	5.3
11:12:35.615	6.3
11:12:35.627	7.0
11:12:35.640	5.7
11:12:35.648	3.2
11:12:35.660	4.1
11:12:35.672	4.0
11:12:35.681	3.3
11:12:35.693	5.2
11:12:35.705	6.6
11:12:35.713	4.1
11:12:35.726	5.5
11:12:35.738	4.5
11:12:35.750	7.5
11:12:35.758	7.9
11:12:35.771	7.0
11:12:35.783	6.8
11:12:35.791	6.1
11:12:35.803	1.8
11:12:35.816	0.6
11:12:35.824	0.3
11:12:35.836	-1.3
11:12:35.848	0.4
11:12:35.857	-2.6
11:12:35.869	-2.2
11:12:35.881	-3.5
11:12:35.893	-3.7
11:12:35.902	-4.3
11:12:35.914	-3.3
11:12:35.926	-2.6
11:12:35.934	-1.9
11:12:35.947	-1.7
11:12:35.959	-3.9
11:12:35.971	-3.6
11:12:35.979	-3.2
11:12:35.992	-2.0
11:12:36.004	-0.9
11:12:36.012	0.8
11:12:36.025	1.2
11:12:36.037	0.7
11:12:36.049	1.5
11:12:36.057	2.3
11:12:36.070	2.5
11:12:36.082	4.6
11:12:36.090	3.6
11:12:36.102	2.3
11:12:36.115	2.4
11:12:36.123	4.4
11:12:36.135	3.8
11:12:36.147	4.8
11:12:36.156	4.0
11:12:36.168	5.1
11:12:36.180	6.6
11:12:36.188	5.8
11:12:36.201	6.8
11:12:36.213	7.6
11:12:36.225	7.9
11:12:36.233	3.5
11:12:36.246	4.6
11:12:36.258	3.0
11:12:36.266	4.7
11:12:36.278	2.7
11:12:36.291	1.6
11:12:36.303	1.1
11:12:36.311	0.4
11:12:36.323	1.1
11:12:36.336	-1.0
11:12:36.344	0.3
11:12:36.356	-0.5
11:12:36.368	0.2
11:12:36.377	-0.8
11:12:36.389	-1.6
11:12:36.401	0.2
11:12:36.409	0.2
11:12:36.422	0.0
11:12:36.434	-2.5
11:12:36.442	-0.4
11:12:36.454	-0.3
11:12:36.467	1.4
11:12:36.479	1.2
11:12:36.487	1.7
11:12:36.499	2.3
11:12:36.512	2.1
11:12:36.520	0.9
11:12:36.532	1.7
11:12:36.545	2.6
11:12:36.557	1.6
11:12:36.565	4.4
11:12:36.577	3.3
11:12:36.590	3.8
11:12:36.598	3.4
11:12:36.610	2.3
11:12:36.622	-0.9
11:12:36.631	0.6
11:12:36.643	2.2
11:12:36.655	1.3
11:12:36.663	0.7
11:12:36.676	-3.2
11:12:36.688	-3.0
11:12:36.696	-4.1
11:12:36.708	-5.9
11:12:36.721	-4.5
11:12:36.733	-3.0
11:12:36.741	-2.3
11:12:36.753	-2.9
11:12:36.766	-3.4
11:12:36.774	-2.5
11:12:36.786	-1.1
11:12:36.798	-2.0
11:12:36.807	-1.0
11:12:36.819	0.5
11:12:36.831	-1.4
11:12:36.839	-1.9
11:12:36.852	-1.5
11:12:36.864	-1.4
11:12:36.876	-0.9
11:12:36.884	0.2
11:12:36.897	0.6
11:12:36.909	1.3
11:12:36.917	1.5
11:12:36.929	-0.5
11:12:36.942	2.2
11:12:36.950	2.6
11:12:36.962	1.1
11:12:36.975	-1.7
11:12:36.987	0.4
11:12:36.995	-2.1
11:12:37.007	-1.5
11:12:37.020	-3.8
11:12:37.028	-4.6
11:12:37.040	-1.7
11:12:37.052	-1.4
11:12:37.061	-2.4
11:12:37.073	-2.8
11:12:37.085	-1.3
11:12:37.093	-1.7
11:12:37.106	1.6
11:12:37.118	0.7
11:12:37.126	3.0
11:12:37.138	3.6
11:12:37.151	1.7
11:12:37.163	0.1
11:12:37.171	2.0
11:12:37.184	2.0
11:12:37.196	2.8
11:12:37.204	3.1
11:12:37.216	0.0
11:12:37.228	0.6
11:12:37.241	-0.7
11:12:37.249	-0.8
11:12:37.261	-0.4
11:12:37.274	-0.5
11:12:37.282	-4.0
11:12:37.294	-4.4
11:12:37.307	-5.2
11:12:37.315	-6.1
11:12:37.328	-4.8
11:12:37.340	-5.9
11:12:37.348	-3.5
11:12:37.360	-2.8
11:12:37.373	-2.7
11:12:37.381	-1.9
11:12:37.393	1.8
11:12:37.405	4.4
11:12:37.418	5.3
11:12:37.426	6.4
11:12:37.438	6.5
11:12:37.451	6.4
11:12:37.459	7.4
11:12:37.471	6.8
11:12:37.483	5.5
11:12:37.491	5.4
11:12:37.504	6.8
11:12:37.516	5.9
11:12:37.528	7.5
11:12:37.536	7.6
11:12:37.549	9.8
11:12:37.561	11.2
11:12:37.569	10.3
11:12:37.582	10.7
11:12:37.594	13.5
11:12:37.602	13.5
11:12:37.614	12.5
11:12:37.627	13.2
11:12:37.635	10.9
11:12:37.647	11.0
11:12:37.659	10.7
11:12:37.672	10.2
11:12:37.680	8.7
11:12:37.692	7.7
11:12:37.704	7.1
11:12:37.713	6.7
11:12:37.725	5.6
11:12:37.737	4.9
11:12:37.745	4.9
11:12:37.758	4.0
11:12:37.770	3.2
11:12:37.778	4.2
11:12:37.790	3.9
11:12:37.803	4.0
11:12:37.815	3.5
11:12:37.823	4.6
11:12:37.835	2.8
11:12:37.848	2.6
11:12:37.856	1.8
11:12:37.868	2.0
11:12:37.880	1.8
11:12:37.889	-1.1
11:12:37.901	-1.4
11:12:37.913	-0.1
11:12:37.925	0.1
11:12:37.934	-1.9
11:12:37.946	1.4
11:12:37.958	1.3
11:12:37.966	1.5
11:12:37.979	0.9
11:12:37.991	-0.7
11:12:37.999	0.5
11:12:38.011	1.3
11:12:38.024	0.6
11:12:38.036	1.1
11:12:38.044	2.8
11:12:38.057	2.1
11:12:38.069	2.1
11:12:38.077	2.0
11:12:38.089	1.9
11:12:38.102	2.4
11:12:38.110	2.9
11:12:38.122	2.3
11:12:38.134	0.8
11:12:38.147	-0.2
11:12:38.155	-1.2
11:12:38.167	-2.0
11:12:38.179	-1.9
11:12:38.188	-0.7
11:12:38.200	-0.4
11:12:38.212	-0.8
11:12:38.224	0.1
11:12:38.233	0.6
11:12:38.245	3.0
11:12:38.257	4.2
11:12:38.265	4.3
11:12:38.278	4.2
11:12:38.290	4.7
11:12:38.298	6.4
11:12:38.310	6.0
11:12:38.323	7.3
11:12:38.331	5.1
11:12:38.343	5.5
11:12:38.355	4.3
11:12:38.364	4.0
11:12:38.376	4.5
11:12:38.388	4.3
11:12:38.400	2.0
11:12:38.409	0.1
11:12:38.421	2.1
11:12:38.433	1.7
11:12:38.441	3.1
11:12:38.454	2.0
11:12:38.466	2.6
11:12:38.478	1.4
11:12:38.486	1.8
11:12:38.499	1.6
11:12:38.511	3.2
11:12:38.519	3.6
11:12:38.532	5.2
11:12:38.544	4.8
11:12:38.552	5.5
11:12:38.564	6.8
11:12:38.577	5.7
11:12:38.585	6.5
11:12:38.597	6.9
11:12:38.609	6.6
11:12:38.617	5.4
11:12:38.630	6.3
11:12:38.642	3.3
11:12:38.654	3.6
11:12:38.663	2.0
11:12:38.675	1.3
11:12:38.687	1.9
11:12:38.695	0.4
11:12:38.708	-0.3
11:12:38.720	-1.3
11:12:38.728	-0.2
11:12:38.740	-1.0
11:12:38.753	-0.1
11:12:38.761	-0.5
11:12:38.773	1.2
11:12:38.785	2.0
11:12:38.798	0.6
11:12:38.806	3.7
11:12:38.818	4.3
11:12:38.830	6.5
11:12:38.839	6.1
11:12:38.851	4.4
11:12:38.863	3.3
11:12:38.871	4.6
11:12:38.884	3.5
11:12:38.896	3.2
11:12:38.908	5.3
11:12:38.916	3.6
11:12:38.929	4.1
11:12:38.941	2.6
11:12:38.949	2.6
11:12:38.961	4.3
11:12:38.974	3.9
11:12:38.982	1.0
11:12:38.994	1.5
11:12:39.007	0.3
11:12:39.015	-2.0
11:12:39.027	-3.5
11:12:39.039	-5.4
11:12:39.048	-7.9
11:12:39.060	-10.6
11:12:39.072	-11.5
11:12:39.084	-13.4
11:12:39.093	-15.9
11:12:39.105	-19.7
11:12:39.117	-22.1
11:12:39.125	-26.1
11:12:39.138	-29.5
11:12:39.150	-33.7
11:12:39.162	-33.7
11:12:39.170	-34.6
11:12:39.183	-37.6
11:12:39.195	-37.0
11:12:39.203	-35.0
11:12:39.215	-35.1
11:12:39.228	-34.3
11:12:39.236	-31.1
11:12:39.248	-28.8
11:12:39.260	-24.9
11:12:39.269	-22.0
11:12:39.281	-21.1
11:12:39.293	-19.7
11:12:39.301	-19.9
11:12:39.314	-18.5
11:12:39.326	-16.2
11:12:39.338	-14.2
11:12:39.347	-13.2
11:12:39.359	-11.3
11:12:39.371	-11.6
11:12:39.379	-13.3
11:12:39.391	-11.8
11:12:39.404	-10.6
11:12:39.412	-8.1
11:12:39.424	-5.3
11:12:39.437	-5.5
11:12:39.449	-3.7
11:12:39.457	-3.6
11:12:39.469	-4.7
11:12:39.482	-3.8
11:12:39.490	-2.0
11:12:39.502	-1.0
11:12:39.514	-1.0
11:12:39.522	-2.0
11:12:39.535	-5.6
11:12:39.547	-3.7
11:12:39.555	-6.0
11:12:39.568	-3.8
11:12:39.580	-2.9
11:12:39.592	-5.1
11:12:39.600	-4.6
11:12:39.613	-5.6
11:12:39.625	-3.5
11:12:39.633	-3.5
11:12:39.645	-0.3
11:12:39.658	0.0
11:12:39.666	0.8
11:12:39.678	-1.6
11:12:39.690	-2.7
11:12:39.699	-0.9
11:12:39.711	-1.4
11:12:39.723	0.4
11:12:39.735	-3.6
11:12:39.744	-5.2
11:12:39.756	-8.6
11:12:39.768	-10.8
11:12:39.780	-13.1
11:12:39.789	-14.9
11:12:39.801	-17.1
11:12:39.813	-18.9
11:12:39.821	-21.4
11:12:39.834	-25.6
11:12:39.846	-26.1
11:12:39.854	-28.2
11:12:39.866	-30.5
11:12:39.879	-33.2
11:12:39.891	-32.8
11:12:39.899	-33.6
11:12:39.911	-34.0
11:12:39.924	-33.1
11:12:39.932	-35.4
11:12:39.944	-35.5
11:12:39.956	-36.3
11:12:39.965	-36.6
11:12:39.977	-35.8
11:12:39.989	-36.0
11:12:39.997	-38.0
11:12:40.010	-36.7
11:12:40.022	-36.2
11:12:40.030	-39.5
11:12:40.043	-38.5
11:12:40.055	-37.7
11:12:40.067	-37.3
11:12:40.075	-36.0
11:12:40.088	-35.4
11:12:40.100	-35.2
11:12:40.108	-35.0
11:12:40.121	-36.9
11:12:40.133	-37.3
11:12:40.145	-35.3
11:12:40.153	-35.3
11:12:40.166	-36.6
11:12:40.178	-35.7
11:12:40.186	-33.6
11:12:40.198	-34.9
11:12:40.211	-33.6
11:12:40.219	-33.6
11:12:40.231	-32.8
11:12:40.243	-31.7
11:12:40.252	-31.7
11:12:40.264	-30.7
11:12:40.276	-29.0
11:12:40.284	-27.7
11:12:40.297	-29.0
11:12:40.309	-26.7
11:12:40.321	-25.9
11:12:40.329	-25.7
11:12:40.342	-25.5
11:12:40.354	-24.4
11:12:40.362	-24.5
11:12:40.375	-23.4
11:12:40.387	-24.9
11:12:40.399	-26.8
11:12:40.407	-26.3
11:12:40.420	-27.2
11:12:40.432	-26.4
11:12:40.440	-24.3
11:12:40.452	-22.5
11:12:40.465	-22.2
11:12:40.473	-20.3
11:12:40.485	-19.3
11:12:40.498	-16.0
11:12:40.506	-14.7
11:12:40.518	-15.6
11:12:40.530	-15.4
11:12:40.538	-15.9
11:12:40.551	-14.4
11:12:40.563	-14.9
11:12:40.575	-13.5
11:12:40.584	-15.0
11:12:40.596	-14.8
11:12:40.608	-15.8
11:12:40.616	-14.0
11:12:40.629	-11.1
11:12:40.641	-9.5
11:12:40.649	-8.7
11:12:40.661	-10.6
11:12:40.674	-10.5
11:12:40.682	-10.5
11:12:40.694	-8.9
11:12:40.707	-8.2
11:12:40.719	-5.8
11:12:40.727	-5.9
11:12:40.739	-6.9
11:12:40.752	-6.0
11:12:40.760	-6.4
11:12:40.772	-2.8
11:12:40.784	-1.3
11:12:40.793	-2.1
11:12:40.805	-0.9
11:12:40.817	-0.4
11:12:40.829	0.0
11:12:40.838	1.7
11:12:40.850	2.9
11:12:40.862	2.6
11:12:40.870	6.1
11:12:40.883	5.2
11:12:40.895	5.7
11:12:40.903	8.9
11:12:40.916	8.2
11:12:40.928	7.8
11:12:40.936	7.2
11:12:40.948	7.2
11:12:40.961	6.2
11:12:40.969	6.9
11:12:40.981	3.9
11:12:40.993	3.6
11:12:41.006	6.5
11:12:41.014	4.7
11:12:41.026	8.6
11:12:41.038	8.0
11:12:41.046	7.2
11:12:41.059	8.0
11:12:41.071	10.7
11:12:41.083	10.7
11:12:41.092	12.4
11:12:41.104	12.0
11:12:41.116	10.2
11:12:41.124	11.8
11:12:41.137	8.6
11:12:41.149	10.4
11:12:41.157	10.2
11:12:41.169	9.4
11:12:41.182	7.5
11:12:41.190	8.2
11:12:41.202	7.9
11:12:41.215	8.2
11:12:41.223	8.4
11:12:41.235	7.5
11:12:41.247	6.9
11:12:41.259	8.6
11:12:41.268	9.2
11:12:41.280	8.2
11:12:41.292	9.7
11:12:41.300	9.8
11:12:41.313	8.0
11:12:41.325	7.5
11:12:41.333	6.2
11:12:41.345	5.9
11:12:41.358	6.1
11:12:41.370	2.7
11:12:41.378	2.7
11:12:41.390	3.1
11:12:41.403	2.8
11:12:41.411	1.9
11:12:41.423	6.0
11:12:41.436	7.7
11:12:41.444	10.4
11:12:41.456	10.8
11:12:41.468	11.0
11:12:41.476	12.2
11:12:41.489	12.6
11:12:41.501	14.0
11:12:41.513	13.5
11:12:41.521	14.5
11:12:41.534	13.8
11:12:41.546	13.6
11:12:41.554	12.8
11:12:41.567	12.6
11:12:41.579	15.2
11:12:41.587	14.9
11:12:41.599	16.4
11:12:41.612	17.6
11:12:41.620	18.8
11:12:41.632	19.0
11:12:41.644	18.5
11:12:41.657	18.8
11:12:41.665	19.9
11:12:41.677	20.3
11:12:41.690	18.8
11:12:41.698	19.3
11:12:41.710	17.8
11:12:41.722	15.3
11:12:41.731	14.8
11:12:41.743	14.4
11:12:41.755	13.8
11:12:41.768	15.7
11:12:41.776	14.1
11:12:41.788	13.4
11:12:41.800	15.0
11:12:41.813	16.3
11:12:41.821	16.6
11:12:41.833	15.3
11:12:41.845	13.9
11:12:41.854	12.2
11:12:41.866	11.9
11:12:41.874	6.3
11:12:41.886	4.4
11:12:41.898	2.7
11:12:41.907	-0.4
11:12:41.919	-4.2
11:12:41.931	-6.3
11:12:41.944	-8.1
11:12:41.952	-10.3
11:12:41.964	-11.3
11:12:41.976	-16.0
11:12:41.989	-15.6
11:12:41.997	-17.5
11:12:42.009	-18.2
11:12:42.022	-20.1
11:12:42.030	-20.6
11:12:42.042	-21.5
11:12:42.054	-21.8
11:12:42.067	-22.4
11:12:42.075	-23.9
11:12:42.087	-21.2
11:12:42.099	-22.3
11:12:42.107	-25.0
11:12:42.120	-26.9
11:12:42.132	-28.0
11:12:42.140	-30.0
11:12:42.153	-30.0
11:12:42.165	-30.3
11:12:42.173	-31.2
11:12:42.185	-30.1
11:12:42.198	-32.1
11:12:42.206	-30.5
11:12:42.218	-28.6
11:12:42.230	-28.0
11:12:42.243	-25.4
11:12:42.251	-23.6
11:12:42.263	-23.5
11:12:42.275	-21.3
11:12:42.284	-19.9
11:12:42.296	-21.2
11:12:42.308	-20.7
11:12:42.320	-21.3
11:12:42.329	-19.8
11:12:42.341	-19.8
11:12:42.353	-20.8
11:12:42.361	-20.7
11:12:42.374	-22.1
11:12:42.386	-22.4
11:12:42.394	-21.3
11:12:42.406	-20.0
11:12:42.419	-18.8
11:12:42.427	-17.6
11:12:42.439	-17.4
11:12:42.452	-16.0
11:12:42.460	-15.1
11:12:42.472	-14.6
11:12:42.484	-12.9
11:12:42.496	-12.9
11:12:42.505	-12.3
11:12:42.517	-12.3
11:12:42.529	-11.9
11:12:42.538	-11.8
11:12:42.550	-10.3
11:12:42.562	-10.4
11:12:42.570	-11.0
11:12:42.583	-10.9
11:12:42.595	-9.4
11:12:42.603	-9.3
11:12:42.615	-9.9
11:12:42.628	-9.2
11:12:42.640	-9.2
11:12:42.648	-11.9
11:12:42.660	-12.7
11:12:42.673	-11.5
11:12:42.681	-10.4
11:12:42.693	-9.9
11:12:42.705	-11.7
11:12:42.714	-10.3
11:12:42.726	-9.5
11:12:42.738	-8.0
11:12:42.750	-8.1
11:12:42.759	-4.6
11:12:42.771	-5.0
11:12:42.783	-4.2
11:12:42.791	-1.5
11:12:42.804	-0.4
11:12:42.816	1.0
11:12:42.824	1.7
11:12:42.836	1.7
11:12:42.849	1.7
11:12:42.857	1.7
11:12:42.869	1.2
11:12:42.881	2.9
11:12:42.890	2.3
11:12:42.902	-0.2
11:12:42.914	0.5
11:12:42.926	2.5
11:12:42.935	2.3
11:12:42.947	4.0
11:12:42.959	5.0
11:12:42.967	6.1
11:12:42.980	5.9
11:12:42.992	7.1
11:12:43.004	7.6
11:12:43.012	8.8
11:12:43.025	8.2
11:12:43.037	6.7
11:12:43.045	5.2
11:12:43.057	3.6
11:12:43.070	3.8
11:12:43.078	4.5
11:12:43.090	6.8
11:12:43.103	5.8
11:12:43.111	5.7
11:12:43.123	5.7
11:12:43.135	5.6
11:12:43.143	7.3
11:12:43.156	7.9
11:12:43.168	7.7
11:12:43.180	6.9
11:12:43.189	6.3
11:12:43.201	5.6
11:12:43.213	4.9
11:12:43.221	7.3
11:12:43.234	7.2
11:12:43.246	7.8
11:12:43.254	6.2
11:12:43.266	8.1
11:12:43.279	9.2
11:12:43.291	10.4
11:12:43.299	11.3
11:12:43.311	9.9
11:12:43.324	9.9
11:12:43.332	9.1
11:12:43.344	9.2
11:12:43.357	10.1
11:12:43.365	10.2
11:12:43.377	9.2
11:12:43.389	11.5
11:12:43.398	11.2
11:12:43.410	11.6
11:12:43.422	12.3
11:12:43.434	15.6
11:12:43.443	16.4
11:12:43.455	17.5
11:12:43.467	16.0
11:12:43.475	17.3
11:12:43.488	19.6
11:12:43.500	17.4
11:12:43.508	18.6
11:12:43.520	20.0
11:12:43.533	21.0
11:12:43.541	22.1
11:12:43.553	22.1
11:12:43.565	20.1
11:12:43.578	22.7
11:12:43.586	22.2
11:12:43.598	22.1
11:12:43.610	22.9
11:12:43.619	22.5
11:12:43.631	20.7
11:12:43.643	21.6
11:12:43.651	20.0
11:12:43.664	19.5
11:12:43.676	20.7
11:12:43.688	19.0
11:12:43.696	20.0
11:12:43.709	17.5
11:12:43.721	17.8
11:12:43.733	18.2
11:12:43.742	19.5
11:12:43.754	19.8
11:12:43.766	19.8
11:12:43.774	20.2
11:12:43.787	20.3
11:12:43.799	21.7
11:12:43.807	23.3
11:12:43.819	23.7
11:12:43.831	23.6
11:12:43.840	24.5
11:12:43.852	26.0
11:12:43.864	24.8
11:12:43.873	24.3
11:12:43.885	26.8
11:12:43.897	27.2
11:12:43.909	27.7
11:12:43.918	27.5
11:12:43.930	28.2
11:12:43.942	28.3
11:12:43.950	26.4
11:12:43.963	24.9
11:12:43.975	24.4
11:12:43.987	24.6
11:12:43.995	22.9
11:12:44.008	22.2
11:12:44.020	20.7
11:12:44.028	19.8
11:12:44.040	19.3
11:12:44.053	20.1
11:12:44.061	19.7
11:12:44.073	17.8
11:12:44.086	18.6
11:12:44.094	17.2
11:12:44.106	14.8
11:12:44.118	15.0
11:12:44.126	14.4
11:12:44.139	14.4
11:12:44.151	16.0
11:12:44.163	14.4
11:12:44.171	14.8
11:12:44.184	14.9
11:12:44.196	14.5
11:12:44.204	13.5
11:12:44.216	15.2
11:12:44.229	16.0
11:12:44.241	16.5
11:12:44.249	16.6
11:12:44.261	16.7
11:12:44.274	16.6
11:12:44.282	15.4
11:12:44.294	17.0
11:12:44.307	17.0
11:12:44.315	18.8
11:12:44.327	19.1
11:12:44.339	18.3
11:12:44.347	17.7
11:12:44.360	16.5
11:12:44.372	15.8
11:12:44.380	16.1
11:12:44.393	17.1
11:12:44.405	16.9
11:12:44.417	15.7
11:12:44.425	16.1
11:12:44.438	15.3
11:12:44.450	17.0
11:12:44.458	15.7
11:12:44.470	15.4
11:12:44.483	14.2
11:12:44.491	13.2
11:12:44.503	15.0
11:12:44.515	13.4
11:12:44.524	14.3
11:12:44.536	15.2
11:12:44.548	16.7
11:12:44.560	15.1
11:12:44.569	15.4
11:12:44.581	16.1
11:12:44.593	15.6
11:12:44.601	17.0
11:12:44.614	15.0
11:12:44.626	17.2
11:12:44.634	16.9
11:12:44.646	15.0
11:12:44.659	12.3
11:12:44.671	12.3
11:12:44.679	12.4
11:12:44.691	12.3
11:12:44.704	14.5
11:12:44.712	14.5
11:12:44.724	13.8
11:12:44.737	11.7
11:12:44.745	13.7
11:12:44.757	14.0
11:12:44.769	13.2
11:12:44.777	13.2
11:12:44.790	13.7
11:12:44.802	13.6
11:12:44.810	11.8
11:12:44.823	10.1
11:12:44.835	10.1
11:12:44.847	10.2
11:12:44.855	7.5
11:12:44.868	5.5
11:12:44.880	6.3
11:12:44.888	5.1
11:12:44.900	5.8
11:12:44.913	6.3
11:12:44.925	7.6
11:12:44.933	9.1
11:12:44.945	9.9
11:12:44.958	9.9
11:12:44.966	8.2
11:12:44.978	10.1
11:12:44.990	11.0
11:12:44.999	11.8
11:12:45.011	10.8
11:12:45.023	9.9
11:12:45.031	9.3
11:12:45.044	10.0
11:12:45.056	9.6
11:12:45.064	8.5
11:12:45.076	10.7
11:12:45.089	9.6
11:12:45.101	10.0
11:12:45.109	7.5
11:12:45.121	8.9
11:12:45.134	8.4
11:12:45.142	8.8
11:12:45.154	8.7
11:12:45.166	8.8
11:12:45.175	11.1
11:12:45.187	10.4
11:12:45.199	11.8
11:12:45.212	10.1
11:12:45.220	12.6
11:12:45.232	11.6
11:12:45.244	14.2
11:12:45.252	12.5
11:12:45.265	12.1
11:12:45.277	10.7
11:12:45.285	10.1
11:12:45.298	11.2
11:12:45.310	10.6
11:12:45.318	10.7
11:12:45.330	10.8
11:12:45.343	11.3
11:12:45.355	9.6
11:12:45.363	9.0
11:12:45.375	7.4
11:12:45.388	9.1
11:12:45.396	7.3
11:12:45.408	6.2
11:12:45.420	5.3
11:12:45.429	6.4
11:12:45.441	3.9
11:12:45.453	3.4
11:12:45.461	2.0
11:12:45.474	4.4
11:12:45.486	5.0
11:12:45.498	4.2
11:12:45.506	8.5
11:12:45.519	8.8
11:12:45.531	8.1
11:12:45.539	6.0
11:12:45.551	8.1
11:12:45.564	9.9
11:12:45.572	11.4
11:12:45.584	12.3
11:12:45.596	12.2
11:12:45.609	12.4
11:12:45.617	8.1
11:12:45.629	8.1
11:12:45.641	11.1
11:12:45.650	13.8
11:12:45.662	13.3
11:12:45.674	12.1
11:12:45.682	12.6
11:12:45.695	9.9
11:12:45.707	10.2
11:12:45.715	9.7
11:12:45.727	11.3
11:12:45.740	11.6
11:12:45.748	8.7
11:12:45.760	6.6
11:12:45.773	6.4
11:12:45.785	5.1
11:12:45.793	3.5
11:12:45.805	3.2
11:12:45.818	4.0
11:12:45.826	3.8
11:12:45.838	2.8
11:12:45.850	3.2
11:12:45.863	5.2
11:12:45.871	5.6
11:12:45.883	6.5
11:12:45.896	8.8
11:12:45.905	8.4
11:12:45.917	8.7
11:12:45.929	7.6
11:12:45.937	7.6
11:12:45.950	7.2
11:12:45.962	7.3
11:12:45.974	6.6
11:12:45.982	6.0
11:12:45.995	5.1
11:12:46.007	4.1
11:12:46.015	5.9
11:12:46.027	6.6
11:12:46.040	5.5
11:12:46.048	6.6
11:12:46.060	6.8
11:12:46.072	5.0
11:12:46.085	4.6
11:12:46.093	6.1
11:12:46.105	8.1
11:12:46.117	5.8
11:12:46.126	5.2
11:12:46.138	4.4
11:12:46.149	5.7
11:12:46.162	4.7
11:12:46.170	4.8
11:12:46.182	5.1
11:12:46.194	4.2
11:12:46.203	3.5
11:12:46.215	1.2
11:12:46.227	2.3
11:12:46.235	2.3
11:12:46.248	1.6
11:12:46.260	1.5
11:12:46.268	2.8
11:12:46.280	4.6
11:12:46.293	6.4
11:12:46.301	7.1
11:12:46.313	6.1
11:12:46.325	8.0
11:12:46.338	7.7
11:12:46.346	5.2
11:12:46.358	5.8
11:12:46.371	6.1
11:12:46.379	5.0
11:12:46.391	4.0
11:12:46.403	3.7
11:12:46.411	3.6
11:12:46.424	2.6
11:12:46.436	0.3
11:12:46.444	-1.0
11:12:46.456	0.0
11:12:46.469	-0.5
11:12:46.481	-2.2
11:12:46.489	-3.8
11:12:46.502	-5.2
11:12:46.514	-6.2
11:12:46.522	-7.2
11:12:46.534	-6.1
11:12:46.547	-6.5
11:12:46.556	-6.2
11:12:46.568	-6.7
11:12:46.580	-7.2
11:12:46.593	-7.2
11:12:46.601	-7.2
11:12:46.613	-7.9
11:12:46.625	-7.6
11:12:46.634	-9.1
11:12:46.646	-10.7
11:12:46.658	-9.9
11:12:46.666	-10.1
11:12:46.679	-12.3
11:12:46.691	-9.7
11:12:46.699	-10.3
11:12:46.711	-9.7
11:12:46.723	-8.8
11:12:46.732	-10.6
11:12:46.744	-9.3
11:12:46.756	-10.1
11:12:46.768	-9.8
11:12:46.777	-9.9
11:12:46.789	-7.8
11:12:46.801	-10.0
11:12:46.809	-10.2
11:12:46.822	-10.6
11:12:46.834	-11.6
11:12:46.846	-13.2
11:12:46.854	-13.1
11:12:46.867	-11.1
11:12:46.879	-12.8
11:12:46.887	-12.7
11:12:46.900	-14.1
11:12:46.912	-16.1
11:12:46.920	-16.0
11:12:46.932	-16.5
11:12:46.945	-14.7
11:12:46.953	-13.2
11:12:46.965	-13.4
11:12:46.977	-15.1
11:12:46.986	-15.8
11:12:46.998	-15.0
11:12:47.010	-13.6
11:12:47.022	-10.7
11:12:47.031	-10.2
11:12:47.043	-9.2
11:12:47.055	-11.1
11:12:47.063	-9.8
11:12:47.076	-9.6
11:12:47.088	-8.1
11:12:47.096	-6.6
11:12:47.108	-7.3
11:12:47.121	-8.3
11:12:47.133	-8.2
11:12:47.141	-6.0
11:12:47.153	-6.3
11:12:47.166	-5.4
11:12:47.174	-5.4
11:12:47.186	-6.0
11:12:47.198	-5.1
11:12:47.207	-5.4
11:12:47.219	-4.3
11:12:47.231	-3.0
11:12:47.239	-3.1
11:12:47.252	-3.5
11:12:47.264	-3.0
11:12:47.276	-2.3
11:12:47.284	-1.5
11:12:47.297	1.6
11:12:47.309	2.8
11:12:47.318	3.8
11:12:47.330	4.7
11:12:47.342	6.3
11:12:47.350	7.3
11:12:47.362	6.3
11:12:47.375	6.5
11:12:47.383	8.5
11:12:47.395	8.2
11:12:47.407	6.5
11:12:47.420	6.0
11:12:47.428	7.1
11:12:47.440	6.4
11:12:47.452	5.8
11:12:47.461	9.0
11:12:47.473	9.2
11:12:47.485	9.7
11:12:47.493	9.9
11:12:47.506	9.1
11:12:47.518	11.1
11:12:47.530	14.2
11:12:47.538	13.0
11:12:47.551	14.7
11:12:47.563	15.7
11:12:47.571	10.9
11:12:47.583	12.0
11:12:47.596	11.9
11:12:47.604	12.6
11:12:47.616	14.5
11:12:47.629	14.2
11:12:47.637	12.8
11:12:47.649	15.9
11:12:47.661	18.8
11:12:47.669	18.8
11:12:47.682	21.9
11:12:47.694	24.1
11:12:47.707	22.7
11:12:47.715	22.0
11:12:47.727	19.9
11:12:47.739	19.6
11:12:47.752	19.0
11:12:47.760	20.4
11:12:47.772	17.1
11:12:47.784	15.7
11:12:47.793	12.9
11:12:47.805	10.2
11:12:47.817	11.5
11:12:47.825	9.8
11:12:47.838	12.2
11:12:47.850	11.8
11:12:47.862	10.8
11:12:47.870	9.2
11:12:47.883	12.0
11:12:47.895	13.0
11:12:47.903	16.1
11:12:47.916	15.9
11:12:47.928	16.2
11:12:47.936	16.6
11:12:47.948	15.1
11:12:47.961	13.4
11:12:47.969	13.7
11:12:47.981	14.4
11:12:47.993	11.5
11:12:48.006	11.0
11:12:48.014	10.8
11:12:48.026	11.4
11:12:48.038	11.8
11:12:48.047	13.5
11:12:48.059	13.8
11:12:48.071	15.2
11:12:48.083	16.2
11:12:48.092	12.5
11:12:48.104	12.1
11:12:48.116	12.0
11:12:48.124	10.8
11:12:48.137	10.7
11:12:48.149	9.9
11:12:48.157	9.1
11:12:48.170	8.7
11:12:48.182	8.3
11:12:48.190	6.5
11:12:48.202	7.9
11:12:48.215	10.0
11:12:48.223	12.5
11:12:48.235	12.2
11:12:48.247	14.2
11:12:48.260	14.4
11:12:48.268	15.1
11:12:48.280	15.9
11:12:48.292	16.5
11:12:48.301	16.9
11:12:48.313	16.2
11:12:48.325	13.8
11:12:48.333	11.5
11:12:48.346	11.4
11:12:48.358	10.0
11:12:48.366	10.1
11:12:48.378	8.8
11:12:48.391	7.2
11:12:48.403	7.2
11:12:48.411	7.7
11:12:48.423	7.9
11:12:48.436	6.4
11:12:48.444	6.2
11:12:48.456	4.3
11:12:48.469	4.1
11:12:48.477	4.9
11:12:48.489	4.8
11:12:48.501	6.9
11:12:48.514	6.8
11:12:48.522	6.7
11:12:48.534	6.8
11:12:48.546	12.1
11:12:48.554	12.8
11:12:48.567	14.4
11:12:48.579	13.4
11:12:48.587	10.5
11:12:48.600	8.2
11:12:48.612	7.6
11:12:48.620	8.9
11:12:48.632	7.9
11:12:48.645	7.4
11:12:48.653	2.4
11:12:48.665	4.8
11:12:48.677	4.2
11:12:48.690	4.8
11:12:48.698	6.9
11:12:48.710	9.1
11:12:48.722	12.2
11:12:48.731	10.7
11:12:48.743	11.5
11:12:48.755	11.2
11:12:48.767	12.6
11:12:48.776	9.9
11:12:48.788	9.3
11:12:48.800	7.9
11:12:48.808	9.7
11:12:48.821	9.7
11:12:48.833	7.1
11:12:48.841	7.0
11:12:48.853	5.5
11:12:48.866	6.1
11:12:48.874	5.7
11:12:48.886	5.5
11:12:48.898	6.5
11:12:48.907	7.0
11:12:48.919	4.5
11:12:48.931	3.3
11:12:48.944	3.3
11:12:48.952	3.1
11:12:48.964	5.9
11:12:48.976	6.7
11:12:48.984	12.1
11:12:48.997	12.8
11:12:49.009	12.6
11:12:49.017	11.3
11:12:49.029	11.0
11:12:49.042	12.4
11:12:49.054	10.9
11:12:49.062	11.1
11:12:49.075	9.3
11:12:49.087	7.6
11:12:49.095	2.5
11:12:49.107	1.5
11:12:49.120	0.1
11:12:49.128	2.3
11:12:49.140	4.2
11:12:49.152	3.2
11:12:49.161	5.3
11:12:49.173	5.0
11:12:49.185	4.6
11:12:49.197	3.0
11:12:49.206	3.3
11:12:49.218	2.7
11:12:49.230	3.0
11:12:49.238	2.5
11:12:49.251	3.2
11:12:49.263	4.2
11:12:49.271	2.3
11:12:49.283	2.3
11:12:49.296	3.3
11:12:49.304	6.5
11:12:49.316	6.5
11:12:49.328	7.3
11:12:49.341	8.4
11:12:49.349	8.6
11:12:49.361	7.7
11:12:49.373	7.0
11:12:49.382	8.2
11:12:49.394	7.9
11:12:49.406	7.1
11:12:49.414	5.3
11:12:49.427	4.4
11:12:49.439	4.6
11:12:49.451	4.6
11:12:49.459	5.5
11:12:49.472	4.5
11:12:49.484	7.0
11:12:49.492	5.7
11:12:49.504	5.4
11:12:49.517	7.4
11:12:49.525	7.3
11:12:49.537	8.2
11:12:49.550	6.6
11:12:49.558	7.1
11:12:49.570	5.4
11:12:49.582	5.4
11:12:49.590	1.9
11:12:49.603	2.8
11:12:49.615	4.2
11:12:49.627	2.7
11:12:49.636	3.1
11:12:49.648	3.7
11:12:49.660	4.6
11:12:49.668	3.2
11:12:49.681	3.1
11:12:49.693	3.0
11:12:49.705	4.0
11:12:49.713	3.3
11:12:49.726	3.2
11:12:49.738	3.0
11:12:49.746	3.4
11:12:49.758	2.8
11:12:49.771	3.4
11:12:49.779	4.1
11:12:49.791	4.7
11:12:49.803	4.2
11:12:49.812	4.5
11:12:49.824	3.7
11:12:49.836	2.7
11:12:49.844	3.0
11:12:49.857	3.2
11:12:49.869	2.3
11:12:49.881	2.0
11:12:49.889	1.3
11:12:49.902	1.1
11:12:49.914	1.8
11:12:49.926	2.5
11:12:49.935	4.0
11:12:49.947	4.9
11:12:49.959	4.0
11:12:49.967	5.9
11:12:49.980	7.0
11:12:49.992	8.5
11:12:50.004	9.4
11:12:50.012	8.9
11:12:50.025	10.3
11:12:50.037	9.8
11:12:50.045	10.6
11:12:50.057	11.4
11:12:50.070	12.4
11:12:50.078	9.2
11:12:50.090	7.8
11:12:50.102	8.5
11:12:50.111	9.0
11:12:50.123	8.4
11:12:50.135	5.8
11:12:50.143	5.8
11:12:50.156	4.3
11:12:50.168	3.2
11:12:50.180	1.7
11:12:50.188	1.9
11:12:50.201	2.5
11:12:50.213	1.3
11:12:50.221	0.0
11:12:50.233	0.9
11:12:50.246	1.0
11:12:50.254	0.0
11:12:50.266	0.0
11:12:50.278	-2.3
11:12:50.287	0.2
11:12:50.299	1.7
11:12:50.311	1.3
11:12:50.323	-0.4
11:12:50.332	0.6
11:12:50.344	1.7
11:12:50.356	1.4
11:12:50.364	3.2
11:12:50.377	4.2
11:12:50.389	6.9
11:12:50.397	7.1
11:12:50.410	7.0
11:12:50.422	9.3
11:12:50.434	9.9
11:12:50.442	9.8
11:12:50.454	9.2
11:12:50.467	8.8
11:12:50.475	6.8
11:12:50.487	4.1
11:12:50.500	5.2
11:12:50.508	2.8
11:12:50.520	2.6
11:12:50.532	1.0
11:12:50.541	0.7
11:12:50.553	-0.1
11:12:50.565	0.5
11:12:50.573	1.8
11:12:50.586	2.0
11:12:50.598	2.5
11:12:50.610	-0.4
11:12:50.618	-1.4
11:12:50.631	-0.6
11:12:50.643	0.9
11:12:50.651	-0.3
11:12:50.663	-0.6
11:12:50.676	-0.3
11:12:50.688	-0.2
11:12:50.696	-0.6
11:12:50.708	-0.1
11:12:50.721	-0.1
11:12:50.729	1.3
11:12:50.741	-1.4
11:12:50.753	-3.8
11:12:50.762	-3.8
11:12:50.774	-4.8
11:12:50.786	-7.2
11:12:50.794	-8.5
11:12:50.807	-7.6
11:12:50.819	-8.5
11:12:50.827	-8.6
11:12:50.839	-9.9
11:12:50.852	-9.1
11:12:50.864	-9.9
11:12:50.872	-11.7
11:12:50.884	-9.9
11:12:50.897	-10.0
11:12:50.905	-10.7
11:12:50.917	-12.8
11:12:50.930	-11.8
11:12:50.938	-11.3
11:12:50.950	-11.5
11:12:50.962	-14.1
11:12:50.975	-14.7
11:12:50.983	-13.7
11:12:50.995	-15.7
11:12:51.007	-17.1
11:12:51.015	-17.1
11:12:51.028	-17.0
11:12:51.040	-15.3
11:12:51.048	-16.8
11:12:51.061	-16.8
11:12:51.073	-14.4
11:12:51.081	-14.2
11:12:51.093	-14.7
11:12:51.106	-14.4
11:12:51.118	-12.9
11:12:51.126	-10.2
11:12:51.138	-9.5
11:12:51.151	-12.2
11:12:51.159	-13.1
11:12:51.171	-12.6
11:12:51.183	-11.8
11:12:51.192	-11.0
11:12:51.204	-9.6
11:12:51.216	-8.8
11:12:51.224	-7.8
11:12:51.237	-9.1
11:12:51.249	-8.3
11:12:51.261	-8.2
11:12:51.269	-6.5
11:12:51.282	-6.0
11:12:51.294	-7.8
11:12:51.302	-8.0
11:12:51.314	-6.6
11:12:51.327	-6.2
11:12:51.335	-7.1
11:12:51.347	-7.4
11:12:51.360	-7.9
11:12:51.372	-7.0
11:12:51.380	-4.3
11:12:51.392	-5.3
11:12:51.404	-2.8
11:12:51.413	-2.1
11:12:51.425	-3.2
11:12:51.437	-2.9
11:12:51.445	-2.6
11:12:51.458	-1.0
11:12:51.470	-1.9
11:12:51.478	-1.1
11:12:51.490	-3.1
11:12:51.503	-2.8
11:12:51.511	-4.2
11:12:51.523	-3.8
11:12:51.536	-3.8
11:12:51.548	-4.0
11:12:51.556	-3.4
11:12:51.568	-3.6
11:12:51.581	-0.9
11:12:51.589	0.3
11:12:51.601	1.8
11:12:51.613	2.8
11:12:51.626	3.6
11:12:51.634	4.9
11:12:51.646	8.5
11:12:51.658	9.6
11:12:51.667	10.8
11:12:51.679	10.8
11:12:51.691	10.1
11:12:51.703	11.8
11:12:51.712	11.0
11:12:51.724	13.7
11:12:51.736	15.9
11:12:51.744	14.0
11:12:51.757	11.8
11:12:51.769	11.9
11:12:51.777	11.5
11:12:51.790	11.5
11:12:51.803	10.8
11:12:51.811	8.2
11:12:51.823	8.6
11:12:51.835	6.3
11:12:51.844	4.9
11:12:51.856	6.3
11:12:51.868	7.9
11:12:51.876	6.9
11:12:51.889	7.7
11:12:51.901	9.1
11:12:51.913	9.5
11:12:51.925	12.3
11:12:51.934	11.2
11:12:51.946	12.5
11:12:51.958	13.2
11:12:51.967	12.8
11:12:51.979	10.7
11:12:51.991	11.4
11:12:51.999	9.1
11:12:52.012	6.0
11:12:52.024	7.4
11:12:52.032	6.2
11:12:52.044	6.5
11:12:52.057	6.6
11:12:52.065	6.0
11:12:52.077	5.9
11:12:52.089	8.2
11:12:52.102	7.3
11:12:52.110	10.1
11:12:52.122	13.8
11:12:52.134	15.4
11:12:52.143	13.9
11:12:52.155	13.1
11:12:52.167	11.7
11:12:52.175	13.1
11:12:52.187	14.3
11:12:52.199	13.0
11:12:52.207	14.7
11:12:52.220	14.2
11:12:52.232	12.2
11:12:52.244	10.8
11:12:52.252	12.1
11:12:52.265	13.2
11:12:52.277	13.5
11:12:52.285	12.5
11:12:52.297	12.3
11:12:52.310	12.4
11:12:52.318	12.5
11:12:52.330	12.0
11:12:52.342	13.5
11:12:52.355	14.1
11:12:52.363	15.1
11:12:52.375	17.0
11:12:52.387	17.7
11:12:52.396	16.8
11:12:52.408	17.1
11:12:52.420	18.1
11:12:52.428	16.1
11:12:52.441	16.8
11:12:52.453	15.6
11:12:52.461	14.6
11:12:52.473	12.5
11:12:52.486	11.4
11:12:52.494	10.9
11:12:52.506	12.4
11:12:52.519	13.9
11:12:52.531	12.2
11:12:52.539	14.2
11:12:52.552	12.9
11:12:52.564	13.0
11:12:52.572	12.9
11:12:52.584	11.9
11:12:52.597	11.4
11:12:52.609	11.8
11:12:52.617	9.9
11:12:52.629	8.2
11:12:52.642	7.0
11:12:52.650	7.9
11:12:52.662	8.7
11:12:52.674	7.3
11:12:52.683	7.3
11:12:52.695	6.6
11:12:52.707	6.3
11:12:52.715	6.3
11:12:52.728	6.9
11:12:52.740	5.9
11:12:52.748	5.7
11:12:52.760	2.3
11:12:52.773	0.1
11:12:52.785	1.3
11:12:52.793	-0.4
11:12:52.805	0.2
11:12:52.818	1.7
11:12:52.826	0.6
11:12:52.838	0.8
11:12:52.851	0.8
11:12:52.859	4.3
11:12:52.871	5.6
11:12:52.883	8.2
11:12:52.895	8.6
11:12:52.904	7.4
11:12:52.916	10.3
11:12:52.928	9.5
11:12:52.936	10.4
11:12:52.949	9.6
11:12:52.961	10.0
11:12:52.969	7.9
11:12:52.981	7.4
11:12:52.994	5.5
11:12:53.002	5.9
11:12:53.014	7.6
11:12:53.026	4.7
11:12:53.039	5.0
11:12:53.047	5.0
11:12:53.059	4.5
11:12:53.072	4.0
11:12:53.080	4.2
11:12:53.092	2.9
11:12:53.104	4.3
11:12:53.113	3.0
11:12:53.125	1.9
11:12:53.137	2.6
11:12:53.145	2.9
11:12:53.158	4.1
11:12:53.170	5.6
11:12:53.182	4.4
11:12:53.190	5.9
11:12:53.203	7.1
11:12:53.215	8.0
11:12:53.223	7.2
11:12:53.235	9.3
11:12:53.248	7.8
11:12:53.256	6.3
11:12:53.268	4.1
11:12:53.280	2.7
11:12:53.293	2.8
11:12:53.301	0.4
11:12:53.313	0.3
11:12:53.325	-1.4
11:12:53.334	-1.1
11:12:53.346	-2.1
11:12:53.358	-0.5
11:12:53.366	-0.3
11:12:53.379	-0.2
11:12:53.391	0.2
11:12:53.399	1.7
11:12:53.411	1.9
11:12:53.424	2.1
11:12:53.432	1.6
11:12:53.444	2.0
11:12:53.456	2.8
11:12:53.469	2.9
11:12:53.477	1.7
11:12:53.489	2.4
11:12:53.502	1.6
11:12:53.510	1.8
11:12:53.522	2.4
11:12:53.534	2.5
11:12:53.548	3.6
11:12:53.556	3.7
11:12:53.568	2.7
11:12:53.580	2.3
11:12:53.588	3.1
11:12:53.601	3.1
11:12:53.613	6.1
11:12:53.621	5.8
11:12:53.634	3.7
11:12:53.646	2.9
11:12:53.654	1.6
11:12:53.666	1.6
11:12:53.679	1.3
11:12:53.687	1.0
11:12:53.699	1.0
11:12:53.711	0.0
11:12:53.724	-2.5
11:12:53.732	-1.5
11:12:53.744	0.4
11:12:53.756	1.1
11:12:53.765	2.0
11:12:53.777	0.7
11:12:53.789	1.3
11:12:53.797	2.1
11:12:53.810	3.1
11:12:53.822	3.1
11:12:53.834	4.5
11:12:53.842	4.8
11:12:53.855	5.2
11:12:53.867	5.2
11:12:53.875	5.6
11:12:53.887	6.6
11:12:53.900	5.5
11:12:53.908	4.9
11:12:53.920	3.3
11:12:53.933	2.7
11:12:53.945	0.5
11:12:53.953	-1.6
11:12:53.965	-0.7
11:12:53.977	0.4
11:12:53.986	0.2
11:12:53.998	3.7
11:12:54.010	3.4
11:12:54.022	5.0
11:12:54.031	5.6
11:12:54.043	5.6
11:12:54.055	7.1
11:12:54.063	8.8
11:12:54.076	7.9
11:12:54.088	8.0
11:12:54.096	7.9
11:12:54.109	5.7
11:12:54.121	6.9
11:12:54.129	3.8
11:12:54.141	4.9
11:12:54.154	6.1
11:12:54.166	5.8
11:12:54.174	4.8
11:12:54.186	5.2
11:12:54.199	3.7
11:12:54.207	3.0
11:12:54.219	0.8
11:12:54.231	2.0
11:12:54.240	3.6
11:12:54.252	2.8
11:12:54.264	2.9
11:12:54.276	3.5
11:12:54.285	2.9
11:12:54.297	2.9
11:12:54.309	3.1
11:12:54.317	5.3
11:12:54.330	7.8
11:12:54.342	7.3
11:12:54.350	7.9
11:12:54.362	9.9
11:12:54.375	9.8
11:12:54.383	10.4
11:12:54.395	12.1
11:12:54.407	11.6
11:12:54.416	12.2
11:12:54.428	10.9
11:12:54.440	10.6
11:12:54.453	12.9
11:12:54.461	15.7
11:12:54.473	15.2
11:12:54.485	16.3
11:12:54.493	16.0
11:12:54.506	14.7
11:12:54.518	15.0
11:12:54.530	14.5
11:12:54.538	13.2
11:12:54.551	12.4
11:12:54.563	9.1
11:12:54.571	4.7
11:12:54.584	4.5
11:12:54.596	1.8
11:12:54.604	-0.8
11:12:54.616	0.2
11:12:54.629	-0.4
11:12:54.637	0.2
11:12:54.649	-0.1
11:12:54.661	-0.5
11:12:54.670	0.1
11:12:54.682	-0.2
11:12:54.694	-2.3
11:12:54.706	-1.9
11:12:54.715	-0.9
11:12:54.727	-2.4
11:12:54.739	-4.5
11:12:54.747	-6.6
11:12:54.760	-8.0
11:12:54.772	-8.3
11:12:54.780	-9.0
11:12:54.792	-10.2
11:12:54.805	-12.0
11:12:54.817	-10.6
11:12:54.825	-11.3
11:12:54.837	-10.7
11:12:54.850	-10.9
11:12:54.858	-10.7
11:12:54.870	-7.7
11:12:54.883	-8.7
11:12:54.891	-7.8
11:12:54.903	-8.2
11:12:54.915	-6.6
11:12:54.923	-8.2
11:12:54.936	-8.7
11:12:54.948	-11.0
11:12:54.960	-11.3
11:12:54.968	-12.3
11:12:54.981	-13.6
11:12:54.993	-15.0
11:12:55.001	-16.2
11:12:55.013	-15.6
11:12:55.026	-16.0
11:12:55.034	-16.3
11:12:55.046	-16.4
11:12:55.059	-15.6
11:12:55.067	-15.2
11:12:55.079	-14.4
11:12:55.091	-16.9
11:12:55.104	-14.0
11:12:55.112	-15.0
11:12:55.124	-16.0
11:12:55.136	-16.6
11:12:55.145	-17.5
11:12:55.157	-14.9
11:12:55.169	-16.5
11:12:55.177	-16.5
11:12:55.190	-18.6
11:12:55.202	-17.6
11:12:55.214	-19.8
11:12:55.222	-19.7
11:12:55.235	-17.1
11:12:55.247	-15.8
11:12:55.255	-15.2
11:12:55.267	-17.7
11:12:55.280	-17.6
11:12:55.288	-17.7
11:12:55.300	-15.9
11:12:55.312	-16.7
11:12:55.321	-16.0
11:12:55.333	-16.9
11:12:55.345	-18.8
11:12:55.353	-19.1
11:12:55.366	-19.5
11:12:55.378	-18.8
11:12:55.390	-17.6
11:12:55.398	-18.9
11:12:55.411	-17.7
11:12:55.423	-15.7
11:12:55.431	-15.3
11:12:55.444	-11.2
11:12:55.456	-11.2
11:12:55.468	-11.6
11:12:55.476	-10.8
11:12:55.489	-12.3
11:12:55.501	-10.9
11:12:55.509	-9.6
11:12:55.521	-10.6
11:12:55.534	-11.6
11:12:55.542	-10.7
11:12:55.554	-12.4
11:12:55.566	-11.5
11:12:55.574	-11.0
11:12:55.587	-11.5
11:12:55.599	-10.4
11:12:55.607	-12.8
11:12:55.620	-12.5
11:12:55.632	-13.1
11:12:55.644	-12.8
11:12:55.652	-16.9
11:12:55.665	-18.6
11:12:55.677	-18.1
11:12:55.689	-19.0
11:12:55.697	-19.7
11:12:55.710	-19.3
11:12:55.722	-16.6
11:12:55.730	-17.0
11:12:55.742	-12.6
11:12:55.755	-11.5
11:12:55.763	-6.6
11:12:55.775	-6.3
11:12:55.787	-5.4
11:12:55.796	-3.6
11:12:55.808	-1.5
11:12:55.820	-0.7
11:12:55.828	-1.7
11:12:55.841	-0.6
11:12:55.853	-2.7
11:12:55.865	-2.8
11:12:55.873	-4.3
11:12:55.886	-3.4
11:12:55.898	-4.7
11:12:55.906	-2.9
11:12:55.918	-2.3
11:12:55.931	-3.7
11:12:55.943	-1.7
11:12:55.951	-0.7
11:12:55.964	-1.8
11:12:55.976	0.2
11:12:55.984	0.6
11:12:55.996	1.6
11:12:56.009	3.1
11:12:56.017	2.0
11:12:56.029	1.4
11:12:56.041	2.7
11:12:56.049	1.1
11:12:56.062	1.5
11:12:56.074	2.8
11:12:56.086	2.2
11:12:56.095	4.4
11:12:56.107	3.7
11:12:56.119	8.0
11:12:56.127	6.8
11:12:56.140	7.8
11:12:56.152	8.9
11:12:56.160	10.0
11:12:56.172	8.3
11:12:56.185	7.4
11:12:56.197	6.7
11:12:56.205	4.6
11:12:56.217	5.1
11:12:56.230	1.1
11:12:56.238	0.9
11:12:56.250	0.4
11:12:56.262	-0.2
11:12:56.271	-1.1
11:12:56.283	1.1
11:12:56.296	2.1
11:12:56.304	3.0
11:12:56.316	4.1
11:12:56.328	7.3
11:12:56.337	8.2
11:12:56.349	10.6
11:12:56.361	12.6
11:12:56.373	13.6
11:12:56.382	14.9
11:12:56.394	15.2
11:12:56.406	15.5
11:12:56.414	16.7
11:12:56.427	17.3
11:12:56.439	15.2
11:12:56.451	15.0
11:12:56.460	15.2
11:12:56.472	14.5
11:12:56.484	15.4
11:12:56.492	17.4
11:12:56.505	17.7
11:12:56.517	20.9
11:12:56.525	20.9
11:12:56.537	22.8
11:12:56.550	23.4
11:12:56.558	22.0
11:12:56.570	20.6
11:12:56.582	21.0
11:12:56.591	21.1
11:12:56.603	20.0
11:12:56.615	21.5
11:12:56.627	19.2
11:12:56.636	18.0
11:12:56.648	18.4
11:12:56.660	20.0
11:12:56.668	22.3
11:12:56.681	22.4
11:12:56.693	24.2
11:12:56.701	23.7
11:12:56.713	23.6
11:12:56.726	22.7
11:12:56.738	23.0
11:12:56.746	24.6
11:12:56.758	23.8
11:12:56.771	24.0
11:12:56.779	22.7
11:12:56.791	26.2
11:12:56.804	24.8
11:12:56.812	24.3
11:12:56.824	23.6
11:12:56.836	23.0
11:12:56.844	22.4
11:12:56.857	20.6
11:12:56.869	20.0
11:12:56.881	18.4
11:12:56.889	19.4
11:12:56.902	15.3
11:12:56.914	14.7
11:12:56.922	14.8
11:12:56.934	18.1
11:12:56.947	18.2
11:12:56.955	17.5
11:12:56.967	18.2
11:12:56.980	17.5
11:12:56.988	17.4
11:12:57.000	16.3
11:12:57.012	18.6
11:12:57.025	17.8
11:12:57.033	17.7
11:12:57.045	14.6
11:12:57.057	15.9
11:12:57.066	16.4
11:12:57.078	17.0
11:12:57.090	15.3
11:12:57.098	16.3
11:12:57.111	16.3
11:12:57.123	16.1
11:12:57.135	16.3
11:12:57.144	17.5
11:12:57.156	17.8
11:12:57.168	16.0
11:12:57.176	17.4
11:12:57.189	17.3
11:12:57.201	19.0
11:12:57.209	17.2
11:12:57.221	19.4
11:12:57.234	18.5
11:12:57.242	17.9
11:12:57.254	19.0
11:12:57.266	19.7
11:12:57.275	20.6
11:12:57.287	17.4
11:12:57.299	17.7
11:12:57.311	16.1
11:12:57.320	16.7
11:12:57.332	14.9
11:12:57.344	14.6
11:12:57.352	15.9
11:12:57.365	13.3
11:12:57.377	13.6
11:12:57.389	12.6
11:12:57.397	12.6
11:12:57.410	10.6
11:12:57.422	11.1
11:12:57.430	9.4
11:12:57.442	8.9
11:12:57.455	11.8
11:12:57.463	10.3
11:12:57.475	10.3
11:12:57.488	8.6
11:12:57.496	8.9
11:12:57.508	11.8
11:12:57.521	12.7
11:12:57.529	13.1
11:12:57.541	14.9
11:12:57.553	16.1
11:12:57.566	14.9
11:12:57.574	15.0
11:12:57.586	15.5
11:12:57.598	14.4
11:12:57.607	14.4
11:12:57.619	13.0
11:12:57.631	12.6
11:12:57.639	14.8
11:12:57.652	12.3
11:12:57.664	12.1
11:12:57.676	11.2
11:12:57.689	12.1
11:12:57.697	13.1
11:12:57.709	15.3
11:12:57.721	14.9
11:12:57.729	14.7
11:12:57.742	14.8
11:12:57.753	12.5
11:12:57.761	14.3
11:12:57.774	14.0
11:12:57.787	13.7
11:12:57.795	13.4
11:12:57.807	11.1
11:12:57.820	9.0
11:12:57.828	10.3
11:12:57.840	11.7
11:12:57.852	11.9
11:12:57.865	12.6
11:12:57.873	12.3
11:12:57.885	12.7
11:12:57.897	12.7
11:12:57.906	12.3
11:12:57.918	14.1
11:12:57.930	14.7
11:12:57.938	13.8
11:12:57.951	11.0
11:12:57.963	11.9
11:12:57.971	10.3
11:12:57.983	10.0
11:12:57.996	9.4
11:12:58.008	9.0
11:12:58.016	9.6
11:12:58.028	10.1
11:12:58.041	11.1
11:12:58.049	9.9
11:12:58.061	9.7
11:12:58.073	8.5
11:12:58.082	10.1
11:12:58.094	10.8
11:12:58.106	10.4
11:12:58.119	10.0
11:12:58.127	10.8
11:12:58.139	10.2
11:12:58.151	9.4
11:12:58.159	9.8
11:12:58.172	12.3
11:12:58.184	12.8
11:12:58.192	13.3
11:12:58.205	13.2
11:12:58.217	13.9
11:12:58.225	15.9
11:12:58.237	16.4
11:12:58.250	16.0
11:12:58.258	16.4
11:12:58.269	15.2
11:12:58.282	15.0
11:12:58.294	15.0
11:12:58.302	14.5
11:12:58.315	16.2
11:12:58.327	16.2
11:12:58.336	14.4
11:12:58.347	12.2
11:12:58.360	14.1
11:12:58.373	14.8
11:12:58.381	15.1
11:12:58.393	13.7
11:12:58.405	14.0
11:12:58.414	13.6
11:12:58.426	11.0
11:12:58.438	12.9
11:12:58.446	11.8
11:12:58.459	13.3
11:12:58.471	11.0
11:12:58.479	8.0
11:12:58.491	8.9
11:12:58.504	8.6
11:12:58.512	10.0
11:12:58.524	8.8
11:12:58.536	9.1
11:12:58.549	5.3
11:12:58.557	5.4
11:12:58.569	2.3
11:12:58.581	1.0
11:12:58.590	0.9
11:12:58.602	0.5
11:12:58.614	1.1
11:12:58.622	-1.8
11:12:58.635	-0.4
11:12:58.647	-0.4
11:12:58.659	-0.3
11:12:58.667	0.2
11:12:58.680	1.6
11:12:58.692	3.6
11:12:58.700	5.6
11:12:58.712	4.6
11:12:58.725	4.3
11:12:58.733	5.0
11:12:58.745	5.0
11:12:58.757	3.8
11:12:58.766	2.4
11:12:58.778	2.1
11:12:58.790	1.3
11:12:58.803	0.1
11:12:58.811	-0.7
11:12:58.823	0.2
11:12:58.835	2.4
11:12:58.843	0.3
11:12:58.856	-2.1
11:12:58.868	-2.2
11:12:58.876	-3.1
11:12:58.889	-4.5
11:12:58.901	-5.8
11:12:58.909	-7.1
11:12:58.921	-9.3
11:12:58.934	-10.3
11:12:58.946	-13.8
11:12:58.954	-12.8
11:12:58.966	-14.5
11:12:58.979	-14.0
11:12:58.987	-13.5
11:12:58.999	-13.6
11:12:59.011	-13.6
11:12:59.020	-12.7
11:12:59.032	-11.4
11:12:59.044	-12.1
11:12:59.056	-12.7
11:12:59.065	-13.3
11:12:59.077	-13.7
11:12:59.089	-14.8
11:12:59.097	-14.6
11:12:59.110	-16.2
11:12:59.122	-15.7
11:12:59.130	-16.9
11:12:59.142	-16.8
11:12:59.155	-13.6
11:12:59.163	-14.5
11:12:59.175	-15.0
11:12:59.187	-13.0
11:12:59.196	-14.9
11:12:59.208	-15.4
11:12:59.220	-15.7
11:12:59.232	-17.7
11:12:59.241	-18.5
11:12:59.253	-20.3
11:12:59.265	-23.8
11:12:59.273	-26.4
11:12:59.286	-27.8
11:12:59.298	-27.7
11:12:59.310	-26.5
11:12:59.318	-27.2
11:12:59.331	-26.1
11:12:59.343	-24.8
11:12:59.351	-26.2
11:12:59.364	-26.3
11:12:59.376	-28.1
11:12:59.384	-23.6
11:12:59.396	-23.8
11:12:59.409	-25.8
11:12:59.417	-26.3
11:12:59.429	-25.4
11:12:59.441	-25.7
11:12:59.450	-25.8
11:12:59.462	-24.8
11:12:59.474	-23.9
11:12:59.486	-22.3
11:12:59.495	-23.7
11:12:59.507	-23.7
11:12:59.519	-23.0
11:12:59.527	-22.7
11:12:59.540	-22.5
11:12:59.552	-20.7
11:12:59.560	-21.4
11:12:59.572	-20.6
11:12:59.585	-19.4
11:12:59.597	-18.1
11:12:59.605	-17.8
11:12:59.617	-17.7
11:12:59.630	-18.6
11:12:59.642	-17.5
11:12:59.650	-17.2
11:12:59.662	-17.9
11:12:59.675	-17.5
11:12:59.683	-17.3
11:12:59.695	-19.4
11:12:59.707	-20.0
11:12:59.716	-19.1
11:12:59.728	-18.0
11:12:59.740	-17.0
11:12:59.748	-14.8
11:12:59.761	-14.8
11:12:59.773	-14.5
11:12:59.785	-12.8
11:12:59.793	-11.8
11:12:59.806	-8.5
11:12:59.814	-7.6
11:12:59.826	-8.2
11:12:59.839	-7.4
11:12:59.847	-5.4
11:12:59.859	-6.0
11:12:59.871	-5.1
11:12:59.883	-3.8
11:12:59.892	-3.1
11:12:59.904	-3.7
11:12:59.916	-5.0
11:12:59.929	-4.2
11:12:59.937	-1.6
11:12:59.949	0.5
11:12:59.961	0.3
11:12:59.970	-0.3
11:12:59.982	-0.1
11:12:59.994	0.5
11:13:00.002	1.1
11:13:00.015	2.4
11:13:00.027	1.8
11:13:00.039	2.0
11:13:00.047	0.9
11:13:00.060	1.4
11:13:00.072	1.0
11:13:00.080	0.8
11:13:00.092	1.6
11:13:00.105	1.1
11:13:00.113	2.7
11:13:00.125	1.2
11:13:00.137	2.8
11:13:00.146	1.7
11:13:00.158	2.2
11:13:00.170	1.8
11:13:00.178	4.2
11:13:00.191	7.0
11:13:00.203	7.2
11:13:00.215	8.1
11:13:00.223	4.7
11:13:00.236	6.8
11:13:00.248	9.1
11:13:00.256	10.6
11:13:00.269	11.5
11:13:00.281	11.3
11:13:00.293	11.3
11:13:00.301	9.8
11:13:00.314	11.5
11:13:00.326	10.7
11:13:00.334	13.3
11:13:00.346	13.1
11:13:00.359	11.0
11:13:00.367	11.4
11:13:00.379	12.8
11:13:00.391	12.9
11:13:00.400	13.0
11:13:00.412	14.1
11:13:00.424	14.2
11:13:00.432	15.8
11:13:00.445	17.6
11:13:00.457	19.0
11:13:00.469	21.3
11:13:00.477	23.5
11:13:00.490	22.5
11:13:00.502	23.7
11:13:00.510	24.6
11:13:00.522	24.6
11:13:00.535	24.4
11:13:00.543	23.6
11:13:00.555	23.3
11:13:00.567	22.2
11:13:00.580	20.9
11:13:00.588	18.0
11:13:00.600	19.0
11:13:00.612	19.9
11:13:00.621	18.2
11:13:00.633	18.8
11:13:00.645	18.7
11:13:00.654	19.5
11:13:00.666	18.9
11:13:00.678	19.5
11:13:00.686	17.7
11:13:00.699	18.6
11:13:00.711	19.1
11:13:00.723	18.2
11:13:00.731	22.4
11:13:00.744	20.9
11:13:00.756	21.1
11:13:00.764	22.1
11:13:00.776	23.1
11:13:00.789	21.4
11:13:00.797	23.1
11:13:00.809	23.5
11:13:00.821	21.8
11:13:00.830	22.8
11:13:00.842	20.1
11:13:00.854	20.4
11:13:00.867	18.6
11:13:00.875	16.4
11:13:00.887	13.9
11:13:00.899	13.6
11:13:00.908	12.9
11:13:00.920	12.1
11:13:00.932	12.8
11:13:00.940	10.3
11:13:00.953	9.1
11:13:00.965	9.8
11:13:00.977	10.8
11:13:00.985	12.2
11:13:00.998	15.3
11:13:01.010	18.7
11:13:01.018	20.1
11:13:01.030	21.9
11:13:01.043	21.6
11:13:01.051	23.0
11:13:01.063	23.9
11:13:01.075	24.1
11:13:01.084	24.2
11:13:01.096	23.9
11:13:01.108	21.4
11:13:01.116	19.9
11:13:01.129	20.4
11:13:01.141	19.4
11:13:01.153	21.0
11:13:01.161	19.2
11:13:01.174	19.8
11:13:01.186	18.6
11:13:01.194	20.7
11:13:01.206	20.5
11:13:01.219	21.8
11:13:01.231	22.4
11:13:01.239	22.0
11:13:01.251	22.1
11:13:01.264	20.9
11:13:01.272	20.9
11:13:01.284	20.2
11:13:01.296	20.0
11:13:01.305	17.5
11:13:01.317	16.6
11:13:01.329	15.4
11:13:01.337	15.7
11:13:01.350	14.8
11:13:01.362	14.9
11:13:01.370	14.0
11:13:01.382	14.7
11:13:01.395	14.1
11:13:01.407	13.1
11:13:01.416	13.8
11:13:01.428	13.4
11:13:01.440	12.6
11:13:01.448	10.7
11:13:01.460	10.0
11:13:01.473	9.3
11:13:01.481	8.2
11:13:01.493	6.1
11:13:01.505	6.5
11:13:01.518	7.4
11:13:01.526	6.8
11:13:01.538	7.9
11:13:01.550	10.9
11:13:01.559	10.6
11:13:01.571	11.5
11:13:01.583	11.1
11:13:01.591	13.3
11:13:01.604	15.1
11:13:01.616	15.8
11:13:01.628	15.0
11:13:01.636	15.8
11:13:01.649	17.2
11:13:01.661	14.3
11:13:01.669	15.8
11:13:01.681	15.5
11:13:01.694	16.2
11:13:01.706	16.1
11:13:01.714	15.4
11:13:01.726	12.8
11:13:01.739	12.9
11:13:01.747	11.7
11:13:01.759	9.4
11:13:01.767	8.6
11:13:01.780	7.2
11:13:01.792	7.1
11:13:01.800	6.2
11:13:01.812	5.8
11:13:01.825	7.4
11:13:01.837	6.1
11:13:01.845	5.3
11:13:01.857	5.7
11:13:01.870	6.5
11:13:01.882	8.7
11:13:01.890	9.0
11:13:01.902	8.2
11:13:01.915	7.3
11:13:01.923	6.9
11:13:01.935	5.6
11:13:01.948	8.0
11:13:01.960	9.5
11:13:01.968	8.5
11:13:01.980	7.9
11:13:01.993	7.2
11:13:02.001	7.5
11:13:02.013	7.5
11:13:02.025	9.0
11:13:02.034	7.4
11:13:02.046	7.4
11:13:02.058	6.3
11:13:02.067	6.1
11:13:02.079	5.1
11:13:02.091	3.9
11:13:02.099	4.0
11:13:02.112	3.9
11:13:02.124	4.1
11:13:02.136	3.0
11:13:02.144	3.3
11:13:02.157	1.5
11:13:02.169	1.2
11:13:02.177	-0.7
11:13:02.189	2.8
11:13:02.202	3.5
11:13:02.214	2.1
11:13:02.222	-0.1
11:13:02.234	-2.4
11:13:02.247	-1.5
11:13:02.255	-2.4
11:13:02.267	0.6
11:13:02.279	1.4
11:13:02.288	0.5
11:13:02.300	-2.3
11:13:02.312	-4.0
11:13:02.321	-2.9
11:13:02.333	0.2
11:13:02.345	0.5
11:13:02.353	-0.8
11:13:02.366	-0.5
11:13:02.378	-3.0
11:13:02.390	-4.9
11:13:02.398	-2.8
11:13:02.411	-3.7
11:13:02.423	-2.8
11:13:02.431	-5.5
11:13:02.443	-8.7
11:13:02.456	-7.7
11:13:02.464	-9.5
11:13:02.476	-10.1
11:13:02.488	-10.3
11:13:02.501	-8.2
11:13:02.509	-8.8
11:13:02.521	-7.4
11:13:02.533	-7.7
11:13:02.542	-6.9
11:13:02.554	-5.7
11:13:02.566	-7.4
11:13:02.574	-7.2
11:13:02.587	-7.3
11:13:02.599	-8.1
11:13:02.607	-11.2
11:13:02.619	-13.5
11:13:02.632	-15.0
11:13:02.644	-15.8
11:13:02.652	-17.7
11:13:02.664	-19.2
11:13:02.677	-18.8
11:13:02.685	-17.6
11:13:02.697	-16.4
11:13:02.709	-14.7
11:13:02.718	-13.6
11:13:02.730	-11.3
11:13:02.742	-11.4
11:13:02.750	-13.1
11:13:02.763	-11.6
11:13:02.775	-12.0
11:13:02.787	-11.2
11:13:02.795	-9.8
11:13:02.808	-10.3
11:13:02.820	-10.9
11:13:02.828	-11.5
11:13:02.841	-12.4
11:13:02.853	-11.1
11:13:02.861	-10.5
11:13:02.873	-10.2
11:13:02.886	-10.2
11:13:02.898	-10.7
11:13:02.906	-14.1
11:13:02.918	-15.4
11:13:02.931	-17.7
11:13:02.939	-16.3
11:13:02.951	-16.4
11:13:02.963	-17.8
11:13:02.972	-19.6
11:13:02.984	-20.5
11:13:02.996	-18.4
11:13:03.004	-16.1
11:13:03.017	-15.8
11:13:03.029	-16.1
11:13:03.037	-14.6
11:13:03.049	-16.1
11:13:03.062	-16.5
11:13:03.074	-15.2
11:13:03.083	-14.0
11:13:03.095	-14.7
11:13:03.107	-18.2
11:13:03.115	-21.9
11:13:03.127	-19.8
11:13:03.140	-20.2
11:13:03.152	-20.6
11:13:03.160	-20.8
11:13:03.172	-19.8
11:13:03.185	-22.1
11:13:03.193	-19.3
11:13:03.205	-17.6
11:13:03.217	-14.9
11:13:03.226	-13.4
11:13:03.238	-14.6
11:13:03.250	-13.2
11:13:03.258	-13.5
11:13:03.271	-12.0
11:13:03.283	-13.0
11:13:03.291	-12.1
11:13:03.303	-12.5
11:13:03.316	-12.6
11:13:03.328	-11.3
11:13:03.336	-10.6
11:13:03.348	-9.0
11:13:03.361	-7.4
11:13:03.369	-4.7
11:13:03.381	-4.6
11:13:03.393	-2.3
11:13:03.402	-0.9
11:13:03.414	-0.2
11:13:03.426	-0.5
11:13:03.438	-1.0
11:13:03.447	0.9
11:13:03.459	0.8
11:13:03.471	0.2
11:13:03.479	-0.1
11:13:03.492	-1.0
11:13:03.504	1.4
11:13:03.512	1.4
11:13:03.524	1.0
11:13:03.537	2.5
11:13:03.545	2.1
11:13:03.557	2.5
11:13:03.570	3.4
11:13:03.582	3.7
11:13:03.590	2.0
11:13:03.602	4.5
11:13:03.615	3.4
11:13:03.623	3.9
11:13:03.635	4.8
11:13:03.647	4.3
11:13:03.656	5.1
11:13:03.668	5.1
11:13:03.680	3.4
11:13:03.688	3.5
11:13:03.701	6.0
11:13:03.713	8.1
11:13:03.721	7.2
11:13:03.734	7.2
11:13:03.746	8.6
11:13:03.758	11.6
11:13:03.770	16.9
11:13:03.779	16.2
11:13:03.791	18.4
11:13:03.803	20.4
11:13:03.811	20.6
11:13:03.824	19.6
11:13:03.836	19.3
11:13:03.844	20.5
11:13:03.856	20.2
11:13:03.869	18.5
11:13:03.881	14.6
11:13:03.889	15.8
11:13:03.901	16.1
11:13:03.914	17.0
11:13:03.922	18.4
11:13:03.934	17.7
11:13:03.946	17.9
11:13:03.955	19.2
11:13:03.967	20.5
11:13:03.979	18.9
11:13:03.987	20.0
11:13:04.000	20.4
11:13:04.012	19.5
11:13:04.020	17.4
11:13:04.032	17.1
11:13:04.045	18.9
11:13:04.057	20.6
11:13:04.065	18.5
11:13:04.078	17.9
11:13:04.090	20.7
11:13:04.098	21.2
11:13:04.110	20.0
11:13:04.123	21.4
11:13:04.135	22.1
11:13:04.143	20.5
11:13:04.155	20.2
11:13:04.168	19.9
11:13:04.176	22.4
11:13:04.188	22.2
11:13:04.200	22.2
11:13:04.209	21.0
11:13:04.221	20.8
11:13:04.233	20.5
11:13:04.241	18.7
11:13:04.254	18.0
11:13:04.266	16.5
11:13:04.274	15.9
11:13:04.286	14.1
11:13:04.299	14.2
11:13:04.311	16.4
11:13:04.319	15.1
11:13:04.331	14.7
11:13:04.344	15.8
11:13:04.352	17.8
11:13:04.364	18.7
11:13:04.376	19.4
11:13:04.385	18.3
11:13:04.397	18.2
11:13:04.409	19.0
11:13:04.422	17.2
11:13:04.430	18.1
11:13:04.442	18.0
11:13:04.454	16.5
11:13:04.462	14.7
11:13:04.475	17.4
11:13:04.487	16.8
11:13:04.495	17.9
11:13:04.507	20.2
11:13:04.520	19.0
11:13:04.528	16.8
11:13:04.540	16.0
11:13:04.553	16.6
11:13:04.565	16.4
11:13:04.573	19.2
11:13:04.585	16.5
11:13:04.598	16.6
11:13:04.606	14.9
11:13:04.618	13.3
11:13:04.630	12.0
11:13:04.638	12.5
11:13:04.651	13.7
11:13:04.663	14.5
11:13:04.671	14.1
11:13:04.684	12.1
11:13:04.696	14.6
11:13:04.708	15.0
11:13:04.716	17.0
11:13:04.729	16.7
11:13:04.741	18.4
11:13:04.749	20.8
11:13:04.762	19.8
11:13:04.774	18.0
11:13:04.782	19.2
11:13:04.794	19.8
11:13:04.807	17.6
11:13:04.819	16.2
11:13:04.827	15.2
11:13:04.840	14.6
11:13:04.852	12.1
11:13:04.860	10.1
11:13:04.872	10.2
11:13:04.885	13.3
11:13:04.893	12.2
11:13:04.905	12.8
11:13:04.917	14.9
11:13:04.926	15.2
11:13:04.938	16.0
11:13:04.950	14.7
11:13:04.958	15.0
11:13:04.971	12.9
11:13:04.983	12.8
11:13:04.995	10.4
11:13:05.003	10.5
11:13:05.016	10.2
11:13:05.028	6.9
11:13:05.036	6.9
11:13:05.048	7.6
11:13:05.061	9.8
11:13:05.073	12.1
11:13:05.081	15.3
11:13:05.093	15.3
11:13:05.106	14.9
11:13:05.114	15.2
11:13:05.126	14.7
11:13:05.138	16.4
11:13:05.147	17.0
11:13:05.159	16.3
11:13:05.171	19.2
11:13:05.179	17.3
11:13:05.192	15.9
11:13:05.204	14.9
11:13:05.212	16.4
11:13:05.224	15.3
11:13:05.237	15.4
11:13:05.249	14.8
11:13:05.257	15.5
11:13:05.269	15.5
11:13:05.282	11.4
11:13:05.290	12.9
11:13:05.302	13.6
11:13:05.314	15.1
11:13:05.323	15.1
11:13:05.335	13.9
11:13:05.347	15.2
11:13:05.360	14.8
11:13:05.368	13.7
11:13:05.380	12.6
11:13:05.392	12.3
11:13:05.401	10.7
11:13:05.413	11.3
11:13:05.425	11.2
11:13:05.433	9.7
11:13:05.446	12.0
11:13:05.458	11.5
11:13:05.466	11.3
11:13:05.479	12.1
11:13:05.491	12.3
11:13:05.503	11.8
11:13:05.511	11.9
11:13:05.523	10.2
11:13:05.536	10.0
11:13:05.544	9.7
11:13:05.556	8.3
11:13:05.569	7.4
11:13:05.577	8.1
11:13:05.589	6.2
11:13:05.601	6.9
11:13:05.610	8.6
11:13:05.622	10.3
11:13:05.634	9.2
11:13:05.642	9.1
11:13:05.655	8.9
11:13:05.667	8.3
11:13:05.679	7.3
11:13:05.687	6.5
11:13:05.700	7.1
11:13:05.712	5.6
11:13:05.720	3.7
11:13:05.733	3.3
11:13:05.745	4.3
11:13:05.757	2.3
11:13:05.765	2.8
11:13:05.778	3.3
11:13:05.790	3.4
11:13:05.798	3.9
11:13:05.810	7.4
11:13:05.823	7.1
11:13:05.835	8.5
11:13:05.843	7.5
11:13:05.855	6.8
11:13:05.868	8.5
11:13:05.876	8.0
11:13:05.888	8.8
11:13:05.900	7.3
11:13:05.909	7.6
11:13:05.921	3.4
11:13:05.933	3.8
11:13:05.941	4.1
11:13:05.954	3.2
11:13:05.966	4.3
11:13:05.978	2.4
11:13:05.987	2.3
11:13:05.999	1.2
11:13:06.011	2.0
11:13:06.019	1.7
11:13:06.032	1.0
11:13:06.044	0.8
11:13:06.056	-3.3
11:13:06.064	-3.1
11:13:06.077	-5.2
11:13:06.089	-5.1
11:13:06.097	-6.8
11:13:06.109	-4.8
11:13:06.122	-4.6
11:13:06.130	-6.4
11:13:06.142	-7.1
11:13:06.154	-6.5
11:13:06.163	-2.8
11:13:06.175	-2.1
11:13:06.187	-1.7
11:13:06.195	-1.7
11:13:06.208	-1.5
11:13:06.220	-3.9
11:13:06.232	-6.9
11:13:06.240	-7.7
11:13:06.253	-8.1
11:13:06.265	-8.1
11:13:06.273	-11.3
11:13:06.285	-14.9
11:13:06.298	-15.2
11:13:06.306	-15.6
11:13:06.318	-14.8
11:13:06.330	-14.5
11:13:06.343	-13.4
11:13:06.351	-12.7
11:13:06.363	-14.1
11:13:06.375	-13.0
11:13:06.384	-12.2
11:13:06.396	-9.6
11:13:06.408	-9.3
11:13:06.417	-10.4
11:13:06.429	-9.3
11:13:06.441	-11.7
11:13:06.449	-12.3
11:13:06.461	-12.8
11:13:06.474	-12.3
11:13:06.486	-16.9
11:13:06.494	-18.3
11:13:06.507	-19.8
11:13:06.519	-21.0
11:13:06.527	-21.0
11:13:06.539	-23.0
11:13:06.552	-24.4
11:13:06.560	-25.1
11:13:06.572	-25.1
11:13:06.584	-25.2
11:13:06.592	-22.3
11:13:06.605	-23.3
11:13:06.617	-22.9
11:13:06.629	-23.5
11:13:06.638	-24.6
11:13:06.650	-24.8
11:13:06.662	-20.4
11:13:06.670	-19.2
11:13:06.683	-20.6
11:13:06.695	-19.2
11:13:06.703	-21.8
11:13:06.715	-19.5
11:13:06.728	-20.5
11:13:06.740	-19.4
11:13:06.748	-15.4
11:13:06.761	-15.9
11:13:06.773	-17.7
11:13:06.781	-19.1
11:13:06.793	-18.4
11:13:06.806	-18.6
11:13:06.814	-17.4
11:13:06.826	-16.3
11:13:06.839	-14.5
11:13:06.847	-13.5
11:13:06.859	-13.1
11:13:06.871	-12.7
11:13:06.879	-11.6
11:13:06.892	-7.9
11:13:06.904	-7.5
11:13:06.916	-7.7
11:13:06.924	-5.9
11:13:06.937	-6.5
11:13:06.949	-5.4
11:13:06.957	-5.4
11:13:06.970	-5.9
11:13:06.982	-3.3
11:13:06.994	0.2
11:13:07.002	0.2
11:13:07.015	1.4
11:13:07.027	2.1
11:13:07.035	2.0
11:13:07.047	1.8
11:13:07.060	0.1
11:13:07.068	0.7
11:13:07.080	1.2
11:13:07.092	0.2
11:13:07.101	-3.4
11:13:07.113	-4.5
11:13:07.125	-4.6
11:13:07.133	-3.9
11:13:07.146	-3.0
11:13:07.158	-1.1
11:13:07.170	2.1
11:13:07.178	2.7
11:13:07.191	1.0
11:13:07.203	0.7
11:13:07.211	0.8
11:13:07.223	2.4
11:13:07.236	4.0
11:13:07.244	6.4
11:13:07.256	6.2
11:13:07.269	6.5
11:13:07.281	4.7
11:13:07.289	3.8
11:13:07.301	5.8
11:13:07.313	8.2
11:13:07.322	8.7
11:13:07.334	8.1
11:13:07.346	8.1
11:13:07.354	6.8
11:13:07.367	6.9
11:13:07.379	6.3
11:13:07.387	6.3
11:13:07.399	5.2
11:13:07.412	5.4
11:13:07.424	2.6
11:13:07.432	0.9
11:13:07.445	1.9
11:13:07.457	0.8
11:13:07.465	-1.2
11:13:07.477	-1.0
11:13:07.490	-1.0
11:13:07.498	0.1
11:13:07.510	1.8
11:13:07.522	1.2
11:13:07.531	1.7
11:13:07.543	3.1
11:13:07.555	3.4
11:13:07.563	4.3
11:13:07.576	5.9
11:13:07.588	4.9
11:13:07.600	4.2
11:13:07.609	5.2
11:13:07.621	5.0
11:13:07.633	5.1
11:13:07.641	5.2
11:13:07.654	6.5
11:13:07.666	6.2
11:13:07.678	5.6
11:13:07.686	6.9
11:13:07.699	8.8
11:13:07.711	9.0
11:13:07.719	8.3
11:13:07.731	6.7
11:13:07.744	7.2
11:13:07.752	9.7
11:13:07.764	10.1
11:13:07.776	8.9
11:13:07.789	10.1
11:13:07.797	9.2
11:13:07.809	6.6
11:13:07.817	6.8
11:13:07.830	6.1
11:13:07.842	7.9
11:13:07.854	7.8
11:13:07.862	6.8
11:13:07.875	6.2
11:13:07.887	7.7
11:13:07.899	7.5
11:13:07.907	9.1
11:13:07.920	9.6
11:13:07.932	8.0
11:13:07.940	6.2
11:13:07.952	4.7
11:13:07.965	4.2
11:13:07.977	2.7
11:13:07.985	3.0
11:13:07.998	1.3
11:13:08.010	0.9
11:13:08.018	-0.4
11:13:08.030	0.0
11:13:08.042	1.1
11:13:08.051	0.7
11:13:08.063	2.2
11:13:08.075	1.8
11:13:08.083	0.9
11:13:08.096	1.2
11:13:08.108	1.3
11:13:08.116	0.4
11:13:08.128	1.0
11:13:08.141	0.6
11:13:08.153	-0.3
11:13:08.161	1.5
11:13:08.174	1.9
11:13:08.186	5.4
11:13:08.194	8.3
11:13:08.206	8.2
11:13:08.219	7.9
11:13:08.227	8.1
11:13:08.239	8.5
11:13:08.251	9.1
11:13:08.264	9.4
11:13:08.272	11.0
11:13:08.284	11.5
11:13:08.296	9.2
11:13:08.305	9.3
11:13:08.317	8.4
11:13:08.329	10.1
11:13:08.337	12.0
11:13:08.350	10.1
11:13:08.362	10.3
11:13:08.370	12.2
11:13:08.382	10.7
11:13:08.395	10.1
11:13:08.407	9.2
11:13:08.415	7.2
11:13:08.428	6.9
11:13:08.440	6.4
11:13:08.448	4.9
11:13:08.460	5.1
11:13:08.473	7.1
11:13:08.481	4.6
11:13:08.493	3.9
11:13:08.505	3.2
11:13:08.514	1.2
11:13:08.526	-0.3
11:13:08.538	-0.3
11:13:08.550	-4.3
11:13:08.559	-7.0
11:13:08.571	-8.9
11:13:08.583	-13.9
11:13:08.592	-14.5
11:13:08.604	-15.9
11:13:08.616	-16.7
11:13:08.624	-16.4
11:13:08.637	-15.6
11:13:08.649	-15.5
11:13:08.661	-14.6
11:13:08.669	-15.6
11:13:08.682	-17.3
11:13:08.694	-17.5
11:13:08.702	-17.9
11:13:08.714	-17.1
11:13:08.727	-17.5
11:13:08.735	-19.2
11:13:08.747	-21.2
11:13:08.759	-23.0
11:13:08.768	-21.5
11:13:08.780	-21.7
11:13:08.792	-19.4
11:13:08.800	-18.4
11:13:08.813	-18.8
11:13:08.825	-18.0
11:13:08.837	-19.5
11:13:08.845	-18.3
11:13:08.858	-18.2
11:13:08.870	-18.4
11:13:08.878	-22.0
11:13:08.890	-20.1
11:13:08.903	-22.6
11:13:08.915	-24.1
11:13:08.923	-25.0
11:13:08.936	-28.2
11:13:08.948	-25.3
11:13:08.956	-27.6
11:13:08.968	-27.5
11:13:08.980	-30.9
11:13:08.989	-27.2
11:13:09.001	-29.3
11:13:09.013	-26.8
11:13:09.022	-27.9
11:13:09.034	-28.2
11:13:09.046	-27.5
11:13:09.054	-30.7
11:13:09.066	-30.5
11:13:09.079	-32.2
11:13:09.091	-30.9
11:13:09.099	-35.0
11:13:09.111	-34.8
11:13:09.124	-34.8
11:13:09.132	-34.3
11:13:09.144	-35.0
11:13:09.157	-36.6
11:13:09.165	-36.8
11:13:09.177	-35.3
11:13:09.189	-31.5
11:13:09.202	-31.0
11:13:09.210	-29.6
11:13:09.222	-28.4
11:13:09.234	-30.4
11:13:09.243	-29.7
11:13:09.255	-29.6
11:13:09.267	-28.7
11:13:09.275	-30.3
11:13:09.288	-29.9
11:13:09.300	-28.3
11:13:09.308	-25.5
11:13:09.320	-23.6
11:13:09.333	-22.9
11:13:09.345	-25.1
11:13:09.353	-23.7
11:13:09.365	-21.3
11:13:09.378	-20.1
11:13:09.386	-13.5
11:13:09.398	-11.7
11:13:09.410	-15.3
11:13:09.419	-17.4
11:13:09.431	-20.1
11:13:09.443	-19.9
11:13:09.451	-17.4
11:13:09.464	-17.2
11:13:09.476	-16.1
11:13:09.484	-13.2
11:13:09.497	-18.7
11:13:09.509	-20.3
11:13:09.521	-18.5
11:13:09.529	-17.6
11:13:09.542	-13.9
11:13:09.554	-12.9
11:13:09.562	-8.9
11:13:09.574	-6.5
11:13:09.587	-6.9
11:13:09.599	-7.0
11:13:09.607	-2.2
11:13:09.620	-2.9
11:13:09.632	-2.5
11:13:09.640	-2.1
11:13:09.652	-2.0
11:13:09.665	-0.1
11:13:09.673	-1.2
11:13:09.685	-1.9
11:13:09.697	-0.3
11:13:09.706	-2.6
11:13:09.718	-4.5
11:13:09.730	-3.1
11:13:09.738	-2.7
11:13:09.751	0.7
11:13:09.763	2.6
11:13:09.775	1.9
11:13:09.783	3.2
11:13:09.796	3.7
11:13:09.808	4.3
11:13:09.820	9.0
11:13:09.828	11.6
11:13:09.841	12.1
11:13:09.853	12.5
11:13:09.861	9.9
11:13:09.873	9.3
11:13:09.886	9.7
11:13:09.898	8.6
11:13:09.906	9.6
11:13:09.918	8.8
11:13:09.931	8.7
11:13:09.939	7.4
11:13:09.951	9.9
11:13:09.963	9.6
11:13:09.972	12.5
11:13:09.984	11.5
11:13:09.996	11.8
11:13:10.004	14.7
11:13:10.017	16.1
11:13:10.029	16.4
11:13:10.037	13.6
11:13:10.049	18.1
11:13:10.062	15.2
11:13:10.074	16.9
11:13:10.082	16.6
11:13:10.094	17.7
11:13:10.107	16.3
11:13:10.115	14.3
11:13:10.127	14.3
11:13:10.140	15.3
11:13:10.148	16.2
11:13:10.160	9.8
11:13:10.172	13.5
11:13:10.185	12.4
11:13:10.193	12.3
11:13:10.205	13.2
11:13:10.217	14.4
11:13:10.226	12.8
11:13:10.238	10.5
11:13:10.250	9.8
11:13:10.258	12.1
11:13:10.271	15.5
11:13:10.283	12.2
11:13:10.291	12.5
11:13:10.303	11.0
11:13:10.316	10.4
11:13:10.328	10.2
11:13:10.336	12.0
11:13:10.348	11.8
11:13:10.361	11.6
11:13:10.369	9.1
11:13:10.381	7.1
11:13:10.393	7.4
11:13:10.402	7.8
11:13:10.414	8.6
11:13:10.426	7.6
11:13:10.434	7.7
11:13:10.447	6.9
11:13:10.459	7.8
11:13:10.471	8.3
11:13:10.479	8.1
11:13:10.492	9.6
11:13:10.504	10.7
11:13:10.512	10.5
11:13:10.524	10.5
11:13:10.537	11.2
11:13:10.545	9.8
11:13:10.557	8.9
11:13:10.569	9.4
11:13:10.582	9.0
11:13:10.590	9.2
11:13:10.602	8.4
11:13:10.615	9.1
11:13:10.623	10.9
11:13:10.635	10.8
11:13:10.647	10.5
11:13:10.655	12.6
11:13:10.668	15.0
11:13:10.680	13.2
11:13:10.688	13.0
11:13:10.701	12.7
11:13:10.713	13.0
11:13:10.721	12.9
11:13:10.733	10.6
11:13:10.746	9.4
11:13:10.758	10.0
11:13:10.766	6.7
11:13:10.778	4.5
11:13:10.791	3.8
11:13:10.799	4.5
11:13:10.811	6.1
11:13:10.823	7.6
11:13:10.836	6.9
11:13:10.844	8.4
11:13:10.856	9.3
11:13:10.868	9.3
11:13:10.877	11.0
11:13:10.889	11.2
11:13:10.901	11.0
11:13:10.909	10.9
11:13:10.922	10.2
11:13:10.934	8.7
11:13:10.942	8.9
11:13:10.954	8.2
11:13:10.967	7.0
11:13:10.975	4.1
11:13:10.987	5.0
11:13:10.999	5.2
11:13:11.012	6.3
11:13:11.020	6.0
11:13:11.032	7.2
11:13:11.045	7.1
11:13:11.053	5.0
11:13:11.065	5.9
11:13:11.077	6.1
11:13:11.085	8.0
11:13:11.098	7.8
11:13:11.110	5.6
11:13:11.122	5.8
11:13:11.130	6.3
11:13:11.143	4.7
11:13:11.155	2.7
11:13:11.163	4.2
11:13:11.176	0.8
11:13:11.188	2.0
11:13:11.196	1.3
11:13:11.208	-1.0
11:13:11.221	-0.2
11:13:11.229	-1.0
11:13:11.241	-2.3
11:13:11.253	-3.7
11:13:11.266	-4.1
11:13:11.274	-4.6
11:13:11.286	-5.1
11:13:11.298	-7.3
11:13:11.307	-7.0
11:13:11.319	-7.3
11:13:11.331	-8.9
11:13:11.339	-9.8
11:13:11.352	-11.2
11:13:11.364	-7.6
11:13:11.372	-8.3
11:13:11.384	-8.7
11:13:11.398	-7.9
11:13:11.406	-7.5
11:13:11.418	-9.0
11:13:11.430	-7.9
11:13:11.443	-7.9
11:13:11.451	-8.2
11:13:11.463	-8.1
11:13:11.475	-12.1
11:13:11.484	-9.7
11:13:11.496	-9.7
11:13:11.508	-10.4
11:13:11.520	-10.2
11:13:11.529	-9.8
11:13:11.541	-10.7
11:13:11.553	-8.2
11:13:11.561	-8.1
11:13:11.574	-8.4
11:13:11.586	-8.8
11:13:11.594	-8.9
11:13:11.606	-9.5
11:13:11.619	-9.9
11:13:11.627	-9.1
11:13:11.639	-9.0
11:13:11.652	-9.1
11:13:11.664	-10.9
11:13:11.672	-9.4
11:13:11.684	-8.3
11:13:11.697	-8.4
11:13:11.705	-8.1
11:13:11.717	-9.3
11:13:11.729	-8.7
11:13:11.742	-10.3
11:13:11.750	-11.3
11:13:11.762	-9.4
11:13:11.774	-8.3
11:13:11.783	-8.7
11:13:11.795	-8.7
11:13:11.807	-8.8
11:13:11.819	-10.0
11:13:11.828	-9.9
11:13:11.840	-10.5
11:13:11.852	-10.7
11:13:11.860	-9.7
11:13:11.873	-11.7
11:13:11.885	-11.3
11:13:11.893	-11.2
11:13:11.905	-10.3
11:13:11.918	-9.4
11:13:11.926	-8.8
11:13:11.938	-7.9
11:13:11.950	-6.0
11:13:11.959	-5.3
11:13:11.971	-3.0
11:13:11.983	-1.5
11:13:11.995	-1.1
11:13:12.004	-0.1
11:13:12.016	0.0
11:13:12.028	1.7
11:13:12.036	0.7
11:13:12.049	1.7
11:13:12.061	0.9
11:13:12.069	3.6
11:13:12.081	2.7
11:13:12.094	3.8
11:13:12.106	5.8
11:13:12.114	7.3
11:13:12.127	6.9
11:13:12.139	6.1
11:13:12.147	8.0
11:13:12.159	9.7
11:13:12.172	12.5
11:13:12.180	11.0
11:13:12.192	10.7
11:13:12.204	10.6
11:13:12.212	9.3
11:13:12.225	8.3
11:13:12.237	10.2
11:13:12.249	13.1
11:13:12.258	12.8
11:13:12.270	13.4
11:13:12.282	12.0
11:13:12.290	13.3
11:13:12.303	16.9
11:13:12.315	16.4
11:13:12.323	15.7
11:13:12.335	14.9
11:13:12.348	13.6
11:13:12.356	11.9
11:13:12.368	13.4
11:13:12.380	12.4
11:13:12.393	12.8
11:13:12.401	14.3
11:13:12.413	12.1
11:13:12.425	13.2
11:13:12.434	14.3
11:13:12.446	16.1
11:13:12.458	16.1
11:13:12.466	15.8
11:13:12.479	15.4
11:13:12.491	17.3
11:13:12.503	18.9
11:13:12.511	16.4
11:13:12.524	19.0
11:13:12.536	19.0
11:13:12.544	19.4
11:13:12.556	17.3
11:13:12.569	19.3
11:13:12.577	20.0
11:13:12.589	19.4
11:13:12.602	19.3
11:13:12.610	16.9
11:13:12.622	17.6
11:13:12.634	15.5
11:13:12.642	15.9
11:13:12.655	15.3
11:13:12.667	16.8
11:13:12.679	14.2
11:13:12.688	14.6
11:13:12.700	15.1
11:13:12.712	13.9
11:13:12.720	15.3
11:13:12.733	15.3
11:13:12.745	16.8
11:13:12.757	15.9
11:13:12.765	18.8
11:13:12.778	18.8
11:13:12.790	21.9
11:13:12.798	19.5
11:13:12.810	18.8
11:13:12.823	19.4
11:13:12.831	19.9
11:13:12.843	20.2
11:13:12.855	18.6
11:13:12.864	20.0
11:13:12.876	19.0
11:13:12.888	20.2
11:13:12.896	18.1
11:13:12.909	20.1
11:13:12.921	21.2
11:13:12.933	21.2
11:13:12.941	21.6
11:13:12.954	21.2
11:13:12.966	20.4
11:13:12.974	19.7
11:13:12.986	17.4
11:13:12.999	16.5
11:13:13.007	17.0
11:13:13.019	17.8
11:13:13.031	16.5
11:13:13.044	15.9
11:13:13.052	13.8
11:13:13.064	14.2
11:13:13.077	13.9
11:13:13.085	16.1
11:13:13.097	17.2
11:13:13.109	17.1
11:13:13.118	16.3
11:13:13.130	13.4
11:13:13.142	15.9
11:13:13.150	13.8
11:13:13.163	16.1
11:13:13.175	15.2
11:13:13.187	15.3
11:13:13.195	12.9
11:13:13.208	13.8
11:13:13.220	12.1
11:13:13.228	12.0
11:13:13.240	14.4
11:13:13.253	11.7
11:13:13.261	12.0
11:13:13.273	10.5
11:13:13.285	9.7
11:13:13.294	10.5
11:13:13.306	10.4
11:13:13.318	10.9
11:13:13.326	14.6
11:13:13.339	15.2
11:13:13.351	14.5
11:13:13.363	15.8
11:13:13.372	16.6
11:13:13.384	17.2
11:13:13.396	18.9
11:13:13.404	18.4
11:13:13.417	18.1
11:13:13.429	16.2
11:13:13.441	12.0
11:13:13.449	13.6
11:13:13.462	13.8
11:13:13.474	12.0
11:13:13.482	13.7
11:13:13.494	12.1
11:13:13.507	13.6
11:13:13.515	13.1
11:13:13.527	15.0
11:13:13.540	15.3
11:13:13.548	16.3
11:13:13.560	15.9
11:13:13.572	15.4
11:13:13.585	16.2
11:13:13.593	14.4
11:13:13.605	14.4
11:13:13.617	12.4
11:13:13.626	10.8
11:13:13.638	8.2
11:13:13.650	7.1
11:13:13.658	7.5
11:13:13.671	4.9
11:13:13.683	3.4
11:13:13.695	3.0
11:13:13.703	3.4
11:13:13.716	3.7
11:13:13.728	4.9
11:13:13.736	5.9
11:13:13.748	4.7
11:13:13.761	4.4
11:13:13.769	3.9
11:13:13.781	5.8
11:13:13.793	5.0
11:13:13.802	3.7
11:13:13.814	1.7
11:13:13.826	1.2
11:13:13.839	-0.4
11:13:13.847	-0.2
11:13:13.859	-0.2
11:13:13.871	-0.8
11:13:13.879	-1.3
11:13:13.892	-3.6
11:13:13.904	-3.6
11:13:13.916	-3.9
11:13:13.925	-3.9
11:13:13.937	-5.4
11:13:13.949	-7.8
11:13:13.957	-9.0
11:13:13.970	-9.5
11:13:13.982	-9.2
11:13:13.990	-9.6
11:13:14.002	-8.9
11:13:14.015	-7.3
11:13:14.027	-7.9
11:13:14.035	-9.1
11:13:14.047	-10.4
11:13:14.060	-9.5
11:13:14.068	-9.1
11:13:14.080	-9.0
11:13:14.092	-9.8
11:13:14.101	-12.4
11:13:14.113	-16.1
11:13:14.125	-19.7
11:13:14.134	-20.4
11:13:14.146	-19.7
11:13:14.158	-18.8
11:13:14.170	-19.6
11:13:14.179	-21.0
11:13:14.191	-20.8
11:13:14.203	-19.9
11:13:14.211	-18.0
11:13:14.224	-14.2
11:13:14.236	-13.2
11:13:14.244	-11.7
11:13:14.256	-12.1
11:13:14.269	-11.2
11:13:14.277	-10.6
11:13:14.289	-11.2
11:13:14.301	-10.5
11:13:14.314	-13.2
11:13:14.322	-14.1
11:13:14.334	-14.3
11:13:14.346	-12.5
11:13:14.355	-12.2
11:13:14.367	-11.6
11:13:14.379	-11.1
11:13:14.387	-11.4
11:13:14.400	-9.6
11:13:14.412	-8.8
11:13:14.424	-5.5
11:13:14.432	-3.9
11:13:14.445	-2.3
11:13:14.457	-2.4
11:13:14.465	-2.6
11:13:14.478	-1.4
11:13:14.490	-0.5
11:13:14.498	1.4
11:13:14.510	3.2
11:13:14.522	4.7
11:13:14.531	3.3
11:13:14.543	3.8
11:13:14.555	3.5
11:13:14.563	6.3
11:13:14.576	7.6
11:13:14.588	7.3
11:13:14.600	8.1
11:13:14.608	7.7
11:13:14.621	7.5
11:13:14.633	7.0
11:13:14.641	9.1
11:13:14.654	7.4
11:13:14.666	5.9
11:13:14.678	3.2
11:13:14.686	3.2
11:13:14.699	2.5
11:13:14.711	2.8
11:13:14.719	3.1
11:13:14.731	3.4
11:13:14.744	5.0
11:13:14.752	5.5
11:13:14.764	7.6
11:13:14.776	7.7
11:13:14.785	7.9
11:13:14.797	8.8
11:13:14.809	9.4
11:13:14.817	8.1
11:13:14.830	9.2
11:13:14.842	9.0
11:13:14.854	7.2
11:13:14.862	7.5
11:13:14.875	7.5
11:13:14.887	8.6
11:13:14.895	9.9
11:13:14.907	9.0
11:13:14.920	10.6
11:13:14.928	10.6
11:13:14.940	8.8
11:13:14.952	10.0
11:13:14.965	9.0
11:13:14.973	7.8
11:13:14.985	8.7
11:13:14.997	10.6
11:13:15.006	11.2
11:13:15.018	12.6
11:13:15.030	12.2
11:13:15.038	13.3
11:13:15.051	14.2
11:13:15.063	13.2
11:13:15.071	13.8
11:13:15.083	13.8
11:13:15.096	12.7
11:13:15.108	11.0
11:13:15.116	9.0
11:13:15.129	7.7
11:13:15.141	8.6
11:13:15.149	8.3
11:13:15.161	8.7
11:13:15.174	10.3
11:13:15.182	9.2
11:13:15.194	10.0
11:13:15.206	11.3
11:13:15.215	10.8
11:13:15.227	11.1
11:13:15.239	11.6
11:13:15.247	10.3
11:13:15.260	9.7
11:13:15.272	8.5
11:13:15.284	7.2
11:13:15.292	6.7
11:13:15.305	5.7
11:13:15.317	4.5
11:13:15.325	4.8
11:13:15.337	4.5
11:13:15.350	3.5
11:13:15.362	4.5
11:13:15.370	3.8
11:13:15.382	4.8
11:13:15.395	3.0
11:13:15.403	2.3
11:13:15.415	1.3
11:13:15.427	0.2
11:13:15.436	-1.7
11:13:15.448	-2.4
11:13:15.460	-0.9
11:13:15.468	-2.3
11:13:15.481	-1.2
11:13:15.493	-2.4
11:13:15.501	-1.9
11:13:15.513	0.9
11:13:15.526	1.5
11:13:15.538	3.7
11:13:15.546	4.5
11:13:15.558	8.7
11:13:15.571	5.9
11:13:15.579	6.5
11:13:15.591	5.6
11:13:15.604	6.1
11:13:15.616	5.3
11:13:15.624	4.5
11:13:15.636	5.5
11:13:15.649	3.4
11:13:15.657	5.5
11:13:15.669	3.1
11:13:15.681	6.5
11:13:15.690	6.2
11:13:15.702	8.4
11:13:15.714	8.6
11:13:15.726	10.4
11:13:15.735	12.7
11:13:15.747	13.0
11:13:15.759	13.8
11:13:15.767	12.2
11:13:15.780	13.2
11:13:15.792	11.1
11:13:15.800	12.3
11:13:15.812	10.6
11:13:15.825	11.9
11:13:15.837	11.4
11:13:15.845	9.5
11:13:15.857	7.7
11:13:15.870	8.6
11:13:15.878	11.7
11:13:15.890	10.6
11:13:15.902	10.5
11:13:15.911	9.8
11:13:15.923	10.8
11:13:15.935	9.4
11:13:15.947	7.4
11:13:15.956	8.6
11:13:15.968	12.2
11:13:15.980	12.8
11:13:15.988	10.9
11:13:16.001	11.7
11:13:16.013	12.6
11:13:16.021	12.0
11:13:16.033	10.4
11:13:16.046	11.6
11:13:16.054	14.5
11:13:16.066	12.5
11:13:16.079	11.8
11:13:16.091	10.4
11:13:16.099	9.3
11:13:16.111	7.5
11:13:16.124	7.5
11:13:16.132	7.4
11:13:16.144	8.5
11:13:16.156	8.0
11:13:16.165	8.0
11:13:16.177	8.1
11:13:16.189	6.4
11:13:16.197	5.4
11:13:16.210	5.9
11:13:16.222	6.2
11:13:16.234	5.0
11:13:16.242	8.6
11:13:16.255	8.7
11:13:16.267	8.8
11:13:16.275	8.2
11:13:16.287	9.3
11:13:16.300	8.7
11:13:16.308	8.7
11:13:16.320	10.6
11:13:16.332	9.7
11:13:16.345	10.4
11:13:16.353	7.4
11:13:16.365	5.7
11:13:16.378	6.4
11:13:16.386	5.1
11:13:16.398	4.2
11:13:16.410	4.7
11:13:16.418	6.7
11:13:16.431	3.3
11:13:16.443	3.5
11:13:16.451	0.7
11:13:16.463	-0.7
11:13:16.476	-1.0
11:13:16.484	-1.1
11:13:16.496	-0.6
11:13:16.509	-1.0
11:13:16.521	-0.4
11:13:16.529	-2.5
11:13:16.541	-2.1
11:13:16.554	-2.3
11:13:16.562	0.3
11:13:16.574	0.1
11:13:16.586	2.4
11:13:16.599	1.2
11:13:16.607	0.5
11:13:16.619	0.2
11:13:16.631	-2.4
11:13:16.640	-2.6
11:13:16.652	-3.4
11:13:16.664	-4.2
11:13:16.672	-6.7
11:13:16.685	-6.4
11:13:16.697	-6.4
11:13:16.705	-6.2
11:13:16.717	-6.8
11:13:16.730	-7.2
11:13:16.738	-4.9
11:13:16.750	-5.4
11:13:16.762	-3.0
11:13:16.775	-4.3
11:13:16.783	-3.3
11:13:16.795	-5.4
11:13:16.807	-9.3
11:13:16.816	-10.5
11:13:16.828	-10.8
11:13:16.840	-10.5
11:13:16.848	-12.5
11:13:16.861	-10.4
11:13:16.873	-12.0
11:13:16.885	-11.3
11:13:16.893	-10.6
11:13:16.906	-10.9
11:13:16.918	-9.6
11:13:16.926	-10.4
11:13:16.939	-9.7
11:13:16.951	-10.8
11:13:16.959	-10.7
11:13:16.971	-12.9
11:13:16.985	-11.5
11:13:16.993	-10.5
11:13:17.005	-12.4
11:13:17.017	-10.8
11:13:17.030	-10.7
11:13:17.038	-9.7
11:13:17.050	-10.1
11:13:17.062	-10.9
11:13:17.070	-11.8
11:13:17.083	-10.0
11:13:17.095	-11.6
11:13:17.103	-12.2
11:13:17.116	-10.8
11:13:17.128	-12.4
11:13:17.136	-13.8
11:13:17.148	-14.2
11:13:17.161	-14.2
11:13:17.169	-13.4
11:13:17.181	-12.0
11:13:17.193	-14.7
11:13:17.206	-15.5
11:13:17.214	-16.5
11:13:17.226	-16.8
11:13:17.238	-14.7
11:13:17.247	-14.7
11:13:17.259	-15.2
11:13:17.271	-14.9
11:13:17.283	-16.5
11:13:17.292	-17.2
11:13:17.304	-15.8
11:13:17.316	-15.5
11:13:17.324	-15.3
11:13:17.337	-14.9
11:13:17.349	-15.4
11:13:17.357	-14.0
11:13:17.369	-14.6
11:13:17.382	-15.5
11:13:17.390	-13.5
11:13:17.402	-13.6
11:13:17.414	-13.0
11:13:17.423	-10.9
11:13:17.435	-8.9
11:13:17.447	-7.0
11:13:17.459	-7.3
11:13:17.468	-6.9
11:13:17.480	-6.4
11:13:17.492	-5.8
11:13:17.500	-5.7
11:13:17.513	-5.5
11:13:17.525	-5.9
11:13:17.537	-8.2
11:13:17.545	-7.5
11:13:17.558	-8.6
11:13:17.570	-9.2
11:13:17.578	-9.4
11:13:17.591	-9.1
11:13:17.603	-9.3
11:13:17.611	-8.8
11:13:17.623	-8.1
11:13:17.636	-7.3
11:13:17.644	-6.7
11:13:17.656	-7.6
11:13:17.668	-7.8
11:13:17.677	-5.2
11:13:17.689	-5.3
11:13:17.701	-5.4
11:13:17.713	-4.3
11:13:17.722	-6.1
11:13:17.734	-6.9
11:13:17.746	-8.3
11:13:17.758	-8.9
11:13:17.767	-9.2
11:13:17.779	-6.9
11:13:17.791	-8.0
11:13:17.799	-3.6
11:13:17.812	-1.8
11:13:17.824	-3.4
11:13:17.832	1.1
11:13:17.844	3.0
11:13:17.857	5.9
11:13:17.869	6.8
11:13:17.877	9.9
11:13:17.889	9.1
11:13:17.902	11.3
11:13:17.910	8.8
11:13:17.922	9.1
11:13:17.934	12.2
11:13:17.943	12.6
11:13:17.955	13.6
11:13:17.967	14.2
11:13:17.975	14.9
11:13:17.988	13.7
11:13:18.000	14.9
11:13:18.012	15.8
11:13:18.020	17.8
11:13:18.033	18.2
11:13:18.045	19.8
11:13:18.053	18.7
11:13:18.066	16.9
11:13:18.078	16.1
11:13:18.086	15.8
11:13:18.098	17.1
11:13:18.111	16.4
11:13:18.119	17.2
11:13:18.131	13.4
11:13:18.143	11.6
11:13:18.156	9.6
11:13:18.164	9.8
11:13:18.176	9.7
11:13:18.188	7.1
11:13:18.197	7.7
11:13:18.209	5.8
11:13:18.221	7.3
11:13:18.229	5.5
11:13:18.242	9.3
11:13:18.254	8.1
11:13:18.266	7.5
11:13:18.274	5.2
11:13:18.287	4.9
11:13:18.299	6.1
11:13:18.307	5.9
11:13:18.320	5.6
11:13:18.332	1.5
11:13:18.340	0.0
11:13:18.353	-3.1
11:13:18.364	-2.3
11:13:18.373	-1.9
11:13:18.385	-1.6
11:13:18.397	-1.1
11:13:18.405	-0.4
11:13:18.418	1.4
11:13:18.430	0.7
11:13:18.442	0.3
11:13:18.450	0.2
11:13:18.463	-0.8
11:13:18.475	-1.9
11:13:18.483	-4.1
11:13:18.495	-3.7
11:13:18.508	-3.5
11:13:18.520	-4.2
11:13:18.528	-4.6
11:13:18.541	-4.4
11:13:18.553	-3.9
11:13:18.561	-2.1
11:13:18.573	-1.2
11:13:18.586	2.9
11:13:18.594	4.3
11:13:18.606	5.7
11:13:18.618	5.4
11:13:18.627	6.0
11:13:18.639	3.5
11:13:18.651	3.5
11:13:18.659	2.7
11:13:18.672	2.4
11:13:18.684	1.2
11:13:18.696	0.0
11:13:18.704	-0.6
11:13:18.717	-1.3
11:13:18.729	-1.5
11:13:18.737	-3.7
11:13:18.749	-1.8
11:13:18.762	-2.3
11:13:18.770	2.0
11:13:18.782	0.7
11:13:18.794	1.7
11:13:18.807	2.8
11:13:18.815	5.4
11:13:18.827	3.0
11:13:18.839	4.2
11:13:18.848	6.9
11:13:18.860	5.8
11:13:18.872	6.9
11:13:18.880	4.8
11:13:18.893	5.6
11:13:18.905	6.5
11:13:18.913	4.4
11:13:18.925	3.1
11:13:18.938	6.8
11:13:18.950	6.1
11:13:18.958	5.4
11:13:18.970	8.1
11:13:18.983	9.1
11:13:18.991	9.0
11:13:19.003	9.0
11:13:19.016	12.7
11:13:19.024	12.5
11:13:19.036	13.5
11:13:19.048	12.2
11:13:19.057	13.8
11:13:19.069	14.0
11:13:19.081	11.2
11:13:19.089	11.7
11:13:19.102	14.3
11:13:19.114	14.3
11:13:19.126	12.7
11:13:19.134	15.3
11:13:19.147	15.6
11:13:19.159	15.6
11:13:19.167	15.9
11:13:19.179	16.5
11:13:19.192	18.4
11:13:19.204	18.1
11:13:19.212	16.7
11:13:19.224	17.8
11:13:19.236	19.5
11:13:19.244	18.6
11:13:19.258	17.8
11:13:19.269	18.9
11:13:19.277	17.0
11:13:19.290	15.8
11:13:19.302	15.5
11:13:19.310	14.6
11:13:19.322	13.2
11:13:19.335	13.0
11:13:19.343	9.9
11:13:19.355	10.7
11:13:19.367	9.5
11:13:19.380	8.5
11:13:19.388	8.5
11:13:19.400	8.2
11:13:19.412	6.9
11:13:19.421	9.6
11:13:19.433	8.5
11:13:19.445	7.4
11:13:19.457	6.3
11:13:19.466	3.5
11:13:19.478	4.4
11:13:19.490	6.2
11:13:19.498	5.9
11:13:19.511	5.9
11:13:19.523	8.2
11:13:19.531	4.3
11:13:19.543	5.7
11:13:19.556	5.8
11:13:19.564	5.8
11:13:19.576	5.8
11:13:19.589	4.2
11:13:19.597	1.1
11:13:19.610	0.8
11:13:19.621	1.9
11:13:19.635	-1.4
11:13:19.642	-0.5
11:13:19.655	-1.9
11:13:19.667	-3.6
11:13:19.675	-2.7
11:13:19.688	-2.8
11:13:19.700	-2.5
11:13:19.708	-2.2
11:13:19.720	-1.8
11:13:19.732	-3.5
11:13:19.741	-4.5
11:13:19.753	-5.8
11:13:19.765	-3.5
11:13:19.778	-2.1
11:13:19.790	-2.9
11:13:19.798	-3.9
11:13:19.810	-4.4
11:13:19.823	-5.7
11:13:19.831	-7.0
11:13:19.843	-7.3
11:13:19.855	-5.9
11:13:19.864	-6.2
11:13:19.876	-7.5
11:13:19.888	-9.2
11:13:19.896	-11.3
11:13:19.909	-11.4
11:13:19.921	-10.1
11:13:19.933	-9.0
11:13:19.941	-5.2
11:13:19.954	-5.9
11:13:19.966	-4.9
11:13:19.974	-2.3
11:13:19.986	-2.9
11:13:19.999	-2.9
11:13:20.007	-1.5
11:13:20.019	0.3
11:13:20.032	-1.0
11:13:20.040	-1.5
11:13:20.052	-3.8
11:13:20.064	-2.7
11:13:20.076	-4.6
11:13:20.085	-5.8
11:13:20.097	-5.5
11:13:20.109	-4.8
11:13:20.117	-4.4
11:13:20.130	-7.1
11:13:20.142	-6.8
11:13:20.150	-7.1
11:13:20.163	-6.8
11:13:20.175	-5.7
11:13:20.187	-4.1
11:13:20.195	-2.8
11:13:20.208	-4.6
11:13:20.220	-3.2
11:13:20.228	-2.4
11:13:20.240	0.5
11:13:20.253	1.0
11:13:20.261	3.5
11:13:20.273	5.7
11:13:20.286	5.6
11:13:20.294	6.4
11:13:20.306	4.6
11:13:20.318	7.5
11:13:20.326	7.1
11:13:20.339	10.2
11:13:20.351	11.6
11:13:20.363	13.9
11:13:20.371	14.3
11:13:20.384	12.0
11:13:20.396	13.4
11:13:20.404	14.1
11:13:20.416	15.3
11:13:20.429	16.2
11:13:20.441	18.8
11:13:20.449	16.2
11:13:20.461	17.4
11:13:20.474	17.2
11:13:20.482	17.0
11:13:20.494	16.3
11:13:20.506	16.2
11:13:20.515	14.5
11:13:20.527	16.1
11:13:20.539	17.4
11:13:20.547	16.7
11:13:20.560	17.9
11:13:20.572	17.1
11:13:20.580	18.8
11:13:20.592	18.6
11:13:20.605	21.0
11:13:20.617	21.9
11:13:20.625	22.7
11:13:20.638	22.3
11:13:20.650	20.0
11:13:20.658	18.1
11:13:20.670	17.7
11:13:20.683	16.4
11:13:20.691	14.5
11:13:20.703	16.9
11:13:20.715	17.5
11:13:20.728	17.3
11:13:20.736	16.6
11:13:20.748	16.6
11:13:20.760	17.4
11:13:20.769	19.7
11:13:20.781	18.8
11:13:20.793	18.8
11:13:20.801	17.7
11:13:20.814	16.9
11:13:20.826	16.0
11:13:20.834	14.4
11:13:20.846	14.4
11:13:20.859	13.8
11:13:20.871	13.1
11:13:20.879	12.3
11:13:20.891	13.6
11:13:20.904	13.7
11:13:20.912	13.4
11:13:20.924	11.3
11:13:20.936	13.8
11:13:20.945	13.7
11:13:20.957	15.6
11:13:20.969	15.0
11:13:20.977	16.7
11:13:20.990	15.9
11:13:21.002	15.4
11:13:21.010	14.8
11:13:21.022	15.6
11:13:21.035	17.2
11:13:21.047	13.1
11:13:21.055	12.5
11:13:21.068	9.3
11:13:21.080	9.8
11:13:21.088	8.0
11:13:21.100	6.9
11:13:21.112	4.1
11:13:21.125	4.2
11:13:21.133	5.2
11:13:21.145	4.0
11:13:21.158	6.5
11:13:21.166	7.5
11:13:21.178	8.3
11:13:21.190	10.1
11:13:21.199	9.7
11:13:21.211	9.3
11:13:21.223	12.1
11:13:21.231	13.6
11:13:21.244	13.6
11:13:21.256	12.0
11:13:21.264	11.9
11:13:21.276	13.4
11:13:21.289	14.3
11:13:21.301	11.9
11:13:21.309	11.9
11:13:21.321	11.6
11:13:21.334	12.5
11:13:21.342	11.2
11:13:21.354	11.2
11:13:21.366	12.6
11:13:21.379	11.7
11:13:21.387	9.0
11:13:21.399	9.6
11:13:21.412	9.4
11:13:21.420	8.4
11:13:21.432	10.4
11:13:21.444	9.7
11:13:21.452	10.0
11:13:21.465	8.7
11:13:21.477	8.3
11:13:21.485	6.6
11:13:21.497	8.5
11:13:21.510	8.2
11:13:21.518	8.3
11:13:21.530	10.4
11:13:21.543	8.9
11:13:21.555	9.2
11:13:21.563	9.4
11:13:21.575	8.4
11:13:21.588	8.6
11:13:21.600	12.0
11:13:21.608	11.6
11:13:21.620	11.4
11:13:21.633	12.7
11:13:21.641	12.0
11:13:21.653	13.2
11:13:21.665	10.9
11:13:21.674	13.8
11:13:21.686	15.1
11:13:21.698	14.8
11:13:21.710	12.0
11:13:21.719	12.7
11:13:21.731	13.0
11:13:21.743	12.0
11:13:21.751	10.7
11:13:21.764	9.1
11:13:21.776	9.9
11:13:21.784	6.4
11:13:21.796	5.3
11:13:21.809	4.4
11:13:21.817	4.6
11:13:21.829	1.8
11:13:21.841	0.0
11:13:21.854	0.3
11:13:21.862	1.1
11:13:21.874	1.1
11:13:21.886	0.5
11:13:21.895	-0.3
11:13:21.907	0.0
11:13:21.919	1.0
11:13:21.927	-0.5
11:13:21.940	-0.3
11:13:21.952	-1.2
11:13:21.960	-0.7
11:13:21.972	-2.7
11:13:21.985	-2.9
11:13:21.997	-3.8
11:13:22.005	-3.5
11:13:22.018	-2.1
11:13:22.030	-3.9
11:13:22.038	-3.6
11:13:22.050	-3.6
11:13:22.063	-4.0
11:13:22.071	-7.6
11:13:22.083	-6.9
11:13:22.095	-5.6
11:13:22.108	-7.7
11:13:22.116	-9.9
11:13:22.128	-11.6
11:13:22.140	-12.0
11:13:22.149	-13.5
11:13:22.161	-14.5
11:13:22.173	-15.2
11:13:22.181	-15.1
11:13:22.194	-13.8
11:13:22.206	-15.4
11:13:22.214	-13.7
11:13:22.226	-14.5
11:13:22.239	-17.3
11:13:22.247	-17.7
11:13:22.259	-15.1
11:13:22.271	-16.5
11:13:22.284	-16.5
11:13:22.292	-16.6
11:13:22.304	-17.0
11:13:22.316	-18.1
11:13:22.325	-18.3
11:13:22.337	-17.5
11:13:22.349	-17.1
11:13:22.362	-17.5
11:13:22.370	-19.2
11:13:22.382	-17.3
11:13:22.394	-15.6
11:13:22.402	-14.3
11:13:22.415	-15.8
11:13:22.427	-15.1
11:13:22.435	-16.1
11:13:22.447	-15.6
11:13:22.460	-15.5
11:13:22.468	-15.8
11:13:22.480	-16.5
11:13:22.493	-16.7
11:13:22.501	-18.8
11:13:22.513	-19.8
11:13:22.526	-19.4
11:13:22.539	-19.5
11:13:22.547	-17.0
11:13:22.559	-14.9
11:13:22.571	-13.5
11:13:22.580	-8.5
11:13:22.592	-6.4
11:13:22.604	-6.7
11:13:22.612	-5.9
11:13:22.625	-5.4
11:13:22.637	-3.8
11:13:22.649	-3.1
11:13:22.657	-4.5
11:13:22.670	-6.5
11:13:22.682	-4.9
11:13:22.690	-7.1
11:13:22.702	-9.8
11:13:22.715	-6.7
11:13:22.723	-4.0
11:13:22.735	-2.0
11:13:22.747	0.0
11:13:22.756	1.4
11:13:22.768	2.4
11:13:22.780	3.1
11:13:22.792	2.7
11:13:22.801	2.1
11:13:22.813	3.7
11:13:22.825	3.2
11:13:22.833	4.4
11:13:22.846	3.6
11:13:22.858	2.2
11:13:22.866	-0.1
11:13:22.878	1.2
11:13:22.891	2.2
11:13:22.899	2.4
11:13:22.911	3.5
11:13:22.923	5.3
11:13:22.932	4.2
11:13:22.944	1.9
11:13:22.956	2.7
11:13:22.969	3.4
11:13:22.977	7.3
11:13:22.989	7.1
11:13:23.001	8.2
11:13:23.010	8.8
11:13:23.022	9.3
11:13:23.034	10.1
11:13:23.046	12.3
11:13:23.055	15.3
11:13:23.067	17.5
11:13:23.079	18.3
11:13:23.087	17.3
11:13:23.100	16.9
11:13:23.112	18.0
11:13:23.120	18.0
11:13:23.132	18.7
11:13:23.145	17.5
11:13:23.153	18.8
11:13:23.165	17.6
11:13:23.177	18.6
11:13:23.186	18.0
11:13:23.198	18.5
11:13:23.210	19.0
11:13:23.222	18.4
11:13:23.231	18.2
11:13:23.243	19.4
11:13:23.255	19.3
11:13:23.263	17.1
11:13:23.276	18.8
11:13:23.288	15.2
11:13:23.300	13.7
11:13:23.308	12.7
11:13:23.321	12.5
11:13:23.333	12.7
11:13:23.341	12.2
11:13:23.354	10.8
11:13:23.366	12.1
11:13:23.374	12.8
11:13:23.386	11.2
11:13:23.398	13.2
11:13:23.407	14.2
11:13:23.419	15.4
11:13:23.431	15.8
11:13:23.440	15.3
11:13:23.452	17.4
11:13:23.464	17.4
11:13:23.476	16.3
11:13:23.485	16.2
11:13:23.497	15.0
11:13:23.509	12.5
11:13:23.521	13.8
11:13:23.530	12.7
11:13:23.542	12.6
11:13:23.554	12.2
11:13:23.562	11.9
11:13:23.575	12.1
11:13:23.587	13.4
11:13:23.595	12.2
11:13:23.607	12.2
11:13:23.620	14.2
11:13:23.632	13.2
11:13:23.640	14.3
11:13:23.652	15.7
11:13:23.665	17.0
11:13:23.673	17.5
11:13:23.685	15.8
11:13:23.697	16.4
11:13:23.706	17.6
11:13:23.718	19.8
11:13:23.730	19.7
11:13:23.738	19.6
11:13:23.751	18.7
11:13:23.763	17.1
11:13:23.775	18.3
11:13:23.783	17.7
11:13:23.796	19.9
11:13:23.808	19.5
11:13:23.816	18.6
11:13:23.828	17.0
11:13:23.841	20.2
11:13:23.849	20.6
11:13:23.861	19.5
11:13:23.873	20.9
11:13:23.882	19.7
11:13:23.894	20.2
11:13:23.906	18.2
11:13:23.918	16.3
11:13:23.927	16.8
11:13:23.939	17.6
11:13:23.951	13.5
11:13:23.959	12.5
11:13:23.972	13.1
11:13:23.984	12.9
11:13:23.992	10.0
11:13:24.005	8.7
11:13:24.017	8.5
11:13:24.029	8.9
11:13:24.037	8.3
11:13:24.050	8.4
11:13:24.062	8.6
11:13:24.070	9.2
11:13:24.082	9.7
11:13:24.095	8.7
11:13:24.103	10.5
11:13:24.115	9.8
11:13:24.127	10.2
11:13:24.136	10.1
11:13:24.148	9.1
11:13:24.160	8.4
11:13:24.168	9.5
11:13:24.181	10.5
11:13:24.193	12.4
11:13:24.205	12.2
11:13:24.213	13.1
11:13:24.226	13.1
11:13:24.238	13.1
11:13:24.246	13.3
11:13:24.258	15.5
11:13:24.271	13.6
11:13:24.283	13.6
11:13:24.291	13.0
11:13:24.304	11.8
11:13:24.316	12.9
11:13:24.324	13.1
11:13:24.336	13.5
11:13:24.349	13.7
11:13:24.357	14.7
11:13:24.369	13.0
11:13:24.382	14.2
11:13:24.390	15.4
11:13:24.402	15.7
11:13:24.414	16.3
11:13:24.423	15.5
11:13:24.435	14.7
11:13:24.447	14.7
11:13:24.459	15.1
11:13:24.467	14.8
11:13:24.480	18.1
11:13:24.492	17.5
11:13:24.500	16.3
11:13:24.513	15.3
11:13:24.525	13.8
11:13:24.533	14.6
11:13:24.545	13.6
11:13:24.558	14.5
11:13:24.570	13.7
11:13:24.578	13.0
11:13:24.590	10.0
11:13:24.603	11.5
11:13:24.611	11.8
11:13:24.623	11.3
11:13:24.635	11.8
11:13:24.644	11.4
11:13:24.656	11.5
11:13:24.668	10.5
11:13:24.676	11.5
11:13:24.689	12.2
11:13:24.701	13.5
11:13:24.713	12.6
11:13:24.721	10.8
11:13:24.734	12.0
11:13:24.746	12.3
11:13:24.754	12.7
11:13:24.766	12.2
11:13:24.779	11.0
11:13:24.787	9.4
11:13:24.799	8.8
11:13:24.811	7.7
11:13:24.820	8.5
11:13:24.832	9.2
11:13:24.845	8.2
11:13:24.852	8.8
11:13:24.865	8.6
11:13:24.877	9.2
11:13:24.889	11.1
11:13:24.897	12.4
11:13:24.910	11.9
11:13:24.922	11.0
11:13:24.930	12.3
11:13:24.942	12.1
11:13:24.955	13.7
11:13:24.967	14.3
11:13:24.975	13.6
11:13:24.988	12.8
11:13:25.000	13.8
11:13:25.008	12.0
11:13:25.020	11.8
11:13:25.033	13.5
11:13:25.041	10.8
11:13:25.053	12.4
11:13:25.065	9.7
11:13:25.074	8.6
11:13:25.086	8.7
11:13:25.098	10.3
11:13:25.107	8.2
11:13:25.119	9.2
11:13:25.131	9.6
11:13:25.144	8.3
11:13:25.152	10.1
11:13:25.164	8.1
11:13:25.176	8.7
11:13:25.184	9.3
11:13:25.197	9.0
11:13:25.209	8.0
11:13:25.221	9.5
11:13:25.230	10.2
11:13:25.242	10.4
11:13:25.254	10.7
11:13:25.262	10.0
11:13:25.275	8.0
11:13:25.287	8.2
11:13:25.295	7.9
11:13:25.307	8.6
11:13:25.320	8.1
11:13:25.328	7.4
11:13:25.340	7.5
11:13:25.352	9.8
11:13:25.361	9.5
11:13:25.373	6.7
11:13:25.385	9.9
11:13:25.397	11.7
11:13:25.406	11.3
11:13:25.418	10.0
11:13:25.430	11.2
11:13:25.438	9.7
11:13:25.451	8.1
11:13:25.463	4.4
11:13:25.471	4.9
11:13:25.483	7.8
11:13:25.496	7.0
11:13:25.504	5.5
11:13:25.516	3.9
11:13:25.528	3.6
11:13:25.541	3.2
11:13:25.549	5.3
11:13:25.561	6.7
11:13:25.574	9.7
11:13:25.582	8.2
11:13:25.594	6.9
11:13:25.606	4.8
11:13:25.614	3.7
11:13:25.627	4.3
11:13:25.639	5.3
11:13:25.652	4.4
11:13:25.659	2.6
11:13:25.672	1.2
11:13:25.684	-0.6
11:13:25.692	-1.2
11:13:25.705	-0.7
11:13:25.717	0.7
11:13:25.725	1.6
11:13:25.737	1.0
11:13:25.750	0.4
11:13:25.762	1.6
11:13:25.770	3.5
11:13:25.782	4.3
11:13:25.795	3.2
11:13:25.803	3.3
11:13:25.815	3.8
11:13:25.827	3.9
11:13:25.840	4.0
11:13:25.848	3.8
11:13:25.860	2.7
11:13:25.872	1.8
11:13:25.881	0.1
11:13:25.893	0.3
11:13:25.905	-0.6
11:13:25.913	0.1
11:13:25.926	-0.9
11:13:25.938	0.0
11:13:25.950	-0.9
11:13:25.958	-1.2
11:13:25.971	-0.7
11:13:25.983	-1.8
11:13:25.991	-1.0
11:13:26.003	-1.7
11:13:26.016	0.0
11:13:26.024	0.9
11:13:26.036	1.9
11:13:26.048	-0.2
11:13:26.057	0.1
11:13:26.069	0.7
11:13:26.081	1.1
11:13:26.089	1.0
11:13:26.102	-0.2
11:13:26.114	-1.0
11:13:26.126	-2.8
11:13:26.135	-3.1
11:13:26.147	-5.2
11:13:26.159	-5.5
11:13:26.167	-7.5
11:13:26.180	-4.5
11:13:26.192	-3.2
11:13:26.204	-3.1
11:13:26.212	-1.9
11:13:26.225	-1.2
11:13:26.237	-0.4
11:13:26.245	-1.9
11:13:26.257	-1.0
11:13:26.270	-1.9
11:13:26.278	-0.4
11:13:26.290	-4.9
11:13:26.302	-7.9
11:13:26.311	-9.6
11:13:26.323	-12.2
11:13:26.335	-9.4
11:13:26.343	-10.6
11:13:26.356	-11.3
11:13:26.368	-11.9
11:13:26.380	-10.8
11:13:26.388	-12.6
11:13:26.401	-12.5
11:13:26.413	-13.1
11:13:26.421	-12.4
11:13:26.433	-12.8
11:13:26.446	-18.0
11:13:26.454	-16.8
11:13:26.466	-14.8
11:13:26.479	-14.7
11:13:26.491	-15.6
11:13:26.499	-15.7
11:13:26.511	-15.3
11:13:26.524	-15.3
11:13:26.532	-15.9
11:13:26.544	-16.0
11:13:26.556	-14.5
11:13:26.564	-15.5
11:13:26.577	-17.5
11:13:26.589	-17.7
11:13:26.597	-20.6
11:13:26.610	-20.7
11:13:26.622	-20.2
11:13:26.634	-17.7
11:13:26.643	-17.6
11:13:26.655	-16.1
11:13:26.667	-16.2
11:13:26.675	-16.0
11:13:26.687	-14.8
11:13:26.700	-13.4
11:13:26.708	-10.1
11:13:26.720	-9.7
11:13:26.732	-9.7
11:13:26.741	-10.9
11:13:26.753	-10.6
11:13:26.765	-8.9
11:13:26.774	-8.4
11:13:26.786	-6.9
11:13:26.798	-6.5
11:13:26.810	-5.6
11:13:26.818	-4.0
11:13:26.831	0.1
11:13:26.843	0.1
11:13:26.851	2.7
11:13:26.863	3.5
11:13:26.876	2.0
11:13:26.888	2.1
11:13:26.896	4.8
11:13:26.908	5.5
11:13:26.921	5.3
11:13:26.929	5.4
11:13:26.941	4.9
11:13:26.953	5.2
11:13:26.962	4.7
11:13:26.974	6.3
11:13:26.986	7.0
11:13:26.994	7.3
11:13:27.007	3.5
11:13:27.019	3.1
11:13:27.027	2.6
11:13:27.039	1.8
11:13:27.052	0.8
11:13:27.064	1.1
11:13:27.072	2.1
11:13:27.084	2.5
11:13:27.097	1.7
11:13:27.105	1.3
11:13:27.117	4.3
11:13:27.130	5.4
11:13:27.142	5.1
11:13:27.150	6.2
11:13:27.162	6.5
11:13:27.175	7.7
11:13:27.183	6.8
11:13:27.195	6.7
11:13:27.207	7.8
11:13:27.216	6.7
11:13:27.228	6.9
11:13:27.240	6.4
11:13:27.248	7.2
11:13:27.261	5.9
11:13:27.273	4.4
11:13:27.281	4.9
11:13:27.293	3.6
11:13:27.306	4.4
11:13:27.318	6.2
11:13:27.326	9.7
11:13:27.338	9.1
11:13:27.351	10.4
11:13:27.359	10.6
11:13:27.371	12.0
11:13:27.383	13.5
11:13:27.392	11.5
11:13:27.404	13.0
11:13:27.416	11.7
11:13:27.424	9.4
11:13:27.437	9.3
11:13:27.449	7.9
11:13:27.461	6.8
11:13:27.469	6.0
11:13:27.482	5.9
11:13:27.494	5.3
11:13:27.502	6.6
11:13:27.514	5.9
11:13:27.527	7.5
11:13:27.535	7.7
11:13:27.547	5.6
11:13:27.560	5.7
11:13:27.572	7.8
11:13:27.580	8.7
11:13:27.592	9.2
11:13:27.605	10.0
11:13:27.617	11.4
11:13:27.625	12.6
11:13:27.637	13.4
11:13:27.650	14.7
11:13:27.658	16.2
11:13:27.670	16.6
11:13:27.682	14.5
11:13:27.691	14.8
11:13:27.703	14.7
11:13:27.715	16.0
11:13:27.723	14.8
11:13:27.736	13.6
11:13:27.748	11.0
11:13:27.760	10.8
11:13:27.768	10.9
11:13:27.781	10.3
11:13:27.793	11.1
11:13:27.801	10.6
11:13:27.814	13.1
11:13:27.826	11.8
11:13:27.834	12.6
11:13:27.846	14.6
11:13:27.859	16.8
11:13:27.871	15.9
11:13:27.879	15.3
11:13:27.891	14.5
11:13:27.904	13.0
11:13:27.912	13.0
11:13:27.924	9.7
11:13:27.936	9.1
11:13:27.945	8.6
11:13:27.957	6.3
11:13:27.969	4.0
11:13:27.978	4.1
11:13:27.990	6.9
11:13:28.002	7.6
11:13:28.010	7.8
11:13:28.023	6.6
11:13:28.035	5.7
11:13:28.047	6.4
11:13:28.055	5.7
11:13:28.068	5.2
11:13:28.080	6.1
11:13:28.088	6.2
11:13:28.100	3.2
11:13:28.113	2.3
11:13:28.125	2.8
11:13:28.133	2.9
11:13:28.146	2.4
11:13:28.158	1.1
11:13:28.166	-1.2
11:13:28.178	-1.0
11:13:28.190	-1.4
11:13:28.199	-2.7
11:13:28.211	-2.1
11:13:28.223	-1.6
11:13:28.231	-5.0
11:13:28.244	-6.3
11:13:28.256	-6.8
11:13:28.264	-8.3
11:13:28.277	-7.7
11:13:28.289	-9.6
11:13:28.301	-11.7
11:13:28.309	-12.7
11:13:28.322	-14.3
11:13:28.334	-16.8
11:13:28.342	-16.1
11:13:28.354	-15.6
11:13:28.367	-16.0
11:13:28.375	-16.8
11:13:28.387	-17.6
11:13:28.399	-17.8
11:13:28.412	-19.1
11:13:28.420	-19.6
11:13:28.432	-19.2
11:13:28.444	-15.0
11:13:28.453	-14.7
11:13:28.465	-15.8
11:13:28.477	-14.9
11:13:28.485	-16.3
11:13:28.498	-16.5
11:13:28.510	-16.2
11:13:28.518	-15.8
11:13:28.530	-15.0
11:13:28.543	-18.8
11:13:28.555	-21.8
11:13:28.563	-21.0
11:13:28.575	-19.2
11:13:28.588	-19.9
11:13:28.596	-18.7
11:13:28.608	-18.8
11:13:28.620	-20.0
11:13:28.629	-17.6
11:13:28.641	-18.3
11:13:28.653	-16.6
11:13:28.661	-15.5
11:13:28.674	-16.5
11:13:28.686	-17.1
11:13:28.694	-16.6
11:13:28.706	-15.4
11:13:28.719	-14.9
11:13:28.731	-11.8
11:13:28.739	-12.6
11:13:28.752	-11.2
11:13:28.764	-9.5
11:13:28.772	-9.1
11:13:28.784	-8.1
11:13:28.797	-7.6
11:13:28.809	-7.0
11:13:28.817	-7.6
11:13:28.829	-6.4
11:13:28.842	-7.3
11:13:28.850	-7.6
11:13:28.862	-7.3
11:13:28.874	-7.3
11:13:28.883	-7.2
11:13:28.895	-6.4
11:13:28.907	-7.0
11:13:28.915	-7.2
11:13:28.928	-8.0
11:13:28.940	-8.1
11:13:28.948	-9.6
11:13:28.960	-10.1
11:13:28.973	-10.6
11:13:28.985	-12.0
11:13:28.993	-10.5
11:13:29.005	-11.7
11:13:29.018	-10.7
11:13:29.026	-9.7
11:13:29.038	-7.4
11:13:29.050	-7.5
11:13:29.063	-5.1
11:13:29.071	-4.5
11:13:29.083	-4.6
11:13:29.095	-2.4
11:13:29.104	-3.0
11:13:29.116	-1.3
11:13:29.128	-0.7
11:13:29.136	-1.0
11:13:29.149	-0.4
11:13:29.161	0.4
11:13:29.169	0.8
11:13:29.181	3.3
11:13:29.194	2.8
11:13:29.202	4.0
11:13:29.215	4.6
11:13:29.227	6.7
11:13:29.239	7.3
11:13:29.247	8.4
11:13:29.260	8.3
11:13:29.272	9.7
11:13:29.280	10.4
11:13:29.292	10.1
11:13:29.305	12.5
11:13:29.313	15.1
11:13:29.325	13.2
11:13:29.338	11.0
11:13:29.346	11.4
11:13:29.358	13.5
11:13:29.370	12.6
11:13:29.383	10.7
11:13:29.391	10.7
11:13:29.403	11.0
11:13:29.415	10.1
11:13:29.424	5.7
11:13:29.436	7.0
11:13:29.448	6.5
11:13:29.456	5.3
11:13:29.469	3.1
11:13:29.481	3.1
11:13:29.493	3.0
11:13:29.501	2.2
11:13:29.514	1.1
11:13:29.526	1.5
11:13:29.534	3.2
11:13:29.547	4.5
11:13:29.559	6.5
11:13:29.567	6.3
11:13:29.579	6.4
11:13:29.592	10.2
11:13:29.604	10.9
11:13:29.612	12.2
11:13:29.624	12.4
11:13:29.637	13.1
11:13:29.645	13.0
11:13:29.657	11.9
11:13:29.669	13.4
11:13:29.682	14.0
11:13:29.690	16.1
11:13:29.702	14.2
11:13:29.714	13.7
11:13:29.723	13.3
11:13:29.735	13.2
11:13:29.747	13.0
11:13:29.755	14.1
11:13:29.768	14.2
11:13:29.780	12.2
11:13:29.792	11.6
11:13:29.800	9.4
11:13:29.813	10.5
11:13:29.825	10.8
11:13:29.833	10.0
11:13:29.845	10.5
11:13:29.858	9.4
11:13:29.866	7.9
11:13:29.878	7.3
11:13:29.890	7.0
11:13:29.899	7.0
11:13:29.911	8.3
11:13:29.923	6.9
11:13:29.931	6.6
11:13:29.944	7.1
11:13:29.956	8.8
11:13:29.968	8.8
11:13:29.977	8.3
11:13:29.989	9.1
11:13:30.001	8.1
11:13:30.009	8.8
11:13:30.021	7.5
11:13:30.034	7.6
11:13:30.046	8.9
11:13:30.054	10.4
11:13:30.066	7.6
11:13:30.079	8.4
11:13:30.087	9.5
11:13:30.099	9.1
11:13:30.112	10.2
11:13:30.120	10.9
11:13:30.132	10.9
11:13:30.144	10.6
11:13:30.153	10.6
11:13:30.165	8.9
11:13:30.177	9.5
11:13:30.185	9.4
11:13:30.198	9.0
11:13:30.210	8.2
11:13:30.222	8.6
11:13:30.230	8.4
11:13:30.243	6.9
11:13:30.255	7.6
11:13:30.263	6.3
11:13:30.276	6.6
11:13:30.288	9.6
11:13:30.296	9.5
11:13:30.308	10.7
11:13:30.321	11.5
11:13:30.333	14.0
11:13:30.341	13.8
11:13:30.353	18.1
11:13:30.365	18.7
11:13:30.373	19.6
11:13:30.386	19.8
11:13:30.398	16.0
11:13:30.406	16.2
11:13:30.418	15.8
11:13:30.431	16.7
11:13:30.439	13.4
11:13:30.451	11.2
11:13:30.464	8.2
11:13:30.476	8.2
11:13:30.484	7.3
11:13:30.496	6.1
11:13:30.508	8.3
11:13:30.517	7.9
11:13:30.529	7.4
11:13:30.541	6.8
11:13:30.549	6.6
11:13:30.562	7.7
11:13:30.574	9.5
11:13:30.582	8.0
11:13:30.594	9.5
11:13:30.607	10.6
11:13:30.615	7.8
11:13:30.627	8.3
11:13:30.639	6.3
11:13:30.652	6.6
11:13:30.660	6.5
11:13:30.672	6.9
11:13:30.684	3.0
11:13:30.693	2.9
11:13:30.705	1.5
11:13:30.717	-0.6
11:13:30.729	1.1
11:13:30.738	-0.4
11:13:30.750	1.1
11:13:30.762	1.0
11:13:30.770	3.5
11:13:30.783	3.1
11:13:30.795	3.2
11:13:30.803	3.2
11:13:30.815	4.4
11:13:30.828	6.0
11:13:30.836	6.4
11:13:30.848	8.1
11:13:30.861	7.3
11:13:30.869	6.4
11:13:30.881	2.8
11:13:30.894	1.7
11:13:30.907	2.8
11:13:30.915	1.7
11:13:30.927	0.2
11:13:30.939	-0.6
11:13:30.948	-2.1
11:13:30.960	-3.8
11:13:30.972	-1.6
11:13:30.984	-3.4
11:13:30.993	-3.4
11:13:31.005	-4.3
11:13:31.017	-5.6
11:13:31.025	-5.7
11:13:31.037	-6.5
11:13:31.049	-6.6
11:13:31.057	-6.1
11:13:31.070	-5.5
11:13:31.082	-7.4
11:13:31.090	-7.1
11:13:31.102	-6.3
11:13:31.115	-4.4
11:13:31.123	-2.9
11:13:31.135	-3.0
11:13:31.148	-3.2
11:13:31.160	-5.5
11:13:31.168	-7.6
11:13:31.180	-8.3
11:13:31.193	-9.0
11:13:31.201	-9.5
11:13:31.213	-10.3
11:13:31.225	-10.6
11:13:31.234	-11.8
11:13:31.246	-10.3
11:13:31.258	-9.8
11:13:31.266	-9.0
11:13:31.279	-7.9
11:13:31.291	-8.8
11:13:31.303	-9.1
11:13:31.311	-8.6
11:13:31.324	-8.2
11:13:31.336	-8.6
11:13:31.344	-10.2
11:13:31.356	-11.4
11:13:31.369	-12.3
11:13:31.377	-12.9
11:13:31.389	-11.6
11:13:31.401	-11.1
11:13:31.414	-10.2
11:13:31.422	-12.8
11:13:31.434	-14.6
11:13:31.446	-12.8
11:13:31.455	-10.8
11:13:31.467	-10.4
11:13:31.479	-11.2
11:13:31.487	-9.2
11:13:31.500	-9.4
11:13:31.512	-8.5
11:13:31.524	-10.3
11:13:31.532	-7.8
11:13:31.545	-7.3
11:13:31.553	-9.8
11:13:31.565	-8.9
11:13:31.578	-7.6
11:13:31.590	-6.3
11:13:31.598	-5.8
11:13:31.610	-6.0
11:13:31.623	-7.0
11:13:31.631	-7.9
11:13:31.643	-8.9
11:13:31.655	-8.6
11:13:31.668	-4.0
11:13:31.676	-4.2
11:13:31.688	-6.3
11:13:31.700	-4.4
11:13:31.713	-6.2
11:13:31.721	-6.2
11:13:31.733	-5.3
11:13:31.745	-3.0
11:13:31.754	-0.8
11:13:31.766	0.2
11:13:31.779	-2.9
11:13:31.787	-2.6
11:13:31.799	-1.8
11:13:31.811	-1.9
11:13:31.820	-0.4
11:13:31.832	-1.0
11:13:31.844	-0.7
11:13:31.852	0.7
11:13:31.865	3.3
11:13:31.877	2.3
11:13:31.889	2.5
11:13:31.897	2.8
11:13:31.910	2.3
11:13:31.922	2.9
11:13:31.930	5.7
11:13:31.942	7.0
11:13:31.955	4.7
11:13:31.967	4.2
11:13:31.975	1.4
11:13:31.987	1.8
11:13:32.000	2.1
11:13:32.008	3.8
11:13:32.020	5.6
11:13:32.032	4.2
11:13:32.041	3.2
11:13:32.053	3.8
11:13:32.065	7.5
11:13:32.073	6.2
11:13:32.086	7.6
11:13:32.098	8.6
11:13:32.106	9.8
11:13:32.119	9.8
11:13:32.131	8.3
11:13:32.143	8.5
11:13:32.151	7.6
11:13:32.164	6.7
11:13:32.176	6.2
11:13:32.184	8.7
11:13:32.196	9.1
11:13:32.209	11.0
11:13:32.217	10.0
11:13:32.229	9.3
11:13:32.241	11.1
11:13:32.254	12.6
11:13:32.262	12.2
11:13:32.274	11.6
11:13:32.286	12.1
11:13:32.295	11.7
11:13:32.307	11.3
11:13:32.319	10.9
11:13:32.327	11.1
11:13:32.340	10.7
11:13:32.352	8.2
11:13:32.360	6.6
11:13:32.372	7.8
11:13:32.385	10.5
11:13:32.397	11.9
11:13:32.405	12.3
11:13:32.418	12.7
11:13:32.430	12.1
11:13:32.438	14.2
11:13:32.450	18.3
11:13:32.463	21.5
11:13:32.471	22.6
11:13:32.483	23.1
11:13:32.495	22.3
11:13:32.503	19.9
11:13:32.516	21.4
11:13:32.528	22.2
11:13:32.536	22.1
11:13:32.548	21.6
11:13:32.561	19.2
11:13:32.573	19.7
11:13:32.581	20.5
11:13:32.594	19.3
11:13:32.606	19.5
11:13:32.614	19.9
11:13:32.626	18.8
11:13:32.639	18.1
11:13:32.651	17.4
11:13:32.659	16.6
11:13:32.671	14.9
11:13:32.684	12.5
11:13:32.692	12.5
11:13:32.704	13.4
11:13:32.716	12.7
11:13:32.725	13.7
11:13:32.737	13.2
11:13:32.749	11.8
11:13:32.757	14.3
11:13:32.770	13.3
11:13:32.782	14.7
11:13:32.790	15.1
11:13:32.802	17.0
11:13:32.815	16.1
11:13:32.827	16.4
11:13:32.835	17.8
11:13:32.847	19.0
11:13:32.860	20.2
11:13:32.868	19.5
11:13:32.880	20.1
11:13:32.892	21.3
11:13:32.905	22.4
11:13:32.913	19.9
11:13:32.925	20.6
11:13:32.937	20.3
11:13:32.946	18.2
11:13:32.958	14.5
11:13:32.970	11.3
11:13:32.979	14.0
11:13:32.991	13.0
11:13:33.003	10.4
11:13:33.011	9.4
11:13:33.023	10.6
11:13:33.036	10.6
11:13:33.044	11.1
11:13:33.056	11.5
11:13:33.069	17.9
11:13:33.081	20.3
11:13:33.089	16.9
11:13:33.101	17.6
11:13:33.114	16.4
11:13:33.122	18.1
11:13:33.134	15.6
11:13:33.146	15.0
11:13:33.154	14.5
11:13:33.167	15.7
11:13:33.179	12.5
11:13:33.187	13.8
11:13:33.200	13.8
11:13:33.212	15.0
11:13:33.224	16.0
11:13:33.232	14.3
11:13:33.245	16.4
11:13:33.257	16.7
11:13:33.265	18.2
11:13:33.277	16.7
11:13:33.290	15.3
11:13:33.298	14.9
11:13:33.310	15.9
11:13:33.322	15.3
11:13:33.335	15.2
11:13:33.343	16.8
11:13:33.355	17.9
11:13:33.367	18.3
11:13:33.376	14.1
11:13:33.388	16.6
11:13:33.400	15.8
11:13:33.409	14.6
11:13:33.421	13.7
11:13:33.433	13.4
11:13:33.442	13.1
11:13:33.454	11.3
11:13:33.466	10.8
11:13:33.478	11.4
11:13:33.487	13.7
11:13:33.499	10.5
11:13:33.511	11.2
11:13:33.523	11.1
11:13:33.532	11.7
11:13:33.544	10.9
11:13:33.556	10.6
11:13:33.564	11.7
11:13:33.577	8.9
11:13:33.589	9.7
11:13:33.597	10.8
11:13:33.609	11.7
11:13:33.622	11.4
11:13:33.634	12.2
11:13:33.642	10.6
11:13:33.654	10.9
11:13:33.667	11.3
11:13:33.675	11.1
11:13:33.687	12.6
11:13:33.700	10.3
11:13:33.708	7.4
11:13:33.720	5.1
11:13:33.732	4.9
11:13:33.740	4.7
11:13:33.753	5.5
11:13:33.765	5.9
11:13:33.773	6.1
11:13:33.785	5.4
11:13:33.798	5.1
11:13:33.810	5.1
11:13:33.818	7.0
11:13:33.831	7.0
11:13:33.843	6.5
11:13:33.851	6.4
11:13:33.863	6.0
11:13:33.876	5.3
11:13:33.888	5.5
11:13:33.896	6.0
11:13:33.908	4.7
11:13:33.921	5.0
11:13:33.929	4.9
11:13:33.941	7.3
11:13:33.953	8.7
11:13:33.962	7.6
11:13:33.974	8.0
11:13:33.986	8.4
11:13:33.994	7.7
11:13:34.007	7.8
11:13:34.019	10.4
11:13:34.027	9.4
11:13:34.039	8.5
11:13:34.052	6.8
11:13:34.064	5.5
11:13:34.072	7.0
11:13:34.084	7.6
11:13:34.097	6.9
11:13:34.105	6.3
11:13:34.117	4.5
11:13:34.129	3.1
11:13:34.138	2.9
11:13:34.150	4.1
11:13:34.162	4.5
11:13:34.174	4.9
11:13:34.183	5.6
11:13:34.195	4.3
11:13:34.207	3.6
11:13:34.215	3.8
11:13:34.228	4.9
11:13:34.240	3.1
11:13:34.248	2.2
11:13:34.260	1.1
11:13:34.273	1.4
11:13:34.281	0.8
11:13:34.293	-1.2
11:13:34.306	-2.0
11:13:34.318	-1.0
11:13:34.326	-1.5
11:13:34.338	-3.3
11:13:34.351	-3.4
11:13:34.359	-3.3
11:13:34.371	-5.3
11:13:34.383	-7.2
11:13:34.392	-6.8
11:13:34.404	-7.5
11:13:34.416	-7.6
11:13:34.424	-7.9
11:13:34.437	-8.3
11:13:34.449	-8.3
11:13:34.457	-10.1
11:13:34.469	-9.2
11:13:34.482	-8.8
11:13:34.494	-8.8
11:13:34.502	-9.4
11:13:34.514	-10.0
11:13:34.527	-9.0
11:13:34.535	-10.8
11:13:34.547	-10.4
11:13:34.559	-9.9
11:13:34.572	-7.8
11:13:34.580	-8.9
11:13:34.592	-7.0
11:13:34.604	-5.3
11:13:34.613	-6.1
11:13:34.625	-5.2
11:13:34.637	-7.7
11:13:34.646	-8.7
11:13:34.658	-9.5
11:13:34.670	-11.0
11:13:34.678	-11.4
11:13:34.691	-10.0
11:13:34.703	-11.1
11:13:34.711	-13.5
11:13:34.723	-14.5
11:13:34.735	-14.1
11:13:34.748	-13.6
11:13:34.756	-10.8
11:13:34.768	-12.1
11:13:34.781	-11.7
11:13:34.789	-10.8
11:13:34.801	-12.9
11:13:34.813	-14.6
11:13:34.826	-14.0
11:13:34.834	-13.4
11:13:34.846	-15.0
11:13:34.858	-15.7
11:13:34.867	-18.8
11:13:34.879	-17.9
11:13:34.891	-17.1
11:13:34.899	-18.6
11:13:34.912	-17.7
11:13:34.924	-15.9
11:13:34.932	-15.6
11:13:34.944	-15.9
11:13:34.957	-16.9
11:13:34.965	-16.7
11:13:34.977	-16.0
11:13:34.989	-15.7
11:13:35.002	-16.3
11:13:35.010	-15.6
11:13:35.022	-15.9
11:13:35.034	-16.8
11:13:35.043	-18.1
11:13:35.055	-17.1
11:13:35.067	-14.3
11:13:35.075	-13.9
11:13:35.088	-14.1
11:13:35.100	-13.5
11:13:35.108	-12.3
11:13:35.120	-13.5
11:13:35.133	-15.2
11:13:35.145	-14.6
11:13:35.153	-13.1
11:13:35.165	-12.6
11:13:35.178	-14.2
11:13:35.186	-16.0
11:13:35.198	-16.2
11:13:35.210	-17.1
11:13:35.219	-18.4
11:13:35.231	-16.9
11:13:35.243	-14.7
11:13:35.256	-15.5
11:13:35.264	-14.1
11:13:35.276	-14.2
11:13:35.288	-13.1
11:13:35.296	-10.4
11:13:35.309	-11.3
11:13:35.321	-9.2
11:13:35.329	-9.1
11:13:35.342	-7.0
11:13:35.354	-6.7
11:13:35.362	-2.8
11:13:35.374	-4.6
11:13:35.387	-4.1
11:13:35.395	-5.6
11:13:35.407	-4.0
11:13:35.419	-1.8
11:13:35.432	-0.2
11:13:35.440	1.0
11:13:35.452	-0.6
11:13:35.464	-0.5
11:13:35.473	-3.0
11:13:35.485	-0.9
11:13:35.498	-0.5
11:13:35.509	4.3
11:13:35.519	3.9
11:13:35.531	5.4
11:13:35.543	4.0
11:13:35.552	4.7
11:13:35.564	6.4
11:13:35.576	7.2
11:13:35.584	9.6
11:13:35.596	9.8
11:13:35.609	9.7
11:13:35.617	6.9
11:13:35.629	8.1
11:13:35.641	8.5
11:13:35.650	8.2
11:13:35.662	8.5
11:13:35.674	6.7
11:13:35.687	7.2
11:13:35.695	5.2
11:13:35.707	6.4
11:13:35.719	10.7
11:13:35.731	10.5
11:13:35.740	11.2
11:13:35.752	11.2
11:13:35.764	11.8
11:13:35.772	12.4
11:13:35.785	14.1
11:13:35.797	14.9
11:13:35.809	16.6
11:13:35.817	14.9
11:13:35.830	10.8
11:13:35.842	11.7
11:13:35.850	14.8
11:13:35.863	16.1
11:13:35.875	17.2
11:13:35.883	18.7
11:13:35.895	18.6
11:13:35.908	17.9
11:13:35.916	18.1
11:13:35.928	20.5
11:13:35.940	21.3
11:13:35.949	22.1
11:13:35.961	17.6
11:13:35.973	16.9
11:13:35.985	16.6
11:13:35.994	16.0
11:13:36.006	18.0
11:13:36.018	18.0
11:13:36.026	17.5
11:13:36.039	15.1
11:13:36.051	16.3
11:13:36.059	18.2
11:13:36.071	19.1
11:13:36.084	19.3
11:13:36.096	18.0
11:13:36.104	16.2
11:13:36.116	14.4
11:13:36.128	15.3
11:13:36.136	14.1
11:13:36.148	15.2
11:13:36.161	14.9
11:13:36.170	15.1
11:13:36.182	16.4
11:13:36.194	15.5
11:13:36.202	17.5
11:13:36.214	19.1
11:13:36.227	19.4
11:13:36.239	19.2
11:13:36.247	19.9
11:13:36.260	21.0
11:13:36.272	20.8
11:13:36.280	16.6
11:13:36.292	14.6
11:13:36.305	15.1
11:13:36.313	14.4
11:13:36.325	12.6
11:13:36.337	12.5
11:13:36.346	10.8
11:13:36.358	10.3
11:13:36.370	7.4
11:13:36.378	5.3
11:13:36.391	6.7
11:13:36.403	7.0
11:13:36.415	7.9
11:13:36.423	7.1
11:13:36.436	8.4
11:13:36.448	8.2
11:13:36.456	9.1
11:13:36.468	10.8
11:13:36.481	12.9
11:13:36.493	14.5
11:13:36.501	15.1
11:13:36.513	15.8
11:13:36.526	16.0
11:13:36.534	17.1
11:13:36.546	15.4
11:13:36.559	13.9
11:13:36.567	12.5
11:13:36.579	12.3
11:13:36.591	11.2
11:13:36.599	10.3
11:13:36.612	8.0
11:13:36.624	7.6
11:13:36.632	7.2
11:13:36.644	8.1
11:13:36.657	10.2
11:13:36.669	9.9
11:13:36.677	9.6
11:13:36.690	7.5
11:13:36.702	7.1
11:13:36.710	5.5
11:13:36.722	9.7
11:13:36.735	8.8
11:13:36.747	8.6
11:13:36.755	6.4
11:13:36.767	6.7
11:13:36.780	8.0
11:13:36.788	8.8
11:13:36.800	10.4
11:13:36.812	12.1
11:13:36.821	13.7
11:13:36.833	10.8
11:13:36.845	10.4
11:13:36.853	8.8
11:13:36.866	9.3
11:13:36.878	8.0
11:13:36.886	5.6
11:13:36.899	6.6
11:13:36.911	5.0
11:13:36.923	3.3
11:13:36.931	2.4
11:13:36.944	2.3
11:13:36.956	3.5
11:13:36.964	5.0
11:13:36.976	5.3
11:13:36.989	5.5
11:13:36.997	7.2
11:13:37.009	7.0
11:13:37.022	5.2
11:13:37.030	5.5
11:13:37.042	5.7
11:13:37.054	6.6
11:13:37.067	5.8
11:13:37.075	5.8
11:13:37.087	4.8
11:13:37.099	3.2
11:13:37.108	2.6
11:13:37.120	2.6
11:13:37.132	4.9
11:13:37.140	5.8
11:13:37.153	6.2
11:13:37.165	5.8
11:13:37.177	5.7
11:13:37.185	4.1
11:13:37.198	3.3
11:13:37.210	4.8
11:13:37.218	5.6
11:13:37.230	4.1
11:13:37.243	4.8
11:13:37.251	3.3
11:13:37.263	4.9
11:13:37.276	5.3
11:13:37.284	7.3
11:13:37.296	7.0
11:13:37.308	7.4
11:13:37.316	7.6
11:13:37.329	10.1
11:13:37.341	11.4
11:13:37.353	11.3
11:13:37.361	11.4
11:13:37.374	9.3
11:13:37.386	7.2
11:13:37.394	5.2
11:13:37.407	5.4
11:13:37.419	4.4
11:13:37.431	3.8
11:13:37.439	-1.1
11:13:37.452	-1.4
11:13:37.464	-3.9
11:13:37.472	-5.2
11:13:37.484	-5.9
11:13:37.497	-6.4
11:13:37.505	-7.8
11:13:37.517	-9.7
11:13:37.529	-10.4
11:13:37.542	-12.5
11:13:37.550	-10.7
11:13:37.562	-13.4
11:13:37.574	-13.3
11:13:37.583	-12.8
11:13:37.595	-11.9
11:13:37.607	-10.9
11:13:37.615	-11.4
11:13:37.628	-10.8
11:13:37.640	-11.1
11:13:37.652	-10.8
11:13:37.660	-11.9
11:13:37.673	-9.4
11:13:37.685	-8.7
11:13:37.693	-8.3
11:13:37.705	-11.4
11:13:37.718	-12.0
11:13:37.730	-12.8
11:13:37.738	-12.1
11:13:37.751	-11.9
11:13:37.763	-12.2
11:13:37.771	-12.5
11:13:37.783	-14.0
11:13:37.795	-13.8
11:13:37.804	-14.5
11:13:37.816	-13.1
11:13:37.828	-14.0
11:13:37.836	-13.1
11:13:37.849	-14.8
11:13:37.861	-14.3
11:13:37.869	-15.0
11:13:37.882	-15.6
11:13:37.894	-15.4
11:13:37.906	-14.6
11:13:37.914	-13.3
11:13:37.927	-13.3
11:13:37.939	-12.5
11:13:37.947	-11.9
11:13:37.959	-11.7
11:13:37.972	-11.2
11:13:37.980	-11.6
11:13:37.992	-10.7
11:13:38.004	-12.1
11:13:38.017	-14.4
11:13:38.025	-18.0
11:13:38.037	-16.6
11:13:38.049	-18.6
11:13:38.058	-19.5
11:13:38.070	-18.4
11:13:38.082	-19.2
11:13:38.090	-18.1
11:13:38.103	-17.8
11:13:38.115	-16.8
11:13:38.123	-14.1
11:13:38.135	-12.7
11:13:38.148	-15.2
11:13:38.160	-13.8
11:13:38.168	-14.5
11:13:38.180	-14.3
11:13:38.193	-14.0
11:13:38.201	-13.2
11:13:38.213	-13.5
11:13:38.225	-13.4
11:13:38.234	-14.0
11:13:38.246	-13.5
11:13:38.258	-11.2
11:13:38.266	-11.4
11:13:38.279	-9.6
11:13:38.291	-9.5
11:13:38.299	-8.6
11:13:38.311	-8.3
11:13:38.324	-4.2
11:13:38.336	-4.3
11:13:38.344	-4.5
11:13:38.356	-4.3
11:13:38.369	-2.9
11:13:38.377	0.5
11:13:38.389	-0.4
11:13:38.402	0.5
11:13:38.414	-0.1
11:13:38.422	0.1
11:13:38.434	-3.6
11:13:38.446	-0.9
11:13:38.455	0.5
11:13:38.467	0.9
11:13:38.479	-0.5
11:13:38.488	-3.2
11:13:38.500	-1.9
11:13:38.512	-1.9
11:13:38.520	-0.8
11:13:38.533	0.3
11:13:38.545	1.8
11:13:38.553	0.5
11:13:38.565	-0.1
11:13:38.578	0.1
11:13:38.590	-0.3
11:13:38.598	2.0
11:13:38.610	2.2
11:13:38.623	2.7
11:13:38.631	3.1
11:13:38.643	2.9
11:13:38.655	1.2
11:13:38.668	3.0
11:13:38.676	2.3
11:13:38.688	2.8
11:13:38.700	3.9
11:13:38.709	2.4
11:13:38.721	2.3
11:13:38.733	1.3
11:13:38.741	1.7
11:13:38.754	2.6
11:13:38.766	3.7
11:13:38.774	4.9
11:13:38.786	7.7
11:13:38.799	8.0
11:13:38.807	8.2
11:13:38.819	9.5
11:13:38.831	10.5
11:13:38.844	14.0
11:13:38.852	13.2
11:13:38.864	13.5
11:13:38.876	14.4
11:13:38.885	13.5
11:13:38.897	14.0
11:13:38.909	14.8
11:13:38.917	15.8
11:13:38.930	16.8
11:13:38.942	17.2
11:13:38.950	16.8
11:13:38.962	19.5
11:13:38.975	19.6
11:13:38.987	20.3
11:13:38.995	20.6
11:13:39.008	20.9
11:13:39.020	22.8
11:13:39.028	25.5
11:13:39.040	25.0
11:13:39.053	26.9
11:13:39.061	26.6
11:13:39.073	26.6
11:13:39.085	27.3
11:13:39.098	26.8
11:13:39.106	26.1
11:13:39.118	24.7
11:13:39.130	26.2
11:13:39.139	24.3
11:13:39.151	26.7
11:13:39.163	26.1
11:13:39.171	26.7
11:13:39.184	26.4
11:13:39.196	25.6
11:13:39.204	25.3
11:13:39.216	25.6
11:13:39.229	25.2
11:13:39.237	22.3
11:13:39.249	22.3
11:13:39.261	20.3
11:13:39.274	18.8
11:13:39.282	18.0
11:13:39.294	16.1
11:13:39.306	17.8
11:13:39.315	17.5
11:13:39.327	16.5
11:13:39.339	16.2
11:13:39.351	16.0
11:13:39.360	14.7
11:13:39.372	15.0
11:13:39.384	16.2
11:13:39.392	15.8
11:13:39.405	18.8
11:13:39.417	18.5
11:13:39.429	19.3
11:13:39.437	19.3
11:13:39.450	18.1
11:13:39.462	16.3
11:13:39.470	17.1
11:13:39.483	15.6
11:13:39.495	15.5
11:13:39.503	15.1
11:13:39.515	13.7
11:13:39.528	12.3
11:13:39.536	12.5
11:13:39.548	13.8
11:13:39.560	16.8
11:13:39.573	18.2
11:13:39.581	18.6
11:13:39.594	18.7
11:13:39.606	16.3
11:13:39.615	17.5
11:13:39.627	16.9
11:13:39.639	16.3
11:13:39.651	15.3
11:13:39.659	14.6
11:13:39.671	12.6
11:13:39.683	13.0
11:13:39.692	10.9
11:13:39.704	11.6
11:13:39.717	12.6
11:13:39.725	13.7
11:13:39.737	12.3
11:13:39.749	13.0
11:13:39.758	13.3
11:13:39.770	12.9
11:13:39.782	13.4
11:13:39.790	12.9
11:13:39.803	15.2
11:13:39.815	13.5
11:13:39.827	14.2
11:13:39.835	11.7
11:13:39.848	12.6
11:13:39.860	12.2
11:13:39.868	12.2
11:13:39.880	14.1
11:13:39.893	13.5
11:13:39.901	13.8
11:13:39.913	12.4
11:13:39.926	16.0
11:13:39.938	15.2
11:13:39.946	14.8
11:13:39.958	14.4
11:13:39.971	16.5
11:13:39.979	17.7
11:13:39.991	15.2
11:13:40.003	14.3
11:13:40.012	12.7
11:13:40.024	12.4
11:13:40.036	9.5
11:13:40.044	8.6
11:13:40.057	6.9
11:13:40.069	9.8
11:13:40.081	6.4
11:13:40.089	4.0
11:13:40.102	3.7
11:13:40.114	2.5
11:13:40.122	3.3
11:13:40.134	3.3
11:13:40.147	1.6
11:13:40.155	1.0
11:13:40.167	0.6
11:13:40.179	-2.8
11:13:40.188	-3.9
11:13:40.200	-5.0
11:13:40.212	-6.3
11:13:40.220	-2.9
11:13:40.233	-5.1
11:13:40.245	-7.8
11:13:40.257	-9.5
11:13:40.265	-9.5
11:13:40.278	-10.0
11:13:40.290	-12.0
11:13:40.298	-12.5
11:13:40.310	-12.8
11:13:40.323	-14.5
11:13:40.335	-19.7
11:13:40.343	-19.6
11:13:40.356	-19.1
11:13:40.368	-20.1
11:13:40.376	-20.5
11:13:40.388	-20.7
11:13:40.401	-19.7
11:13:40.409	-21.3
11:13:40.421	-21.4
11:13:40.433	-19.3
11:13:40.441	-17.9
11:13:40.454	-18.7
11:13:40.466	-18.8
11:13:40.474	-16.2
11:13:40.487	-17.2
11:13:40.499	-17.7
11:13:40.511	-19.8
11:13:40.519	-17.4
11:13:40.532	-16.7
11:13:40.544	-16.8
11:13:40.552	-15.5
11:13:40.564	-15.4
11:13:40.577	-15.5
11:13:40.589	-18.0
11:13:40.597	-18.7
11:13:40.609	-18.7
11:13:40.622	-18.5
11:13:40.630	-19.3
11:13:40.642	-20.8
11:13:40.654	-23.3
11:13:40.663	-26.0
11:13:40.675	-24.7
11:13:40.687	-24.7
11:13:40.695	-22.7
11:13:40.708	-21.3
11:13:40.720	-20.6
11:13:40.728	-19.5
11:13:40.740	-18.8
11:13:40.753	-18.4
11:13:40.765	-17.8
11:13:40.773	-17.2
11:13:40.785	-19.1
11:13:40.798	-18.8
11:13:40.806	-19.6
11:13:40.818	-21.2
11:13:40.831	-20.5
11:13:40.839	-20.6
11:13:40.851	-22.2
11:13:40.863	-21.7
11:13:40.871	-22.2
11:13:40.884	-22.5
11:13:40.896	-22.4
11:13:40.908	-23.7
11:13:40.916	-22.7
11:13:40.929	-21.9
11:13:40.941	-21.5
11:13:40.949	-22.2
11:13:40.962	-20.3
11:13:40.974	-18.9
11:13:40.982	-18.0
11:13:40.994	-15.5
11:13:41.007	-13.9
11:13:41.019	-13.5
11:13:41.027	-11.9
11:13:41.039	-10.4
11:13:41.052	-11.4
11:13:41.060	-10.2
11:13:41.073	-9.6
11:13:41.085	-8.8
11:13:41.093	-5.6
11:13:41.105	-3.3
11:13:41.118	-1.8
11:13:41.126	1.3
11:13:41.138	0.1
11:13:41.150	1.3
11:13:41.159	2.8
11:13:41.171	4.4
11:13:41.183	4.7
11:13:41.195	2.2
11:13:41.204	1.4
11:13:41.216	-0.5
11:13:41.228	-1.4
11:13:41.236	-3.0
11:13:41.249	-3.0
11:13:41.261	-4.2
11:13:41.273	-4.6
11:13:41.281	-5.9
11:13:41.294	-4.9
11:13:41.306	-1.9
11:13:41.314	-0.5
11:13:41.326	0.0
11:13:41.339	0.9
11:13:41.347	1.2
11:13:41.359	3.6
11:13:41.372	5.8
11:13:41.380	9.7
11:13:41.392	11.6
11:13:41.404	11.9
11:13:41.412	12.6
11:13:41.425	12.7
11:13:41.437	12.6
11:13:41.449	13.9
11:13:41.458	15.3
11:13:41.470	16.7
11:13:41.482	16.7
11:13:41.494	14.4
11:13:41.503	14.3
11:13:41.515	13.6
11:13:41.527	13.9
11:13:41.535	13.8
11:13:41.548	15.7
11:13:41.560	15.3
11:13:41.572	16.3
11:13:41.580	13.9
11:13:41.593	13.8
11:13:41.605	16.2
11:13:41.613	15.5
11:13:41.625	14.2
11:13:41.638	14.3
11:13:41.646	12.9
11:13:41.658	12.9
11:13:41.670	13.9
11:13:41.679	13.4
11:13:41.691	18.0
11:13:41.703	19.6
11:13:41.711	18.9
11:13:41.724	21.3
11:13:41.736	22.8
11:13:41.748	23.1
11:13:41.756	24.1
11:13:41.769	24.0
11:13:41.781	23.8
11:13:41.789	24.3
11:13:41.801	20.5
11:13:41.814	19.4
11:13:41.822	19.7
11:13:41.834	17.4
11:13:41.846	17.9
11:13:41.859	16.5
11:13:41.867	17.3
11:13:41.879	15.7
11:13:41.892	14.7
11:13:41.900	14.1
11:13:41.912	14.9
11:13:41.924	13.3
11:13:41.932	12.7
11:13:41.945	14.4
11:13:41.957	14.7
11:13:41.965	14.6
11:13:41.978	15.1
11:13:41.990	14.5
11:13:42.002	16.3
11:13:42.010	15.3
11:13:42.023	13.7
11:13:42.035	14.0
11:13:42.043	14.6
11:13:42.055	15.5
11:13:42.068	16.4
11:13:42.076	18.1
11:13:42.088	17.3
11:13:42.100	17.6
11:13:42.109	18.5
11:13:42.121	19.6
11:13:42.133	21.6
11:13:42.141	24.1
11:13:42.154	22.3
11:13:42.166	19.5
11:13:42.178	18.3
11:13:42.186	17.3
11:13:42.199	18.0
11:13:42.211	16.6
11:13:42.219	15.1
11:13:42.231	15.2
11:13:42.244	13.7
11:13:42.256	11.9
11:13:42.264	13.4
11:13:42.277	15.5
11:13:42.289	15.4
11:13:42.297	14.6
11:13:42.309	14.0
11:13:42.322	15.3
11:13:42.330	15.2
11:13:42.342	16.9
11:13:42.354	19.4
11:13:42.362	20.8
11:13:42.375	20.0
11:13:42.387	19.4
11:13:42.395	22.5
11:13:42.408	21.8
11:13:42.420	21.0
11:13:42.432	20.3
11:13:42.440	21.8
11:13:42.453	19.9
11:13:42.465	19.4
11:13:42.473	17.3
11:13:42.485	16.7
11:13:42.498	16.6
11:13:42.510	13.1
11:13:42.518	15.1
11:13:42.530	15.3
11:13:42.543	18.2
11:13:42.551	16.3
11:13:42.563	17.6
11:13:42.575	16.5
11:13:42.584	17.4
11:13:42.596	18.3
11:13:42.608	19.3
11:13:42.616	20.4
11:13:42.629	18.9
11:13:42.641	19.8
11:13:42.649	18.5
11:13:42.661	18.0
11:13:42.674	16.0
11:13:42.686	15.8
11:13:42.694	14.1
11:13:42.706	14.5
11:13:42.719	13.8
11:13:42.727	15.3
11:13:42.739	15.4
11:13:42.751	17.1
11:13:42.760	17.0
11:13:42.772	17.3
11:13:42.784	18.9
11:13:42.792	17.4
11:13:42.805	20.0
11:13:42.817	18.2
11:13:42.829	17.4
11:13:42.837	15.1
11:13:42.850	15.2
11:13:42.862	12.0
11:13:42.870	12.2
11:13:42.883	11.6
11:13:42.895	11.4
11:13:42.903	15.3
11:13:42.915	13.5
11:13:42.928	14.8
11:13:42.940	15.5
11:13:42.948	13.6
11:13:42.960	16.1
11:13:42.973	16.0
11:13:42.981	13.9
11:13:42.993	13.5
11:13:43.005	13.6
11:13:43.014	11.3
11:13:43.026	12.4
11:13:43.038	12.3
11:13:43.046	11.2
11:13:43.059	11.8
11:13:43.071	11.0
11:13:43.079	14.3
11:13:43.091	14.9
11:13:43.104	14.7
11:13:43.116	15.4
11:13:43.124	14.9
11:13:43.136	15.7
11:13:43.149	15.7
11:13:43.157	16.7
11:13:43.169	17.7
11:13:43.181	16.7
11:13:43.194	13.5
11:13:43.202	13.6
11:13:43.214	14.7
11:13:43.226	14.3
11:13:43.235	13.6
11:13:43.247	11.4
11:13:43.259	11.0
11:13:43.267	11.5
11:13:43.280	11.3
11:13:43.292	13.1
11:13:43.300	13.1
11:13:43.312	13.7
11:13:43.325	14.3
11:13:43.333	12.2
11:13:43.345	10.9
11:13:43.357	11.2
11:13:43.370	10.2
11:13:43.378	9.4
11:13:43.390	8.8
11:13:43.403	8.3
11:13:43.411	8.4
11:13:43.423	7.8
11:13:43.435	7.2
11:13:43.443	6.8
11:13:43.456	7.1
11:13:43.468	7.5
11:13:43.480	5.8
11:13:43.488	5.4
11:13:43.501	6.1
11:13:43.514	3.2
11:13:43.522	0.9
11:13:43.534	2.1
11:13:43.546	1.4
11:13:43.555	2.0
11:13:43.567	3.3
11:13:43.579	2.1
11:13:43.587	3.0
11:13:43.600	2.8
11:13:43.612	1.8
11:13:43.624	1.1
11:13:43.632	2.1
11:13:43.645	0.0
11:13:43.657	-1.9
11:13:43.669	-3.4
11:13:43.677	-5.1
11:13:43.690	-5.4
11:13:43.702	-4.8
11:13:43.710	-7.0
11:13:43.722	-7.5
11:13:43.735	-7.3
11:13:43.743	-8.7
11:13:43.755	-8.1
11:13:43.767	-7.4
11:13:43.780	-7.0
11:13:43.788	-7.9
11:13:43.800	-8.9
11:13:43.813	-10.5
11:13:43.821	-9.0
11:13:43.833	-9.4
11:13:43.845	-6.9
11:13:43.854	-5.6
11:13:43.866	-6.6
11:13:43.878	-8.0
11:13:43.886	-7.4
11:13:43.899	-7.0
11:13:43.911	-7.1
11:13:43.923	-7.9
11:13:43.931	-8.5
11:13:43.944	-8.6
11:13:43.956	-10.8
11:13:43.964	-11.7
11:13:43.976	-11.6
11:13:43.989	-11.2
11:13:43.997	-12.1
11:13:44.009	-12.8
11:13:44.021	-13.1
11:13:44.030	-13.1
11:13:44.042	-14.1
11:13:44.055	-15.4
11:13:44.062	-17.3
11:13:44.075	-16.5
11:13:44.087	-15.6
11:13:44.099	-15.7
11:13:44.108	-16.0
11:13:44.120	-15.2
11:13:44.132	-15.6
11:13:44.140	-14.6
11:13:44.153	-14.5
11:13:44.165	-15.4
11:13:44.177	-16.1
11:13:44.185	-16.4
11:13:44.198	-19.5
11:13:44.210	-19.6
11:13:44.218	-20.4
11:13:44.230	-20.9
11:13:44.243	-22.3
11:13:44.251	-22.7
11:13:44.263	-23.4
11:13:44.275	-21.7
11:13:44.284	-21.3
11:13:44.296	-22.6
11:13:44.308	-20.4
11:13:44.316	-20.1
11:13:44.329	-20.0
11:13:44.341	-20.2
11:13:44.353	-17.5
11:13:44.361	-18.0
11:13:44.374	-19.0
11:13:44.386	-18.8
11:13:44.394	-18.7
11:13:44.406	-16.6
11:13:44.419	-18.3
11:13:44.431	-17.8
11:13:44.439	-16.4
11:13:44.451	-15.6
11:13:44.464	-16.3
11:13:44.472	-16.3
11:13:44.484	-13.7
11:13:44.496	-12.4
11:13:44.505	-11.5
11:13:44.517	-12.1
11:13:44.529	-11.3
11:13:44.537	-13.2
11:13:44.550	-14.4
11:13:44.562	-12.7
11:13:44.570	-13.2
11:13:44.582	-11.6
11:13:44.595	-12.1
11:13:44.607	-12.2
11:13:44.615	-12.3
11:13:44.628	-13.0
11:13:44.640	-8.0
11:13:44.648	-5.4
11:13:44.660	-2.2
11:13:44.673	-3.9
11:13:44.681	-3.8
11:13:44.693	-2.7
11:13:44.705	-2.2
11:13:44.714	-2.1
11:13:44.726	-1.4
11:13:44.738	1.7
11:13:44.751	-0.4
11:13:44.759	-1.0
11:13:44.771	-1.9
11:13:44.783	2.0
11:13:44.791	3.7
11:13:44.804	3.0
11:13:44.816	3.3
11:13:44.824	2.4
11:13:44.836	2.9
11:13:44.849	0.9
11:13:44.861	1.4
11:13:44.869	2.7
11:13:44.881	3.6
11:13:44.894	1.4
11:13:44.902	1.9
11:13:44.914	3.8
11:13:44.926	6.2
11:13:44.935	7.8
11:13:44.947	8.7
11:13:44.959	10.7
11:13:44.967	9.4
11:13:44.980	12.2
11:13:44.992	11.5
11:13:45.000	14.6
11:13:45.012	13.8
11:13:45.025	14.2
11:13:45.037	12.8
11:13:45.045	14.9
11:13:45.057	16.1
11:13:45.070	15.5
11:13:45.078	16.6
11:13:45.090	14.1
11:13:45.103	14.1
11:13:45.115	12.8
11:13:45.123	17.6
11:13:45.135	16.9
11:13:45.148	18.2
11:13:45.156	17.6
11:13:45.168	16.3
11:13:45.180	16.9
11:13:45.189	17.1
11:13:45.201	18.8
11:13:45.213	21.6
11:13:45.221	20.5
11:13:45.234	17.6
11:13:45.246	17.3
11:13:45.254	16.7
11:13:45.266	16.4
11:13:45.279	16.5
11:13:45.291	13.9
11:13:45.299	13.9
11:13:45.312	12.2
11:13:45.324	11.0
11:13:45.332	12.2
11:13:45.345	13.2
11:13:45.357	13.2
11:13:45.365	15.3
11:13:45.377	14.6
11:13:45.389	15.7
11:13:45.402	17.1
11:13:45.414	17.2
11:13:45.422	16.6
11:13:45.434	16.1
11:13:45.447	16.1
11:13:45.455	16.5
11:13:45.467	16.8
11:13:45.480	17.2
11:13:45.488	16.3
11:13:45.500	16.7
11:13:45.512	18.2
11:13:45.520	17.9
11:13:45.533	18.6
11:13:45.545	20.1
11:13:45.553	17.8
11:13:45.566	17.7
11:13:45.578	17.6
11:13:45.590	14.3
11:13:45.598	16.4
11:13:45.611	14.7
11:13:45.623	13.4
11:13:45.631	13.1
11:13:45.643	12.6
11:13:45.656	11.0
11:13:45.664	11.6
11:13:45.676	9.8
11:13:45.688	7.8
11:13:45.701	10.9
11:13:45.709	9.4
11:13:45.721	10.0
11:13:45.733	11.4
11:13:45.742	11.5
11:13:45.754	11.5
11:13:45.766	10.9
11:13:45.774	10.2
11:13:45.787	9.9
11:13:45.799	12.9
11:13:45.807	8.4
11:13:45.819	10.7
11:13:45.832	10.6
11:13:45.844	8.3
11:13:45.852	6.6
11:13:45.864	6.2
11:13:45.877	5.8
11:13:45.885	4.5
11:13:45.897	2.6
11:13:45.909	-1.0
11:13:45.918	-1.1
11:13:45.930	-5.6
11:13:45.942	-7.8
11:13:45.950	-6.0
11:13:45.963	-6.7
11:13:45.975	-6.1
11:13:45.983	-7.7
11:13:45.995	-8.4
11:13:46.008	-8.1
11:13:46.020	-9.0
11:13:46.028	-9.4
11:13:46.041	-9.0
11:13:46.053	-7.2
11:13:46.061	-11.1
11:13:46.073	-9.8
11:13:46.086	-9.8
11:13:46.098	-7.6
11:13:46.106	-6.3
11:13:46.118	-7.8
11:13:46.131	-6.1
11:13:46.139	-5.2
11:13:46.151	-4.9
11:13:46.163	-7.7
11:13:46.172	-8.0
11:13:46.184	-10.0
11:13:46.196	-10.9
11:13:46.204	-13.7
11:13:46.217	-13.9
11:13:46.229	-13.0
11:13:46.237	-12.2
11:13:46.249	-11.9
11:13:46.262	-13.3
11:13:46.274	-12.0
11:13:46.282	-12.9
11:13:46.294	-11.4
11:13:46.307	-8.0
11:13:46.315	-7.6
11:13:46.327	-8.5
11:13:46.339	-7.7
11:13:46.352	-7.1
11:13:46.360	-8.0
11:13:46.372	-5.4
11:13:46.384	-4.8
11:13:46.393	-2.2
11:13:46.405	-2.4
11:13:46.417	-6.0
11:13:46.425	-3.2
11:13:46.438	-1.8
11:13:46.450	-1.4
11:13:46.458	-3.2
11:13:46.470	-3.0
11:13:46.483	-1.0
11:13:46.491	-1.2
11:13:46.503	0.8
11:13:46.516	0.5
11:13:46.528	-0.3
11:13:46.536	-3.6
11:13:46.548	-4.0
11:13:46.561	-4.0
11:13:46.569	-4.9
11:13:46.581	-4.7
11:13:46.593	-8.5
11:13:46.602	-8.0
11:13:46.614	-11.2
11:13:46.626	-11.2
11:13:46.634	-10.7
11:13:46.647	-9.0
11:13:46.659	-8.1
11:13:46.671	-8.1
11:13:46.679	-5.5
11:13:46.692	-5.9
11:13:46.704	-2.8
11:13:46.712	-4.2
11:13:46.724	-0.8
11:13:46.737	-0.9
11:13:46.745	-0.7
11:13:46.757	0.4
11:13:46.769	0.8
11:13:46.782	4.5
11:13:46.790	3.6
11:13:46.802	4.0
11:13:46.815	2.2
11:13:46.823	5.6
11:13:46.835	6.4
11:13:46.847	7.1
11:13:46.855	6.0
11:13:46.868	3.8
11:13:46.880	3.6
11:13:46.888	1.2
11:13:46.900	2.1
11:13:46.913	3.9
11:13:46.921	5.6
11:13:46.933	2.3
11:13:46.945	0.6
11:13:46.958	1.2
11:13:46.966	4.5
11:13:46.978	6.6
11:13:46.990	4.5
11:13:46.999	4.1
11:13:47.011	2.2
11:13:47.023	2.5
11:13:47.036	0.5
11:13:47.044	2.1
11:13:47.056	0.5
11:13:47.068	1.1
11:13:47.077	0.1
11:13:47.089	-0.4
11:13:47.101	2.5
11:13:47.109	3.6
11:13:47.122	4.7
11:13:47.134	4.2
11:13:47.142	4.6
11:13:47.154	6.4
11:13:47.167	9.9
11:13:47.175	11.4
11:13:47.187	11.7
11:13:47.199	13.4
11:13:47.212	14.3
11:13:47.220	13.9
11:13:47.232	14.6
11:13:47.244	14.5
11:13:47.253	16.1
11:13:47.265	16.3
11:13:47.277	16.7
11:13:47.285	17.2
11:13:47.298	19.3
11:13:47.310	19.7
11:13:47.322	20.6
11:13:47.330	19.5
11:13:47.343	22.3
11:13:47.355	22.1
11:13:47.363	21.4
11:13:47.375	20.1
11:13:47.388	20.1
11:13:47.400	19.3
11:13:47.408	18.7
11:13:47.420	20.2
11:13:47.433	18.6
11:13:47.441	18.5
11:13:47.453	16.2
11:13:47.466	16.7
11:13:47.474	16.5
11:13:47.486	17.6
11:13:47.498	16.5
11:13:47.511	16.0
11:13:47.519	15.2
11:13:47.531	12.8
11:13:47.543	12.9
11:13:47.552	14.2
11:13:47.564	13.1
11:13:47.576	12.1
11:13:47.584	11.5
11:13:47.597	10.6
11:13:47.609	10.5
11:13:47.621	10.6
11:13:47.629	11.4
11:13:47.642	12.3
11:13:47.654	11.4
11:13:47.662	11.7
11:13:47.674	11.2
11:13:47.687	12.7
11:13:47.695	13.1
11:13:47.707	11.3
11:13:47.719	11.6
11:13:47.728	11.6
11:13:47.740	11.7
11:13:47.753	11.2
11:13:47.764	11.0
11:13:47.773	9.8
11:13:47.786	14.4
11:13:47.798	14.0
11:13:47.806	16.5
11:13:47.819	20.1
11:13:47.831	19.9
11:13:47.839	20.7
11:13:47.851	21.6
11:13:47.864	19.0
11:13:47.872	21.1
11:13:47.884	21.5
11:13:47.896	19.1
11:13:47.905	18.2
11:13:47.917	17.2
11:13:47.929	15.7
11:13:47.942	19.2
11:13:47.950	20.0
11:13:47.962	17.5
11:13:47.974	17.8
11:13:47.982	16.3
11:13:47.995	17.3
11:13:48.007	17.0
11:13:48.019	18.6
11:13:48.028	19.6
11:13:48.040	21.1
11:13:48.052	18.0
11:13:48.060	16.4
11:13:48.073	17.2
11:13:48.085	18.6
11:13:48.093	17.3
11:13:48.105	17.3
11:13:48.118	16.5
11:13:48.126	15.7
11:13:48.138	15.4
11:13:48.150	15.1
11:13:48.159	17.7
11:13:48.171	16.6
11:13:48.183	16.5
11:13:48.195	15.9
11:13:48.204	18.6
11:13:48.216	17.0
11:13:48.228	18.2
11:13:48.236	16.5
11:13:48.249	14.1
11:13:48.261	12.6
11:13:48.273	9.1
11:13:48.281	9.1
11:13:48.294	7.8
11:13:48.306	7.5
11:13:48.314	5.0
11:13:48.326	6.2
11:13:48.339	4.2
11:13:48.347	5.5
11:13:48.359	4.7
11:13:48.371	4.3
11:13:48.380	2.6
11:13:48.392	4.1
11:13:48.404	3.2
11:13:48.412	3.7
11:13:48.425	6.7
11:13:48.437	6.2
11:13:48.449	4.9
11:13:48.457	3.3
11:13:48.470	2.8
11:13:48.482	3.9
11:13:48.490	5.4
11:13:48.502	3.3
11:13:48.515	3.9
11:13:48.523	4.7
11:13:48.535	3.0
11:13:48.548	2.6
11:13:48.556	3.3
11:13:48.568	2.6
11:13:48.580	2.4
11:13:48.593	-0.4
11:13:48.601	-0.6
11:13:48.613	-1.3
11:13:48.625	-1.7
11:13:48.634	-4.8
11:13:48.646	-4.7
11:13:48.658	-5.8
11:13:48.666	-5.5
11:13:48.679	-5.1
11:13:48.691	-5.7
11:13:48.703	-5.3
11:13:48.711	-5.4
11:13:48.724	-4.5
11:13:48.736	-5.2
11:13:48.744	-3.1
11:13:48.756	-6.1
11:13:48.769	-5.8
11:13:48.777	-5.8
11:13:48.789	-5.5
11:13:48.801	-5.6
11:13:48.810	-5.4
11:13:48.822	-8.2
11:13:48.834	-9.0
11:13:48.842	-10.0
11:13:48.855	-12.8
11:13:48.867	-12.6
11:13:48.879	-15.1
11:13:48.887	-15.6
11:13:48.900	-14.6
11:13:48.912	-16.6
11:13:48.920	-18.3
11:13:48.932	-17.8
11:13:48.945	-18.3
11:13:48.957	-18.1
11:13:48.965	-16.5
11:13:48.978	-17.3
11:13:48.990	-17.9
11:13:48.998	-18.3
11:13:49.010	-20.2
11:13:49.023	-18.6
11:13:49.031	-18.8
11:13:49.043	-19.6
11:13:49.055	-20.8
11:13:49.064	-19.8
11:13:49.076	-21.0
11:13:49.088	-20.4
11:13:49.097	-15.1
11:13:49.109	-16.1
11:13:49.121	-16.6
11:13:49.133	-16.8
11:13:49.141	-13.4
11:13:49.154	-12.3
11:13:49.166	-9.2
11:13:49.174	-10.2
11:13:49.187	-9.0
11:13:49.199	-8.0
11:13:49.207	-10.7
11:13:49.219	-10.8
11:13:49.232	-10.6
11:13:49.244	-9.4
11:13:49.252	-11.2
11:13:49.264	-9.4
11:13:49.277	-10.4
11:13:49.285	-9.5
11:13:49.297	-7.7
11:13:49.310	-7.5
11:13:49.318	-8.1
11:13:49.330	-7.8
11:13:49.342	-7.7
11:13:49.350	-6.3
11:13:49.363	-4.6
11:13:49.375	-5.3
11:13:49.387	-5.6
11:13:49.395	-5.3
11:13:49.408	-7.0
11:13:49.420	-5.5
11:13:49.428	-5.7
11:13:49.440	-5.5
11:13:49.453	-3.5
11:13:49.461	-4.2
11:13:49.473	-5.1
11:13:49.485	-4.0
11:13:49.494	-2.8
11:13:49.506	-1.9
11:13:49.518	-0.5
11:13:49.530	-2.4
11:13:49.539	-1.0
11:13:49.551	1.9
11:13:49.563	2.8
11:13:49.572	2.3
11:13:49.584	2.8
11:13:49.596	2.4
11:13:49.604	2.7
11:13:49.617	4.0
11:13:49.629	4.4
11:13:49.641	5.5
11:13:49.649	6.8
11:13:49.662	6.0
11:13:49.674	7.8
11:13:49.686	7.7
11:13:49.694	8.0
11:13:49.707	8.7
11:13:49.719	9.5
11:13:49.727	8.8
11:13:49.739	8.1
11:13:49.752	9.5
11:13:49.760	8.8
11:13:49.772	8.9
11:13:49.784	8.5
11:13:49.793	10.5
11:13:49.805	9.6
11:13:49.817	9.3
11:13:49.825	8.6
11:13:49.838	8.9
11:13:49.850	9.6
11:13:49.862	7.6
11:13:49.870	8.2
11:13:49.883	8.3
11:13:49.895	8.8
11:13:49.903	8.7
11:13:49.916	10.5
11:13:49.928	11.7
11:13:49.940	13.3
11:13:49.948	13.9
11:13:49.961	13.7
11:13:49.973	18.5
11:13:49.981	18.4
11:13:49.993	19.3
11:13:50.006	16.4
11:13:50.014	14.9
11:13:50.026	13.5
11:13:50.038	13.9
11:13:50.047	13.6
11:13:50.059	13.1
11:13:50.071	11.3
11:13:50.079	7.1
11:13:50.092	7.9
11:13:50.104	7.7
11:13:50.116	8.9
11:13:50.124	11.0
11:13:50.137	11.4
11:13:50.149	10.3
11:13:50.157	11.2
11:13:50.169	11.3
11:13:50.182	15.0
11:13:50.194	17.0
11:13:50.202	19.6
11:13:50.214	19.2
11:13:50.227	19.5
11:13:50.235	20.4
11:13:50.247	20.4
11:13:50.259	21.0
11:13:50.268	18.4
11:13:50.280	17.2
11:13:50.292	13.1
11:13:50.300	10.9
11:13:50.313	7.4
11:13:50.325	6.3
11:13:50.333	7.6
11:13:50.345	6.7
11:13:50.357	8.0
11:13:50.370	7.0
11:13:50.378	7.9
11:13:50.390	11.1
11:13:50.402	16.7
11:13:50.411	18.0
11:13:50.423	20.4
11:13:50.435	20.9
11:13:50.444	19.0
11:13:50.456	18.1
11:13:50.468	17.3
11:13:50.476	19.7
11:13:50.489	19.5
11:13:50.501	22.9
11:13:50.513	19.1
11:13:50.522	19.5
11:13:50.534	16.9
11:13:50.546	18.9
11:13:50.554	18.6
11:13:50.566	19.1
11:13:50.579	20.0
11:13:50.587	18.9
11:13:50.599	18.9
11:13:50.612	13.5
11:13:50.624	15.4
11:13:50.632	14.2
11:13:50.644	16.0
11:13:50.657	15.1
11:13:50.665	16.4
11:13:50.677	17.8
11:13:50.689	17.3
11:13:50.697	16.4
11:13:50.710	17.1
11:13:50.722	19.3
11:13:50.730	19.2
11:13:50.743	22.8
11:13:50.755	21.3
11:13:50.763	21.7
11:13:50.775	19.7
11:13:50.788	18.2
11:13:50.800	18.3
11:13:50.808	17.6
11:13:50.820	15.8
11:13:50.833	12.6
11:13:50.841	12.4
11:13:50.853	10.8
11:13:50.865	11.7
11:13:50.878	12.4
11:13:50.886	13.0
11:13:50.898	13.0
11:13:50.910	9.6
11:13:50.919	9.8
11:13:50.931	9.7
11:13:50.943	10.9
11:13:50.951	8.9
11:13:50.964	5.2
11:13:50.976	4.7
11:13:50.984	3.7
11:13:50.996	4.4
11:13:51.009	4.6
11:13:51.017	9.4
11:13:51.029	9.4
11:13:51.041	10.8
11:13:51.054	10.7
11:13:51.062	11.7
11:13:51.074	15.1
11:13:51.087	15.3
11:13:51.095	15.1
11:13:51.107	15.2
11:13:51.119	14.1
11:13:51.127	12.3
11:13:51.140	13.1
11:13:51.152	11.1
11:13:51.164	11.0
11:13:51.173	11.5
11:13:51.185	10.7
11:13:51.197	10.5
11:13:51.205	9.9
11:13:51.218	10.1
11:13:51.230	10.9
11:13:51.238	10.4
11:13:51.250	8.7
11:13:51.263	10.9
11:13:51.271	9.4
11:13:51.283	8.9
11:13:51.295	7.8
11:13:51.308	6.9
11:13:51.316	6.8
11:13:51.328	8.5
11:13:51.340	9.5
11:13:51.349	10.7
11:13:51.361	13.5
11:13:51.373	11.3
11:13:51.385	10.9
11:13:51.394	10.2
11:13:51.406	10.4
11:13:51.418	10.6
11:13:51.426	10.3
11:13:51.439	7.9
11:13:51.451	6.1
11:13:51.459	3.0
11:13:51.471	-0.9
11:13:51.484	0.1
11:13:51.492	1.4
11:13:51.504	1.7
11:13:51.516	1.1
11:13:51.525	0.3
11:13:51.537	-1.4
11:13:51.549	-3.4
11:13:51.562	2.2
11:13:51.570	3.5
11:13:51.582	2.8
11:13:51.594	3.0
11:13:51.602	0.9
11:13:51.615	-0.6
11:13:51.627	-0.1
11:13:51.639	-0.6
11:13:51.648	0.5
11:13:51.660	0.5
11:13:51.672	-5.8
11:13:51.680	-8.4
11:13:51.693	-7.8
11:13:51.705	-9.7
11:13:51.713	-7.9
11:13:51.725	-9.5
11:13:51.738	-8.2
11:13:51.746	-7.6
11:13:51.758	-7.7
11:13:51.770	-8.4
11:13:51.783	-6.8
11:13:51.791	-5.5
11:13:51.803	-5.8
11:13:51.815	-4.9
11:13:51.824	-7.3
11:13:51.836	-5.0
11:13:51.848	-7.3
11:13:51.860	-6.8
11:13:51.869	-6.6
11:13:51.881	-5.4
11:13:51.893	-8.5
11:13:51.901	-8.7
11:13:51.914	-7.9
11:13:51.926	-7.2
11:13:51.934	-6.9
11:13:51.946	-8.9
11:13:51.959	-7.8
11:13:51.967	-9.1
11:13:51.979	-9.5
11:13:51.992	-10.0
11:13:52.000	-9.4
11:13:52.012	-9.7
11:13:52.025	-10.6
11:13:52.036	-12.9
11:13:52.045	-11.7
11:13:52.058	-9.7
11:13:52.070	-11.3
11:13:52.078	-9.7
11:13:52.091	-11.1
11:13:52.103	-10.9
11:13:52.115	-11.1
11:13:52.124	-8.3
11:13:52.136	-8.6
11:13:52.148	-8.3
11:13:52.156	-8.9
11:13:52.169	-11.5
11:13:52.181	-11.8
11:13:52.189	-14.7
11:13:52.201	-13.5
11:13:52.214	-14.6
11:13:52.222	-15.4
11:13:52.234	-20.0
11:13:52.246	-19.7
11:13:52.255	-18.7
11:13:52.267	-20.1
11:13:52.279	-19.1
11:13:52.291	-18.3
11:13:52.300	-17.4
11:13:52.312	-18.9
11:13:52.324	-17.4
11:13:52.332	-18.4
11:13:52.345	-16.8
11:13:52.357	-17.0
11:13:52.365	-18.9
11:13:52.377	-17.2
11:13:52.390	-16.9
11:13:52.398	-17.4
11:13:52.410	-17.3
11:13:52.422	-16.7
11:13:52.435	-18.5
11:13:52.443	-17.4
11:13:52.455	-16.1
11:13:52.467	-16.9
11:13:52.476	-15.5
11:13:52.488	-16.3
11:13:52.500	-17.6
11:13:52.508	-18.1
11:13:52.521	-17.7
11:13:52.533	-15.9
11:13:52.545	-14.4
11:13:52.553	-12.4
11:13:52.566	-13.5
11:13:52.578	-9.6
11:13:52.586	-8.4
11:13:52.598	-6.1
11:13:52.611	-4.0
11:13:52.618	-4.2
11:13:52.631	-4.4
11:13:52.643	-4.9
11:13:52.651	-2.9
11:13:52.663	-3.8
11:13:52.676	-0.5
11:13:52.684	-1.3
11:13:52.696	-3.0
11:13:52.708	-3.6
11:13:52.721	-3.5
11:13:52.729	-3.1
11:13:52.741	-3.2
11:13:52.753	-4.4
11:13:52.762	-5.8
11:13:52.774	-4.6
11:13:52.786	-5.3
11:13:52.798	-5.6
11:13:52.807	-3.2
11:13:52.819	-2.9
11:13:52.831	-1.1
11:13:52.839	1.8
11:13:52.852	2.5
11:13:52.864	4.7
11:13:52.872	4.6
11:13:52.885	4.4
11:13:52.897	4.3
11:13:52.905	4.5
11:13:52.917	3.6
11:13:52.929	3.2
11:13:52.938	3.1
11:13:52.950	2.4
11:13:52.963	2.9
11:13:52.975	1.9
11:13:52.984	2.6
11:13:52.996	3.6
11:13:53.008	2.4
11:13:53.017	4.5
11:13:53.029	5.4
11:13:53.041	5.2
11:13:53.049	4.7
11:13:53.061	4.8
11:13:53.074	4.2
11:13:53.086	6.4
11:13:53.094	6.1
11:13:53.107	5.2
11:13:53.119	6.8
11:13:53.127	3.8
11:13:53.139	5.0
11:13:53.152	8.0
11:13:53.160	8.6
11:13:53.172	7.9
11:13:53.184	9.3
11:13:53.193	8.5
11:13:53.205	8.9
11:13:53.217	11.3
11:13:53.229	10.8
11:13:53.238	12.2
11:13:53.250	10.8
11:13:53.262	10.3
11:13:53.270	11.0
11:13:53.283	12.1
11:13:53.295	11.3
11:13:53.303	13.0
11:13:53.315	12.5
11:13:53.328	11.5
11:13:53.336	13.9
11:13:53.348	13.9
11:13:53.360	14.9
11:13:53.373	14.2
11:13:53.385	12.8
11:13:53.393	15.0
11:13:53.405	16.2
11:13:53.418	15.2
11:13:53.426	15.6
11:13:53.438	17.4
11:13:53.450	15.5
11:13:53.459	17.2
11:13:53.471	16.3
11:13:53.483	15.5
11:13:53.492	16.8
11:13:53.504	16.8
11:13:53.516	17.4
11:13:53.528	16.9
11:13:53.536	19.7
11:13:53.549	17.3
11:13:53.561	16.9
11:13:53.569	16.3
11:13:53.582	15.3
11:13:53.594	15.8
11:13:53.602	14.3
11:13:53.614	12.2
11:13:53.626	12.0
11:13:53.635	12.3
11:13:53.647	9.8
11:13:53.659	13.0
11:13:53.667	13.8
11:13:53.680	14.6
11:13:53.692	16.2
11:13:53.704	18.0
11:13:53.713	18.7
11:13:53.725	18.7
11:13:53.737	19.3
11:13:53.745	19.9
11:13:53.758	22.5
11:13:53.770	19.1
11:13:53.782	18.6
11:13:53.790	18.4
11:13:53.803	18.7
11:13:53.815	17.4
11:13:53.823	18.9
11:13:53.835	18.6
11:13:53.848	16.5
11:13:53.856	16.4
11:13:53.868	12.6
11:13:53.880	15.0
11:13:53.889	15.5
11:13:53.901	13.3
11:13:53.913	14.3
11:13:53.921	14.4
11:13:53.934	12.4
11:13:53.946	12.2
11:13:53.958	13.5
11:13:53.966	11.4
11:13:53.979	13.3
11:13:53.991	11.0
11:13:53.999	8.8
11:13:54.012	9.2
11:13:54.024	6.7
11:13:54.036	6.8
11:13:54.044	7.5
11:13:54.056	8.9
11:13:54.069	8.0
11:13:54.077	9.7
11:13:54.089	9.3
11:13:54.102	11.0
11:13:54.110	11.5
11:13:54.122	10.5
11:13:54.134	11.3
11:13:54.143	10.8
11:13:54.155	9.9
11:13:54.167	8.7
11:13:54.175	9.6
11:13:54.188	8.8
11:13:54.200	7.3
11:13:54.212	5.3
11:13:54.220	6.2
11:13:54.233	9.4
11:13:54.245	10.5
11:13:54.253	9.6
11:13:54.265	9.1
11:13:54.278	9.3
11:13:54.286	9.5
11:13:54.298	9.0
11:13:54.310	10.5
11:13:54.319	11.6
11:13:54.331	11.1
11:13:54.343	10.4
11:13:54.355	8.6
11:13:54.364	8.3
11:13:54.376	9.6
11:13:54.388	9.6
11:13:54.396	7.8
11:13:54.409	8.4
11:13:54.421	8.7
11:13:54.429	8.4
11:13:54.441	9.0
11:13:54.454	7.7
11:13:54.466	7.3
11:13:54.474	7.8
11:13:54.486	7.0
11:13:54.499	6.6
11:13:54.507	7.9
11:13:54.519	8.2
11:13:54.531	7.7
11:13:54.540	6.7
11:13:54.552	7.7
11:13:54.564	7.2
11:13:54.572	8.8
11:13:54.585	10.4
11:13:54.597	12.1
11:13:54.605	10.6
11:13:54.617	9.8
11:13:54.630	9.3
11:13:54.642	9.5
11:13:54.650	10.4
11:13:54.663	8.4
11:13:54.675	8.2
11:13:54.683	7.1
11:13:54.695	4.2
11:13:54.708	2.2
11:13:54.720	2.9
11:13:54.728	2.8
11:13:54.740	0.7
11:13:54.753	-1.2
11:13:54.761	-3.1
11:13:54.773	-3.6
11:13:54.785	-4.0
11:13:54.794	-2.9
11:13:54.806	-3.5
11:13:54.818	-5.0
11:13:54.826	-5.7
11:13:54.839	-7.9
11:13:54.851	-7.3
11:13:54.859	-9.2
11:13:54.871	-7.7
11:13:54.884	-7.1
11:13:54.896	-8.8
11:13:54.904	-10.2
11:13:54.916	-11.5
11:13:54.929	-11.5
11:13:54.937	-8.5
11:13:54.949	-9.3
11:13:54.961	-10.0
11:13:54.970	-8.9
11:13:54.982	-11.3
11:13:54.994	-12.9
11:13:55.006	-13.6
11:13:55.015	-12.3
11:13:55.027	-12.1
11:13:55.039	-13.0
11:13:55.047	-17.0
11:13:55.060	-15.5
11:13:55.072	-16.1
11:13:55.080	-16.6
11:13:55.092	-16.6
11:13:55.105	-17.2
11:13:55.113	-15.8
11:13:55.125	-17.7
11:13:55.138	-16.9
11:13:55.150	-16.3
11:13:55.158	-15.1
11:13:55.170	-15.2
11:13:55.183	-13.8
11:13:55.191	-12.8
11:13:55.203	-14.0
11:13:55.215	-13.1
11:13:55.224	-12.8
11:13:55.236	-13.7
11:13:55.248	-15.0
11:13:55.256	-13.1
11:13:55.269	-16.0
11:13:55.281	-16.6
11:13:55.293	-15.0
11:13:55.302	-15.2
11:13:55.314	-14.2
11:13:55.326	-13.5
11:13:55.338	-16.2
11:13:55.347	-15.3
11:13:55.359	-13.1
11:13:55.371	-15.2
11:13:55.379	-12.5
11:13:55.392	-11.8
11:13:55.404	-14.1
11:13:55.412	-14.8
11:13:55.424	-12.9
11:13:55.437	-12.9
11:13:55.449	-11.2
11:13:55.457	-10.5
11:13:55.469	-9.9
11:13:55.482	-10.1
11:13:55.490	-11.3
11:13:55.502	-10.7
11:13:55.510	-9.0
11:13:55.522	-6.6
11:13:55.535	-7.0
11:13:55.543	-7.8
11:13:55.555	-6.9
11:13:55.567	-8.5
11:13:55.580	-9.0
11:13:55.588	-7.1
11:13:55.600	-5.7
11:13:55.612	-7.0
11:13:55.625	-8.8
11:13:55.633	-9.8
11:13:55.645	-9.5
11:13:55.657	-7.5
11:13:55.666	-7.8
11:13:55.678	-4.5
11:13:55.690	-3.6
11:13:55.703	-2.9
11:13:55.711	-3.4
11:13:55.723	-2.2
11:13:55.735	-0.7
11:13:55.743	-0.2
11:13:55.756	-0.4
11:13:55.768	-1.7
11:13:55.776	-0.4
11:13:55.788	-0.2
11:13:55.801	-1.0
11:13:55.809	-2.6
11:13:55.821	-0.8
11:13:55.833	-0.9
11:13:55.842	-1.7
11:13:55.854	-2.2
11:13:55.866	-0.1
11:13:55.878	0.0
11:13:55.887	-0.2
11:13:55.899	-1.9
11:13:55.911	-1.3
11:13:55.919	-2.3
11:13:55.932	-3.0
11:13:55.944	-1.9
11:13:55.956	-1.3
11:13:55.964	-0.2
11:13:55.977	-3.6
11:13:55.989	-3.4
11:13:55.997	-2.0
11:13:56.011	-2.8
11:13:56.023	-4.9
11:13:56.031	-1.4
11:13:56.043	-2.5
11:13:56.056	-3.6
11:13:56.064	-4.7
11:13:56.076	-4.0
11:13:56.089	-2.0
11:13:56.097	-0.3
11:13:56.109	-1.8
11:13:56.121	-1.8
11:13:56.133	0.8
11:13:56.142	-0.4
11:13:56.154	0.6
11:13:56.166	1.0
11:13:56.174	3.0
11:13:56.187	2.9
11:13:56.199	2.4
11:13:56.207	0.6
11:13:56.219	0.8
11:13:56.232	2.3
11:13:56.240	0.6
11:13:56.252	-1.1
11:13:56.264	-0.5
11:13:56.277	-1.3
11:13:56.285	-3.6
11:13:56.297	-2.5
11:13:56.309	-2.3
11:13:56.318	-1.5
11:13:56.330	-1.3
11:13:56.342	-2.1
11:13:56.350	-2.0
11:13:56.363	-2.8
11:13:56.375	-3.9
11:13:56.387	-3.5
11:13:56.395	-1.5
11:13:56.408	-3.4
11:13:56.420	-3.3
11:13:56.428	-3.7
11:13:56.441	-3.8
11:13:56.453	-5.2
11:13:56.461	-4.9
11:13:56.473	-3.4
11:13:56.486	-3.6
11:13:56.494	-3.1
11:13:56.506	-4.6
11:13:56.518	-3.6
11:13:56.526	-5.2
11:13:56.539	-4.0
11:13:56.551	-3.5
11:13:56.563	-2.7
11:13:56.572	-3.4
11:13:56.584	-2.3
11:13:56.596	-2.7
11:13:56.604	-3.2
11:13:56.617	-4.1
11:13:56.629	-6.0
11:13:56.641	-5.3
11:13:56.649	-8.4
11:13:56.662	-8.4
11:13:56.674	-9.3
11:13:56.682	-9.1
11:13:56.694	-8.8
11:13:56.707	-9.0
11:13:56.715	-9.3
11:13:56.727	-7.3
11:13:56.739	-8.1
11:13:56.748	-8.8
11:13:56.760	-8.7
11:13:56.772	-9.9
11:13:56.780	-10.6
11:13:56.793	-10.8
11:13:56.805	-12.3
11:13:56.817	-10.2
11:13:56.825	-6.7
11:13:56.838	-6.4
11:13:56.850	-5.4
11:13:56.858	-3.3
11:13:56.870	-2.6
11:13:56.883	-2.3
11:13:56.891	-1.3
11:13:56.903	0.1
11:13:56.915	1.6
11:13:56.928	-0.5
11:13:56.936	-2.3
11:13:56.948	-3.3
11:13:56.961	-0.4
11:13:56.969	-0.4
11:13:56.981	0.5
11:13:56.993	0.7
11:13:57.001	3.3
11:13:57.014	3.4
11:13:57.026	4.9
11:13:57.034	5.5
11:13:57.047	4.5
11:13:57.059	5.6
11:13:57.071	4.3
11:13:57.079	3.7
11:13:57.092	4.1
11:13:57.104	3.1
11:13:57.112	1.8
11:13:57.124	4.4
11:13:57.137	1.5
11:13:57.145	3.2
11:13:57.157	3.5
11:13:57.169	3.3
11:13:57.178	3.6
11:13:57.190	2.9
11:13:57.202	2.6
11:13:57.214	4.7
11:13:57.223	4.8
11:13:57.235	1.2
11:13:57.247	2.4
11:13:57.255	2.1
11:13:57.268	2.2
11:13:57.280	3.5
11:13:57.288	2.1
11:13:57.300	3.8
11:13:57.313	4.1
11:13:57.325	2.5
11:13:57.333	1.8
11:13:57.345	1.4
11:13:57.358	0.2
11:13:57.366	-0.1
11:13:57.378	-1.4
11:13:57.390	-3.0
11:13:57.399	-2.2
11:13:57.411	-2.7
11:13:57.423	0.1
11:13:57.431	1.2
11:13:57.444	2.5
11:13:57.456	3.6
11:13:57.464	4.3
11:13:57.476	5.0
11:13:57.489	7.2
11:13:57.501	7.2
11:13:57.509	7.1
11:13:57.522	6.6
11:13:57.534	3.7
11:13:57.542	5.6
11:13:57.554	3.8
11:13:57.567	3.2
11:13:57.579	5.0
11:13:57.587	2.3
11:13:57.599	1.3
11:13:57.612	2.3
11:13:57.624	1.1
11:13:57.632	0.5
11:13:57.644	1.7
11:13:57.657	0.5
11:13:57.665	1.5
11:13:57.677	1.0
11:13:57.689	-2.6
11:13:57.698	-1.5
11:13:57.710	-1.2
11:13:57.722	-1.2
11:13:57.730	1.3
11:13:57.743	3.3
11:13:57.755	1.6
11:13:57.763	0.8
11:13:57.775	0.9
11:13:57.788	5.5
11:13:57.800	7.6
11:13:57.808	7.9
11:13:57.820	6.5
11:13:57.833	5.5
11:13:57.841	3.0
11:13:57.853	0.7
11:13:57.866	4.5
11:13:57.878	3.4
11:13:57.886	3.4
11:13:57.898	3.1
11:13:57.911	3.8
11:13:57.919	5.1
11:13:57.931	5.5
11:13:57.944	4.9
11:13:57.952	5.5
11:13:57.964	6.2
11:13:57.976	2.5
11:13:57.984	2.3
11:13:57.997	4.8
11:13:58.009	3.3
11:13:58.017	5.9
11:13:58.029	5.0
11:13:58.042	7.9
11:13:58.054	7.9
11:13:58.062	8.1
11:13:58.075	6.6
11:13:58.087	5.5
11:13:58.095	6.3
11:13:58.107	6.1
11:13:58.120	7.0
11:13:58.128	4.6
11:13:58.140	6.3
11:13:58.152	5.3
11:13:58.161	5.8
11:13:58.173	5.7
11:13:58.185	11.4
11:13:58.197	15.3
11:13:58.206	14.2
11:13:58.218	13.1
11:13:58.230	10.9
11:13:58.238	11.8
11:13:58.251	10.2
11:13:58.263	10.9
11:13:58.271	10.9
11:13:58.283	11.0
11:13:58.296	7.7
11:13:58.308	5.8
11:13:58.316	7.4
11:13:58.328	7.2
11:13:58.341	7.4
11:13:58.349	6.8
11:13:58.361	9.8
11:13:58.374	10.7
11:13:58.382	11.6
11:13:58.394	13.2
11:13:58.406	16.7
11:13:58.414	20.0
11:13:58.427	23.5
11:13:58.439	24.2
11:13:58.447	25.9
11:13:58.459	25.8
11:13:58.472	25.7
11:13:58.484	24.9
11:13:58.492	26.3
11:13:58.504	27.3
11:13:58.517	26.5
11:13:58.525	23.8
11:13:58.537	22.9
11:13:58.550	23.4
11:13:58.562	24.6
11:13:58.570	26.1
11:13:58.582	25.7
11:13:58.595	26.0
11:13:58.603	25.9
11:13:58.615	25.1
11:13:58.627	24.7
11:13:58.636	24.7
11:13:58.648	24.4
11:13:58.660	25.5
11:13:58.668	24.7
11:13:58.681	23.0
11:13:58.693	21.3
11:13:58.701	20.3
11:13:58.713	19.6
11:13:58.726	19.1
11:13:58.738	15.8
11:13:58.746	15.8
11:13:58.758	14.5
11:13:58.771	13.8
11:13:58.779	15.1
11:13:58.791	15.1
11:13:58.803	15.8
11:13:58.812	17.4
11:13:58.824	17.4
11:13:58.836	17.6
11:13:58.848	20.1
11:13:58.857	21.4
11:13:58.869	23.2
11:13:58.881	20.8
11:13:58.889	17.0
11:13:58.902	20.1
11:13:58.914	19.0
11:13:58.922	19.1
11:13:58.934	19.6
11:13:58.947	19.1
11:13:58.955	18.3
11:13:58.967	17.3
11:13:58.980	16.7
11:13:58.992	18.6
11:13:59.000	19.1
11:13:59.012	15.0
11:13:59.025	16.1
11:13:59.033	13.9
11:13:59.045	15.0
11:13:59.057	15.5
11:13:59.065	16.6
11:13:59.078	17.4
11:13:59.090	16.0
11:13:59.098	14.9
11:13:59.111	16.9
11:13:59.123	22.0
11:13:59.135	21.4
11:13:59.143	24.3
11:13:59.156	22.7
11:13:59.168	23.4
11:13:59.176	25.0
11:13:59.188	23.1
11:13:59.201	24.0
11:13:59.209	23.5
11:13:59.221	22.8
11:13:59.233	18.3
11:13:59.246	19.3
11:13:59.254	17.0
11:13:59.266	19.2
11:13:59.278	17.7
11:13:59.287	16.3
11:13:59.299	17.9
11:13:59.311	17.4
11:13:59.323	18.8
11:13:59.332	20.3
11:13:59.344	22.5
11:13:59.357	23.3
11:13:59.364	24.3
11:13:59.377	22.2
11:13:59.389	23.8
11:13:59.397	23.4
11:13:59.409	23.6
11:13:59.422	22.5
11:13:59.430	22.5
11:13:59.442	20.1
11:13:59.454	18.9
11:13:59.467	19.6
11:13:59.475	18.2
11:13:59.487	17.9
11:13:59.500	15.8
11:13:59.508	14.3
11:13:59.520	13.8
11:13:59.532	14.2
11:13:59.545	14.9
11:13:59.553	16.6
11:13:59.565	16.7
11:13:59.577	13.8
11:13:59.586	14.5
11:13:59.598	14.6
11:13:59.610	15.0
11:13:59.618	16.1
11:13:59.631	15.8
11:13:59.643	17.0
11:13:59.651	14.6
11:13:59.663	11.3
11:13:59.676	9.0
11:13:59.684	8.4
11:13:59.696	7.4
11:13:59.708	8.8
11:13:59.721	11.3
11:13:59.729	10.5
11:13:59.741	11.6
11:13:59.753	9.6
11:13:59.762	10.1
11:13:59.774	12.8
11:13:59.786	13.0
11:13:59.798	14.1
11:13:59.807	13.9
11:13:59.819	13.1
11:13:59.831	11.3
11:13:59.839	10.8
11:13:59.852	7.8
11:13:59.864	7.4
11:13:59.872	6.7
11:13:59.884	4.3
11:13:59.897	5.5
11:13:59.905	5.0
11:13:59.917	4.5
11:13:59.929	2.7
11:13:59.938	2.3
11:13:59.950	1.9
11:13:59.962	1.9
11:13:59.975	1.0
11:13:59.983	1.1
11:13:59.995	1.6
11:14:00.007	0.4
11:14:00.015	-1.0
11:14:00.028	0.5
11:14:00.040	-0.3
11:14:00.048	-1.2
11:14:00.061	-2.2
11:14:00.073	-2.6
11:14:00.081	-2.0
11:14:00.093	-3.4
11:14:00.106	-3.6
11:14:00.118	-3.8
11:14:00.126	-3.9
11:14:00.138	-5.7
11:14:00.151	-4.9
11:14:00.159	-6.4
11:14:00.171	-4.9
11:14:00.183	-5.8
11:14:00.192	-5.5
11:14:00.204	-5.8
11:14:00.216	-7.3
11:14:00.228	-6.8
11:14:00.237	-7.4
11:14:00.249	-7.1
11:14:00.261	-6.1
11:14:00.269	-4.5
11:14:00.282	-6.1
11:14:00.294	-5.2
11:14:00.302	-5.8
11:14:00.314	-6.1
11:14:00.327	-4.3
11:14:00.335	-6.5
11:14:00.348	-5.9
11:14:00.359	-7.6
11:14:00.368	-11.0
11:14:00.380	-13.2
11:14:00.393	-15.2
11:14:00.405	-15.5
11:14:00.413	-15.9
11:14:00.426	-14.8
11:14:00.438	-17.1
11:14:00.447	-17.0
11:14:00.459	-17.2
11:14:00.471	-16.8
11:14:00.483	-15.2
11:14:00.492	-13.5
11:14:00.504	-12.3
11:14:00.516	-13.1
11:14:00.524	-13.6
11:14:00.537	-13.9
11:14:00.549	-12.0
11:14:00.557	-10.5
11:14:00.569	-11.8
11:14:00.582	-9.7
11:14:00.590	-11.1
11:14:00.602	-13.3
11:14:00.614	-11.3
11:14:00.622	-9.4
11:14:00.635	-8.9
11:14:00.647	-8.4
11:14:00.659	-10.5
11:14:00.668	-9.9
11:14:00.680	-8.7
11:14:00.692	-11.7
11:14:00.700	-10.5
11:14:00.713	-7.5
11:14:00.725	-9.9
11:14:00.733	-10.3
11:14:00.745	-8.7
11:14:00.758	-9.9
11:14:00.770	-6.9
11:14:00.778	-8.2
11:14:00.790	-7.4
11:14:00.803	-6.0
11:14:00.811	-5.5
11:14:00.823	-6.2
11:14:00.835	-5.7
11:14:00.844	-4.7
11:14:00.856	-5.2
11:14:00.868	-4.6
11:14:00.876	-4.5
11:14:00.889	-4.2
11:14:00.901	-2.4
11:14:00.913	-1.2
11:14:00.921	1.2
11:14:00.934	1.3
11:14:00.946	3.7
11:14:00.954	3.8
11:14:00.966	5.3
11:14:00.979	5.1
11:14:00.987	5.1
11:14:00.999	4.7
11:14:01.012	4.1
11:14:01.020	3.3
11:14:01.032	2.0
11:14:01.044	1.9
11:14:01.057	2.3
11:14:01.065	3.6
11:14:01.077	3.4
11:14:01.089	4.9
11:14:01.098	4.7
11:14:01.110	6.2
11:14:01.122	7.1
11:14:01.130	8.1
11:14:01.143	7.7
11:14:01.155	10.3
11:14:01.167	10.6
11:14:01.175	9.1
11:14:01.188	8.8
11:14:01.200	10.4
11:14:01.208	8.6
11:14:01.220	9.2
11:14:01.233	7.9
11:14:01.241	8.0
11:14:01.253	7.8
11:14:01.265	6.6
11:14:01.274	7.0
11:14:01.286	7.0
11:14:01.298	7.5
11:14:01.306	6.4
11:14:01.319	11.6
11:14:01.331	10.9
11:14:01.343	11.0
11:14:01.351	14.0
11:14:01.364	14.7
11:14:01.376	15.2
11:14:01.388	14.6
11:14:01.396	15.5
11:14:01.409	15.5
11:14:01.421	18.0
11:14:01.429	16.9
11:14:01.441	17.6
11:14:01.454	17.0
11:14:01.466	14.7
11:14:01.474	15.9
11:14:01.487	15.2
11:14:01.499	16.3
11:14:01.507	16.4
11:14:01.519	15.9
11:14:01.532	13.9
11:14:01.540	12.8
11:14:01.552	12.5
11:14:01.564	12.6
11:14:01.573	15.3
11:14:01.585	15.2
11:14:01.597	14.7
11:14:01.605	11.9
11:14:01.618	13.0
11:14:01.630	13.2
11:14:01.642	15.3
11:14:01.650	14.4
11:14:01.663	17.9
11:14:01.675	18.6
11:14:01.683	16.4
11:14:01.695	16.2
11:14:01.708	16.5
11:14:01.720	19.8
11:14:01.728	17.1
11:14:01.740	20.2
11:14:01.753	19.6
11:14:01.761	21.0
11:14:01.773	17.5
11:14:01.785	17.9
11:14:01.794	17.9
11:14:01.806	17.5
11:14:01.818	18.3
11:14:01.826	16.4
11:14:01.839	17.5
11:14:01.851	15.1
11:14:01.859	16.0
11:14:01.871	12.6
11:14:01.884	14.4
11:14:01.896	13.9
11:14:01.904	14.8
11:14:01.917	14.4
11:14:01.929	13.4
11:14:01.937	14.3
11:14:01.949	14.4
11:14:01.962	15.2
11:14:01.970	12.9
11:14:01.982	16.0
11:14:01.994	15.2
11:14:02.002	16.5
11:14:02.015	15.8
11:14:02.027	16.5
11:14:02.039	18.1
11:14:02.048	18.2
11:14:02.060	18.7
11:14:02.072	18.1
11:14:02.080	20.1
11:14:02.093	22.2
11:14:02.105	22.0
11:14:02.113	20.7
11:14:02.126	21.1
11:14:02.138	19.5
11:14:02.150	16.9
11:14:02.158	16.8
11:14:02.170	18.2
11:14:02.183	17.1
11:14:02.191	15.0
11:14:02.203	12.8
11:14:02.215	12.4
11:14:02.224	12.8
11:14:02.236	11.8
11:14:02.248	12.6
11:14:02.256	15.8
11:14:02.269	14.7
11:14:02.281	13.2
11:14:02.289	12.3
11:14:02.301	15.0
11:14:02.314	14.1
11:14:02.326	14.5
11:14:02.334	13.6
11:14:02.346	13.7
11:14:02.359	14.6
11:14:02.367	12.9
11:14:02.379	14.3
11:14:02.392	14.5
11:14:02.404	16.4
11:14:02.412	12.3
11:14:02.424	12.7
11:14:02.437	12.7
11:14:02.445	15.1
11:14:02.457	15.9
11:14:02.469	15.0
11:14:02.477	16.3
11:14:02.490	13.8
11:14:02.502	13.8
11:14:02.510	12.5
11:14:02.523	14.7
11:14:02.535	14.5
11:14:02.543	14.8
11:14:02.555	13.2
11:14:02.568	11.6
11:14:02.580	13.0
11:14:02.588	11.7
11:14:02.600	14.1
11:14:02.613	14.1
11:14:02.621	15.0
11:14:02.633	12.9
11:14:02.645	15.0
11:14:02.654	14.4
11:14:02.666	13.8
11:14:02.678	14.8
11:14:02.690	14.8
11:14:02.699	15.5
11:14:02.711	14.9
11:14:02.723	15.5
11:14:02.731	15.1
11:14:02.744	14.9
11:14:02.756	11.3
11:14:02.764	12.5
11:14:02.776	14.3
11:14:02.789	13.6
11:14:02.797	15.7
11:14:02.809	14.6
11:14:02.821	13.5
11:14:02.834	11.8
11:14:02.842	10.7
11:14:02.854	11.6
11:14:02.866	13.5
11:14:02.875	12.8
11:14:02.887	12.9
11:14:02.899	14.5
11:14:02.907	12.6
11:14:02.920	15.6
11:14:02.932	15.4
11:14:02.940	16.2
11:14:02.952	17.3
11:14:02.965	17.7
11:14:02.977	17.2
11:14:02.985	17.4
11:14:02.998	14.8
11:14:03.010	12.6
11:14:03.018	11.8
11:14:03.030	10.5
11:14:03.043	11.4
11:14:03.051	9.9
11:14:03.063	9.0
11:14:03.075	8.9
11:14:03.088	9.8
11:14:03.096	8.5
11:14:03.108	8.1
11:14:03.120	8.1
11:14:03.129	6.1
11:14:03.141	4.1
11:14:03.153	3.5
11:14:03.161	5.5
11:14:03.174	6.7
11:14:03.186	5.2
11:14:03.194	2.7
11:14:03.206	3.5
11:14:03.219	4.0
11:14:03.227	4.9
11:14:03.239	5.5
11:14:03.251	4.0
11:14:03.264	3.0
11:14:03.272	0.8
11:14:03.284	-1.7
11:14:03.296	-1.1
11:14:03.305	1.3
11:14:03.317	0.2
11:14:03.329	-0.4
11:14:03.341	-0.8
11:14:03.350	-1.4
11:14:03.362	-0.4
11:14:03.375	2.7
11:14:03.383	3.3
11:14:03.395	3.8
11:14:03.407	3.5
11:14:03.415	0.7
11:14:03.428	0.1
11:14:03.440	0.2
11:14:03.448	-1.5
11:14:03.461	-0.4
11:14:03.473	-0.2
11:14:03.481	-4.7
11:14:03.493	-5.9
11:14:03.506	-5.7
11:14:03.518	-6.9
11:14:03.526	-6.2
11:14:03.538	-7.7
11:14:03.551	-8.6
11:14:03.563	-10.4
11:14:03.571	-12.4
11:14:03.583	-12.1
11:14:03.596	-11.5
11:14:03.604	-12.4
11:14:03.616	-13.4
11:14:03.628	-12.0
11:14:03.641	-13.1
11:14:03.649	-14.0
11:14:03.661	-14.3
11:14:03.673	-12.8
11:14:03.682	-12.5
11:14:03.694	-16.1
11:14:03.706	-13.3
11:14:03.714	-13.0
11:14:03.727	-12.6
11:14:03.739	-13.4
11:14:03.747	-14.0
11:14:03.760	-11.9
11:14:03.772	-12.3
11:14:03.780	-13.8
11:14:03.792	-14.3
11:14:03.805	-13.3
11:14:03.817	-16.0
11:14:03.825	-16.5
11:14:03.837	-17.7
11:14:03.850	-18.5
11:14:03.858	-18.4
11:14:03.870	-19.6
11:14:03.882	-19.6
11:14:03.891	-17.6
11:14:03.903	-16.5
11:14:03.915	-17.1
11:14:03.923	-17.7
11:14:03.936	-16.2
11:14:03.948	-16.4
11:14:03.960	-15.8
11:14:03.968	-15.7
11:14:03.981	-14.6
11:14:03.993	-14.1
11:14:04.001	-14.2
11:14:04.013	-15.5
11:14:04.026	-14.2
11:14:04.034	-14.3
11:14:04.046	-14.5
11:14:04.058	-13.6
11:14:04.071	-13.7
11:14:04.079	-12.9
11:14:04.091	-13.9
11:14:04.103	-12.5
11:14:04.112	-12.2
11:14:04.124	-10.7
11:14:04.136	-11.0
11:14:04.145	-10.8
11:14:04.157	-10.4
11:14:04.169	-9.9
11:14:04.177	-9.5
11:14:04.189	-10.5
11:14:04.202	-9.3
11:14:04.210	-9.8
11:14:04.222	-8.6
11:14:04.235	-8.3
11:14:04.247	-6.6
11:14:04.255	-5.7
11:14:04.267	-5.8
11:14:04.280	-5.4
11:14:04.288	-4.4
11:14:04.300	-3.3
11:14:04.312	-4.4
11:14:04.325	-1.8
11:14:04.333	-3.9
11:14:04.345	-2.0
11:14:04.357	-2.7
11:14:04.366	-0.8
11:14:04.378	-1.3
11:14:04.390	-1.8
11:14:04.398	-0.3
11:14:04.411	2.1
11:14:04.423	5.1
11:14:04.431	2.8
11:14:04.443	5.0
11:14:04.456	4.0
11:14:04.464	6.3
11:14:04.476	4.4
11:14:04.489	5.2
11:14:04.501	7.4
11:14:04.509	5.9
11:14:04.521	6.0
11:14:04.533	5.4
11:14:04.542	6.3
11:14:04.554	5.4
11:14:04.566	5.6
11:14:04.574	4.6
11:14:04.587	5.9
11:14:04.599	6.4
11:14:04.611	6.1
11:14:04.620	6.8
11:14:04.632	7.0
11:14:04.644	7.8
11:14:04.652	7.4
11:14:04.664	7.8
11:14:04.677	8.4
11:14:04.685	13.6
11:14:04.697	13.1
11:14:04.710	13.1
11:14:04.718	15.5
11:14:04.730	16.0
11:14:04.742	15.5
11:14:04.755	16.2
11:14:04.763	18.5
11:14:04.775	18.4
11:14:04.787	18.9
11:14:04.796	14.8
11:14:04.808	16.2
11:14:04.820	15.9
11:14:04.828	15.9
11:14:04.841	17.0
11:14:04.853	18.9
11:14:04.861	19.1
11:14:04.873	17.6
11:14:04.886	19.8
11:14:04.898	19.1
11:14:04.906	17.9
11:14:04.918	18.0
11:14:04.931	19.8
11:14:04.939	21.1
11:14:04.951	20.4
11:14:04.963	19.4
11:14:04.972	19.2
11:14:04.984	19.5
11:14:04.996	19.6
11:14:05.008	19.8
11:14:05.017	22.6
11:14:05.029	23.1
11:14:05.041	21.2
11:14:05.049	18.8
11:14:05.062	19.7
11:14:05.074	19.2
11:14:05.082	20.8
11:14:05.094	21.5
11:14:05.107	21.4
11:14:05.115	21.6
11:14:05.127	20.0
11:14:05.139	18.9
11:14:05.148	20.3
11:14:05.160	22.5
11:14:05.172	21.1
11:14:05.185	19.7
11:14:05.193	18.3
11:14:05.205	17.7
11:14:05.217	15.6
11:14:05.226	15.0
11:14:05.238	15.3
11:14:05.250	16.4
11:14:05.262	15.6
11:14:05.271	12.7
11:14:05.283	15.3
11:14:05.295	16.5
11:14:05.307	15.0
11:14:05.316	14.4
11:14:05.328	14.8
11:14:05.340	16.5
11:14:05.348	16.2
11:14:05.361	18.4
11:14:05.373	20.9
11:14:05.381	22.0
11:14:05.393	18.6
11:14:05.406	16.9
11:14:05.414	18.2
11:14:05.426	18.1
11:14:05.438	18.2
11:14:05.447	17.1
11:14:05.460	16.4
11:14:05.471	13.3
11:14:05.483	10.4
11:14:05.492	9.2
11:14:05.504	8.5
11:14:05.516	9.7
11:14:05.524	8.9
11:14:05.537	9.0
11:14:05.549	11.3
11:14:05.561	9.8
11:14:05.570	9.9
11:14:05.582	9.7
11:14:05.594	11.0
11:14:05.602	11.3
11:14:05.615	12.1
11:14:05.627	11.8
11:14:05.635	10.5
11:14:05.647	11.0
11:14:05.660	8.4
11:14:05.668	9.1
11:14:05.680	8.6
11:14:05.692	8.5
11:14:05.701	7.9
11:14:05.713	7.2
11:14:05.725	8.8
11:14:05.737	8.9
11:14:05.746	9.6
11:14:05.758	8.3
11:14:05.771	7.0
11:14:05.779	4.9
11:14:05.792	4.4
11:14:05.804	3.5
11:14:05.812	2.4
11:14:05.824	0.7
11:14:05.837	-3.1
11:14:05.845	-3.2
11:14:05.857	-2.5
11:14:05.869	-2.3
11:14:05.882	-2.0
11:14:05.890	-2.0
11:14:05.902	-2.1
11:14:05.915	-3.3
11:14:05.923	-4.1
11:14:05.935	-3.8
11:14:05.947	-3.6
11:14:05.955	-4.3
11:14:05.968	-5.9
11:14:05.980	-8.3
11:14:05.992	-9.5
11:14:06.000	-9.3
11:14:06.013	-10.7
11:14:06.025	-11.6
11:14:06.033	-9.6
11:14:06.046	-9.4
11:14:06.058	-9.5
11:14:06.066	-9.6
11:14:06.078	-10.2
11:14:06.091	-9.0
11:14:06.099	-9.1
11:14:06.111	-8.0
11:14:06.123	-7.4
11:14:06.132	-5.1
11:14:06.144	-7.0
11:14:06.156	-9.3
11:14:06.168	-10.1
11:14:06.177	-13.4
11:14:06.189	-13.6
11:14:06.201	-13.4
11:14:06.209	-13.5
11:14:06.222	-14.9
11:14:06.234	-15.3
11:14:06.246	-15.1
11:14:06.254	-16.1
11:14:06.267	-14.8
11:14:06.279	-14.3
11:14:06.287	-11.6
11:14:06.299	-11.9
11:14:06.312	-12.1
11:14:06.320	-12.1
11:14:06.332	-14.1
11:14:06.344	-12.5
11:14:06.353	-14.4
11:14:06.365	-14.4
11:14:06.377	-14.3
11:14:06.385	-14.1
11:14:06.398	-14.6
11:14:06.410	-14.7
11:14:06.422	-16.0
11:14:06.430	-14.6
11:14:06.443	-12.2
11:14:06.455	-13.6
11:14:06.463	-12.4
11:14:06.475	-12.3
11:14:06.488	-11.1
11:14:06.496	-12.1
11:14:06.508	-12.4
11:14:06.521	-12.1
11:14:06.533	-10.7
11:14:06.541	-8.4
11:14:06.553	-8.3
11:14:06.566	-7.5
11:14:06.574	-6.7
11:14:06.586	-6.2
11:14:06.598	-7.8
11:14:06.607	-7.5
11:14:06.619	-5.0
11:14:06.631	-5.7
11:14:06.639	-5.1
11:14:06.652	-7.4
11:14:06.664	-7.9
11:14:06.676	-8.6
11:14:06.684	-9.5
11:14:06.697	-10.1
11:14:06.709	-7.8
11:14:06.717	-6.8
11:14:06.729	-8.5
11:14:06.742	-7.8
11:14:06.750	-7.6
11:14:06.762	-7.0
11:14:06.774	-7.2
11:14:06.783	-6.4
11:14:06.795	-7.3
11:14:06.807	-6.3
11:14:06.819	-7.5
11:14:06.828	-7.1
11:14:06.840	-6.6
11:14:06.852	-5.9
11:14:06.860	-4.7
11:14:06.873	-6.4
11:14:06.885	-6.6
11:14:06.893	-4.3
11:14:06.905	-0.3
11:14:06.918	0.7
11:14:06.930	-0.3
11:14:06.938	-0.1
11:14:06.951	-0.2
11:14:06.963	2.5
11:14:06.971	1.5
11:14:06.983	2.5
11:14:06.995	3.9
11:14:07.004	0.1
11:14:07.016	-2.5
11:14:07.028	-2.6
11:14:07.036	0.1
11:14:07.049	1.4
11:14:07.061	1.6
11:14:07.069	2.0
11:14:07.081	3.5
11:14:07.094	4.0
11:14:07.106	3.5
11:14:07.114	6.0
11:14:07.127	7.1
11:14:07.139	7.5
11:14:07.147	7.5
11:14:07.159	7.3
11:14:07.172	8.2
11:14:07.184	8.7
11:14:07.192	7.1
11:14:07.204	7.7
11:14:07.217	8.5
11:14:07.225	9.4
11:14:07.237	10.3
11:14:07.249	10.6
11:14:07.258	11.9
11:14:07.270	13.1
11:14:07.282	14.0
11:14:07.294	10.9
11:14:07.303	10.9
11:14:07.315	11.5
11:14:07.327	12.0
11:14:07.335	11.8
11:14:07.348	11.7
11:14:07.360	11.9
11:14:07.368	11.9
11:14:07.380	12.6
11:14:07.393	13.1
11:14:07.405	15.1
11:14:07.413	17.3
11:14:07.425	17.9
11:14:07.438	17.6
11:14:07.446	16.9
11:14:07.458	16.4
11:14:07.471	16.6
11:14:07.483	15.3
11:14:07.491	13.6
11:14:07.503	13.6
11:14:07.516	12.9
11:14:07.524	11.6
11:14:07.536	10.9
11:14:07.548	11.8
11:14:07.557	13.2
11:14:07.569	14.4
11:14:07.581	15.8
11:14:07.589	17.1
11:14:07.602	19.9
11:14:07.614	20.0
11:14:07.622	18.2
11:14:07.635	18.5
11:14:07.647	19.4
11:14:07.659	20.6
11:14:07.667	19.9
11:14:07.680	20.4
11:14:07.692	19.6
11:14:07.700	18.6
11:14:07.712	15.9
11:14:07.725	12.8
11:14:07.733	14.9
11:14:07.745	15.6
11:14:07.757	12.8
11:14:07.766	12.0
11:14:07.778	10.2
11:14:07.790	7.0
11:14:07.803	6.4
11:14:07.811	4.7
11:14:07.823	4.1
11:14:07.835	4.4
11:14:07.843	2.6
11:14:07.856	0.4
11:14:07.868	1.9
11:14:07.876	0.3
11:14:07.889	0.1
11:14:07.901	0.3
11:14:07.913	-1.0
11:14:07.921	-0.9
11:14:07.934	-3.0
11:14:07.946	-2.9
11:14:07.954	-3.0
11:14:07.966	-4.4
11:14:07.979	-5.8
11:14:07.987	-6.6
11:14:07.999	-7.1
11:14:08.011	-8.8
11:14:08.020	-10.8
11:14:08.032	-13.1
11:14:08.044	-12.0
11:14:08.052	-13.3
11:14:08.065	-15.8
11:14:08.077	-15.1
11:14:08.089	-14.5
11:14:08.097	-16.4
11:14:08.110	-17.2
11:14:08.122	-17.9
11:14:08.130	-16.7
11:14:08.142	-15.8
11:14:08.155	-16.7
11:14:08.167	-16.1
11:14:08.175	-14.7
11:14:08.187	-15.5
11:14:08.200	-17.5
11:14:08.208	-17.9
11:14:08.220	-16.5
11:14:08.233	-14.2
11:14:08.241	-13.6
11:14:08.253	-12.9
11:14:08.265	-11.6
11:14:08.274	-11.3
11:14:08.286	-10.9
11:14:08.298	-9.1
11:14:08.306	-3.8
11:14:08.319	-2.0
11:14:08.331	-2.8
11:14:08.343	-3.8
11:14:08.351	-4.3
11:14:08.364	-3.2
11:14:08.376	-3.9
11:14:08.384	-4.1
11:14:08.396	-3.8
11:14:08.409	-4.0
11:14:08.417	-7.9
11:14:08.429	-5.4
11:14:08.441	-4.7
11:14:08.454	-2.7
11:14:08.462	-2.3
11:14:08.474	-3.3
11:14:08.486	-3.2
11:14:08.495	-2.1
11:14:08.507	-2.1
11:14:08.519	-1.4
11:14:08.527	-0.8
11:14:08.540	-2.5
11:14:08.552	-2.2
11:14:08.560	-2.5
11:14:08.572	-2.9
11:14:08.585	-1.6
11:14:08.597	-0.4
11:14:08.605	1.9
11:14:08.617	2.5
11:14:08.630	1.8
11:14:08.638	2.4
11:14:08.650	2.2
11:14:08.663	1.1
11:14:08.671	0.8
11:14:08.683	2.8
11:14:08.695	1.8
11:14:08.703	3.0
11:14:08.716	1.3
11:14:08.728	0.5
11:14:08.740	1.2
11:14:08.748	0.4
11:14:08.761	2.3
11:14:08.773	3.9
11:14:08.781	4.3
11:14:08.794	4.4
11:14:08.806	6.4
11:14:08.814	7.5
11:14:08.826	8.2
11:14:08.839	7.8
11:14:08.851	8.2
11:14:08.859	6.7
11:14:08.871	4.0
11:14:08.884	4.7
11:14:08.892	3.2
11:14:08.904	2.5
11:14:08.916	1.7
11:14:08.925	0.9
11:14:08.937	0.4
11:14:08.949	1.9
11:14:08.957	2.6
11:14:08.970	4.2
11:14:08.982	6.4
11:14:08.990	7.6
11:14:09.002	11.1
11:14:09.015	10.4
11:14:09.027	10.7
11:14:09.035	11.1
11:14:09.047	10.5
11:14:09.060	10.5
11:14:09.068	11.4
11:14:09.080	13.9
11:14:09.092	13.9
11:14:09.105	13.5
11:14:09.113	13.2
11:14:09.125	13.8
11:14:09.137	13.0
11:14:09.146	12.9
11:14:09.158	12.8
11:14:09.170	13.1
11:14:09.178	12.6
11:14:09.191	11.4
11:14:09.203	11.0
11:14:09.211	9.1
11:14:09.223	6.9
11:14:09.236	5.9
11:14:09.244	4.9
11:14:09.256	3.1
11:14:09.269	2.7
11:14:09.281	2.2
11:14:09.289	0.1
11:14:09.301	-0.8
11:14:09.314	-0.1
11:14:09.322	-1.4
11:14:09.334	-3.3
11:14:09.346	-3.9
11:14:09.355	-3.8
11:14:09.367	-5.3
11:14:09.379	-6.0
11:14:09.392	-6.0
11:14:09.400	-5.7
11:14:09.412	-6.3
11:14:09.424	-10.2
11:14:09.433	-8.8
11:14:09.445	-8.6
11:14:09.457	-8.7
11:14:09.469	-8.0
11:14:09.478	-8.2
11:14:09.490	-7.5
11:14:09.502	-9.4
11:14:09.510	-9.7
11:14:09.523	-10.2
11:14:09.535	-5.9
11:14:09.543	-4.3
11:14:09.555	-2.6
11:14:09.568	-1.4
11:14:09.580	0.3
11:14:09.588	0.0
11:14:09.600	-0.6
11:14:09.613	2.8
11:14:09.621	3.4
11:14:09.634	5.3
11:14:09.646	1.9
11:14:09.654	-0.7
11:14:09.666	0.4
11:14:09.679	0.2
11:14:09.687	0.3
11:14:09.699	1.0
11:14:09.711	1.2
11:14:09.724	0.2
11:14:09.732	0.1
11:14:09.744	3.1
11:14:09.756	4.6
11:14:09.765	5.9
11:14:09.777	6.4
11:14:09.789	6.6
11:14:09.797	6.4
11:14:09.810	11.3
11:14:09.822	13.7
11:14:09.834	14.1
11:14:09.842	15.3
11:14:09.855	13.6
11:14:09.867	13.6
11:14:09.875	13.6
11:14:09.888	13.2
11:14:09.900	12.6
11:14:09.908	14.6
11:14:09.920	11.4
11:14:09.932	10.1
11:14:09.941	11.6
11:14:09.953	8.8
11:14:09.965	6.0
11:14:09.974	5.9
11:14:09.986	5.8
11:14:09.998	4.7
11:14:10.010	4.8
11:14:10.019	1.8
11:14:10.031	1.8
11:14:10.043	2.7
11:14:10.051	-1.0
11:14:10.064	2.1
11:14:10.076	3.1
11:14:10.088	2.5
11:14:10.096	2.2
11:14:10.109	2.9
11:14:10.121	2.3
11:14:10.129	2.4
11:14:10.141	1.5
11:14:10.154	0.7
11:14:10.162	1.9
11:14:10.174	0.0
11:14:10.186	1.1
11:14:10.195	2.9
11:14:10.207	1.8
11:14:10.219	0.7
11:14:10.227	2.1
11:14:10.240	0.1
11:14:10.252	0.8
11:14:10.264	-0.6
11:14:10.272	-1.4
11:14:10.285	0.7
11:14:10.297	0.3
11:14:10.305	0.9
11:14:10.317	2.7
11:14:10.330	2.4
11:14:10.338	2.3
11:14:10.350	4.5
11:14:10.362	3.6
11:14:10.375	5.2
11:14:10.383	6.2
11:14:10.395	3.9
11:14:10.408	1.6
11:14:10.416	1.1
11:14:10.428	2.6
11:14:10.440	1.3
11:14:10.448	2.5
11:14:10.461	2.5
11:14:10.473	1.7
11:14:10.481	0.6
11:14:10.494	0.6
11:14:10.506	1.9
11:14:10.518	2.6
11:14:10.526	1.9
11:14:10.539	0.4
11:14:10.551	2.3
11:14:10.559	1.4
11:14:10.572	-0.7
11:14:10.584	0.1
11:14:10.592	-0.3
11:14:10.604	1.8
11:14:10.617	1.6
11:14:10.625	1.9
11:14:10.637	2.4
11:14:10.649	1.3
11:14:10.662	0.3
11:14:10.670	0.3
11:14:10.682	2.2
11:14:10.694	2.1
11:14:10.703	4.7
11:14:10.715	1.8
11:14:10.727	1.4
11:14:10.735	1.0
11:14:10.748	-0.1
11:14:10.760	2.5
11:14:10.772	1.3
11:14:10.780	1.0
11:14:10.793	0.4
11:14:10.805	-0.4
11:14:10.813	-3.2
11:14:10.825	0.6
11:14:10.838	-0.4
11:14:10.846	2.2
11:14:10.858	3.9
11:14:10.870	1.8
11:14:10.879	3.9
11:14:10.891	3.5
11:14:10.903	3.9
11:14:10.911	4.7
11:14:10.924	3.7
11:14:10.936	-0.5
11:14:10.948	-1.5
11:14:10.956	-4.5
11:14:10.969	-4.8
11:14:10.981	-3.9
11:14:10.989	-3.6
11:14:11.002	-1.6
11:14:11.014	-1.0
11:14:11.026	-1.3
11:14:11.034	2.5
11:14:11.047	3.5
11:14:11.059	5.0
11:14:11.067	4.4
11:14:11.079	4.6
11:14:11.092	3.0
11:14:11.100	3.3
11:14:11.112	1.8
11:14:11.124	0.8
11:14:11.133	4.2
11:14:11.145	2.7
11:14:11.157	2.7
11:14:11.165	3.4
11:14:11.178	5.2
11:14:11.190	4.7
11:14:11.202	7.1
11:14:11.210	6.7
11:14:11.223	6.8
11:14:11.235	7.0
11:14:11.243	4.6
11:14:11.255	5.8
11:14:11.268	6.1
11:14:11.276	5.4
11:14:11.288	4.7
11:14:11.300	3.8
11:14:11.313	2.3
11:14:11.321	3.1
11:14:11.333	3.4
11:14:11.345	3.6
11:14:11.354	3.2
11:14:11.366	3.7
11:14:11.378	3.5
11:14:11.386	3.3
11:14:11.399	4.1
11:14:11.411	3.8
11:14:11.419	5.1
11:14:11.431	4.2
11:14:11.444	4.0
11:14:11.456	5.3
11:14:11.464	6.4
11:14:11.476	4.2
11:14:11.489	6.4
11:14:11.501	9.2
11:14:11.509	9.8
11:14:11.522	11.9
11:14:11.534	10.5
11:14:11.542	12.7
11:14:11.554	12.1
11:14:11.567	10.5
11:14:11.575	9.5
11:14:11.587	9.8
11:14:11.599	7.9
11:14:11.608	6.5
11:14:11.620	6.3
11:14:11.632	5.3
11:14:11.644	4.9
11:14:11.653	3.5
11:14:11.665	4.5
11:14:11.677	5.9
11:14:11.685	7.1
11:14:11.698	6.1
11:14:11.710	6.1
11:14:11.718	5.3
11:14:11.730	4.7
11:14:11.743	6.5
11:14:11.755	8.3
11:14:11.763	8.1
11:14:11.775	7.6
11:14:11.788	6.0
11:14:11.796	5.6
11:14:11.808	6.9
11:14:11.820	7.4
11:14:11.829	9.4
11:14:11.841	9.5
11:14:11.853	7.2
11:14:11.861	5.9
11:14:11.874	4.0
11:14:11.886	5.4
11:14:11.894	4.9
11:14:11.906	5.3
11:14:11.919	4.5
11:14:11.931	3.0
11:14:11.939	0.8
11:14:11.952	1.5
11:14:11.964	2.1
11:14:11.972	2.8
11:14:11.985	4.6
11:14:11.997	4.5
11:14:12.009	3.5
11:14:12.017	2.5
11:14:12.030	3.5
11:14:12.042	3.3
11:14:12.050	3.8
11:14:12.062	4.7
11:14:12.075	4.6
11:14:12.083	4.2
11:14:12.095	3.7
11:14:12.108	0.4
11:14:12.116	2.4
11:14:12.128	2.8
11:14:12.140	2.0
11:14:12.149	2.7
11:14:12.161	4.3
11:14:12.173	1.9
11:14:12.185	3.0
11:14:12.193	3.0
11:14:12.206	3.5
11:14:12.218	5.2
11:14:12.226	5.2
11:14:12.239	5.8
11:14:12.251	6.5
11:14:12.259	7.2
11:14:12.271	5.1
11:14:12.284	6.3
11:14:12.296	4.1
11:14:12.304	4.6
11:14:12.316	6.6
11:14:12.329	6.0
11:14:12.337	5.4
11:14:12.349	5.1
11:14:12.361	5.2
11:14:12.370	4.7
11:14:12.382	7.6
11:14:12.394	6.3
11:14:12.402	8.6
11:14:12.415	8.7
11:14:12.427	7.8
11:14:12.439	11.6
11:14:12.447	13.6
11:14:12.460	14.7
11:14:12.472	14.5
11:14:12.480	16.6
11:14:12.492	17.0
11:14:12.505	19.6
11:14:12.513	20.6
11:14:12.525	23.5
11:14:12.537	23.9
11:14:12.546	23.9
11:14:12.558	24.1
11:14:12.570	24.8
11:14:12.583	24.9
11:14:12.591	25.3
11:14:12.603	26.0
11:14:12.615	27.4
11:14:12.623	28.9
11:14:12.636	27.1
11:14:12.648	27.4
11:14:12.656	25.5
11:14:12.669	25.1
11:14:12.681	26.2
11:14:12.693	27.2
11:14:12.701	28.9
11:14:12.714	27.9
11:14:12.726	28.7
11:14:12.734	27.9
11:14:12.746	28.0
11:14:12.759	27.1
11:14:12.767	28.6
11:14:12.779	28.7
11:14:12.791	26.7
11:14:12.800	27.8
11:14:12.812	26.2
11:14:12.824	25.8
11:14:12.832	24.8
11:14:12.845	24.4
11:14:12.857	23.5
11:14:12.869	22.8
11:14:12.877	22.2
11:14:12.890	23.0
11:14:12.902	23.9
11:14:12.910	23.7
11:14:12.922	24.2
11:14:12.935	25.1
11:14:12.947	26.5
11:14:12.955	25.8
11:14:12.967	25.6
11:14:12.980	27.3
11:14:12.988	26.5
11:14:13.000	24.6
11:14:13.012	24.8
11:14:13.021	24.7
11:14:13.033	22.9
11:14:13.045	21.5
11:14:13.054	19.7
11:14:13.066	18.6
11:14:13.078	19.8
11:14:13.086	21.4
11:14:13.098	21.5
11:14:13.111	21.8
11:14:13.123	21.2
11:14:13.131	20.2
11:14:13.144	21.8
11:14:13.156	21.3
11:14:13.164	20.6
11:14:13.176	20.9
11:14:13.189	19.4
11:14:13.197	17.0
11:14:13.209	15.3
11:14:13.221	16.8
11:14:13.234	16.2
11:14:13.246	15.9
11:14:13.254	13.7
11:14:13.266	11.9
11:14:13.279	10.7
11:14:13.287	9.3
11:14:13.299	9.3
11:14:13.307	7.5
11:14:13.320	8.9
11:14:13.332	8.2
11:14:13.340	8.0
11:14:13.352	6.3
11:14:13.365	6.5
11:14:13.377	6.9
11:14:13.385	5.7
11:14:13.397	6.3
11:14:13.410	7.1
11:14:13.418	6.9
11:14:13.430	6.8
11:14:13.442	6.4
11:14:13.451	5.5
11:14:13.463	6.6
11:14:13.475	6.9
11:14:13.487	7.1
11:14:13.496	7.9
11:14:13.508	5.4
11:14:13.520	3.4
11:14:13.528	3.4
11:14:13.541	0.7
11:14:13.553	-1.2
11:14:13.565	-1.5
11:14:13.573	-3.6
11:14:13.586	-4.8
11:14:13.598	-5.9
11:14:13.606	-9.0
11:14:13.618	-8.7
11:14:13.631	-9.4
11:14:13.639	-10.0
11:14:13.651	-9.2
11:14:13.664	-9.1
11:14:13.676	-9.0
11:14:13.684	-7.3
11:14:13.696	-7.2
11:14:13.709	-6.3
11:14:13.717	-3.8
11:14:13.729	-2.3
11:14:13.741	-1.6
11:14:13.750	0.4
11:14:13.762	-0.5
11:14:13.774	0.2
11:14:13.782	-0.1
11:14:13.795	-2.1
11:14:13.807	-2.7
11:14:13.815	-4.3
11:14:13.827	-5.2
11:14:13.840	-7.0
11:14:13.853	-8.4
11:14:13.860	-10.0
11:14:13.872	-7.3
11:14:13.885	-8.7
11:14:13.893	-9.3
11:14:13.905	-8.6
11:14:13.917	-9.4
11:14:13.930	-9.0
11:14:13.938	-8.8
11:14:13.950	-9.2
11:14:13.962	-9.6
11:14:13.971	-10.9
11:14:13.983	-12.6
11:14:13.995	-12.1
11:14:14.003	-12.0
11:14:14.016	-13.5
11:14:14.028	-13.4
11:14:14.036	-15.1
11:14:14.048	-16.3
11:14:14.061	-15.6
11:14:14.069	-13.1
11:14:14.081	-12.8
11:14:14.094	-12.5
11:14:14.106	-12.3
11:14:14.114	-12.6
11:14:14.126	-12.2
11:14:14.139	-12.4
11:14:14.147	-8.2
11:14:14.159	-7.9
11:14:14.171	-7.5
11:14:14.180	-9.8
11:14:14.192	-10.1
11:14:14.204	-10.2
11:14:14.216	-10.4
11:14:14.225	-12.0
11:14:14.237	-10.7
11:14:14.249	-10.7
11:14:14.257	-13.9
11:14:14.270	-13.3
11:14:14.282	-12.9
11:14:14.290	-12.7
11:14:14.302	-11.1
11:14:14.315	-10.2
11:14:14.323	-10.1
11:14:14.335	-8.5
11:14:14.348	-8.0
11:14:14.360	-8.1
11:14:14.368	-6.9
11:14:14.380	-7.2
11:14:14.392	-6.0
11:14:14.401	-5.6
11:14:14.413	-4.3
11:14:14.425	-5.1
11:14:14.433	-4.4
11:14:14.446	-4.1
11:14:14.458	-4.1
11:14:14.466	-3.1
11:14:14.478	-2.1
11:14:14.491	-0.5
11:14:14.503	-0.3
11:14:14.511	2.1
11:14:14.524	2.1
11:14:14.536	3.9
11:14:14.544	6.0
11:14:14.556	6.9
11:14:14.569	6.7
11:14:14.577	8.4
11:14:14.589	8.2
11:14:14.601	8.0
11:14:14.614	6.8
11:14:14.622	6.7
11:14:14.634	5.7
11:14:14.646	5.2
11:14:14.654	5.3
11:14:14.667	6.9
11:14:14.679	8.0
11:14:14.688	8.9
11:14:14.700	9.6
11:14:14.712	10.1
11:14:14.720	11.8
11:14:14.732	11.7
11:14:14.745	13.0
11:14:14.753	13.4
11:14:14.765	11.6
11:14:14.777	10.5
11:14:14.790	11.1
11:14:14.798	9.6
11:14:14.810	10.3
11:14:14.823	10.8
11:14:14.831	13.6
11:14:14.843	13.4
11:14:14.855	11.9
11:14:14.868	13.8
11:14:14.876	12.3
11:14:14.888	10.7
11:14:14.900	9.7
11:14:14.909	10.7
11:14:14.921	9.6
11:14:14.933	10.7
11:14:14.941	8.8
11:14:14.954	9.1
11:14:14.966	11.1
11:14:14.974	8.9
11:14:14.986	12.6
11:14:14.999	14.3
11:14:15.007	16.0
11:14:15.019	16.7
11:14:15.031	18.7
11:14:15.044	16.9
11:14:15.052	14.4
11:14:15.064	15.6
11:14:15.076	15.3
11:14:15.085	16.7
11:14:15.097	15.7
11:14:15.109	15.7
11:14:15.117	14.8
11:14:15.130	13.4
11:14:15.142	12.0
11:14:15.154	13.4
11:14:15.162	14.9
11:14:15.175	13.8
11:14:15.187	13.2
11:14:15.195	14.3
11:14:15.207	15.4
11:14:15.220	16.1
11:14:15.228	17.5
11:14:15.240	17.9
11:14:15.252	19.6
11:14:15.265	19.6
11:14:15.273	20.1
11:14:15.285	20.6
11:14:15.297	21.8
11:14:15.306	19.1
11:14:15.318	18.4
11:14:15.330	19.0
11:14:15.343	18.7
11:14:15.351	19.1
11:14:15.363	18.4
11:14:15.375	19.4
11:14:15.383	20.1
11:14:15.396	19.2
11:14:15.408	20.4
11:14:15.416	23.6
11:14:15.429	22.8
11:14:15.441	22.6
11:14:15.449	22.2
11:14:15.461	23.2
11:14:15.474	23.6
11:14:15.486	22.3
11:14:15.494	21.4
11:14:15.506	22.9
11:14:15.519	21.9
11:14:15.527	19.9
11:14:15.539	19.9
11:14:15.551	18.2
11:14:15.560	18.4
11:14:15.572	17.1
11:14:15.584	16.2
11:14:15.596	15.6
11:14:15.605	17.2
11:14:15.617	16.0
11:14:15.629	16.0
11:14:15.637	16.4
11:14:15.650	16.9
11:14:15.662	17.5
11:14:15.670	17.7
11:14:15.682	17.6
11:14:15.695	17.2
11:14:15.703	18.9
11:14:15.715	16.0
11:14:15.727	17.0
11:14:15.736	15.4
11:14:15.748	15.6
11:14:15.760	15.7
11:14:15.772	16.7
11:14:15.781	17.0
11:14:15.793	16.2
11:14:15.805	18.1
11:14:15.813	18.7
11:14:15.826	21.6
11:14:15.838	20.8
11:14:15.850	20.7
11:14:15.858	19.4
11:14:15.871	20.0
11:14:15.883	19.3
11:14:15.891	17.8
11:14:15.903	17.9
11:14:15.916	16.5
11:14:15.924	14.2
11:14:15.936	14.1
11:14:15.949	15.9
11:14:15.957	16.2
11:14:15.969	15.4
11:14:15.981	15.9
11:14:15.990	17.1
11:14:16.002	16.8
11:14:16.014	18.0
11:14:16.026	19.1
11:14:16.035	19.0
11:14:16.047	18.8
11:14:16.059	17.4
11:14:16.067	18.4
11:14:16.080	20.0
11:14:16.092	19.7
11:14:16.100	19.3
11:14:16.112	19.7
11:14:16.125	19.4
11:14:16.137	17.2
11:14:16.145	20.9
11:14:16.158	18.7
11:14:16.170	18.5
11:14:16.178	16.2
11:14:16.190	16.7
11:14:16.203	14.5
11:14:16.211	13.5
11:14:16.223	13.1
11:14:16.235	13.3
11:14:16.244	14.4
11:14:16.256	10.1
11:14:16.268	10.3
11:14:16.280	10.2
11:14:16.289	11.1
11:14:16.301	11.5
11:14:16.313	13.4
11:14:16.322	13.0
11:14:16.334	15.4
11:14:16.346	12.5
11:14:16.354	12.8
11:14:16.366	13.7
11:14:16.379	13.3
11:14:16.387	12.5
11:14:16.399	13.1
11:14:16.411	11.9
11:14:16.424	11.3
11:14:16.432	13.1
11:14:16.445	11.5
11:14:16.457	12.8
11:14:16.466	10.9
11:14:16.478	11.1
11:14:16.490	12.8
11:14:16.498	12.8
11:14:16.511	12.4
11:14:16.523	12.4
11:14:16.535	11.9
11:14:16.543	11.7
11:14:16.556	11.1
11:14:16.568	13.2
11:14:16.576	14.5
11:14:16.588	15.9
11:14:16.601	14.6
11:14:16.609	14.3
11:14:16.621	14.7
11:14:16.634	13.3
11:14:16.642	13.7
11:14:16.654	12.1
11:14:16.666	12.5
11:14:16.675	11.4
11:14:16.687	11.2
11:14:16.699	7.8
11:14:16.711	7.2
11:14:16.720	6.9
11:14:16.732	6.9
11:14:16.744	6.7
11:14:16.752	6.1
11:14:16.765	6.1
11:14:16.777	5.0
11:14:16.789	3.8
11:14:16.797	3.3
11:14:16.810	4.1
11:14:16.822	5.4
11:14:16.830	6.2
11:14:16.842	5.3
11:14:16.854	5.3
11:14:16.862	4.9
11:14:16.874	5.0
11:14:16.887	7.1
11:14:16.895	8.1
11:14:16.907	9.4
11:14:16.919	10.7
11:14:16.928	11.1
11:14:16.940	10.4
11:14:16.952	10.3
11:14:16.964	10.6
11:14:16.973	9.3
11:14:16.985	6.0
11:14:16.997	3.7
11:14:17.005	2.3
11:14:17.018	0.8
11:14:17.030	-0.3
11:14:17.038	-2.6
11:14:17.051	-3.9
11:14:17.064	-4.0
11:14:17.076	-5.0
11:14:17.084	-4.5
11:14:17.096	-2.7
11:14:17.109	-2.0
11:14:17.117	-2.8
11:14:17.128	-2.3
11:14:17.141	-3.1
11:14:17.149	-0.8
11:14:17.161	0.6
11:14:17.173	0.2
11:14:17.182	0.3
11:14:17.194	1.6
11:14:17.206	4.1
11:14:17.219	3.9
11:14:17.227	3.4
11:14:17.239	1.6
11:14:17.251	1.5
11:14:17.259	-0.7
11:14:17.272	-1.4
11:14:17.284	-2.1
11:14:17.292	-2.0
11:14:17.305	-3.5
11:14:17.317	-6.2
11:14:17.325	-7.5
11:14:17.338	-8.5
11:14:17.350	-7.5
11:14:17.358	-8.1
11:14:17.370	-8.1
11:14:17.383	-9.3
11:14:17.395	-10.3
11:14:17.407	-11.4
11:14:17.415	-12.2
11:14:17.428	-12.8
11:14:17.440	-14.4
11:14:17.448	-13.9
11:14:17.460	-16.2
11:14:17.473	-17.7
11:14:17.481	-18.7
11:14:17.493	-18.0
11:14:17.505	-16.8
11:14:17.518	-17.3
11:14:17.526	-17.0
11:14:17.538	-17.4
11:14:17.550	-16.9
11:14:17.559	-17.1
11:14:17.571	-16.4
11:14:17.583	-15.3
11:14:17.592	-16.8
11:14:17.604	-18.3
11:14:17.616	-20.4
11:14:17.624	-19.0
11:14:17.636	-20.4
11:14:17.649	-21.3
11:14:17.657	-20.3
11:14:17.669	-17.9
11:14:17.682	-18.4
11:14:17.694	-19.3
11:14:17.702	-17.7
11:14:17.714	-16.1
11:14:17.727	-14.7
11:14:17.735	-15.9
11:14:17.747	-14.4
11:14:17.759	-12.6
11:14:17.772	-12.4
11:14:17.780	-13.6
11:14:17.792	-12.7
11:14:17.804	-12.0
11:14:17.813	-9.3
11:14:17.825	-8.0
11:14:17.837	-6.6
11:14:17.845	-5.4
11:14:17.858	-5.1
11:14:17.870	-5.2
11:14:17.878	-5.5
11:14:17.890	-3.8
11:14:17.903	-3.6
11:14:17.911	-1.8
11:14:17.923	-2.4
11:14:17.935	-3.1
11:14:17.948	-4.1
11:14:17.956	-3.7
11:14:17.968	-2.3
11:14:17.980	-0.9
11:14:17.989	0.6
11:14:18.001	1.6
11:14:18.013	3.2
11:14:18.021	3.1
11:14:18.034	4.7
11:14:18.046	7.2
11:14:18.058	8.6
11:14:18.067	10.0
11:14:18.079	9.9
11:14:18.091	9.1
11:14:18.099	10.7
11:14:18.112	9.1
11:14:18.124	8.3
11:14:18.132	9.2
11:14:18.144	7.9
11:14:18.157	6.5
11:14:18.165	8.0
11:14:18.177	7.0
11:14:18.190	5.3
11:14:18.202	10.6
11:14:18.210	9.9
11:14:18.222	10.4
11:14:18.235	10.6
11:14:18.243	11.7
11:14:18.255	10.3
11:14:18.267	9.8
11:14:18.276	9.3
11:14:18.288	10.3
11:14:18.300	11.8
11:14:18.308	7.9
11:14:18.321	8.0
11:14:18.333	9.2
11:14:18.345	9.1
11:14:18.353	8.5
11:14:18.366	10.4
11:14:18.378	9.6
11:14:18.386	9.1
11:14:18.398	10.1
11:14:18.411	9.1
11:14:18.419	8.9
11:14:18.431	8.5
11:14:18.443	7.1
11:14:18.456	7.7
11:14:18.464	7.2
11:14:18.476	7.5
11:14:18.488	10.5
11:14:18.497	11.1
11:14:18.509	10.6
11:14:18.521	11.6
11:14:18.529	11.3
11:14:18.542	11.1
11:14:18.554	11.2
11:14:18.562	10.4
11:14:18.574	12.2
11:14:18.587	11.2
11:14:18.595	9.8
11:14:18.607	12.0
11:14:18.620	10.3
11:14:18.632	10.1
11:14:18.640	10.7
11:14:18.652	11.4
11:14:18.665	11.7
11:14:18.673	16.6
11:14:18.685	14.8
11:14:18.697	15.2
11:14:18.710	14.8
11:14:18.718	12.0
11:14:18.730	11.6
11:14:18.742	12.2
11:14:18.751	12.6
11:14:18.763	13.2
11:14:18.775	15.1
11:14:18.783	10.7
11:14:18.796	11.6
11:14:18.808	12.4
11:14:18.816	12.1
11:14:18.828	13.6
11:14:18.841	15.2
11:14:18.849	15.2
11:14:18.861	15.3
11:14:18.873	12.8
11:14:18.886	11.7
11:14:18.894	15.0
11:14:18.906	15.5
11:14:18.918	14.2
11:14:18.927	15.9
11:14:18.939	15.4
11:14:18.951	14.7
11:14:18.959	15.5
11:14:18.972	13.8
11:14:18.984	15.8
11:14:18.996	17.1
11:14:19.004	16.0
11:14:19.017	15.5
11:14:19.029	16.6
11:14:19.037	15.5
11:14:19.049	15.0
11:14:19.062	14.7
11:14:19.070	13.6
11:14:19.082	15.5
11:14:19.095	13.9
11:14:19.103	15.2
11:14:19.115	13.3
11:14:19.127	13.8
11:14:19.140	13.1
11:14:19.148	14.3
11:14:19.160	12.8
11:14:19.172	15.5
11:14:19.181	15.4
11:14:19.193	15.7
11:14:19.205	17.0
11:14:19.217	13.8
11:14:19.226	13.7
11:14:19.238	13.1
11:14:19.250	14.4
11:14:19.258	13.2
11:14:19.271	15.1
11:14:19.283	13.2
11:14:19.291	16.3
11:14:19.304	16.6
11:14:19.316	15.6
11:14:19.328	15.4
11:14:19.336	16.7
11:14:19.349	16.0
11:14:19.361	14.7
11:14:19.369	16.0
11:14:19.381	14.3
11:14:19.394	13.7
11:14:19.402	10.2
11:14:19.414	9.9
11:14:19.426	11.8
11:14:19.439	12.1
11:14:19.447	10.8
11:14:19.459	10.9
11:14:19.471	10.3
11:14:19.480	9.2
11:14:19.492	10.4
11:14:19.504	10.4
11:14:19.512	12.7
11:14:19.525	12.0
11:14:19.537	10.7
11:14:19.545	13.4
11:14:19.557	14.4
11:14:19.570	13.9
11:14:19.578	12.8
11:14:19.590	11.1
11:14:19.602	9.5
11:14:19.615	10.6
11:14:19.623	8.4
11:14:19.635	8.4
11:14:19.648	7.7
11:14:19.656	5.0
11:14:19.668	3.6
11:14:19.680	3.4
11:14:19.693	4.1
11:14:19.701	3.8
11:14:19.713	5.3
11:14:19.726	4.2
11:14:19.734	4.9
11:14:19.746	4.3
11:14:19.758	4.7
11:14:19.766	3.7
11:14:19.779	4.2
11:14:19.791	4.3
11:14:19.799	4.7
11:14:19.811	4.6
11:14:19.824	4.7
11:14:19.832	6.0
11:14:19.844	7.0
11:14:19.857	7.9
11:14:19.869	7.9
11:14:19.877	8.0
11:14:19.889	8.6
11:14:19.902	10.7
11:14:19.910	10.8
11:14:19.922	12.4
11:14:19.934	11.9
11:14:19.943	10.7
11:14:19.955	8.4
11:14:19.967	6.3
11:14:19.979	7.0
11:14:19.988	8.0
11:14:20.000	6.7
11:14:20.012	4.7
11:14:20.020	5.7
11:14:20.033	4.7
11:14:20.045	4.1
11:14:20.053	4.0
11:14:20.065	4.4
11:14:20.078	5.2
11:14:20.086	3.5
11:14:20.098	2.5
11:14:20.110	4.8
11:14:20.123	4.9
11:14:20.131	2.4
11:14:20.143	1.5
11:14:20.155	-0.6
11:14:20.164	-2.5
11:14:20.176	-2.0
11:14:20.188	-2.0
11:14:20.196	-2.5
11:14:20.209	-1.9
11:14:20.221	-4.5
11:14:20.229	-5.4
11:14:20.242	-6.2
11:14:20.254	-4.8
11:14:20.266	-3.2
11:14:20.274	-2.6
11:14:20.286	-4.5
11:14:20.299	-6.2
11:14:20.307	-4.9
11:14:20.319	-7.1
11:14:20.332	-9.0
11:14:20.340	-8.3
11:14:20.352	-8.7
11:14:20.364	-9.7
11:14:20.377	-11.2
11:14:20.385	-11.0
11:14:20.397	-10.7
11:14:20.409	-8.2
11:14:20.418	-9.0
11:14:20.430	-8.9
11:14:20.442	-8.5
11:14:20.450	-9.2
11:14:20.463	-7.9
11:14:20.475	-7.3
11:14:20.483	-5.7
11:14:20.495	-5.4
11:14:20.508	-4.5
11:14:20.516	-4.8
11:14:20.528	-3.8
11:14:20.540	-2.6
11:14:20.553	-0.5
11:14:20.561	-1.0
11:14:20.573	-2.3
11:14:20.585	-2.7
11:14:20.594	-2.9
11:14:20.606	-5.2
11:14:20.618	-7.0
11:14:20.630	-8.2
11:14:20.639	-9.6
11:14:20.651	-11.7
11:14:20.663	-15.4
11:14:20.671	-15.7
11:14:20.684	-15.1
11:14:20.696	-16.0
11:14:20.704	-16.9
11:14:20.716	-16.1
11:14:20.729	-16.9
11:14:20.737	-17.2
11:14:20.749	-17.5
11:14:20.761	-16.3
11:14:20.770	-13.9
11:14:20.782	-15.3
11:14:20.794	-14.3
11:14:20.807	-14.1
11:14:20.815	-14.9
11:14:20.827	-13.7
11:14:20.839	-13.0
11:14:20.848	-12.6
11:14:20.860	-13.0
11:14:20.872	-13.0
11:14:20.880	-14.4
11:14:20.893	-8.4
11:14:20.905	-9.8
11:14:20.917	-11.2
11:14:20.925	-10.8
11:14:20.938	-11.9
11:14:20.950	-11.3
11:14:20.958	-11.7
11:14:20.970	-9.5
11:14:20.983	-11.5
11:14:20.991	-11.0
11:14:21.003	-14.9
11:14:21.015	-13.2
11:14:21.024	-11.0
11:14:21.036	-10.0
11:14:21.048	-10.0
11:14:21.060	-9.5
11:14:21.069	-9.5
11:14:21.081	-10.1
11:14:21.093	-8.0
11:14:21.101	-6.9
11:14:21.114	-6.9
11:14:21.126	-6.2
11:14:21.134	-6.8
11:14:21.146	-6.5
11:14:21.159	-4.5
11:14:21.167	-2.2
11:14:21.179	-0.6
11:14:21.191	0.0
11:14:21.200	1.2
11:14:21.212	1.7
11:14:21.224	1.8
11:14:21.236	1.6
11:14:21.245	1.6
11:14:21.257	2.0
11:14:21.269	3.2
11:14:21.277	2.1
11:14:21.290	2.7
11:14:21.302	3.5
11:14:21.314	4.3
11:14:21.322	5.0
11:14:21.335	4.4
11:14:21.347	3.7
11:14:21.355	5.7
11:14:21.368	6.3
11:14:21.380	4.5
11:14:21.388	4.2
11:14:21.400	4.6
11:14:21.413	5.0
11:14:21.425	3.8
11:14:21.433	3.5
11:14:21.446	5.1
11:14:21.458	5.0
11:14:21.467	4.7
11:14:21.479	2.5
11:14:21.491	4.6
11:14:21.500	5.4
11:14:21.512	5.9
11:14:21.524	4.9
11:14:21.536	4.7
11:14:21.545	6.2
11:14:21.557	6.4
11:14:21.569	7.8
11:14:21.577	8.4
11:14:21.590	10.4
11:14:21.602	9.9
11:14:21.614	10.6
11:14:21.622	10.4
11:14:21.635	9.8
11:14:21.647	11.2
11:14:21.655	9.4
11:14:21.668	9.0
11:14:21.680	13.3
11:14:21.688	14.8
11:14:21.700	14.0
11:14:21.712	14.6
11:14:21.721	14.1
11:14:21.733	12.0
11:14:21.745	11.6
11:14:21.754	11.9
11:14:21.766	12.9
11:14:21.778	13.6
11:14:21.790	9.0
11:14:21.798	6.3
11:14:21.811	6.5
11:14:21.823	5.9
11:14:21.831	5.4
11:14:21.844	6.5
11:14:21.856	7.2
11:14:21.864	6.2
11:14:21.876	6.3
11:14:21.889	5.5
11:14:21.901	4.7
11:14:21.909	5.2
11:14:21.922	5.9
11:14:21.934	6.4
11:14:21.942	5.9
11:14:21.954	5.1
11:14:21.966	5.1
11:14:21.975	5.4
11:14:21.987	3.4
11:14:21.999	1.6
11:14:22.007	4.8
11:14:22.020	3.1
11:14:22.032	3.0
11:14:22.044	1.0
11:14:22.052	0.0
11:14:22.065	-0.1
11:14:22.077	-0.3
11:14:22.085	0.0
11:14:22.097	0.0
11:14:22.110	1.0
11:14:22.118	-1.7
11:14:22.130	1.0
11:14:22.142	1.6
11:14:22.151	2.1
11:14:22.163	5.1
11:14:22.175	4.6
11:14:22.187	3.7
11:14:22.195	4.0
11:14:22.207	5.0
11:14:22.220	5.9
11:14:22.228	5.1
11:14:22.240	3.8
11:14:22.252	4.2
11:14:22.261	2.9
11:14:22.273	-0.1
11:14:22.285	-0.8
11:14:22.297	0.3
11:14:22.306	-1.9
11:14:22.318	0.0
11:14:22.330	-1.2
11:14:22.338	-1.6
11:14:22.351	-0.7
11:14:22.363	-2.7
11:14:22.371	-1.0
11:14:22.383	-0.9
11:14:22.396	-1.1
11:14:22.404	-2.4
11:14:22.416	-0.4
11:14:22.428	-2.0
11:14:22.437	0.4
11:14:22.449	1.3
11:14:22.461	-2.1
11:14:22.474	0.7
11:14:22.482	-0.5
11:14:22.494	0.0
11:14:22.506	0.6
11:14:22.514	1.1
11:14:22.527	0.0
11:14:22.539	0.1
11:14:22.552	-3.4
11:14:22.559	-3.7
11:14:22.572	-2.6
11:14:22.584	-5.8
11:14:22.592	-6.7
11:14:22.605	-8.6
11:14:22.617	-5.5
11:14:22.625	-5.7
11:14:22.637	-5.5
11:14:22.650	-6.1
11:14:22.658	-5.4
11:14:22.670	-6.2
11:14:22.682	-6.9
11:14:22.691	-7.4
11:14:22.703	-7.6
11:14:22.715	-6.2
11:14:22.727	-8.9
11:14:22.736	-7.1
11:14:22.748	-8.0
11:14:22.760	-9.2
11:14:22.768	-8.6
11:14:22.781	-8.5
11:14:22.793	-6.7
11:14:22.801	-6.6
11:14:22.813	-8.0
11:14:22.826	-8.1
11:14:22.838	-9.4
11:14:22.846	-11.5
11:14:22.859	-11.5
11:14:22.872	-8.8
11:14:22.879	-10.0
11:14:22.891	-10.4
11:14:22.905	-11.1
11:14:22.913	-10.8
11:14:22.925	-8.8
11:14:22.937	-10.5
11:14:22.945	-10.0
11:14:22.958	-9.8
11:14:22.970	-9.2
11:14:22.982	-11.6
11:14:22.991	-9.9
11:14:23.003	-11.7
11:14:23.015	-10.3
11:14:23.023	-11.7
11:14:23.036	-8.5
11:14:23.048	-8.1
11:14:23.056	-9.4
11:14:23.068	-11.4
11:14:23.081	-10.4
11:14:23.089	-10.0
11:14:23.101	-12.0
11:14:23.113	-11.5
11:14:23.122	-13.8
11:14:23.134	-12.2
11:14:23.146	-17.5
11:14:23.158	-16.2
11:14:23.167	-16.5
11:14:23.179	-14.7
11:14:23.190	-16.5
11:14:23.202	-19.1
11:14:23.211	-18.6
11:14:23.223	-17.1
11:14:23.235	-17.0
11:14:23.244	-18.3
11:14:23.256	-13.7
11:14:23.268	-14.2
11:14:23.280	-11.0
11:14:23.289	-12.1
11:14:23.301	-11.4
11:14:23.309	-9.3
11:14:23.321	-8.7
11:14:23.334	-9.9
11:14:23.343	-9.7
11:14:23.354	-8.8
11:14:23.366	-10.3
11:14:23.380	-10.2
11:14:23.388	-11.1
11:14:23.400	-11.7
11:14:23.412	-12.4
11:14:23.421	-11.8
11:14:23.433	-10.4
11:14:23.445	-9.5
11:14:23.457	-9.3
11:14:23.466	-10.0
11:14:23.478	-12.5
11:14:23.490	-12.8
11:14:23.498	-13.2
11:14:23.511	-9.0
11:14:23.523	-8.6
11:14:23.535	-8.7
11:14:23.543	-10.2
11:14:23.556	-5.9
11:14:23.568	-6.5
11:14:23.576	-4.8
11:14:23.588	-3.2
11:14:23.601	-1.1
11:14:23.609	-1.4
11:14:23.621	-3.0
11:14:23.633	-1.3
11:14:23.642	-0.7
11:14:23.654	1.0
11:14:23.666	-2.1
11:14:23.674	0.1
11:14:23.687	1.3
11:14:23.699	2.9
11:14:23.711	2.9
11:14:23.719	3.4
11:14:23.732	5.8
11:14:23.744	4.7
11:14:23.752	6.5
11:14:23.765	4.7
11:14:23.777	5.4
11:14:23.785	4.5
11:14:23.797	4.4
11:14:23.810	4.1
11:14:23.822	3.8
11:14:23.830	4.5
11:14:23.842	2.3
11:14:23.855	2.1
11:14:23.863	1.7
11:14:23.875	3.9
11:14:23.887	2.0
11:14:23.896	4.8
11:14:23.908	4.5
11:14:23.920	4.2
11:14:23.928	4.1
11:14:23.941	5.8
11:14:23.953	7.4
11:14:23.965	7.3
11:14:23.973	4.5
11:14:23.986	3.1
11:14:23.998	4.2
11:14:24.006	3.5
11:14:24.018	3.0
11:14:24.031	4.7
11:14:24.039	5.3
11:14:24.051	4.6
11:14:24.063	3.7
11:14:24.072	5.1
11:14:24.084	7.5
11:14:24.096	6.9
11:14:24.108	7.4
11:14:24.117	6.1
11:14:24.129	5.8
11:14:24.141	4.5
11:14:24.149	1.4
11:14:24.162	1.3
11:14:24.174	-0.4
11:14:24.182	-1.5
11:14:24.195	-2.4
11:14:24.207	-1.1
11:14:24.219	-1.3
11:14:24.227	-0.7
11:14:24.240	-1.6
11:14:24.252	-2.0
11:14:24.260	0.6
11:14:24.272	0.5
11:14:24.285	0.8
11:14:24.293	0.3
11:14:24.305	-0.3
11:14:24.317	0.7
11:14:24.326	0.1
11:14:24.338	-0.7
11:14:24.350	1.2
11:14:24.358	1.2
11:14:24.371	3.7
11:14:24.383	1.3
11:14:24.395	2.0
11:14:24.403	2.6
11:14:24.416	4.7
11:14:24.428	2.9
11:14:24.436	2.7
11:14:24.448	3.2
11:14:24.461	2.8
11:14:24.473	3.5
11:14:24.481	1.9
11:14:24.493	4.9
11:14:24.506	4.4
11:14:24.514	4.3
11:14:24.526	2.8
11:14:24.538	4.0
11:14:24.547	6.0
11:14:24.559	5.7
11:14:24.571	6.5
11:14:24.579	6.9
11:14:24.592	7.4
11:14:24.604	5.4
11:14:24.612	5.4
11:14:24.624	6.5
11:14:24.637	7.2
11:14:24.649	4.9
11:14:24.657	4.7
11:14:24.669	3.1
11:14:24.682	0.8
11:14:24.690	-1.0
11:14:24.702	-2.5
11:14:24.715	-1.6
11:14:24.723	-1.5
11:14:24.735	-0.6
11:14:24.747	-0.6
11:14:24.760	-0.4
11:14:24.768	-2.3
11:14:24.780	-2.3
11:14:24.792	-1.2
11:14:24.800	-0.3
11:14:24.813	-0.2
11:14:24.825	-2.3
11:14:24.833	-4.3
11:14:24.846	-6.5
11:14:24.858	-4.9
11:14:24.866	-3.3
11:14:24.878	-1.1
11:14:24.891	0.9
11:14:24.903	3.2
11:14:24.911	3.3
11:14:24.923	4.1
11:14:24.936	6.9
11:14:24.944	9.8
11:14:24.956	10.3
11:14:24.968	11.3
11:14:24.977	11.1
11:14:24.989	10.9
11:14:25.001	11.6
11:14:25.009	11.1
11:14:25.022	11.7
11:14:25.034	13.2
11:14:25.042	14.0
11:14:25.054	14.6
11:14:25.067	14.0
11:14:25.079	13.8
11:14:25.087	16.4
11:14:25.099	19.4
11:14:25.112	22.7
11:14:25.120	23.2
11:14:25.132	25.5
11:14:25.144	26.0
11:14:25.157	26.5
11:14:25.165	27.3
11:14:25.177	29.1
11:14:25.190	25.7
11:14:25.202	24.7
11:14:25.210	21.2
11:14:25.222	17.8
11:14:25.234	19.1
11:14:25.243	17.8
11:14:25.255	18.5
11:14:25.267	18.6
11:14:25.275	17.6
11:14:25.288	17.4
11:14:25.300	21.3
11:14:25.308	21.2
11:14:25.321	22.3
11:14:25.333	21.7
11:14:25.341	18.7
11:14:25.353	19.2
11:14:25.366	16.4
11:14:25.378	13.8
11:14:25.386	14.5
11:14:25.398	14.1
11:14:25.411	12.8
11:14:25.419	15.2
11:14:25.431	16.3
11:14:25.443	18.6
11:14:25.456	19.9
11:14:25.464	18.9
11:14:25.476	22.6
11:14:25.488	24.8
11:14:25.497	24.6
11:14:25.509	25.8
11:14:25.521	25.3
11:14:25.529	23.8
11:14:25.542	25.0
11:14:25.554	25.5
11:14:25.562	27.0
11:14:25.574	26.7
11:14:25.587	23.1
11:14:25.595	22.9
11:14:25.607	22.7
11:14:25.619	22.6
11:14:25.632	23.4
11:14:25.640	21.8
11:14:25.652	16.2
11:14:25.664	15.1
11:14:25.673	15.2
11:14:25.685	16.4
11:14:25.697	18.2
11:14:25.705	20.2
11:14:25.718	20.8
11:14:25.730	20.2
11:14:25.742	18.2
11:14:25.751	20.7
11:14:25.763	25.0
11:14:25.775	26.7
11:14:25.783	23.8
11:14:25.796	24.1
11:14:25.808	23.2
11:14:25.816	23.1
11:14:25.828	23.8
11:14:25.841	24.5
11:14:25.849	25.6
11:14:25.861	24.8
11:14:25.873	25.2
11:14:25.886	24.5
11:14:25.894	29.2
11:14:25.906	27.8
11:14:25.918	28.2
11:14:25.927	25.6
11:14:25.939	23.1
11:14:25.951	23.7
11:14:25.959	24.8
11:14:25.972	24.9
11:14:25.984	23.2
11:14:25.992	23.3
11:14:26.004	19.7
11:14:26.017	19.5
11:14:26.029	19.1
11:14:26.037	20.7
11:14:26.049	22.8
11:14:26.062	21.5
11:14:26.070	22.4
11:14:26.082	24.2
11:14:26.094	25.2
11:14:26.103	21.8
11:14:26.115	20.1
11:14:26.127	19.8
11:14:26.139	19.8
11:14:26.148	18.6
11:14:26.160	18.2
11:14:26.172	19.1
11:14:26.181	16.5
11:14:26.193	13.8
11:14:26.205	12.0
11:14:26.213	13.0
11:14:26.226	13.8
11:14:26.238	13.5
11:14:26.246	11.8
11:14:26.258	12.7
11:14:26.271	10.8
11:14:26.279	10.5
11:14:26.291	10.8
11:14:26.303	10.1
11:14:26.316	9.8
11:14:26.324	9.8
11:14:26.337	9.2
11:14:26.349	9.0
11:14:26.357	8.6
11:14:26.369	5.9
11:14:26.382	6.0
11:14:26.394	3.7
11:14:26.402	1.7
11:14:26.414	1.0
11:14:26.427	-0.1
11:14:26.435	-1.6
11:14:26.447	-4.3
11:14:26.459	-5.9
11:14:26.468	-5.4
11:14:26.480	-6.2
11:14:26.492	-6.3
11:14:26.500	-5.5
11:14:26.513	-4.4
11:14:26.525	-4.5
11:14:26.533	-3.8
11:14:26.545	-4.7
11:14:26.558	-1.6
11:14:26.570	-1.8
11:14:26.578	-3.3
11:14:26.590	-4.3
11:14:26.603	-5.4
11:14:26.611	-5.8
11:14:26.623	-7.2
11:14:26.636	-7.9
11:14:26.644	-9.2
11:14:26.656	-8.4
11:14:26.668	-9.8
11:14:26.681	-9.4
11:14:26.689	-11.2
11:14:26.701	-10.4
11:14:26.713	-11.8
11:14:26.722	-15.1
11:14:26.734	-15.2
11:14:26.746	-16.3
11:14:26.754	-18.7
11:14:26.767	-18.4
11:14:26.779	-18.4
11:14:26.787	-18.2
11:14:26.799	-16.1
11:14:26.812	-15.2
11:14:26.824	-14.2
11:14:26.832	-11.6
11:14:26.845	-10.9
11:14:26.857	-10.1
11:14:26.865	-7.3
11:14:26.877	-8.4
11:14:26.890	-7.5
11:14:26.898	-4.4
11:14:26.910	-4.1
11:14:26.922	-3.3
11:14:26.931	-4.0
11:14:26.943	-4.3
11:14:26.955	-5.3
11:14:26.963	-4.5
11:14:26.976	-5.0
11:14:26.988	-5.7
11:14:27.000	-6.7
11:14:27.008	-9.1
11:14:27.021	-10.3
11:14:27.033	-11.7
11:14:27.041	-9.1
11:14:27.053	-7.0
11:14:27.066	-5.4
11:14:27.078	-7.5
11:14:27.086	-5.6
11:14:27.098	-2.4
11:14:27.111	-0.7
11:14:27.119	-0.2
11:14:27.131	1.2
11:14:27.143	1.9
11:14:27.152	1.3
11:14:27.164	2.5
11:14:27.176	2.8
11:14:27.184	6.0
11:14:27.197	6.8
11:14:27.209	4.8
11:14:27.217	4.6
11:14:27.230	3.6
11:14:27.242	5.1
11:14:27.254	7.7
11:14:27.262	8.0
11:14:27.275	9.5
11:14:27.287	8.7
11:14:27.299	10.1
11:14:27.307	10.4
11:14:27.320	11.6
11:14:27.332	12.4
11:14:27.340	13.2
11:14:27.353	13.0
11:14:27.365	11.0
11:14:27.377	12.6
11:14:27.385	9.5
11:14:27.398	10.1
11:14:27.410	8.5
11:14:27.417	10.9
11:14:27.430	12.1
11:14:27.442	11.5
11:14:27.450	12.3
11:14:27.462	12.6
11:14:27.475	13.8
11:14:27.483	14.6
11:14:27.495	15.8
11:14:27.507	16.4
11:14:27.516	17.3
11:14:27.528	15.9
11:14:27.540	15.3
11:14:27.552	16.7
11:14:27.561	17.0
11:14:27.573	18.4
11:14:27.585	17.7
11:14:27.593	15.5
11:14:27.606	15.8
11:14:27.618	18.6
11:14:27.626	17.1
11:14:27.638	15.1
11:14:27.651	16.2
11:14:27.663	14.9
11:14:27.671	14.8
11:14:27.683	14.1
11:14:27.696	16.6
11:14:27.705	17.9
11:14:27.717	17.0
11:14:27.729	14.4
11:14:27.738	14.6
11:14:27.750	15.6
11:14:27.762	14.6
11:14:27.770	14.0
11:14:27.783	14.2
11:14:27.795	14.1
11:14:27.807	12.0
11:14:27.816	11.9
11:14:27.828	14.2
11:14:27.840	15.9
11:14:27.848	18.1
11:14:27.860	19.1
11:14:27.873	19.5
11:14:27.881	21.7
11:14:27.893	21.7
11:14:27.906	22.9
11:14:27.914	23.0
11:14:27.926	22.5
11:14:27.938	23.2
11:14:27.951	21.5
11:14:27.959	22.7
11:14:27.971	22.2
11:14:27.983	20.9
11:14:27.992	20.8
11:14:28.004	21.7
11:14:28.016	19.9
11:14:28.024	20.8
11:14:28.037	23.2
11:14:28.049	19.5
11:14:28.061	19.7
11:14:28.069	20.5
11:14:28.082	20.5
11:14:28.094	22.8
11:14:28.102	23.4
11:14:28.114	22.2
11:14:28.127	23.0
11:14:28.135	23.1
11:14:28.147	22.3
11:14:28.159	22.2
11:14:28.168	23.1
11:14:28.180	19.1
11:14:28.192	18.7
11:14:28.200	20.5
11:14:28.213	18.7
11:14:28.225	18.3
11:14:28.237	16.7
11:14:28.245	15.5
11:14:28.258	15.5
11:14:28.270	15.5
11:14:28.278	14.2
11:14:28.290	12.9
11:14:28.303	11.9
11:14:28.315	9.3
11:14:28.323	9.1
11:14:28.336	11.6
11:14:28.348	11.2
11:14:28.356	11.4
11:14:28.368	9.1
11:14:28.381	9.2
11:14:28.389	8.9
11:14:28.401	10.2
11:14:28.413	11.4
11:14:28.421	12.3
11:14:28.434	13.0
11:14:28.446	12.7
11:14:28.454	14.8
11:14:28.467	15.6
11:14:28.479	16.6
11:14:28.491	17.4
11:14:28.499	19.1
11:14:28.512	20.1
11:14:28.524	20.9
11:14:28.532	17.7
11:14:28.544	17.3
11:14:28.557	15.6
11:14:28.565	13.8
11:14:28.577	14.3
11:14:28.589	13.8
11:14:28.602	13.3
11:14:28.610	12.3
11:14:28.622	10.9
11:14:28.634	9.6
11:14:28.643	11.8
11:14:28.655	10.3
11:14:28.667	10.0
11:14:28.675	10.1
11:14:28.688	8.4
11:14:28.700	9.8
11:14:28.708	9.5
11:14:28.720	8.7
11:14:28.733	11.7
11:14:28.745	11.9
11:14:28.753	11.5
11:14:28.765	12.2
11:14:28.778	13.2
11:14:28.786	14.8
11:14:28.798	15.4
11:14:28.810	13.7
11:14:28.819	14.5
11:14:28.831	15.3
11:14:28.843	13.6
11:14:28.851	13.6
11:14:28.864	13.4
11:14:28.876	14.5
11:14:28.884	14.4
11:14:28.896	13.0
11:14:28.909	10.3
11:14:28.921	9.7
11:14:28.929	10.1
11:14:28.942	10.6
11:14:28.954	11.0
11:14:28.962	8.6
11:14:28.974	9.0
11:14:28.987	9.4
11:14:28.999	9.1
11:14:29.007	9.9
11:14:29.019	12.6
11:14:29.032	12.5
11:14:29.040	10.3
11:14:29.052	9.3
11:14:29.064	7.9
11:14:29.073	9.1
11:14:29.085	7.9
11:14:29.097	5.0
11:14:29.105	1.3
11:14:29.118	0.3
11:14:29.130	2.3
11:14:29.138	2.0
11:14:29.150	2.8
11:14:29.163	2.0
11:14:29.175	0.4
11:14:29.183	-0.4
11:14:29.195	0.2
11:14:29.208	1.5
11:14:29.216	4.2
11:14:29.228	5.6
11:14:29.240	2.4
11:14:29.253	2.7
11:14:29.261	2.3
11:14:29.273	2.0
11:14:29.286	2.4
11:14:29.294	2.5
11:14:29.306	1.3
11:14:29.318	1.0
11:14:29.326	-0.1
11:14:29.339	-1.4
11:14:29.351	-0.7
11:14:29.363	-1.1
11:14:29.371	-2.5
11:14:29.384	-2.4
11:14:29.396	1.3
11:14:29.404	2.5
11:14:29.417	2.9
11:14:29.429	2.4
11:14:29.437	2.3
11:14:29.449	0.3
11:14:29.462	-1.2
11:14:29.474	-1.9
11:14:29.482	-1.1
11:14:29.494	-2.8
11:14:29.507	-8.1
11:14:29.515	-9.9
11:14:29.527	-10.3
11:14:29.539	-9.5
11:14:29.548	-9.9
11:14:29.560	-9.3
11:14:29.572	-9.9
11:14:29.584	-10.9
11:14:29.593	-11.5
11:14:29.605	-9.6
11:14:29.617	-9.5
11:14:29.625	-8.8
11:14:29.638	-10.0
11:14:29.650	-12.1
11:14:29.658	-11.9
11:14:29.670	-11.3
11:14:29.683	-12.0
11:14:29.691	-12.0
11:14:29.703	-12.9
11:14:29.715	-15.2
11:14:29.728	-15.2
11:14:29.736	-17.5
11:14:29.748	-17.1
11:14:29.760	-17.5
11:14:29.769	-18.0
11:14:29.781	-20.7
11:14:29.793	-21.2
11:14:29.801	-21.8
11:14:29.814	-21.8
11:14:29.826	-21.5
11:14:29.834	-21.0
11:14:29.846	-21.1
11:14:29.859	-21.2
11:14:29.871	-23.1
11:14:29.879	-25.6
11:14:29.892	-24.7
11:14:29.904	-24.3
11:14:29.912	-23.2
11:14:29.924	-23.7
11:14:29.937	-23.7
11:14:29.945	-24.6
11:14:29.957	-23.9
11:14:29.969	-25.0
11:14:29.982	-20.3
11:14:29.990	-18.7
11:14:30.002	-18.7
11:14:30.014	-18.9
11:14:30.023	-18.9
11:14:30.035	-18.7
11:14:30.047	-19.6
11:14:30.055	-18.3
11:14:30.068	-16.8
11:14:30.080	-14.6
11:14:30.088	-16.2
11:14:30.100	-16.1
11:14:30.113	-14.9
11:14:30.121	-15.2
11:14:30.133	-14.2
11:14:30.145	-11.4
11:14:30.158	-9.5
11:14:30.166	-9.1
11:14:30.178	-9.4
11:14:30.191	-8.0
11:14:30.199	-7.2
11:14:30.211	-5.4
11:14:30.223	-1.0
11:14:30.235	1.3
11:14:30.244	2.0
11:14:30.256	-0.2
11:14:30.269	1.8
11:14:30.277	0.9
11:14:30.289	0.8
11:14:30.301	-1.5
11:14:30.310	-3.3
11:14:30.322	-2.1
11:14:30.334	-5.8
11:14:30.342	-6.9
11:14:30.355	-6.6
11:14:30.367	-5.8
11:14:30.375	-5.6
11:14:30.387	-4.7
11:14:30.400	-3.0
11:14:30.412	-1.8
11:14:30.420	2.6
11:14:30.432	2.1
11:14:30.445	3.3
11:14:30.453	4.5
11:14:30.465	5.6
11:14:30.477	7.7
11:14:30.486	6.6
11:14:30.498	6.3
11:14:30.510	6.2
11:14:30.522	6.2
11:14:30.531	4.8
11:14:30.543	4.0
11:14:30.555	3.6
11:14:30.563	4.5
11:14:30.576	5.7
11:14:30.588	3.4
11:14:30.596	3.6
11:14:30.609	7.7
11:14:30.621	8.0
11:14:30.629	9.9
11:14:30.641	12.6
11:14:30.654	14.8
11:14:30.666	14.8
11:14:30.674	15.1
11:14:30.687	14.0
11:14:30.699	17.3
11:14:30.707	17.3
11:14:30.719	15.7
11:14:30.731	15.2
11:14:30.740	16.9
11:14:30.752	13.5
11:14:30.764	13.7
11:14:30.772	14.5
11:14:30.785	14.4
11:14:30.797	13.0
11:14:30.805	12.8
11:14:30.817	14.2
11:14:30.830	13.7
11:14:30.842	15.3
11:14:30.850	11.8
11:14:30.862	12.7
11:14:30.875	11.2
11:14:30.883	11.8
11:14:30.895	13.0
11:14:30.908	14.1
11:14:30.920	13.4
11:14:30.928	14.3
11:14:30.940	15.1
11:14:30.953	13.5
11:14:30.961	14.1
11:14:30.973	14.0
11:14:30.985	16.0
11:14:30.994	14.0
11:14:31.006	13.8
11:14:31.018	13.9
11:14:31.026	14.2
11:14:31.039	14.0
11:14:31.051	12.6
11:14:31.059	12.0
11:14:31.071	12.1
11:14:31.084	11.7
11:14:31.096	11.8
11:14:31.104	13.6
11:14:31.116	12.5
11:14:31.129	13.4
11:14:31.141	11.9
11:14:31.149	11.2
11:14:31.161	11.7
11:14:31.174	12.6
11:14:31.182	13.0
11:14:31.194	13.1
11:14:31.206	13.2
11:14:31.219	12.7
11:14:31.227	11.8
11:14:31.239	12.4
11:14:31.251	13.6
11:14:31.260	12.7
11:14:31.272	13.8
11:14:31.284	13.1
11:14:31.292	14.7
11:14:31.305	15.5
11:14:31.317	13.9
11:14:31.325	13.8
11:14:31.338	14.9
11:14:31.350	13.5
11:14:31.358	13.7
11:14:31.370	13.9
11:14:31.383	11.7
11:14:31.395	13.5
11:14:31.403	11.6
11:14:31.415	11.6
11:14:31.428	10.7
11:14:31.436	9.5
11:14:31.448	9.4
11:14:31.460	10.3
11:14:31.468	10.1
11:14:31.481	10.6
11:14:31.493	12.4
11:14:31.505	12.1
11:14:31.514	12.2
11:14:31.526	11.9
11:14:31.538	13.6
11:14:31.546	14.6
11:14:31.559	15.1
11:14:31.571	15.1
11:14:31.579	14.3
11:14:31.591	13.1
11:14:31.604	11.1
11:14:31.612	9.8
11:14:31.624	9.4
11:14:31.636	9.6
11:14:31.649	9.2
11:14:31.657	8.3
11:14:31.669	9.3
11:14:31.681	9.4
11:14:31.690	9.4
11:14:31.702	12.3
11:14:31.714	14.4
11:14:31.722	13.8
11:14:31.735	14.0
11:14:31.747	14.3
11:14:31.755	13.3
11:14:31.767	15.0
11:14:31.780	13.7
11:14:31.792	12.0
11:14:31.800	12.5
11:14:31.813	11.7
11:14:31.825	11.8
11:14:31.833	13.4
11:14:31.845	13.1
11:14:31.858	12.2
11:14:31.866	11.7
11:14:31.878	11.0
11:14:31.890	10.4
11:14:31.903	11.3
11:14:31.911	10.7
11:14:31.923	9.9
11:14:31.935	10.8
11:14:31.943	9.4
11:14:31.956	10.9
11:14:31.968	11.4
11:14:31.976	12.5
11:14:31.989	12.9
11:14:32.001	13.0
11:14:32.009	12.3
11:14:32.022	14.6
11:14:32.034	13.6
11:14:32.042	11.5
11:14:32.054	12.0
11:14:32.066	9.8
11:14:32.079	11.3
11:14:32.087	12.7
11:14:32.099	10.9
11:14:32.111	11.7
11:14:32.120	12.5
11:14:32.132	10.2
11:14:32.144	10.2
11:14:32.156	9.7
11:14:32.165	9.8
11:14:32.177	11.1
11:14:32.189	9.7
11:14:32.197	9.2
11:14:32.210	11.7
11:14:32.222	11.4
11:14:32.230	10.8
11:14:32.242	10.9
11:14:32.255	10.8
11:14:32.263	11.8
11:14:32.275	12.1
11:14:32.288	12.0
11:14:32.296	10.9
11:14:32.308	10.2
11:14:32.320	8.6
11:14:32.332	8.2
11:14:32.341	7.7
11:14:32.353	7.1
11:14:32.365	7.2
11:14:32.373	6.1
11:14:32.386	6.7
11:14:32.398	6.8
11:14:32.406	6.7
11:14:32.418	6.0
11:14:32.431	6.4
11:14:32.443	4.7
11:14:32.451	3.9
11:14:32.463	2.6
11:14:32.476	2.4
11:14:32.484	2.4
11:14:32.496	1.7
11:14:32.509	1.6
11:14:32.517	2.3
11:14:32.529	1.4
11:14:32.541	3.0
11:14:32.550	3.0
11:14:32.562	2.9
11:14:32.574	3.5
11:14:32.587	3.8
11:14:32.595	3.3
11:14:32.607	2.0
11:14:32.619	-0.6
11:14:32.627	-1.7
11:14:32.640	-0.4
11:14:32.652	-2.1
11:14:32.660	-2.3
11:14:32.672	-3.8
11:14:32.685	-2.8
11:14:32.693	-4.3
11:14:32.705	-4.3
11:14:32.717	-5.5
11:14:32.726	-3.8
11:14:32.738	-5.7
11:14:32.750	-8.6
11:14:32.762	-11.1
11:14:32.771	-12.0
11:14:32.783	-11.7
11:14:32.795	-13.0
11:14:32.803	-13.2
11:14:32.816	-15.2
11:14:32.828	-15.0
11:14:32.840	-16.1
11:14:32.848	-15.1
11:14:32.861	-14.8
11:14:32.873	-13.1
11:14:32.881	-14.5
11:14:32.893	-13.8
11:14:32.906	-14.3
11:14:32.914	-15.0
11:14:32.926	-16.0
11:14:32.939	-15.5
11:14:32.947	-16.4
11:14:32.959	-17.7
11:14:32.972	-17.7
11:14:32.980	-19.4
11:14:32.993	-19.4
11:14:33.005	-18.0
11:14:33.017	-18.6
11:14:33.026	-19.0
11:14:33.038	-16.8
11:14:33.050	-17.6
11:14:33.058	-17.3
11:14:33.071	-16.7
11:14:33.083	-14.4
11:14:33.095	-15.4
11:14:33.103	-13.6
11:14:33.116	-16.8
11:14:33.128	-15.8
11:14:33.140	-15.2
11:14:33.148	-14.7
11:14:33.161	-15.1
11:14:33.173	-15.7
11:14:33.181	-15.2
11:14:33.193	-18.2
11:14:33.206	-17.4
11:14:33.214	-16.9
11:14:33.226	-15.1
11:14:33.238	-16.8
11:14:33.247	-16.1
11:14:33.259	-15.6
11:14:33.271	-16.3
11:14:33.279	-16.0
11:14:33.292	-17.3
11:14:33.304	-16.2
11:14:33.316	-16.6
11:14:33.325	-18.9
11:14:33.337	-21.0
11:14:33.349	-21.1
11:14:33.357	-21.6
11:14:33.369	-23.2
11:14:33.382	-21.4
11:14:33.390	-20.5
11:14:33.402	-19.4
11:14:33.414	-20.7
11:14:33.426	-20.0
11:14:33.435	-19.7
11:14:33.447	-18.7
11:14:33.459	-17.7
11:14:33.467	-18.9
11:14:33.480	-19.1
11:14:33.492	-18.0
11:14:33.500	-18.1
11:14:33.512	-19.2
11:14:33.525	-18.4
11:14:33.533	-19.0
11:14:33.545	-18.7
11:14:33.557	-17.6
11:14:33.570	-17.5
11:14:33.578	-15.7
11:14:33.590	-14.2
11:14:33.602	-14.6
11:14:33.611	-14.2
11:14:33.623	-11.5
11:14:33.635	-10.1
11:14:33.643	-7.7
11:14:33.656	-6.6
11:14:33.668	-7.3
11:14:33.676	-6.5
11:14:33.688	-6.4
11:14:33.701	-5.0
11:14:33.713	-4.4
11:14:33.721	-4.5
11:14:33.733	-5.6
11:14:33.746	-4.4
11:14:33.754	-3.0
11:14:33.766	-0.7
11:14:33.779	-0.2
11:14:33.787	0.6
11:14:33.799	1.3
11:14:33.811	0.1
11:14:33.823	0.2
11:14:33.832	2.8
11:14:33.844	3.1
11:14:33.856	4.2
11:14:33.864	2.9
11:14:33.877	0.6
11:14:33.889	1.3
11:14:33.897	0.4
11:14:33.910	1.1
11:14:33.922	2.9
11:14:33.930	2.7
11:14:33.942	1.4
11:14:33.955	0.9
11:14:33.963	-0.2
11:14:33.975	-1.5
11:14:33.987	0.6
11:14:34.000	0.5
11:14:34.008	0.2
11:14:34.020	-1.4
11:14:34.032	-4.1
11:14:34.041	-3.7
11:14:34.053	-2.1
11:14:34.065	-0.5
11:14:34.077	-2.8
11:14:34.086	-4.0
11:14:34.098	-5.1
11:14:34.110	-4.6
11:14:34.118	-3.6
11:14:34.131	-1.2
11:14:34.143	0.1
11:14:34.151	-0.6
11:14:34.163	-3.5
11:14:34.176	-4.1
11:14:34.184	-2.8
11:14:34.196	-0.6
11:14:34.208	-0.4
11:14:34.217	0.6
11:14:34.229	-0.2
11:14:34.241	-1.2
11:14:34.253	-1.0
11:14:34.262	-1.8
11:14:34.274	-0.8
11:14:34.286	-1.2
11:14:34.294	-1.7
11:14:34.307	-2.0
11:14:34.319	-4.0
11:14:34.327	-5.4
11:14:34.339	-5.6
11:14:34.352	-8.1
11:14:34.364	-8.1
11:14:34.372	-9.3
11:14:34.385	-11.1
11:14:34.397	-11.9
11:14:34.405	-12.1
11:14:34.417	-12.0
11:14:34.430	-10.0
11:14:34.438	-9.4
11:14:34.450	-8.1
11:14:34.462	-5.9
11:14:34.471	-6.6
11:14:34.483	-3.7
11:14:34.495	-0.9
11:14:34.507	-0.6
11:14:34.516	0.7
11:14:34.528	0.5
11:14:34.540	-1.5
11:14:34.548	-2.2
11:14:34.561	-3.2
11:14:34.573	-4.8
11:14:34.581	-5.0
11:14:34.593	-6.0
11:14:34.606	-7.3
11:14:34.614	-6.2
11:14:34.626	-6.3
11:14:34.638	-7.4
11:14:34.647	-5.7
11:14:34.659	-6.0
11:14:34.671	-5.9
11:14:34.683	-6.2
11:14:34.692	-6.1
11:14:34.704	-6.3
11:14:34.716	-7.1
11:14:34.724	-8.4
11:14:34.737	-9.6
11:14:34.749	-8.1
11:14:34.761	-9.3
11:14:34.769	-10.0
11:14:34.782	-10.3
11:14:34.794	-9.5
11:14:34.802	-9.5
11:14:34.815	-10.2
11:14:34.827	-11.6
11:14:34.835	-13.2
11:14:34.847	-13.0
11:14:34.860	-15.0
11:14:34.868	-14.9
11:14:34.880	-13.8
11:14:34.892	-15.1
11:14:34.901	-15.3
11:14:34.914	-17.2
11:14:34.926	-16.0
11:14:34.938	-15.2
11:14:34.947	-13.1
11:14:34.959	-12.6
11:14:34.971	-12.8
11:14:34.979	-11.9
11:14:34.992	-13.8
11:14:35.004	-12.2
11:14:35.016	-13.4
11:14:35.024	-12.7
11:14:35.037	-14.7
11:14:35.049	-16.0
11:14:35.057	-16.4
11:14:35.069	-18.5
11:14:35.082	-17.6
11:14:35.094	-18.3
11:14:35.102	-18.3
11:14:35.114	-18.6
11:14:35.127	-18.3
11:14:35.135	-16.9
11:14:35.147	-19.4
11:14:35.159	-18.4
11:14:35.168	-19.8
11:14:35.180	-18.7
11:14:35.192	-18.2
11:14:35.200	-19.0
11:14:35.213	-17.9
11:14:35.225	-17.5
11:14:35.237	-17.5
11:14:35.245	-19.2
11:14:35.258	-15.7
11:14:35.270	-14.5
11:14:35.278	-13.6
11:14:35.290	-14.4
11:14:35.303	-15.2
11:14:35.311	-14.1
11:14:35.323	-12.4
11:14:35.336	-13.5
11:14:35.348	-12.5
11:14:35.356	-11.4
11:14:35.368	-10.6
11:14:35.380	-11.5
11:14:35.389	-11.0
11:14:35.401	-10.0
11:14:35.413	-10.1
11:14:35.421	-9.6
11:14:35.434	-10.8
11:14:35.446	-9.4
11:14:35.454	-9.2
11:14:35.467	-9.8
11:14:35.479	-11.4
11:14:35.491	-10.6
11:14:35.499	-10.7
11:14:35.512	-10.6
11:14:35.524	-9.1
11:14:35.532	-10.8
11:14:35.544	-9.7
11:14:35.557	-10.6
11:14:35.565	-10.7
11:14:35.577	-10.0
11:14:35.589	-8.6
11:14:35.598	-9.9
11:14:35.610	-9.1
11:14:35.622	-8.5
11:14:35.634	-9.1
11:14:35.643	-7.6
11:14:35.655	-9.5
11:14:35.667	-10.0
11:14:35.675	-10.7
11:14:35.688	-10.1
11:14:35.700	-8.8
11:14:35.708	-7.9
11:14:35.721	-6.5
11:14:35.733	-7.2
11:14:35.745	-5.7
11:14:35.753	-4.9
11:14:35.766	-2.1
11:14:35.778	0.3
11:14:35.786	3.2
11:14:35.798	3.4
11:14:35.811	3.0
11:14:35.819	3.3
11:14:35.831	2.1
11:14:35.843	1.7
11:14:35.852	2.7
11:14:35.864	1.7
11:14:35.876	-0.1
11:14:35.884	-2.3
11:14:35.897	-4.5
11:14:35.909	-4.8
11:14:35.921	-5.4
11:14:35.929	-2.7
11:14:35.942	-1.9
11:14:35.954	-0.6
11:14:35.962	-2.0
11:14:35.974	-2.4
11:14:35.987	-2.7
11:14:35.999	-0.5
11:14:36.007	-2.8
11:14:36.020	-2.5
11:14:36.032	-3.0
11:14:36.040	-5.3
11:14:36.052	-4.9
11:14:36.065	-4.9
11:14:36.073	-6.2
11:14:36.085	-4.9
11:14:36.097	-6.0
11:14:36.106	-6.9
11:14:36.118	-3.7
11:14:36.130	-3.5
11:14:36.138	-1.8
11:14:36.151	-1.7
11:14:36.163	-4.0
11:14:36.175	-2.3
11:14:36.183	-2.5
11:14:36.196	-2.8
11:14:36.208	1.7
11:14:36.216	2.6
11:14:36.228	2.2
11:14:36.241	2.4
11:14:36.249	2.5
11:14:36.261	4.2
11:14:36.273	5.7
11:14:36.286	5.9
11:14:36.294	7.9
11:14:36.306	9.0
11:14:36.318	8.4
11:14:36.327	8.7
11:14:36.339	8.1
11:14:36.351	8.3
11:14:36.359	8.0
11:14:36.372	7.3
11:14:36.384	8.9
11:14:36.392	7.3
11:14:36.404	7.8
11:14:36.417	7.8
11:14:36.429	5.8
11:14:36.437	5.8
11:14:36.450	8.0
11:14:36.462	7.5
11:14:36.470	7.5
11:14:36.482	8.2
11:14:36.495	7.0
11:14:36.503	6.9
11:14:36.515	5.1
11:14:36.527	4.0
11:14:36.535	3.8
11:14:36.547	4.9
11:14:36.560	4.4
11:14:36.568	5.3
11:14:36.580	5.4
11:14:36.592	3.7
11:14:36.604	4.5
11:14:36.613	4.2
11:14:36.625	4.4
11:14:36.637	5.2
11:14:36.645	6.9
11:14:36.658	6.7
11:14:36.670	7.2
11:14:36.683	7.3
11:14:36.692	7.6
11:14:36.704	9.1
11:14:36.716	7.3
11:14:36.724	9.3
11:14:36.736	10.4
11:14:36.749	11.4
11:14:36.757	11.2
11:14:36.769	11.1
11:14:36.781	11.4
11:14:36.790	11.1
11:14:36.802	12.2
11:14:36.814	12.2
11:14:36.822	13.4
11:14:36.835	13.6
11:14:36.847	15.8
11:14:36.859	16.0
11:14:36.868	16.2
11:14:36.880	16.4
11:14:36.892	15.9
11:14:36.900	17.4
11:14:36.912	16.7
11:14:36.925	17.9
11:14:36.937	18.8
11:14:36.945	18.8
11:14:36.958	17.6
11:14:36.970	16.9
11:14:36.978	16.3
11:14:36.990	14.2
11:14:37.003	14.4
11:14:37.011	13.5
11:14:37.023	13.6
11:14:37.035	12.8
11:14:37.044	13.9
11:14:37.056	13.2
11:14:37.068	14.0
11:14:37.076	14.4
11:14:37.089	14.5
11:14:37.101	17.1
11:14:37.113	17.5
11:14:37.121	19.5
11:14:37.134	19.3
11:14:37.146	19.9
11:14:37.158	17.7
11:14:37.166	17.3
11:14:37.179	17.3
11:14:37.191	18.0
11:14:37.199	18.8
11:14:37.211	18.4
11:14:37.224	19.6
11:14:37.232	18.5
11:14:37.244	18.4
11:14:37.256	17.6
11:14:37.269	17.9
11:14:37.277	19.6
11:14:37.289	18.8
11:14:37.301	17.1
11:14:37.310	17.1
11:14:37.322	19.1
11:14:37.334	17.9
11:14:37.342	18.1
11:14:37.355	19.0
11:14:37.367	20.8
11:14:37.375	21.7
11:14:37.387	19.7
11:14:37.400	19.9
11:14:37.412	22.0
11:14:37.420	20.7
11:14:37.433	19.0
11:14:37.445	18.1
11:14:37.453	16.9
11:14:37.465	16.0
11:14:37.478	13.7
11:14:37.486	14.2
11:14:37.498	14.6
11:14:37.510	14.1
11:14:37.519	12.6
11:14:37.531	13.7
11:14:37.543	17.8
11:14:37.556	17.7
11:14:37.564	17.8
11:14:37.576	16.3
11:14:37.588	18.0
11:14:37.597	17.2
11:14:37.609	17.8
11:14:37.621	18.2
11:14:37.629	17.5
11:14:37.642	18.3
11:14:37.654	15.2
11:14:37.666	16.6
11:14:37.674	16.9
11:14:37.687	17.9
11:14:37.699	17.2
11:14:37.707	17.8
11:14:37.719	18.2
11:14:37.732	19.2
11:14:37.740	19.2
11:14:37.752	18.0
11:14:37.764	16.0
11:14:37.773	14.1
11:14:37.785	15.8
11:14:37.797	15.7
11:14:37.805	16.8
11:14:37.818	14.8
11:14:37.830	15.3
11:14:37.842	11.9
11:14:37.850	12.9
11:14:37.863	12.6
11:14:37.875	14.0
11:14:37.883	13.1
11:14:37.895	10.1
11:14:37.908	12.0
11:14:37.920	10.3
11:14:37.928	10.8
11:14:37.940	9.3
11:14:37.953	10.8
11:14:37.961	12.3
11:14:37.973	13.7
11:14:37.985	11.9
11:14:37.994	14.0
11:14:38.006	15.5
11:14:38.018	14.0
11:14:38.026	12.4
11:14:38.039	13.8
11:14:38.051	14.2
11:14:38.059	15.4
11:14:38.071	15.0
11:14:38.084	13.7
11:14:38.096	14.3
11:14:38.104	14.5
11:14:38.117	14.3
11:14:38.129	14.0
11:14:38.137	15.4
11:14:38.149	14.4
11:14:38.162	13.7
11:14:38.170	12.9
11:14:38.182	12.7
11:14:38.194	12.5
11:14:38.207	13.2
11:14:38.215	13.0
11:14:38.227	15.2
11:14:38.239	15.3
11:14:38.248	15.1
11:14:38.260	15.8
11:14:38.272	15.9
11:14:38.280	14.5
11:14:38.293	14.4
11:14:38.305	15.1
11:14:38.313	12.2
11:14:38.325	11.7
11:14:38.338	9.6
11:14:38.350	10.6
11:14:38.358	12.1
11:14:38.370	12.1
11:14:38.383	11.9
11:14:38.391	14.6
11:14:38.403	13.8
11:14:38.416	13.9
11:14:38.424	18.3
11:14:38.436	16.6
11:14:38.448	16.7
11:14:38.456	18.0
11:14:38.469	18.6
11:14:38.481	20.6
11:14:38.489	23.9
11:14:38.501	23.3
11:14:38.514	25.7
11:14:38.526	26.9
11:14:38.534	26.5
11:14:38.547	31.8
11:14:38.559	34.4
11:14:38.567	35.6
11:14:38.579	34.8
11:14:38.592	35.5
11:14:38.604	35.0
11:14:38.612	35.9
11:14:38.624	36.1
11:14:38.637	35.1
11:14:38.645	34.8
11:14:38.657	32.8
11:14:38.669	32.4
11:14:38.678	32.0
11:14:38.690	32.7
11:14:38.702	32.0
11:14:38.710	33.8
11:14:38.723	35.0
11:14:38.735	35.4
11:14:38.743	37.7
11:14:38.755	38.3
11:14:38.768	38.4
11:14:38.780	38.7
11:14:38.788	38.8
11:14:38.800	38.6
11:14:38.813	39.9
11:14:38.821	38.5
11:14:38.833	37.3
11:14:38.845	36.4
11:14:38.858	34.9
11:14:38.866	35.4
11:14:38.878	36.0
11:14:38.890	34.9
11:14:38.899	34.0
11:14:38.911	33.2
11:14:38.923	30.9
11:14:38.931	29.0
11:14:38.944	28.5
11:14:38.956	27.4
11:14:38.964	26.7
11:14:38.976	26.0
11:14:38.989	26.1
11:14:38.997	26.0
11:14:39.009	26.1
11:14:39.022	27.5
11:14:39.034	28.4
11:14:39.042	28.2
11:14:39.054	28.9
11:14:39.067	28.9
11:14:39.075	30.7
11:14:39.087	29.8
11:14:39.099	29.8
11:14:39.112	27.7
11:14:39.120	26.8
11:14:39.132	27.6
11:14:39.144	27.1
11:14:39.153	27.9
11:14:39.165	27.7
11:14:39.177	28.5
11:14:39.189	26.5
11:14:39.198	26.7
11:14:39.210	25.5
11:14:39.222	28.5
11:14:39.230	28.9
11:14:39.243	27.1
11:14:39.255	26.7
11:14:39.263	26.5
11:14:39.275	26.7
11:14:39.288	29.4
11:14:39.296	30.5
11:14:39.308	29.7
11:14:39.320	30.2
11:14:39.333	28.0
11:14:39.341	27.6
11:14:39.353	27.8
11:14:39.365	29.8
11:14:39.374	29.5
11:14:39.386	29.7
11:14:39.398	27.2
11:14:39.406	26.2
11:14:39.419	26.9
11:14:39.431	26.8
11:14:39.439	26.7
11:14:39.451	25.5
11:14:39.464	25.5
11:14:39.476	24.5
11:14:39.484	24.1
11:14:39.497	23.2
11:14:39.509	21.5
11:14:39.517	23.6
11:14:39.529	24.2
11:14:39.542	23.6
11:14:39.550	24.1
11:14:39.562	25.7
11:14:39.574	25.0
11:14:39.587	22.4
11:14:39.595	22.3
11:14:39.607	21.4
11:14:39.619	21.6
11:14:39.628	18.0
11:14:39.640	15.6
11:14:39.652	14.9
11:14:39.660	14.1
11:14:39.673	13.0
11:14:39.685	12.1
11:14:39.693	12.0
11:14:39.705	12.2
11:14:39.718	10.2
11:14:39.726	10.7
11:14:39.738	13.8
11:14:39.750	13.6
11:14:39.763	11.9
11:14:39.771	10.5
11:14:39.783	8.5
11:14:39.795	8.7
11:14:39.804	8.1
11:14:39.816	7.1
11:14:39.828	9.2
11:14:39.840	9.2
11:14:39.849	8.8
11:14:39.861	9.2
11:14:39.873	10.1
11:14:39.881	9.3
11:14:39.894	10.1
11:14:39.906	6.8
11:14:39.914	6.4
11:14:39.926	6.9
11:14:39.939	5.0
11:14:39.947	2.8
11:14:39.959	0.0
11:14:39.972	-0.8
11:14:39.980	-1.9
11:14:39.992	-0.7
11:14:40.004	-1.9
11:14:40.017	-0.6
11:14:40.025	-2.4
11:14:40.037	-4.8
11:14:40.050	-4.0
11:14:40.058	-6.1
11:14:40.070	-6.6
11:14:40.082	-7.5
11:14:40.090	-9.7
11:14:40.103	-10.9
11:14:40.115	-12.8
11:14:40.127	-12.2
11:14:40.136	-11.2
11:14:40.148	-11.3
11:14:40.160	-12.9
11:14:40.168	-13.1
11:14:40.181	-13.7
11:14:40.193	-13.3
11:14:40.201	-12.4
11:14:40.213	-12.0
11:14:40.226	-9.5
11:14:40.234	-11.8
11:14:40.246	-13.3
11:14:40.259	-13.3
11:14:40.271	-15.5
11:14:40.279	-14.2
11:14:40.291	-15.8
11:14:40.304	-16.7
11:14:40.312	-15.1
11:14:40.324	-17.1
11:14:40.336	-19.7
11:14:40.345	-18.4
11:14:40.357	-19.3
11:14:40.369	-19.8
11:14:40.377	-19.0
11:14:40.390	-20.6
11:14:40.402	-21.4
11:14:40.410	-22.6
11:14:40.422	-24.1
11:14:40.435	-25.1
11:14:40.447	-24.1
11:14:40.455	-26.0
11:14:40.467	-26.5
11:14:40.480	-28.3
11:14:40.488	-28.5
11:14:40.500	-28.4
11:14:40.512	-27.9
11:14:40.525	-26.5
11:14:40.533	-27.2
11:14:40.545	-26.0
11:14:40.557	-26.4
11:14:40.566	-25.5
11:14:40.578	-25.3
11:14:40.590	-23.1
11:14:40.598	-22.9
11:14:40.611	-22.3
11:14:40.623	-21.8
11:14:40.631	-21.6
11:14:40.643	-21.1
11:14:40.656	-19.7
11:14:40.664	-19.8
11:14:40.676	-19.8
11:14:40.689	-18.3
11:14:40.701	-17.4
11:14:40.709	-16.3
11:14:40.721	-16.3
11:14:40.734	-15.0
11:14:40.742	-15.8
11:14:40.754	-15.2
11:14:40.766	-15.9
11:14:40.779	-15.1
11:14:40.787	-13.8
11:14:40.799	-13.2
11:14:40.811	-13.7
11:14:40.820	-13.7
11:14:40.832	-11.7
11:14:40.844	-13.5
11:14:40.852	-10.3
11:14:40.865	-11.2
11:14:40.877	-8.3
11:14:40.885	-7.0
11:14:40.897	-6.9
11:14:40.910	-6.9
11:14:40.918	-5.7
11:14:40.930	-3.9
11:14:40.942	-4.8
11:14:40.955	-2.5
11:14:40.963	-4.3
11:14:40.975	-0.3
11:14:40.987	-1.0
11:14:40.996	-1.2
11:14:41.008	0.7
11:14:41.020	0.3
11:14:41.029	0.7
11:14:41.041	1.0
11:14:41.053	4.6
11:14:41.061	6.6
11:14:41.073	7.5
11:14:41.086	8.2
11:14:41.098	9.3
11:14:41.110	10.3
11:14:41.119	10.9
11:14:41.131	12.1
11:14:41.143	13.7
11:14:41.151	11.7
11:14:41.163	9.6
11:14:41.172	9.9
11:14:41.184	10.6
11:14:41.196	9.6
11:14:41.208	8.0
11:14:41.217	7.9
11:14:41.229	9.4
11:14:41.241	10.1
11:14:41.254	11.0
11:14:41.262	14.3
11:14:41.274	15.8
11:14:41.286	15.8
11:14:41.295	15.8
11:14:41.307	17.3
11:14:41.319	18.3
11:14:41.327	19.6
11:14:41.340	18.6
11:14:41.352	19.3
11:14:41.360	17.2
11:14:41.372	16.6
11:14:41.385	16.6
11:14:41.397	17.6
11:14:41.405	17.7
11:14:41.417	16.8
11:14:41.430	19.6
11:14:41.438	18.5
11:14:41.450	19.4
11:14:41.462	21.2
11:14:41.471	22.5
11:14:41.483	22.7
11:14:41.495	21.1
11:14:41.507	19.9
11:14:41.516	19.7
11:14:41.528	20.4
11:14:41.540	17.7
11:14:41.548	19.1
11:14:41.561	16.3
11:14:41.573	15.3
11:14:41.581	15.4
11:14:41.593	15.1
11:14:41.606	16.0
11:14:41.614	14.9
11:14:41.626	14.9
11:14:41.639	13.8
11:14:41.647	16.3
11:14:41.659	17.8
11:14:41.672	19.2
11:14:41.684	17.2
11:14:41.692	16.0
11:14:41.704	17.1
11:14:41.716	18.3
11:14:41.725	20.5
11:14:41.737	22.9
11:14:41.749	25.0
11:14:41.761	22.7
11:14:41.770	20.8
11:14:41.782	21.0
11:14:41.794	23.8
11:14:41.802	25.1
11:14:41.815	23.2
11:14:41.827	23.5
11:14:41.835	23.2
11:14:41.847	21.8
11:14:41.860	19.1
11:14:41.868	20.4
11:14:41.880	19.8
11:14:41.893	19.7
11:14:41.901	18.6
11:14:41.913	16.6
11:14:41.925	19.5
11:14:41.938	18.6
11:14:41.946	17.9
11:14:41.958	17.7
11:14:41.970	17.5
11:14:41.978	17.8
11:14:41.991	19.4
11:14:42.003	19.9
11:14:42.011	19.9
11:14:42.024	19.5
11:14:42.036	17.3
11:14:42.048	17.0
11:14:42.056	15.7
11:14:42.069	15.3
11:14:42.081	15.7
11:14:42.089	13.7
11:14:42.101	11.6
11:14:42.114	12.7
11:14:42.122	12.1
11:14:42.134	13.3
11:14:42.147	14.0
11:14:42.155	13.6
11:14:42.167	16.5
11:14:42.179	16.1
11:14:42.192	17.4
11:14:42.200	18.8
11:14:42.212	20.7
11:14:42.225	19.2
11:14:42.233	20.8
11:14:42.245	21.5
11:14:42.257	22.0
11:14:42.265	22.9
11:14:42.278	22.2
11:14:42.290	23.9
11:14:42.298	23.4
11:14:42.311	23.8
11:14:42.323	21.8
11:14:42.331	21.0
11:14:42.343	20.5
11:14:42.356	20.4
11:14:42.368	18.9
11:14:42.376	18.5
11:14:42.388	16.6
11:14:42.401	15.0
11:14:42.409	12.5
11:14:42.421	12.9
11:14:42.433	13.2
11:14:42.446	13.5
11:14:42.454	13.3
11:14:42.466	12.9
11:14:42.478	14.0
11:14:42.487	12.6
11:14:42.499	12.9
11:14:42.511	13.4
11:14:42.519	14.2
11:14:42.532	12.3
11:14:42.544	12.0
11:14:42.552	13.4
11:14:42.564	13.3
11:14:42.577	12.1
11:14:42.585	11.9
11:14:42.597	13.5
11:14:42.609	14.2
11:14:42.622	15.0
11:14:42.630	17.3
11:14:42.642	16.4
11:14:42.654	16.7
11:14:42.663	16.4
11:14:42.675	15.5
11:14:42.687	17.7
11:14:42.700	16.5
11:14:42.708	16.9
11:14:42.720	16.2
11:14:42.732	14.7
11:14:42.740	11.9
11:14:42.753	15.1
11:14:42.765	15.5
11:14:42.774	13.9
11:14:42.786	14.4
11:14:42.798	12.8
11:14:42.806	13.2
11:14:42.818	11.5
11:14:42.831	10.8
11:14:42.839	10.2
11:14:42.851	11.8
11:14:42.863	10.7
11:14:42.876	10.6
11:14:42.884	11.6
11:14:42.896	9.9
11:14:42.909	10.8
11:14:42.917	9.6
11:14:42.929	10.6
11:14:42.941	11.3
11:14:42.949	10.1
11:14:42.962	9.4
11:14:42.974	6.7
11:14:42.982	6.6
11:14:42.995	6.2
11:14:43.007	6.0
11:14:43.019	4.2
11:14:43.027	3.7
11:14:43.040	2.4
11:14:43.052	0.4
11:14:43.060	2.4
11:14:43.072	2.0
11:14:43.085	2.4
11:14:43.093	3.3
11:14:43.105	2.0
11:14:43.117	3.0
11:14:43.130	4.4
11:14:43.138	5.8
11:14:43.150	5.7
11:14:43.162	5.5
11:14:43.171	4.9
11:14:43.183	4.4
11:14:43.195	4.9
11:14:43.203	2.0
11:14:43.216	1.5
11:14:43.228	0.5
11:14:43.236	-2.5
11:14:43.248	-3.8
11:14:43.261	-5.1
11:14:43.273	-4.4
11:14:43.281	-6.0
11:14:43.293	-4.7
11:14:43.306	-6.2
11:14:43.318	-6.5
11:14:43.326	-5.8
11:14:43.338	-5.5
11:14:43.351	-4.2
11:14:43.359	-2.1
11:14:43.371	-1.4
11:14:43.384	-2.8
11:14:43.392	-2.9
11:14:43.404	-4.6
11:14:43.416	-4.1
11:14:43.429	-3.0
11:14:43.437	-4.6
11:14:43.449	-4.4
11:14:43.461	-5.6
11:14:43.470	-9.3
11:14:43.482	-11.3
11:14:43.494	-11.6
11:14:43.502	-12.6
11:14:43.515	-14.4
11:14:43.527	-16.2
11:14:43.535	-17.4
11:14:43.547	-17.4
11:14:43.560	-18.9
11:14:43.568	-20.0
11:14:43.580	-20.4
11:14:43.592	-21.2
11:14:43.605	-19.6
11:14:43.613	-19.9
11:14:43.625	-18.4
11:14:43.637	-19.2
11:14:43.646	-19.8
11:14:43.658	-19.2
11:14:43.670	-20.2
11:14:43.683	-18.2
11:14:43.691	-16.4
11:14:43.703	-16.4
11:14:43.715	-17.6
11:14:43.723	-17.6
11:14:43.736	-18.4
11:14:43.748	-18.1
11:14:43.756	-18.1
11:14:43.768	-19.2
11:14:43.781	-17.7
11:14:43.789	-18.8
11:14:43.801	-19.7
11:14:43.814	-18.9
11:14:43.822	-18.9
11:14:43.834	-19.0
11:14:43.846	-19.3
11:14:43.859	-18.8
11:14:43.867	-18.7
11:14:43.879	-19.1
11:14:43.891	-19.9
11:14:43.900	-19.1
11:14:43.912	-18.2
11:14:43.924	-17.9
11:14:43.932	-16.2
11:14:43.945	-15.4
11:14:43.957	-14.9
11:14:43.969	-15.7
11:14:43.977	-15.0
11:14:43.990	-13.9
11:14:44.002	-12.5
11:14:44.010	-12.7
11:14:44.023	-12.3
11:14:44.035	-11.3
11:14:44.043	-11.7
11:14:44.055	-9.7
11:14:44.068	-9.3
11:14:44.076	-6.4
11:14:44.088	-4.2
11:14:44.100	-4.2
11:14:44.113	-4.5
11:14:44.121	-2.0
11:14:44.133	-2.5
11:14:44.145	-1.3
11:14:44.154	0.1
11:14:44.166	-0.1
11:14:44.178	1.8
11:14:44.186	2.4
11:14:44.199	3.4
11:14:44.211	6.3
11:14:44.219	6.9
11:14:44.231	6.3
11:14:44.244	7.7
11:14:44.252	7.4
11:14:44.264	7.8
11:14:44.276	9.7
11:14:44.289	10.0
11:14:44.297	11.0
11:14:44.309	10.4
11:14:44.322	9.2
11:14:44.330	11.9
11:14:44.342	13.1
11:14:44.354	12.3
11:14:44.367	12.3
11:14:44.375	13.6
11:14:44.387	14.1
11:14:44.399	13.1
11:14:44.408	12.0
11:14:44.420	12.3
11:14:44.432	12.4
11:14:44.440	13.4
11:14:44.453	12.6
11:14:44.465	14.1
11:14:44.473	15.0
11:14:44.485	14.5
11:14:44.498	14.2
11:14:44.506	15.0
11:14:44.518	14.8
11:14:44.531	13.6
11:14:44.543	14.2
11:14:44.551	13.3
11:14:44.563	15.1
11:14:44.576	14.4
11:14:44.584	15.2
11:14:44.596	14.1
11:14:44.608	15.0
11:14:44.621	15.8
11:14:44.629	18.8
11:14:44.641	19.6
11:14:44.653	19.7
11:14:44.662	19.1
11:14:44.674	19.4
11:14:44.686	21.0
11:14:44.694	23.9
11:14:44.707	23.1
11:14:44.719	22.6
11:14:44.727	24.0
11:14:44.739	22.0
11:14:44.752	23.0
11:14:44.760	23.7
11:14:44.772	24.1
11:14:44.784	22.3
11:14:44.797	21.6
11:14:44.805	19.1
11:14:44.817	21.1
11:14:44.829	21.2
11:14:44.838	19.2
11:14:44.850	18.6
11:14:44.862	17.4
11:14:44.870	18.1
11:14:44.883	17.4
11:14:44.895	17.0
11:14:44.903	16.5
11:14:44.915	18.1
11:14:44.928	17.8
11:14:44.940	16.8
11:14:44.948	16.3
11:14:44.960	16.3
11:14:44.973	17.2
11:14:44.981	15.5
11:14:44.993	14.6
11:14:45.005	15.4
11:14:45.014	15.7
11:14:45.026	14.4
11:14:45.039	13.4
11:14:45.051	14.7
11:14:45.059	15.7
11:14:45.071	16.5
11:14:45.084	16.2
11:14:45.096	15.5
11:14:45.104	16.5
11:14:45.116	16.5
11:14:45.129	15.9
11:14:45.137	14.7
11:14:45.149	15.0
11:14:45.161	13.3
11:14:45.170	13.9
11:14:45.182	13.8
11:14:45.194	14.2
11:14:45.202	16.3
11:14:45.214	16.2
11:14:45.226	15.4
11:14:45.239	16.4
11:14:45.247	16.8
11:14:45.259	15.8
11:14:45.271	15.1
11:14:45.280	12.8
11:14:45.292	11.5
11:14:45.304	11.7
11:14:45.312	10.5
11:14:45.325	10.2
11:14:45.337	10.7
11:14:45.349	9.8
11:14:45.357	9.5
11:14:45.370	10.6
11:14:45.382	11.2
11:14:45.390	12.0
11:14:45.403	12.6
11:14:45.415	8.9
11:14:45.423	10.0
11:14:45.435	9.7
11:14:45.448	10.0
11:14:45.456	10.1
11:14:45.468	10.5
11:14:45.480	12.1
11:14:45.489	13.1
11:14:45.501	14.1
11:14:45.513	14.0
11:14:45.525	16.5
11:14:45.534	14.8
11:14:45.546	14.5
11:14:45.558	14.5
11:14:45.566	14.5
11:14:45.579	15.5
11:14:45.591	12.4
11:14:45.603	11.6
11:14:45.611	11.2
11:14:45.624	11.3
11:14:45.636	9.7
11:14:45.645	9.2
11:14:45.656	10.2
11:14:45.670	10.3
11:14:45.678	10.2
11:14:45.690	10.8
11:14:45.702	12.6
11:14:45.711	12.2
11:14:45.723	11.7
11:14:45.735	12.3
11:14:45.744	13.1
11:14:45.756	14.6
11:14:45.768	13.8
11:14:45.780	10.9
11:14:45.788	12.9
11:14:45.801	9.7
11:14:45.813	10.6
11:14:45.821	9.9
11:14:45.833	9.9
11:14:45.846	9.0
11:14:45.854	8.0
11:14:45.866	7.1
11:14:45.878	5.5
11:14:45.891	8.2
11:14:45.899	6.4
11:14:45.911	7.3
11:14:45.924	4.4
11:14:45.932	3.9
11:14:45.944	3.1
11:14:45.956	2.2
11:14:45.964	2.7
11:14:45.977	3.9
11:14:45.989	5.3
11:14:45.997	4.1
11:14:46.010	1.2
11:14:46.022	0.3
11:14:46.033	0.5
11:14:46.041	0.1
11:14:46.055	-0.7
11:14:46.067	-1.7
11:14:46.075	-1.6
11:14:46.087	-4.6
11:14:46.100	-6.1
11:14:46.108	-6.5
11:14:46.120	-5.6
11:14:46.132	-7.3
11:14:46.141	-8.0
11:14:46.153	-9.2
11:14:46.165	-8.9
11:14:46.173	-6.7
11:14:46.186	-8.1
11:14:46.198	-8.6
11:14:46.210	-10.3
11:14:46.219	-11.1
11:14:46.231	-10.6
11:14:46.243	-10.3
11:14:46.251	-10.8
11:14:46.264	-11.8
11:14:46.276	-10.0
11:14:46.288	-12.9
11:14:46.296	-13.0
11:14:46.309	-13.3
11:14:46.321	-13.2
11:14:46.329	-14.4
11:14:46.342	-15.8
11:14:46.354	-15.6
11:14:46.362	-16.4
11:14:46.374	-14.5
11:14:46.386	-16.0
11:14:46.395	-16.3
11:14:46.407	-16.2
11:14:46.419	-15.4
11:14:46.427	-14.4
11:14:46.440	-13.3
11:14:46.452	-13.5
11:14:46.464	-13.3
11:14:46.472	-12.9
11:14:46.485	-14.7
11:14:46.497	-16.9
11:14:46.505	-16.3
11:14:46.517	-17.6
11:14:46.530	-19.8
11:14:46.542	-20.4
11:14:46.550	-22.4
11:14:46.562	-23.9
11:14:46.575	-24.9
11:14:46.583	-25.7
11:14:46.595	-24.8
11:14:46.607	-24.7
11:14:46.616	-24.4
11:14:46.628	-20.9
11:14:46.640	-19.5
11:14:46.648	-19.0
11:14:46.661	-18.0
11:14:46.673	-16.6
11:14:46.681	-13.8
11:14:46.694	-15.2
11:14:46.706	-15.9
11:14:46.718	-15.8
11:14:46.726	-17.9
11:14:46.739	-20.9
11:14:46.751	-20.8
11:14:46.759	-22.8
11:14:46.771	-20.6
11:14:46.784	-21.4
11:14:46.792	-25.8
11:14:46.804	-24.2
11:14:46.816	-24.7
11:14:46.825	-25.4
11:14:46.837	-24.1
11:14:46.849	-23.2
11:14:46.861	-23.5
11:14:46.870	-22.4
11:14:46.882	-24.1
11:14:46.894	-22.1
11:14:46.902	-20.3
11:14:46.915	-19.7
11:14:46.927	-17.6
11:14:46.935	-15.6
11:14:46.947	-13.7
11:14:46.960	-14.2
11:14:46.972	-14.1
11:14:46.980	-12.6
11:14:46.992	-12.5
11:14:47.005	-13.1
11:14:47.013	-11.8
11:14:47.025	-10.6
11:14:47.037	-10.8
11:14:47.046	-10.4
11:14:47.058	-11.3
11:14:47.070	-11.7
11:14:47.078	-9.2
11:14:47.091	-9.2
11:14:47.103	-8.6
11:14:47.111	-9.3
11:14:47.124	-10.4
11:14:47.136	-10.1
11:14:47.148	-9.4
11:14:47.156	-7.8
11:14:47.169	-6.9
11:14:47.181	-5.6
11:14:47.189	-6.8
11:14:47.201	-7.5
11:14:47.214	-7.0
11:14:47.226	-5.8
11:14:47.234	-4.5
11:14:47.246	-5.2
11:14:47.259	-4.0
11:14:47.271	-4.4
11:14:47.279	-3.2
11:14:47.292	-2.7
11:14:47.304	-3.9
11:14:47.312	-2.4
11:14:47.324	-2.6
11:14:47.336	2.9
11:14:47.345	3.9
11:14:47.357	4.2
11:14:47.369	5.0
11:14:47.377	4.7
11:14:47.390	7.0
11:14:47.402	9.1
11:14:47.410	11.5
11:14:47.422	11.4
11:14:47.435	11.3
11:14:47.447	6.6
11:14:47.455	7.1
11:14:47.468	8.5
11:14:47.480	7.6
11:14:47.488	8.8
11:14:47.500	8.0
11:14:47.513	8.2
11:14:47.525	7.8
11:14:47.533	11.7
11:14:47.545	14.3
11:14:47.558	18.1
11:14:47.566	17.6
11:14:47.578	20.6
11:14:47.590	21.5
11:14:47.599	21.8
11:14:47.611	20.3
11:14:47.623	20.1
11:14:47.631	19.1
11:14:47.644	16.9
11:14:47.656	16.9
11:14:47.664	14.1
11:14:47.676	14.3
11:14:47.689	11.7
11:14:47.701	11.8
11:14:47.709	12.0
11:14:47.721	12.3
11:14:47.734	12.3
11:14:47.742	18.0
11:14:47.754	18.2
11:14:47.767	16.8
11:14:47.775	18.0
11:14:47.787	17.6
11:14:47.799	19.2
11:14:47.812	22.1
11:14:47.820	22.2
11:14:47.832	21.6
11:14:47.844	20.0
11:14:47.853	16.8
11:14:47.865	15.5
11:14:47.877	15.1
11:14:47.885	14.4
11:14:47.898	15.3
11:14:47.910	14.5
11:14:47.918	12.3
11:14:47.930	11.8
11:14:47.943	12.2
11:14:47.955	14.5
11:14:47.963	15.0
11:14:47.975	15.6
11:14:47.988	16.1
11:14:47.996	15.2
11:14:48.008	14.8
11:14:48.020	14.9
11:14:48.029	15.1
11:14:48.041	14.7
11:14:48.053	15.0
11:14:48.061	13.7
11:14:48.074	13.1
11:14:48.086	14.0
11:14:48.094	13.9
11:14:48.106	14.7
11:14:48.119	15.3
11:14:48.131	16.2
11:14:48.139	15.7
11:14:48.151	18.6
11:14:48.164	19.1
11:14:48.172	20.9
11:14:48.184	22.9
11:14:48.196	23.6
11:14:48.209	24.6
11:14:48.217	24.1
11:14:48.229	24.5
11:14:48.242	22.0
11:14:48.250	21.5
11:14:48.262	19.4
11:14:48.274	20.4
11:14:48.282	18.2
11:14:48.295	16.1
11:14:48.307	14.0
11:14:48.315	14.7
11:14:48.328	16.0
11:14:48.340	14.7
11:14:48.348	15.8
11:14:48.360	16.4
11:14:48.373	15.4
11:14:48.385	15.8
11:14:48.393	15.9
11:14:48.405	15.3
11:14:48.418	16.7
11:14:48.426	15.2
11:14:48.438	12.8
11:14:48.450	13.6
11:14:48.463	11.5
11:14:48.471	10.7
11:14:48.483	10.5
11:14:48.495	8.9
11:14:48.504	7.0
11:14:48.516	4.7
11:14:48.528	3.2
11:14:48.536	2.0
11:14:48.549	2.9
11:14:48.561	3.0
11:14:48.569	5.2
11:14:48.581	4.5
11:14:48.594	5.1
11:14:48.602	4.5
11:14:48.614	6.4
11:14:48.626	8.6
11:14:48.639	8.2
11:14:48.647	7.3
11:14:48.659	7.6
11:14:48.671	6.7
11:14:48.680	5.4
11:14:48.692	5.1
11:14:48.704	2.7
11:14:48.712	1.0
11:14:48.725	0.9
11:14:48.737	-1.0
11:14:48.745	-1.3
11:14:48.757	-0.5
11:14:48.770	-1.1
11:14:48.782	-3.3
11:14:48.790	-4.0
11:14:48.803	-5.8
11:14:48.815	-5.0
11:14:48.823	-4.8
11:14:48.835	-4.1
11:14:48.848	-2.6
11:14:48.856	-3.1
11:14:48.868	-4.0
11:14:48.880	-5.1
11:14:48.893	-4.4
11:14:48.901	-6.3
11:14:48.913	-4.7
11:14:48.925	-6.3
11:14:48.934	-7.0
11:14:48.946	-10.2
11:14:48.958	-9.7
11:14:48.966	-10.0
11:14:48.979	-10.2
11:14:48.991	-11.7
11:14:48.999	-11.6
11:14:49.011	-10.7
11:14:49.024	-13.1
11:14:49.036	-13.7
11:14:49.044	-14.6
11:14:49.056	-15.4
11:14:49.069	-19.7
11:14:49.081	-20.4
11:14:49.089	-20.0
11:14:49.101	-19.7
11:14:49.114	-19.6
11:14:49.122	-19.5
11:14:49.134	-21.2
11:14:49.147	-22.5
11:14:49.155	-22.7
11:14:49.167	-22.8
11:14:49.179	-22.5
11:14:49.192	-22.8
11:14:49.200	-24.0
11:14:49.212	-24.4
11:14:49.224	-27.3
11:14:49.233	-28.8
11:14:49.245	-28.7
11:14:49.257	-25.4
11:14:49.266	-25.7
11:14:49.278	-26.0
11:14:49.290	-25.2
11:14:49.298	-24.3
11:14:49.311	-23.9
11:14:49.323	-24.6
11:14:49.331	-24.1
11:14:49.343	-24.3
11:14:49.356	-24.1
11:14:49.368	-26.1
11:14:49.376	-25.3
11:14:49.388	-24.1
11:14:49.401	-25.2
11:14:49.409	-23.9
11:14:49.421	-23.9
11:14:49.433	-23.0
11:14:49.446	-22.8
11:14:49.454	-21.9
11:14:49.466	-20.9
11:14:49.479	-20.5
11:14:49.487	-21.6
11:14:49.499	-20.1
11:14:49.511	-18.4
11:14:49.520	-19.8
11:14:49.532	-20.3
11:14:49.544	-20.1
11:14:49.552	-20.2
11:14:49.565	-19.6
11:14:49.577	-18.2
11:14:49.585	-18.0
11:14:49.597	-16.7
11:14:49.610	-18.7
11:14:49.622	-18.8
11:14:49.630	-19.1
11:14:49.642	-17.5
11:14:49.655	-17.9
11:14:49.663	-15.6
11:14:49.675	-14.4
11:14:49.687	-13.5
11:14:49.696	-11.5
11:14:49.708	-10.7
11:14:49.720	-9.1
11:14:49.732	-9.6
11:14:49.741	-10.1
11:14:49.753	-12.3
11:14:49.765	-11.4
11:14:49.773	-12.0
11:14:49.786	-12.4
11:14:49.798	-12.7
11:14:49.806	-12.8
11:14:49.818	-12.5
11:14:49.831	-12.2
11:14:49.839	-12.2
11:14:49.851	-10.0
11:14:49.863	-6.0
11:14:49.876	-5.8
11:14:49.884	-4.9
11:14:49.896	-6.0
11:14:49.909	-7.4
11:14:49.917	-8.8
11:14:49.929	-10.3
11:14:49.941	-11.6
11:14:49.950	-10.1
11:14:49.962	-11.9
11:14:49.974	-13.0
11:14:49.982	-13.5
11:14:49.994	-14.0
11:14:50.007	-14.3
11:14:50.015	-12.8
11:14:50.027	-11.9
11:14:50.040	-10.4
11:14:50.052	-8.8
11:14:50.060	-8.0
11:14:50.072	-5.1
11:14:50.085	-5.7
11:14:50.093	-4.5
11:14:50.105	-3.7
11:14:50.117	-1.7
11:14:50.130	-1.3
11:14:50.138	-0.1
11:14:50.150	2.6
11:14:50.162	3.4
11:14:50.171	3.3
11:14:50.183	1.6
11:14:50.195	0.8
11:14:50.203	1.7
11:14:50.216	1.0
11:14:50.228	0.7
11:14:50.236	0.2
11:14:50.248	-0.6
11:14:50.261	-3.0
11:14:50.269	-3.5
11:14:50.281	-4.3
11:14:50.293	-3.8
11:14:50.306	-1.7
11:14:50.314	-2.4
11:14:50.326	-1.7
11:14:50.338	-1.2
11:14:50.347	-0.6
11:14:50.359	-1.1
11:14:50.371	0.7
11:14:50.383	1.5
11:14:50.392	2.8
11:14:50.404	5.3
11:14:50.416	6.2
11:14:50.424	7.9
11:14:50.437	10.0
11:14:50.449	10.8
11:14:50.457	12.5
11:14:50.470	14.8
11:14:50.482	14.7
11:14:50.490	14.5
11:14:50.502	16.8
11:14:50.515	15.5
11:14:50.523	15.0
11:14:50.535	14.2
11:14:50.547	14.3
11:14:50.560	14.6
11:14:50.568	15.2
11:14:50.580	15.0
11:14:50.592	14.6
11:14:50.600	14.9
11:14:50.613	13.0
11:14:50.625	13.0
11:14:50.633	17.3
11:14:50.646	19.9
11:14:50.658	19.5
11:14:50.666	19.2
11:14:50.678	18.1
11:14:50.691	18.4
11:14:50.703	19.5
11:14:50.711	19.1
11:14:50.724	19.8
11:14:50.736	21.1
11:14:50.744	15.7
11:14:50.756	15.1
11:14:50.769	15.5
11:14:50.777	16.1
11:14:50.789	14.6
11:14:50.801	13.7
11:14:50.814	14.8
11:14:50.822	14.2
11:14:50.834	13.9
11:14:50.847	12.6
11:14:50.855	14.8
11:14:50.867	12.4
11:14:50.879	11.5
11:14:50.887	11.2
11:14:50.900	11.2
11:14:50.912	11.6
11:14:50.920	9.1
11:14:50.932	9.4
11:14:50.945	8.8
11:14:50.953	10.3
11:14:50.965	10.2
11:14:50.978	11.0
11:14:50.990	11.3
11:14:50.998	11.2
11:14:51.010	11.3
11:14:51.023	11.3
11:14:51.035	12.1
11:14:51.043	13.3
11:14:51.055	14.3
11:14:51.068	14.6
11:14:51.076	14.3
11:14:51.088	15.8
11:14:51.100	14.1
11:14:51.113	13.7
11:14:51.121	14.9
11:14:51.133	15.3
11:14:51.145	14.9
11:14:51.154	15.3
11:14:51.166	13.3
11:14:51.174	9.6
11:14:51.187	9.9
11:14:51.199	8.1
11:14:51.207	8.9
11:14:51.219	8.6
11:14:51.231	10.0
11:14:51.244	8.2
11:14:51.252	8.5
11:14:51.264	8.8
11:14:51.277	10.4
11:14:51.289	12.2
11:14:51.297	11.0
11:14:51.309	13.3
11:14:51.321	14.0
11:14:51.330	15.5
11:14:51.342	16.0
11:14:51.354	19.5
11:14:51.366	20.0
11:14:51.375	19.5
11:14:51.387	19.4
11:14:51.399	20.3
11:14:51.407	20.5
11:14:51.420	20.1
11:14:51.432	21.3
11:14:51.440	21.2
11:14:51.453	20.4
11:14:51.465	20.0
11:14:51.473	20.2
11:14:51.485	20.0
11:14:51.498	21.3
11:14:51.506	22.2
11:14:51.518	23.4
11:14:51.530	23.8
11:14:51.543	23.0
11:14:51.551	23.3
11:14:51.563	24.3
11:14:51.576	25.5
11:14:51.584	23.8
11:14:51.596	24.5
11:14:51.609	24.4
11:14:51.617	22.6
11:14:51.629	22.3
11:14:51.641	22.4
11:14:51.654	23.7
11:14:51.662	23.8
11:14:51.674	23.2
11:14:51.686	21.5
11:14:51.695	21.8
11:14:51.707	21.8
11:14:51.719	22.1
11:14:51.727	23.6
11:14:51.740	22.3
11:14:51.752	22.1
11:14:51.760	21.5
11:14:51.772	21.5
11:14:51.785	21.1
11:14:51.797	20.2
11:14:51.805	20.9
11:14:51.817	21.1
11:14:51.830	20.6
11:14:51.838	22.0
11:14:51.850	24.7
11:14:51.862	24.0
11:14:51.871	24.4
11:14:51.883	24.9
11:14:51.895	27.2
11:14:51.903	27.8
11:14:51.916	28.7
11:14:51.928	28.2
11:14:51.936	28.6
11:14:51.948	27.9
11:14:51.961	26.3
11:14:51.973	25.5
11:14:51.981	24.0
11:14:51.993	25.7
11:14:52.006	22.5
11:14:52.014	23.4
11:14:52.026	22.8
11:14:52.038	22.9
11:14:52.051	22.0
11:14:52.059	21.4
11:14:52.071	23.1
11:14:52.084	23.2
11:14:52.092	26.5
11:14:52.104	24.9
11:14:52.116	26.0
11:14:52.124	24.9
11:14:52.137	26.4
11:14:52.149	25.8
11:14:52.157	25.7
11:14:52.170	28.6
11:14:52.182	27.9
11:14:52.190	29.7
11:14:52.202	26.7
11:14:52.215	24.7
11:14:52.227	24.0
11:14:52.235	23.2
11:14:52.247	21.0
11:14:52.260	21.8
11:14:52.268	21.2
11:14:52.280	18.6
11:14:52.292	17.2
11:14:52.305	16.4
11:14:52.313	18.2
11:14:52.325	18.9
11:14:52.337	21.0
11:14:52.346	20.1
11:14:52.358	21.0
11:14:52.370	19.5
11:14:52.378	19.6
11:14:52.391	18.0
11:14:52.403	18.2
11:14:52.411	19.0
11:14:52.423	16.1
11:14:52.436	16.3
11:14:52.444	15.2
11:14:52.456	16.8
11:14:52.468	17.3
11:14:52.481	17.4
11:14:52.489	19.5
11:14:52.501	21.1
11:14:52.514	21.6
11:14:52.522	21.6
11:14:52.534	24.6
11:14:52.546	24.9
11:14:52.554	23.4
11:14:52.567	21.7
11:14:52.579	19.9
11:14:52.587	20.5
11:14:52.599	19.4
11:14:52.612	18.3
11:14:52.624	18.7
11:14:52.632	18.2
11:14:52.645	15.6
11:14:52.657	16.6
11:14:52.665	18.7
11:14:52.677	20.7
11:14:52.690	22.9
11:14:52.698	25.6
11:14:52.710	23.3
11:14:52.722	22.7
11:14:52.735	22.7
11:14:52.743	22.3
11:14:52.755	22.7
11:14:52.767	21.0
11:14:52.776	20.6
11:14:52.788	20.3
11:14:52.800	19.9
11:14:52.808	18.2
11:14:52.821	20.1
11:14:52.833	20.7
11:14:52.841	19.3
11:14:52.853	19.9
11:14:52.866	21.7
11:14:52.874	22.2
11:14:52.886	20.0
11:14:52.898	22.3
11:14:52.911	20.6
11:14:52.919	20.1
11:14:52.931	20.3
11:14:52.943	20.2
11:14:52.952	21.4
11:14:52.964	19.8
11:14:52.976	18.3
11:14:52.988	18.1
11:14:52.997	18.7
11:14:53.009	15.9
11:14:53.022	16.4
11:14:53.034	15.9
11:14:53.042	14.7
11:14:53.055	15.6
11:14:53.067	14.4
11:14:53.075	14.5
11:14:53.087	12.1
11:14:53.099	12.3
11:14:53.108	12.3
11:14:53.120	11.9
11:14:53.132	12.0
11:14:53.140	10.3
11:14:53.153	11.7
11:14:53.165	10.2
11:14:53.173	12.0
11:14:53.186	11.4
11:14:53.198	13.2
11:14:53.210	11.9
11:14:53.218	13.4
11:14:53.231	12.2
11:14:53.243	11.3
11:14:53.251	12.7
11:14:53.263	11.1
11:14:53.276	9.6
11:14:53.288	7.1
11:14:53.296	8.6
11:14:53.308	7.1
11:14:53.321	6.5
11:14:53.329	2.8
11:14:53.341	2.9
11:14:53.353	2.6
11:14:53.362	1.5
11:14:53.374	0.9
11:14:53.386	0.3
11:14:53.394	0.0
11:14:53.407	-2.4
11:14:53.419	-2.4
11:14:53.427	-2.0
11:14:53.440	-1.4
11:14:53.452	-3.0
11:14:53.464	-4.5
11:14:53.472	-4.4
11:14:53.484	-4.8
11:14:53.497	-3.4
11:14:53.505	-3.8
11:14:53.517	-5.2
11:14:53.529	-6.2
11:14:53.538	-7.4
11:14:53.550	-7.8
11:14:53.562	-7.4
11:14:53.575	-4.4
11:14:53.583	-5.7
11:14:53.595	-6.8
11:14:53.607	-7.6
11:14:53.616	-10.0
11:14:53.628	-10.6
11:14:53.640	-10.6
11:14:53.648	-12.5
11:14:53.661	-13.8
11:14:53.673	-14.0
11:14:53.681	-17.0
11:14:53.693	-17.4
11:14:53.706	-19.2
11:14:53.718	-19.4
11:14:53.726	-18.3
11:14:53.738	-17.5
11:14:53.751	-19.0
11:14:53.759	-19.2
11:14:53.771	-18.4
11:14:53.784	-18.3
11:14:53.792	-20.0
11:14:53.804	-18.8
11:14:53.816	-19.0
11:14:53.825	-20.3
11:14:53.837	-19.4
11:14:53.849	-20.7
11:14:53.857	-19.7
11:14:53.870	-18.6
11:14:53.882	-19.2
11:14:53.894	-20.1
11:14:53.902	-19.8
11:14:53.915	-21.8
11:14:53.927	-20.8
11:14:53.935	-22.8
11:14:53.947	-24.1
11:14:53.960	-21.3
11:14:53.972	-22.5
11:14:53.980	-22.4
11:14:53.992	-21.8
11:14:54.005	-21.9
11:14:54.013	-19.8
11:14:54.025	-18.3
11:14:54.037	-18.2
11:14:54.046	-16.1
11:14:54.058	-18.1
11:14:54.070	-19.1
11:14:54.078	-18.5
11:14:54.091	-19.2
11:14:54.103	-19.1
11:14:54.111	-17.7
11:14:54.123	-18.1
11:14:54.136	-20.5
11:14:54.148	-17.6
11:14:54.156	-16.2
11:14:54.168	-14.5
11:14:54.181	-13.1
11:14:54.189	-11.3
11:14:54.201	-9.3
11:14:54.213	-7.6
11:14:54.226	-8.3
11:14:54.234	-8.2
11:14:54.246	-6.5
11:14:54.259	-8.5
11:14:54.267	-8.2
11:14:54.279	-6.0
11:14:54.292	-7.3
11:14:54.300	-7.9
11:14:54.312	-7.2
11:14:54.324	-7.3
11:14:54.332	-5.5
11:14:54.345	-4.0
11:14:54.357	-0.8
11:14:54.365	1.5
11:14:54.377	1.6
11:14:54.390	1.2
11:14:54.402	2.0
11:14:54.410	3.4
11:14:54.422	4.2
11:14:54.435	3.3
11:14:54.443	2.5
11:14:54.455	5.4
11:14:54.468	4.8
11:14:54.476	4.9
11:14:54.488	5.0
11:14:54.500	6.5
11:14:54.509	6.3
11:14:54.521	6.9
11:14:54.533	7.0
11:14:54.545	8.5
11:14:54.554	9.7
11:14:54.566	8.0
11:14:54.578	7.9
11:14:54.586	6.5
11:14:54.599	6.6
11:14:54.611	6.4
11:14:54.619	8.0
11:14:54.631	8.4
11:14:54.644	7.0
11:14:54.656	7.8
11:14:54.664	7.9
11:14:54.676	6.0
11:14:54.689	7.6
11:14:54.697	10.3
11:14:54.709	10.3
11:14:54.721	9.7
11:14:54.730	10.5
11:14:54.742	11.2
11:14:54.754	12.8
11:14:54.762	12.6
11:14:54.775	12.6
11:14:54.787	13.7
11:14:54.795	11.1
11:14:54.807	10.1
11:14:54.820	9.9
11:14:54.832	10.2
11:14:54.840	9.1
11:14:54.852	8.7
11:14:54.865	6.6
11:14:54.873	5.8
11:14:54.885	6.6
11:14:54.898	7.9
11:14:54.910	8.1
11:14:54.918	11.5
11:14:54.930	12.8
11:14:54.943	12.4
11:14:54.951	13.0
11:14:54.963	12.1
11:14:54.975	14.5
11:14:54.984	15.3
11:14:54.996	14.7
11:14:55.008	13.8
11:14:55.020	15.5
11:14:55.029	11.4
11:14:55.041	10.7
11:14:55.053	10.1
11:14:55.061	10.3
11:14:55.074	10.2
11:14:55.086	8.5
11:14:55.094	8.1
11:14:55.106	8.4
11:14:55.119	8.6
11:14:55.127	6.8
11:14:55.139	7.4
11:14:55.151	7.1
11:14:55.160	8.9
11:14:55.172	9.0
11:14:55.184	10.9
11:14:55.196	11.8
11:14:55.209	12.3
11:14:55.217	12.2
11:14:55.229	12.9
11:14:55.241	14.2
11:14:55.250	15.1
11:14:55.262	17.4
11:14:55.274	18.7
11:14:55.282	18.0
11:14:55.295	16.2
11:14:55.307	16.3
11:14:55.315	17.4
11:14:55.327	18.8
11:14:55.340	19.8
11:14:55.348	19.8
11:14:55.360	18.5
11:14:55.373	18.7
11:14:55.385	17.4
11:14:55.393	17.6
11:14:55.405	18.9
11:14:55.418	18.4
11:14:55.426	17.9
11:14:55.438	15.1
11:14:55.450	13.5
11:14:55.459	14.6
11:14:55.471	14.8
11:14:55.483	14.1
11:14:55.495	14.8
11:14:55.504	14.7
11:14:55.516	15.2
11:14:55.528	14.7
11:14:55.536	14.4
11:14:55.549	14.6
11:14:55.561	12.1
11:14:55.569	11.6
11:14:55.581	11.0
11:14:55.594	10.3
11:14:55.602	9.1
11:14:55.614	7.4
11:14:55.626	7.0
11:14:55.639	8.7
11:14:55.647	9.0
11:14:55.659	9.6
11:14:55.671	11.0
11:14:55.680	9.6
11:14:55.692	10.9
11:14:55.704	10.8
11:14:55.712	11.4
11:14:55.725	12.3
11:14:55.737	12.3
11:14:55.745	9.8
11:14:55.757	9.2
11:14:55.770	9.8
11:14:55.778	11.2
11:14:55.790	9.8
11:14:55.802	12.0
11:14:55.815	11.6
11:14:55.823	11.1
11:14:55.835	13.3
11:14:55.848	11.1
11:14:55.856	11.8
11:14:55.868	12.8
11:14:55.880	11.6
11:14:55.893	11.7
11:14:55.901	12.0
11:14:55.913	10.4
11:14:55.925	11.5
11:14:55.934	12.2
11:14:55.946	11.0
11:14:55.958	13.2
11:14:55.966	15.0
11:14:55.979	17.2
11:14:55.991	19.4
11:14:55.999	17.9
11:14:56.011	20.7
11:14:56.024	20.7
11:14:56.032	20.1
11:14:56.044	19.3
11:14:56.057	19.4
11:14:56.069	18.8
11:14:56.077	19.4
11:14:56.089	15.5
11:14:56.101	15.5
11:14:56.110	16.7
11:14:56.122	16.7
11:14:56.134	18.7
11:14:56.146	19.2
11:14:56.155	19.1
11:14:56.167	18.6
11:14:56.179	16.4
11:14:56.188	14.9
11:14:56.200	17.1
11:14:56.212	15.4
11:14:56.220	14.4
11:14:56.232	15.1
11:14:56.245	12.0
11:14:56.253	11.2
11:14:56.265	11.3
11:14:56.277	11.1
11:14:56.286	12.8
11:14:56.298	12.6
11:14:56.310	9.5
11:14:56.323	10.1
11:14:56.331	11.0
11:14:56.343	10.4
11:14:56.355	9.4
11:14:56.363	8.6
11:14:56.376	10.0
11:14:56.388	9.1
11:14:56.396	8.5
11:14:56.409	8.5
11:14:56.421	9.6
11:14:56.429	9.7
11:14:56.441	8.4
11:14:56.454	9.2
11:14:56.466	10.5
11:14:56.474	10.2
11:14:56.486	8.6
11:14:56.499	11.5
11:14:56.507	12.0
11:14:56.519	12.3
11:14:56.531	11.8
11:14:56.540	12.1
11:14:56.552	11.5
11:14:56.564	10.3
11:14:56.576	10.8
11:14:56.585	11.2
11:14:56.597	11.2
11:14:56.609	9.0
11:14:56.617	8.1
11:14:56.630	8.3
11:14:56.642	8.3
11:14:56.650	7.7
11:14:56.662	7.3
11:14:56.675	6.5
11:14:56.683	5.0
11:14:56.695	5.8
11:14:56.707	5.3
11:14:56.716	5.8
11:14:56.728	6.8
11:14:56.740	7.8
11:14:56.752	8.3
11:14:56.761	9.0
11:14:56.773	10.1
11:14:56.785	9.2
11:14:56.793	10.0
11:14:56.806	10.2
11:14:56.818	10.8
11:14:56.830	11.3
11:14:56.838	12.1
11:14:56.851	11.1
11:14:56.863	10.5
11:14:56.871	10.1
11:14:56.883	10.6
11:14:56.896	10.8
11:14:56.904	10.7
11:14:56.916	11.2
11:14:56.929	11.2
11:14:56.937	9.3
11:14:56.949	8.5
11:14:56.961	7.4
11:14:56.969	6.8
11:14:56.982	4.9
11:14:56.994	5.6
11:14:57.006	6.1
11:14:57.015	6.0
11:14:57.027	5.8
11:14:57.039	4.4
11:14:57.047	5.9
11:14:57.060	5.4
11:14:57.072	7.0
11:14:57.080	9.0
11:14:57.092	10.4
11:14:57.105	8.7
11:14:57.117	9.2
11:14:57.125	8.3
11:14:57.137	6.2
11:14:57.150	6.4
11:14:57.158	5.0
11:14:57.170	4.3
11:14:57.182	3.7
11:14:57.191	3.5
11:14:57.203	3.4
11:14:57.215	5.8
11:14:57.227	5.0
11:14:57.236	6.2
11:14:57.248	4.8
11:14:57.260	4.7
11:14:57.268	4.3
11:14:57.281	3.7
11:14:57.293	4.1
11:14:57.305	4.1
11:14:57.313	4.0
11:14:57.326	2.4
11:14:57.338	1.2
11:14:57.346	0.2
11:14:57.358	1.3
11:14:57.371	2.5
11:14:57.379	2.2
11:14:57.391	2.8
11:14:57.404	0.2
11:14:57.417	-1.6
11:14:57.425	-3.1
11:14:57.437	-4.1
11:14:57.450	-5.4
11:14:57.458	-7.2
11:14:57.470	-8.3
11:14:57.482	-11.8
11:14:57.491	-11.0
11:14:57.503	-11.7
11:14:57.515	-10.9
11:14:57.524	-13.7
11:14:57.536	-13.0
11:14:57.548	-13.9
11:14:57.560	-12.0
11:14:57.568	-11.3
11:14:57.581	-10.0
11:14:57.593	-9.0
11:14:57.601	-10.9
11:14:57.613	-12.4
11:14:57.626	-13.2
11:14:57.634	-11.6
11:14:57.646	-12.4
11:14:57.658	-13.0
11:14:57.667	-14.2
11:14:57.679	-15.9
11:14:57.691	-17.7
11:14:57.699	-17.9
11:14:57.712	-17.7
11:14:57.724	-16.7
11:14:57.736	-17.3
11:14:57.745	-18.3
11:14:57.757	-20.2
11:14:57.769	-21.6
11:14:57.777	-20.4
11:14:57.789	-20.4
11:14:57.802	-18.7
11:14:57.814	-19.5
11:14:57.822	-20.1
11:14:57.835	-20.5
11:14:57.847	-21.0
11:14:57.855	-20.7
11:14:57.867	-18.6
11:14:57.879	-16.1
11:14:57.888	-17.1
11:14:57.900	-16.3
11:14:57.912	-17.2
11:14:57.920	-13.5
11:14:57.933	-12.8
11:14:57.945	-11.7
11:14:57.953	-9.6
11:14:57.966	-8.6
11:14:57.978	-8.8
11:14:57.990	-9.6
11:14:57.998	-10.0
11:14:58.011	-9.9
11:14:58.023	-9.3
11:14:58.031	-10.9
11:14:58.043	-11.2
11:14:58.056	-11.8
11:14:58.068	-11.8
11:14:58.076	-12.1
11:14:58.088	-11.8
11:14:58.101	-10.7
11:14:58.109	-10.9
11:14:58.121	-8.2
11:14:58.133	-8.5
11:14:58.142	-7.5
11:14:58.154	-5.2
11:14:58.166	-2.9
11:14:58.174	-2.1
11:14:58.187	1.4
11:14:58.199	1.9
11:14:58.207	2.7
11:14:58.219	5.1
11:14:58.232	4.8
11:14:58.244	6.0
11:14:58.252	6.4
11:14:58.264	6.3
11:14:58.277	6.6
11:14:58.285	5.9
11:14:58.297	3.9
11:14:58.309	4.1
11:14:58.318	5.3
11:14:58.330	3.5
11:14:58.342	3.6
11:14:58.350	3.4
11:14:58.363	3.2
11:14:58.375	3.6
11:14:58.387	1.9
11:14:58.395	3.2
11:14:58.408	3.3
11:14:58.420	1.9
11:14:58.428	1.2
11:14:58.440	2.9
11:14:58.453	1.7
11:14:58.461	3.4
11:14:58.473	3.8
11:14:58.486	4.5
11:14:58.498	7.3
11:14:58.506	7.3
11:14:58.518	7.1
11:14:58.531	9.7
11:14:58.539	10.2
11:14:58.551	10.5
11:14:58.563	11.0
11:14:58.572	10.3
11:14:58.584	11.1
11:14:58.596	10.8
11:14:58.604	9.2
11:14:58.617	8.2
11:14:58.629	7.6
11:14:58.637	6.6
11:14:58.649	5.7
11:14:58.662	5.7
11:14:58.674	6.3
11:14:58.682	6.9
11:14:58.694	7.4
11:14:58.707	8.0
11:14:58.715	8.1
11:14:58.727	9.4
11:14:58.739	11.3
11:14:58.752	11.7
11:14:58.760	11.7
11:14:58.772	11.1
11:14:58.784	10.5
11:14:58.793	9.1
11:14:58.805	8.3
11:14:58.817	9.7
11:14:58.825	8.3
11:14:58.838	8.0
11:14:58.850	9.2
11:14:58.858	10.9
11:14:58.870	12.8
11:14:58.883	14.1
11:14:58.891	14.7
11:14:58.903	16.1
11:14:58.916	16.0
11:14:58.928	13.7
11:14:58.936	13.9
11:14:58.948	12.8
11:14:58.961	11.1
11:14:58.969	8.7
11:14:58.981	7.9
11:14:58.993	7.1
11:14:59.001	6.7
11:14:59.014	6.7
11:14:59.026	6.6
11:14:59.038	5.9
11:14:59.047	7.0
11:14:59.059	9.0
11:14:59.071	9.4
11:14:59.083	11.3
11:14:59.092	11.2
11:14:59.104	12.3
11:14:59.116	13.2
11:14:59.124	13.3
11:14:59.137	13.3
11:14:59.149	13.8
11:14:59.157	15.3
11:14:59.169	14.0
11:14:59.182	14.6
11:14:59.190	14.9
11:14:59.202	16.3
11:14:59.214	15.2
11:14:59.227	15.3
11:14:59.235	17.3
11:14:59.247	16.8
11:14:59.259	17.5
11:14:59.268	16.4
11:14:59.280	17.2
11:14:59.292	16.5
11:14:59.301	15.3
11:14:59.313	12.1
11:14:59.325	12.1
11:14:59.338	12.0
11:14:59.346	9.3
11:14:59.357	11.2
11:14:59.370	11.8
11:14:59.378	11.6
11:14:59.390	10.9
11:14:59.403	14.0
11:14:59.411	15.4
11:14:59.424	16.6
11:14:59.436	17.4
11:14:59.444	17.3
11:14:59.457	16.8
11:14:59.469	15.0
11:14:59.481	14.0
11:14:59.489	13.4
11:14:59.502	13.5
11:14:59.514	9.9
11:14:59.522	8.7
11:14:59.534	10.2
11:14:59.547	10.3
11:14:59.555	9.1
11:14:59.567	8.4
11:14:59.579	8.4
11:14:59.588	8.0
11:14:59.600	8.8
11:14:59.612	7.8
11:14:59.620	9.9
11:14:59.633	9.0
11:14:59.645	8.0
11:14:59.657	7.0
11:14:59.665	6.2
11:14:59.678	6.3
11:14:59.690	5.7
11:14:59.698	5.8
11:14:59.710	4.3
11:14:59.723	3.7
11:14:59.735	-0.4
11:14:59.743	-0.5
11:14:59.756	-1.9
11:14:59.768	-3.2
11:14:59.776	-0.9
11:14:59.788	-2.7
11:14:59.801	-3.3
11:14:59.809	-4.8
11:14:59.821	-4.8
11:14:59.833	-4.3
11:14:59.841	-2.8
11:14:59.854	-3.1
11:14:59.866	-3.5
11:14:59.874	-3.9
11:14:59.887	-5.5
11:14:59.899	-3.3
11:14:59.911	-3.8
11:14:59.919	-4.2
11:14:59.932	-4.1
11:14:59.944	-2.4
11:14:59.952	-2.6
11:14:59.964	-3.4
11:14:59.977	-1.7
11:14:59.989	-2.4
11:14:59.997	-1.2
11:15:00.009	-3.3
11:15:00.022	-2.5
11:15:00.030	-4.2
11:15:00.042	-3.1
11:15:00.054	-6.0
11:15:00.063	-6.9
11:15:00.075	-5.0
11:15:00.087	-7.8
11:15:00.095	-9.5
11:15:00.108	-10.8
11:15:00.120	-10.7
11:15:00.128	-11.8
11:15:00.140	-9.8
11:15:00.153	-13.9
11:15:00.165	-15.9
11:15:00.173	-16.9
11:15:00.185	-21.1
11:15:00.198	-19.2
11:15:00.206	-18.9
11:15:00.218	-20.4
11:15:00.231	-19.9
11:15:00.239	-21.2
11:15:00.251	-21.6
11:15:00.263	-21.7
11:15:00.271	-20.0
11:15:00.284	-22.1
11:15:00.296	-18.9
11:15:00.308	-20.7
11:15:00.317	-17.3
11:15:00.329	-18.3
11:15:00.341	-15.7
11:15:00.349	-14.1
11:15:00.362	-14.4
11:15:00.374	-13.1
11:15:00.382	-14.8
11:15:00.394	-14.0
11:15:00.407	-15.7
11:15:00.419	-16.6
11:15:00.427	-19.0
11:15:00.439	-16.9
11:15:00.452	-19.8
11:15:00.460	-21.9
11:15:00.472	-22.8
11:15:00.484	-21.9
11:15:00.493	-20.5
11:15:00.505	-19.4
11:15:00.517	-20.0
11:15:00.525	-19.8
11:15:00.538	-21.5
11:15:00.550	-23.8
11:15:00.558	-25.1
11:15:00.570	-24.1
11:15:00.583	-23.5
11:15:00.595	-24.1
11:15:00.603	-24.9
11:15:00.615	-25.6
11:15:00.628	-24.6
11:15:00.636	-25.8
11:15:00.648	-24.6
11:15:00.660	-25.2
11:15:00.673	-23.7
11:15:00.681	-23.2
11:15:00.693	-23.8
11:15:00.705	-24.0
11:15:00.713	-23.2
11:15:00.726	-23.2
11:15:00.738	-21.4
11:15:00.746	-19.2
11:15:00.758	-18.6
11:15:00.771	-17.9
11:15:00.779	-17.8
11:15:00.791	-17.9
11:15:00.804	-18.3
11:15:00.812	-19.0
11:15:00.824	-18.9
11:15:00.836	-17.0
11:15:00.849	-17.7
11:15:00.857	-14.9
11:15:00.869	-15.8
11:15:00.881	-15.2
11:15:00.889	-15.4
11:15:00.902	-16.6
11:15:00.914	-15.3
11:15:00.922	-13.9
11:15:00.935	-14.3
11:15:00.947	-13.9
11:15:00.959	-15.1
11:15:00.971	-18.6
11:15:00.980	-18.9
11:15:00.992	-17.8
11:15:01.004	-17.0
11:15:01.012	-14.4
11:15:01.025	-15.2
11:15:01.037	-13.3
11:15:01.045	-12.2
11:15:01.057	-13.2
11:15:01.070	-12.2
11:15:01.078	-12.3
11:15:01.090	-10.3
11:15:01.103	-9.1
11:15:01.111	-9.6
11:15:01.123	-9.1
11:15:01.135	-7.3
11:15:01.143	-9.8
11:15:01.156	-7.6
11:15:01.168	-6.5
11:15:01.180	-5.8
11:15:01.188	-4.4
11:15:01.201	-4.8
11:15:01.213	-6.8
11:15:01.221	-6.7
11:15:01.233	-7.0
11:15:01.246	-6.4
11:15:01.258	-4.8
11:15:01.266	-6.9
11:15:01.279	-7.0
11:15:01.291	-7.9
11:15:01.299	-9.0
11:15:01.311	-9.2
11:15:01.323	-6.2
11:15:01.332	-5.1
11:15:01.344	-5.3
11:15:01.356	-3.8
11:15:01.364	-5.3
11:15:01.377	-4.4
11:15:01.389	-4.7
11:15:01.401	-3.8
11:15:01.410	-2.8
11:15:01.422	-0.5
11:15:01.434	-3.2
11:15:01.442	-2.5
11:15:01.455	-3.0
11:15:01.467	-5.2
11:15:01.475	-4.9
11:15:01.487	-7.1
11:15:01.500	-7.1
11:15:01.508	-5.5
11:15:01.520	-5.5
11:15:01.532	-7.7
11:15:01.541	-7.1
11:15:01.553	-8.1
11:15:01.565	-7.8
11:15:01.577	-7.5
11:15:01.586	-6.2
11:15:01.598	-4.7
11:15:01.610	-3.6
11:15:01.618	-2.7
11:15:01.631	-3.5
11:15:01.643	-3.5
11:15:01.655	-3.7
11:15:01.663	-4.5
11:15:01.676	-4.5
11:15:01.688	-4.9
11:15:01.696	-7.3
11:15:01.708	-8.4
11:15:01.721	-8.4
11:15:01.729	-12.3
11:15:01.741	-12.4
11:15:01.753	-11.2
11:15:01.762	-9.8
11:15:01.774	-9.9
11:15:01.786	-10.0
11:15:01.794	-10.2
11:15:01.807	-9.1
11:15:01.819	-7.5
11:15:01.831	-7.5
11:15:01.839	-6.8
11:15:01.852	-6.6
11:15:01.864	-7.5
11:15:01.872	-7.0
11:15:01.885	-6.6
11:15:01.897	-6.7
11:15:01.909	-6.4
11:15:01.917	-6.6
11:15:01.930	-6.9
11:15:01.942	-8.3
11:15:01.950	-7.2
11:15:01.962	-6.7
11:15:01.975	-6.1
11:15:01.983	-7.2
11:15:01.995	-6.3
11:15:02.007	-6.2
11:15:02.016	-8.1
11:15:02.029	-7.2
11:15:02.041	-6.5
11:15:02.049	-6.3
11:15:02.062	-7.2
11:15:02.074	-7.3
11:15:02.086	-7.7
11:15:02.094	-5.8
11:15:02.107	-6.7
11:15:02.119	-7.5
11:15:02.127	-5.4
11:15:02.139	-6.7
11:15:02.152	-8.0
11:15:02.160	-7.3
11:15:02.172	-7.9
11:15:02.184	-8.2
11:15:02.193	-6.4
11:15:02.205	-7.7
11:15:02.217	-6.9
11:15:02.229	-6.1
11:15:02.238	-4.6
11:15:02.250	-4.0
11:15:02.262	-3.7
11:15:02.270	-2.9
11:15:02.283	-3.1
11:15:02.295	-2.5
11:15:02.303	-4.5
11:15:02.316	-4.0
11:15:02.328	-3.1
11:15:02.340	-3.6
11:15:02.348	-4.6
11:15:02.361	-2.8
11:15:02.373	-3.4
11:15:02.381	-4.9
11:15:02.393	-4.6
11:15:02.406	-4.7
11:15:02.414	-3.3
11:15:02.426	-3.7
11:15:02.438	-5.3
11:15:02.446	-5.0
11:15:02.459	-6.3
11:15:02.471	-7.6
11:15:02.479	-6.5
11:15:02.492	-5.1
11:15:02.504	-6.4
11:15:02.516	-5.0
11:15:02.524	-5.8
11:15:02.537	-7.0
11:15:02.549	-4.5
11:15:02.557	-1.8
11:15:02.569	-1.4
11:15:02.582	-0.5
11:15:02.594	1.1
11:15:02.602	-0.9
11:15:02.614	0.7
11:15:02.627	0.4
11:15:02.635	0.9
11:15:02.647	2.8
11:15:02.660	0.2
11:15:02.668	-0.5
11:15:02.680	1.9
11:15:02.692	1.7
11:15:02.700	0.1
11:15:02.713	1.7
11:15:02.725	2.5
11:15:02.733	1.7
11:15:02.745	1.4
11:15:02.758	1.2
11:15:02.770	1.2
11:15:02.778	0.6
11:15:02.791	-1.5
11:15:02.803	-1.9
11:15:02.811	-1.9
11:15:02.823	-2.0
11:15:02.836	-3.1
11:15:02.844	-3.8
11:15:02.856	-3.3
11:15:02.868	-5.6
11:15:02.881	-5.5
11:15:02.889	-5.3
11:15:02.901	-4.6
11:15:02.913	-4.4
11:15:02.922	-1.1
11:15:02.934	-1.1
11:15:02.946	-0.6
11:15:02.955	0.2
11:15:02.967	0.8
11:15:02.979	2.9
11:15:02.987	4.3
11:15:03.000	7.2
11:15:03.012	6.9
11:15:03.024	7.7
11:15:03.032	5.9
11:15:03.045	7.8
11:15:03.057	8.6
11:15:03.069	10.0
11:15:03.077	11.3
11:15:03.090	11.0
11:15:03.102	11.6
11:15:03.110	8.7
11:15:03.122	9.4
11:15:03.135	10.4
11:15:03.143	10.3
11:15:03.155	8.9
11:15:03.167	9.8
11:15:03.176	9.3
11:15:03.188	8.7
11:15:03.200	10.1
11:15:03.212	10.7
11:15:03.221	9.9
11:15:03.233	10.1
11:15:03.245	7.8
11:15:03.253	7.3
11:15:03.266	8.4
11:15:03.278	8.9
11:15:03.286	8.7
11:15:03.298	9.1
11:15:03.311	9.1
11:15:03.323	8.7
11:15:03.331	9.2
11:15:03.344	10.8
11:15:03.356	13.2
11:15:03.364	13.7
11:15:03.376	14.3
11:15:03.389	13.6
11:15:03.397	14.1
11:15:03.409	15.4
11:15:03.421	14.6
11:15:03.429	13.8
11:15:03.442	14.9
11:15:03.454	13.6
11:15:03.462	13.5
11:15:03.475	14.3
11:15:03.487	13.1
11:15:03.499	13.9
11:15:03.507	14.6
11:15:03.520	11.6
11:15:03.532	12.9
11:15:03.540	13.1
11:15:03.552	14.2
11:15:03.565	17.0
11:15:03.577	17.4
11:15:03.585	17.3
11:15:03.597	18.6
11:15:03.610	18.6
11:15:03.618	18.3
11:15:03.630	18.7
11:15:03.642	17.5
11:15:03.651	17.4
11:15:03.663	15.0
11:15:03.675	12.9
11:15:03.683	13.3
11:15:03.696	12.0
11:15:03.708	12.3
11:15:03.716	10.9
11:15:03.729	10.5
11:15:03.741	10.4
11:15:03.753	9.5
11:15:03.761	14.0
11:15:03.773	15.3
11:15:03.786	14.1
11:15:03.794	11.9
11:15:03.806	12.1
11:15:03.818	10.3
11:15:03.831	10.4
11:15:03.839	11.8
11:15:03.851	9.9
11:15:03.863	10.0
11:15:03.872	5.6
11:15:03.884	5.0
11:15:03.896	7.1
11:15:03.904	8.7
11:15:03.917	9.7
11:15:03.929	8.7
11:15:03.937	10.2
11:15:03.950	8.4
11:15:03.962	10.7
11:15:03.970	11.8
11:15:03.982	14.4
11:15:03.995	13.9
11:15:04.007	12.8
11:15:04.015	12.5
11:15:04.027	13.3
11:15:04.040	16.6
11:15:04.048	18.1
11:15:04.060	19.0
11:15:04.072	21.6
11:15:04.081	19.4
11:15:04.093	18.0
11:15:04.105	20.4
11:15:04.113	20.3
11:15:04.126	22.3
11:15:04.138	22.6
11:15:04.150	21.3
11:15:04.158	19.1
11:15:04.171	19.6
11:15:04.183	22.9
11:15:04.191	27.5
11:15:04.203	28.4
11:15:04.216	26.9
11:15:04.224	26.8
11:15:04.236	26.4
11:15:04.249	24.9
11:15:04.261	24.3
11:15:04.269	24.3
11:15:04.281	26.2
11:15:04.293	21.4
11:15:04.302	19.4
11:15:04.314	18.5
11:15:04.326	19.5
11:15:04.334	20.1
11:15:04.347	19.3
11:15:04.359	20.8
11:15:04.367	21.4
11:15:04.379	21.3
11:15:04.392	21.0
11:15:04.400	23.3
11:15:04.412	24.0
11:15:04.424	24.4
11:15:04.437	24.7
11:15:04.445	26.0
11:15:04.457	26.4
11:15:04.470	26.6
11:15:04.478	28.5
11:15:04.490	28.5
11:15:04.502	27.9
11:15:04.515	26.7
11:15:04.523	27.4
11:15:04.535	28.6
11:15:04.547	28.6
11:15:04.556	29.3
11:15:04.568	30.9
11:15:04.580	31.6
11:15:04.588	29.5
11:15:04.601	30.7
11:15:04.613	29.3
11:15:04.621	28.9
11:15:04.633	29.0
11:15:04.646	27.9
11:15:04.654	26.3
11:15:04.666	25.3
11:15:04.678	24.7
11:15:04.691	23.5
11:15:04.699	24.1
11:15:04.711	25.2
11:15:04.724	27.2
11:15:04.732	26.4
11:15:04.744	25.6
11:15:04.756	25.9
11:15:04.764	27.5
11:15:04.777	28.6
11:15:04.789	27.8
11:15:04.801	27.4
11:15:04.809	26.9
11:15:04.822	26.4
11:15:04.834	27.0
11:15:04.842	27.1
11:15:04.854	28.1
11:15:04.867	27.6
11:15:04.875	26.1
11:15:04.887	25.0
11:15:04.899	26.4
11:15:04.908	26.9
11:15:04.920	27.1
11:15:04.932	25.0
11:15:04.945	24.2
11:15:04.953	26.3
11:15:04.965	23.8
11:15:04.977	23.4
11:15:04.990	24.2
11:15:04.998	22.9
11:15:05.010	19.9
11:15:05.022	19.4
11:15:05.031	20.7
11:15:05.043	22.3
11:15:05.055	21.6
11:15:05.063	18.6
11:15:05.076	18.9
11:15:05.088	18.4
11:15:05.100	17.0
11:15:05.108	16.9
11:15:05.121	15.9
11:15:05.133	13.0
11:15:05.141	9.7
11:15:05.153	5.6
11:15:05.162	2.3
11:15:05.174	0.5
11:15:05.186	-1.7
11:15:05.198	-5.9
11:15:05.207	-8.2
11:15:05.219	-12.4
11:15:05.231	-13.1
11:15:05.244	-11.6
11:15:05.252	-13.3
11:15:05.265	-13.2
11:15:05.277	-13.5
11:15:05.285	-15.5
11:15:05.296	-14.7
11:15:05.309	-12.6
11:15:05.317	-10.1
11:15:05.329	-10.5
11:15:05.342	-11.0
11:15:05.350	-12.6
11:15:05.362	-11.9
11:15:05.375	-10.9
11:15:05.382	-11.9
11:15:05.395	-11.0
11:15:05.408	-12.2
11:15:05.420	-11.3
11:15:05.428	-13.2
11:15:05.441	-10.6
11:15:05.453	-9.5
11:15:05.461	-9.7
11:15:05.474	-9.4
11:15:05.486	-10.6
11:15:05.498	-9.2
11:15:05.506	-8.2
11:15:05.519	-6.7
11:15:05.531	-8.1
11:15:05.539	-8.5
11:15:05.551	-8.9
11:15:05.564	-10.0
11:15:05.572	-11.2
11:15:05.584	-10.9
11:15:05.596	-10.7
11:15:05.605	-12.0
11:15:05.617	-11.5
11:15:05.629	-13.1
11:15:05.637	-9.6
11:15:05.650	-8.1
11:15:05.662	-7.9
11:15:05.674	-8.1
11:15:05.682	-5.4
11:15:05.695	-6.1
11:15:05.707	-5.5
11:15:05.715	-2.8
11:15:05.727	-3.4
11:15:05.740	-1.7
11:15:05.752	-4.5
11:15:05.760	-3.8
11:15:05.772	-4.2
11:15:05.785	-2.9
11:15:05.793	-1.8
11:15:05.805	2.5
11:15:05.817	5.5
11:15:05.826	6.9
11:15:05.838	9.6
11:15:05.850	9.8
11:15:05.858	11.9
11:15:05.871	11.9
11:15:05.883	14.5
11:15:05.891	15.5
11:15:05.903	14.8
11:15:05.916	13.1
11:15:05.928	12.2
11:15:05.936	10.9
11:15:05.949	9.6
11:15:05.961	9.1
11:15:05.969	8.9
11:15:05.981	12.4
11:15:05.994	12.0
11:15:06.002	11.0
11:15:06.014	10.2
11:15:06.026	10.3
11:15:06.035	11.1
11:15:06.047	11.4
11:15:06.059	11.8
11:15:06.071	14.1
11:15:06.080	11.3
11:15:06.092	7.6
11:15:06.104	7.7
11:15:06.112	8.0
11:15:06.125	9.2
11:15:06.137	7.2
11:15:06.145	5.6
11:15:06.158	5.7
11:15:06.170	6.2
11:15:06.182	5.1
11:15:06.190	8.1
11:15:06.202	9.0
11:15:06.215	9.2
11:15:06.223	9.1
11:15:06.235	9.7
11:15:06.248	10.7
11:15:06.256	12.3
11:15:06.268	13.2
11:15:06.280	12.5
11:15:06.289	12.0
11:15:06.301	11.4
11:15:06.313	10.7
11:15:06.321	11.8
11:15:06.333	12.6
11:15:06.346	12.0
11:15:06.358	12.5
11:15:06.366	10.3
11:15:06.379	10.6
11:15:06.391	10.1
11:15:06.399	10.8
11:15:06.411	10.3
11:15:06.424	11.4
11:15:06.436	9.4
11:15:06.444	9.2
11:15:06.456	9.6
11:15:06.469	8.2
11:15:06.477	10.0
11:15:06.489	7.5
11:15:06.501	9.3
11:15:06.510	8.9
11:15:06.522	10.8
11:15:06.534	9.6
11:15:06.542	10.0
11:15:06.555	10.7
11:15:06.567	9.4
11:15:06.575	10.6
11:15:06.587	11.8
11:15:06.600	16.3
11:15:06.612	16.7
11:15:06.620	16.1
11:15:06.632	13.9
11:15:06.645	13.6
11:15:06.653	13.9
11:15:06.665	14.7
11:15:06.678	16.6
11:15:06.686	18.6
11:15:06.698	17.6
11:15:06.710	14.5
11:15:06.723	13.8
11:15:06.731	15.2
11:15:06.743	17.0
11:15:06.755	17.8
11:15:06.763	18.2
11:15:06.776	17.9
11:15:06.788	16.6
11:15:06.796	18.3
11:15:06.809	18.5
11:15:06.821	18.6
11:15:06.829	20.2
11:15:06.841	18.9
11:15:06.854	18.4
11:15:06.866	18.7
11:15:06.874	18.5
11:15:06.886	18.5
11:15:06.899	18.4
11:15:06.907	14.6
11:15:06.919	12.5
11:15:06.931	11.4
11:15:06.939	8.6
11:15:06.952	7.8
11:15:06.964	8.7
11:15:06.972	8.9
11:15:06.985	9.3
11:15:06.997	8.1
11:15:07.009	7.7
11:15:07.017	6.5
11:15:07.030	4.9
11:15:07.042	6.6
11:15:07.050	6.2
11:15:07.062	9.6
11:15:07.075	8.1
11:15:07.083	5.0
11:15:07.095	2.9
11:15:07.107	3.3
11:15:07.120	3.5
11:15:07.128	4.1
11:15:07.140	4.7
11:15:07.152	1.8
11:15:07.165	1.1
11:15:07.173	-1.6
11:15:07.185	-2.8
11:15:07.197	-1.6
11:15:07.206	-1.3
11:15:07.218	-0.9
11:15:07.230	-1.6
11:15:07.238	-1.4
11:15:07.251	-1.1
11:15:07.263	-0.9
11:15:07.271	-0.7
11:15:07.283	-0.8
11:15:07.296	-1.9
11:15:07.304	-3.3
11:15:07.316	-4.0
11:15:07.329	-4.5
11:15:07.341	-5.5
11:15:07.349	-7.1
11:15:07.361	-7.1
11:15:07.374	-7.4
11:15:07.382	-8.7
11:15:07.394	-9.2
11:15:07.406	-9.8
11:15:07.419	-8.6
11:15:07.427	-9.3
11:15:07.439	-9.8
11:15:07.451	-10.3
11:15:07.460	-10.8
11:15:07.472	-12.2
11:15:07.484	-10.9
11:15:07.492	-10.4
11:15:07.505	-11.4
11:15:07.517	-9.8
11:15:07.525	-10.7
11:15:07.537	-9.3
11:15:07.550	-10.5
11:15:07.558	-9.3
11:15:07.570	-7.3
11:15:07.582	-5.4
11:15:07.595	-5.5
11:15:07.603	-5.8
11:15:07.615	-5.6
11:15:07.627	-6.9
11:15:07.636	-5.0
11:15:07.648	-5.9
11:15:07.660	-6.9
11:15:07.672	-8.4
11:15:07.681	-10.2
11:15:07.693	-11.5
11:15:07.705	-12.1
11:15:07.713	-12.4
11:15:07.726	-12.8
11:15:07.738	-12.9
11:15:07.746	-13.6
11:15:07.759	-12.2
11:15:07.771	-10.6
11:15:07.779	-9.4
11:15:07.791	-8.7
11:15:07.804	-7.9
11:15:07.812	-8.1
11:15:07.824	-5.9
11:15:07.836	-3.6
11:15:07.849	-1.8
11:15:07.857	-1.2
11:15:07.869	-3.5
11:15:07.881	-2.5
11:15:07.890	-3.9
11:15:07.902	-1.5
11:15:07.914	-2.5
11:15:07.922	-2.0
11:15:07.935	-2.0
11:15:07.947	-2.0
11:15:07.955	-0.8
11:15:07.967	-2.7
11:15:07.980	-1.2
11:15:07.992	-2.3
11:15:08.000	-0.1
11:15:08.012	-2.0
11:15:08.025	1.7
11:15:08.033	1.8
11:15:08.045	2.2
11:15:08.057	3.5
11:15:08.066	2.9
11:15:08.078	5.6
11:15:08.090	6.6
11:15:08.102	9.0
11:15:08.111	10.1
11:15:08.123	10.3
11:15:08.135	10.3
11:15:08.143	10.9
11:15:08.156	10.8
11:15:08.168	9.3
11:15:08.176	10.0
11:15:08.188	10.4
11:15:08.201	10.3
11:15:08.209	10.4
11:15:08.221	13.8
11:15:08.233	15.5
11:15:08.242	15.2
11:15:08.254	17.6
11:15:08.266	18.6
11:15:08.279	19.9
11:15:08.287	20.0
11:15:08.299	20.3
11:15:08.311	22.2
11:15:08.319	23.1
11:15:08.332	19.9
11:15:08.344	18.0
11:15:08.356	18.5
11:15:08.364	16.6
11:15:08.377	16.3
11:15:08.389	15.8
11:15:08.397	18.3
11:15:08.410	18.0
11:15:08.422	17.2
11:15:08.430	14.0
11:15:08.442	14.2
11:15:08.455	16.1
11:15:08.463	14.9
11:15:08.475	17.6
11:15:08.487	18.3
11:15:08.496	19.1
11:15:08.508	17.1
11:15:08.520	16.3
11:15:08.532	17.4
11:15:08.541	19.5
11:15:08.553	18.4
11:15:08.565	18.1
11:15:08.573	18.5
11:15:08.586	15.0
11:15:08.598	13.8
11:15:08.606	13.5
11:15:08.618	13.4
11:15:08.631	14.7
11:15:08.643	13.5
11:15:08.651	12.1
11:15:08.663	13.7
11:15:08.676	14.0
11:15:08.684	14.0
11:15:08.696	16.1
11:15:08.708	17.1
11:15:08.717	18.2
11:15:08.729	19.5
11:15:08.741	18.7
11:15:08.749	18.1
11:15:08.762	17.6
11:15:08.774	17.6
11:15:08.786	16.5
11:15:08.794	17.7
11:15:08.807	17.1
11:15:08.819	16.8
11:15:08.827	15.8
11:15:08.840	14.3
11:15:08.852	14.3
11:15:08.860	14.2
11:15:08.872	16.7
11:15:08.885	15.5
11:15:08.893	15.8
11:15:08.905	14.9
11:15:08.917	14.1
11:15:08.930	14.0
11:15:08.942	13.3
11:15:08.950	13.1
11:15:08.962	14.5
11:15:08.975	15.4
11:15:08.983	13.3
11:15:08.995	14.9
11:15:09.007	15.1
11:15:09.016	15.1
11:15:09.028	14.4
11:15:09.040	13.3
11:15:09.048	13.3
11:15:09.061	13.7
11:15:09.073	13.6
11:15:09.085	15.2
11:15:09.093	15.8
11:15:09.106	14.7
11:15:09.118	15.2
11:15:09.126	14.6
11:15:09.138	17.8
11:15:09.151	18.5
11:15:09.159	19.2
11:15:09.171	18.6
11:15:09.183	20.2
11:15:09.192	18.2
11:15:09.204	18.4
11:15:09.216	19.2
11:15:09.224	19.8
11:15:09.237	19.6
11:15:09.249	18.2
11:15:09.261	18.4
11:15:09.270	19.2
11:15:09.283	17.8
11:15:09.295	15.3
11:15:09.303	13.9
11:15:09.316	15.0
11:15:09.328	13.4
11:15:09.340	12.5
11:15:09.348	12.1
11:15:09.361	11.9
11:15:09.373	12.6
11:15:09.381	10.9
11:15:09.393	12.9
11:15:09.406	10.3
11:15:09.414	11.3
11:15:09.426	10.3
11:15:09.438	11.1
11:15:09.447	11.7
11:15:09.459	12.3
11:15:09.471	11.5
11:15:09.479	8.9
11:15:09.492	8.7
11:15:09.504	7.2
11:15:09.516	9.0
11:15:09.524	8.1
11:15:09.537	6.3
11:15:09.549	5.8
11:15:09.557	5.6
11:15:09.569	5.7
11:15:09.582	5.5
11:15:09.594	6.8
11:15:09.602	7.4
11:15:09.614	6.4
11:15:09.627	7.4
11:15:09.635	9.4
11:15:09.647	15.8
11:15:09.659	17.9
11:15:09.668	17.0
11:15:09.680	16.9
11:15:09.692	17.1
11:15:09.700	17.7
11:15:09.713	18.2
11:15:09.725	20.6
11:15:09.733	20.8
11:15:09.745	20.0
11:15:09.758	14.7
11:15:09.770	11.7
11:15:09.778	13.3
11:15:09.790	15.4
11:15:09.803	14.1
11:15:09.811	14.0
11:15:09.823	13.4
11:15:09.836	12.8
11:15:09.844	11.6
11:15:09.856	10.1
11:15:09.868	11.6
11:15:09.876	12.3
11:15:09.889	10.2
11:15:09.901	8.0
11:15:09.913	8.9
11:15:09.922	8.0
11:15:09.934	7.3
11:15:09.946	6.9
11:15:09.954	6.2
11:15:09.967	7.9
11:15:09.979	5.6
11:15:09.987	6.2
11:15:09.999	8.2
11:15:10.012	7.8
11:15:10.024	6.7
11:15:10.032	7.7
11:15:10.044	8.3
11:15:10.057	7.9
11:15:10.065	10.5
11:15:10.077	10.4
11:15:10.089	12.5
11:15:10.098	13.6
11:15:10.110	12.5
11:15:10.122	13.4
11:15:10.130	14.0
11:15:10.143	16.1
11:15:10.155	17.7
11:15:10.163	18.2
11:15:10.175	16.6
11:15:10.188	14.8
11:15:10.200	13.4
11:15:10.208	11.2
11:15:10.220	11.7
11:15:10.233	10.7
11:15:10.241	10.8
11:15:10.253	8.2
11:15:10.265	6.4
11:15:10.278	6.3
11:15:10.286	4.9
11:15:10.298	5.4
11:15:10.311	7.7
11:15:10.319	7.8
11:15:10.331	6.8
11:15:10.343	5.1
11:15:10.351	5.1
11:15:10.364	5.1
11:15:10.376	4.9
11:15:10.384	4.8
11:15:10.397	5.2
11:15:10.409	5.6
11:15:10.417	4.4
11:15:10.429	5.4
11:15:10.442	5.9
11:15:10.454	7.6
11:15:10.462	8.5
11:15:10.474	7.6
11:15:10.487	7.0
11:15:10.495	6.6
11:15:10.507	6.8
11:15:10.519	5.7
11:15:10.528	4.7
11:15:10.540	2.4
11:15:10.552	1.2
11:15:10.564	0.5
11:15:10.573	1.4
11:15:10.585	1.4
11:15:10.597	-0.6
11:15:10.605	0.1
11:15:10.618	1.3
11:15:10.630	1.3
11:15:10.638	0.9
11:15:10.650	1.2
11:15:10.663	0.9
11:15:10.671	0.9
11:15:10.683	0.2
11:15:10.695	-1.2
11:15:10.708	-1.0
11:15:10.716	-1.6
11:15:10.728	-4.3
11:15:10.741	-5.1
11:15:10.749	-5.8
11:15:10.761	-3.6
11:15:10.773	-5.0
11:15:10.781	-5.2
11:15:10.794	-6.4
11:15:10.806	-5.8
11:15:10.814	-4.9
11:15:10.827	-4.9
11:15:10.839	-4.4
11:15:10.851	-4.0
11:15:10.859	-5.9
11:15:10.872	-6.5
11:15:10.884	-7.7
11:15:10.892	-9.2
11:15:10.904	-11.2
11:15:10.917	-11.8
11:15:10.929	-12.3
11:15:10.937	-14.0
11:15:10.949	-14.2
11:15:10.962	-14.1
11:15:10.970	-13.5
11:15:10.982	-13.2
11:15:10.994	-12.6
11:15:11.007	-12.3
11:15:11.015	-13.3
11:15:11.027	-13.1
11:15:11.039	-13.2
11:15:11.048	-13.3
11:15:11.060	-14.3
11:15:11.072	-15.1
11:15:11.080	-15.3
11:15:11.093	-16.6
11:15:11.105	-15.1
11:15:11.113	-14.4
11:15:11.125	-14.2
11:15:11.138	-15.7
11:15:11.146	-16.3
11:15:11.158	-16.8
11:15:11.170	-16.9
11:15:11.183	-19.6
11:15:11.191	-20.5
11:15:11.203	-22.4
11:15:11.215	-23.9
11:15:11.224	-25.7
11:15:11.236	-26.4
11:15:11.248	-26.9
11:15:11.261	-27.0
11:15:11.269	-26.7
11:15:11.281	-24.5
11:15:11.293	-18.8
11:15:11.301	-19.3
11:15:11.314	-19.0
11:15:11.326	-18.2
11:15:11.334	-16.1
11:15:11.347	-16.0
11:15:11.359	-13.8
11:15:11.367	-14.0
11:15:11.379	-14.8
11:15:11.392	-17.3
11:15:11.400	-20.5
11:15:11.412	-18.1
11:15:11.425	-16.4
11:15:11.437	-16.6
11:15:11.445	-17.7
11:15:11.457	-15.7
11:15:11.470	-15.4
11:15:11.478	-14.5
11:15:11.490	-13.1
11:15:11.502	-11.5
11:15:11.515	-11.8
11:15:11.523	-11.2
11:15:11.535	-12.6
11:15:11.547	-11.1
11:15:11.556	-10.5
11:15:11.568	-10.9
11:15:11.580	-10.2
11:15:11.588	-10.3
11:15:11.601	-11.2
11:15:11.613	-10.8
11:15:11.621	-8.3
11:15:11.633	-7.6
11:15:11.646	-5.1
11:15:11.654	-5.3
11:15:11.666	-6.1
11:15:11.678	-4.1
11:15:11.691	-4.4
11:15:11.699	-2.0
11:15:11.711	-1.8
11:15:11.723	-0.9
11:15:11.732	-2.6
11:15:11.744	-3.6
11:15:11.756	-5.0
11:15:11.764	-4.5
11:15:11.777	-2.9
11:15:11.789	-3.4
11:15:11.797	-4.6
11:15:11.809	-6.1
11:15:11.822	-4.1
11:15:11.834	-5.3
11:15:11.842	-4.6
11:15:11.855	-4.7
11:15:11.867	-5.3
11:15:11.875	-4.3
11:15:11.887	-3.1
11:15:11.900	-3.5
11:15:11.908	-0.9
11:15:11.920	-0.6
11:15:11.932	-0.8
11:15:11.945	-1.0
11:15:11.953	0.7
11:15:11.965	0.8
11:15:11.977	1.8
11:15:11.985	0.0
11:15:11.998	-0.1
11:15:12.010	2.0
11:15:12.018	1.0
11:15:12.031	0.5
11:15:12.043	-1.1
11:15:12.051	1.8
11:15:12.063	-0.1
11:15:12.076	0.8
11:15:12.084	1.0
11:15:12.096	2.2
11:15:12.108	0.8
11:15:12.121	-0.5
11:15:12.129	0.0
11:15:12.141	1.0
11:15:12.153	2.2
11:15:12.162	0.5
11:15:12.174	1.7
11:15:12.186	1.8
11:15:12.198	2.5
11:15:12.207	3.8
11:15:12.219	6.4
11:15:12.231	6.1
11:15:12.239	5.2
11:15:12.252	5.2
11:15:12.264	5.0
11:15:12.272	5.6
11:15:12.284	7.5
11:15:12.297	8.5
11:15:12.305	7.1
11:15:12.317	7.3
11:15:12.329	6.7
11:15:12.338	6.9
11:15:12.350	6.9
11:15:12.362	6.1
11:15:12.374	7.4
11:15:12.383	4.9
11:15:12.395	3.4
11:15:12.407	2.0
11:15:12.415	1.6
11:15:12.428	-2.2
11:15:12.440	-2.8
11:15:12.448	-3.5
11:15:12.460	-2.8
11:15:12.473	-1.1
11:15:12.485	-1.9
11:15:12.493	0.9
11:15:12.506	0.4
11:15:12.518	0.4
11:15:12.526	0.4
11:15:12.538	3.0
11:15:12.551	3.1
11:15:12.559	3.5
11:15:12.571	3.8
11:15:12.583	2.7
11:15:12.591	3.0
11:15:12.604	1.1
11:15:12.616	1.7
11:15:12.628	0.2
11:15:12.637	1.6
11:15:12.649	1.2
11:15:12.661	-0.2
11:15:12.670	1.6
11:15:12.682	1.1
11:15:12.694	0.8
11:15:12.702	-0.5
11:15:12.715	0.3
11:15:12.727	-0.6
11:15:12.735	0.6
11:15:12.747	1.1
11:15:12.760	3.6
11:15:12.772	5.4
11:15:12.780	4.2
11:15:12.792	3.6
11:15:12.805	4.5
11:15:12.813	4.2
11:15:12.825	3.9
11:15:12.838	3.3
11:15:12.846	3.9
11:15:12.858	1.5
11:15:12.870	-1.4
11:15:12.882	-3.1
11:15:12.891	-2.9
11:15:12.903	-3.7
11:15:12.915	-3.3
11:15:12.924	-1.3
11:15:12.936	-0.7
11:15:12.948	-0.5
11:15:12.956	0.1
11:15:12.969	2.7
11:15:12.981	3.3
11:15:12.989	3.2
11:15:13.001	3.4
11:15:13.014	4.9
11:15:13.022	3.2
11:15:13.034	1.1
11:15:13.046	0.3
11:15:13.059	-1.0
11:15:13.067	-1.8
11:15:13.079	-1.1
11:15:13.092	-0.7
11:15:13.104	0.7
11:15:13.112	0.9
11:15:13.124	1.9
11:15:13.137	2.7
11:15:13.145	4.0
11:15:13.157	4.1
11:15:13.169	5.3
11:15:13.182	4.5
11:15:13.190	2.7
11:15:13.202	1.3
11:15:13.214	2.3
11:15:13.223	0.9
11:15:13.235	0.3
11:15:13.247	0.4
11:15:13.255	-1.5
11:15:13.268	-3.7
11:15:13.280	-4.5
11:15:13.288	-2.8
11:15:13.300	-3.1
11:15:13.313	-2.9
11:15:13.321	-5.9
11:15:13.333	-5.2
11:15:13.345	-5.7
11:15:13.358	-6.3
11:15:13.366	-4.7
11:15:13.378	-0.2
11:15:13.391	0.5
11:15:13.399	-0.2
11:15:13.411	0.2
11:15:13.423	0.7
11:15:13.435	0.7
11:15:13.444	1.0
11:15:13.456	1.0
11:15:13.468	0.4
11:15:13.476	-0.4
11:15:13.489	-3.5
11:15:13.501	-3.2
11:15:13.509	-4.5
11:15:13.522	-4.4
11:15:13.534	-4.3
11:15:13.542	-4.2
11:15:13.554	-6.4
11:15:13.567	-5.6
11:15:13.575	-6.1
11:15:13.587	-4.9
11:15:13.599	-1.4
11:15:13.612	-1.5
11:15:13.620	-1.6
11:15:13.632	-2.2
11:15:13.644	-3.0
11:15:13.653	-1.3
11:15:13.665	0.5
11:15:13.677	-0.9
11:15:13.685	0.6
11:15:13.698	1.4
11:15:13.710	-1.4
11:15:13.718	-0.4
11:15:13.730	0.1
11:15:13.743	0.6
11:15:13.755	2.2
11:15:13.763	0.6
11:15:13.775	0.7
11:15:13.788	1.9
11:15:13.796	2.0
11:15:13.808	0.1
11:15:13.821	-1.3
11:15:13.829	-2.3
11:15:13.841	-1.6
11:15:13.853	-4.0
11:15:13.866	-5.6
11:15:13.874	-4.9
11:15:13.886	-4.6
11:15:13.898	-5.0
11:15:13.907	-4.8
11:15:13.919	-2.7
11:15:13.931	-1.0
11:15:13.939	-0.7
11:15:13.952	-0.3
11:15:13.964	3.7
11:15:13.972	2.9
11:15:13.984	1.9
11:15:13.997	-0.1
11:15:14.005	-0.8
11:15:14.017	-0.6
11:15:14.029	-1.1
11:15:14.042	0.6
11:15:14.050	1.0
11:15:14.062	0.4
11:15:14.074	-4.0
11:15:14.083	-2.4
11:15:14.095	-1.3
11:15:14.107	0.4
11:15:14.119	0.6
11:15:14.128	-0.9
11:15:14.140	-2.0
11:15:14.152	-4.4
11:15:14.160	-3.3
11:15:14.173	-3.8
11:15:14.185	-2.4
11:15:14.193	-0.7
11:15:14.206	-0.9
11:15:14.218	-2.8
11:15:14.226	-3.4
11:15:14.238	-2.6
11:15:14.251	-2.0
11:15:14.259	-1.7
11:15:14.271	-4.1
11:15:14.283	-4.7
11:15:14.296	-3.3
11:15:14.304	-4.3
11:15:14.316	-3.4
11:15:14.328	-3.2
11:15:14.337	-2.0
11:15:14.349	-2.0
11:15:14.361	0.5
11:15:14.369	1.3
11:15:14.382	3.0
11:15:14.394	3.5
11:15:14.406	2.9
11:15:14.414	1.9
11:15:14.427	-0.2
11:15:14.439	1.8
11:15:14.447	2.2
11:15:14.459	2.2
11:15:14.472	-1.0
11:15:14.480	1.3
11:15:14.492	0.3
11:15:14.504	-0.5
11:15:14.513	0.1
11:15:14.525	0.8
11:15:14.537	1.9
11:15:14.549	0.7
11:15:14.558	1.1
11:15:14.570	3.3
11:15:14.582	4.1
11:15:14.590	1.6
11:15:14.603	2.3
11:15:14.615	2.3
11:15:14.623	4.5
11:15:14.635	3.8
11:15:14.648	5.5
11:15:14.656	8.8
11:15:14.668	6.8
11:15:14.681	5.5
11:15:14.693	6.0
11:15:14.701	4.7
11:15:14.713	5.6
11:15:14.726	9.2
11:15:14.734	7.4
11:15:14.746	10.4
11:15:14.758	11.5
11:15:14.767	9.3
11:15:14.779	11.4
11:15:14.791	11.0
11:15:14.803	10.0
11:15:14.812	11.5
11:15:14.824	12.3
11:15:14.836	11.3
11:15:14.844	12.3
11:15:14.857	9.2
11:15:14.869	7.7
11:15:14.877	7.9
11:15:14.889	7.8
11:15:14.902	9.7
11:15:14.914	12.1
11:15:14.922	14.0
11:15:14.935	14.4
11:15:14.947	17.5
11:15:14.955	17.0
11:15:14.967	18.7
11:15:14.980	22.7
11:15:14.988	24.4
11:15:15.000	25.0
11:15:15.012	24.1
11:15:15.025	22.4
11:15:15.033	22.0
11:15:15.045	23.0
11:15:15.057	20.3
11:15:15.066	19.8
11:15:15.078	21.3
11:15:15.090	17.4
11:15:15.102	17.3
11:15:15.111	16.9
11:15:15.123	20.5
11:15:15.135	22.1
11:15:15.143	21.1
11:15:15.156	18.6
11:15:15.168	19.0
11:15:15.176	20.8
11:15:15.188	19.7
11:15:15.201	21.9
11:15:15.209	21.0
11:15:15.221	21.9
11:15:15.234	20.8
11:15:15.242	22.1
11:15:15.254	23.1
11:15:15.266	23.9
11:15:15.279	22.9
11:15:15.287	22.8
11:15:15.299	23.5
11:15:15.311	23.4
11:15:15.319	25.2
11:15:15.332	25.5
11:15:15.344	23.3
11:15:15.356	22.5
11:15:15.364	21.2
11:15:15.377	21.8
11:15:15.389	23.9
11:15:15.397	23.7
11:15:15.410	23.8
11:15:15.422	22.7
11:15:15.430	22.5
11:15:15.442	24.9
11:15:15.455	25.1
11:15:15.463	27.2
11:15:15.475	28.0
11:15:15.487	28.5
11:15:15.496	28.1
11:15:15.508	27.3
11:15:15.520	27.1
11:15:15.532	27.3
11:15:15.541	26.4
11:15:15.553	24.0
11:15:15.565	24.0
11:15:15.573	21.5
11:15:15.586	22.9
11:15:15.598	22.6
11:15:15.606	23.0
11:15:15.618	24.9
11:15:15.631	25.3
11:15:15.639	27.2
11:15:15.651	27.9
11:15:15.663	28.4
11:15:15.676	28.2
11:15:15.684	27.9
11:15:15.696	27.3
11:15:15.709	28.8
11:15:15.717	29.0
11:15:15.729	28.5
11:15:15.742	29.7
11:15:15.750	28.6
11:15:15.762	27.2
11:15:15.774	27.3
11:15:15.787	28.9
11:15:15.795	30.4
11:15:15.807	30.6
11:15:15.820	28.8
11:15:15.828	29.4
11:15:15.840	29.4
11:15:15.852	27.3
11:15:15.861	28.5
11:15:15.873	29.5
11:15:15.885	29.3
11:15:15.893	27.8
11:15:15.906	27.2
11:15:15.918	26.5
11:15:15.926	27.8
11:15:15.938	27.4
11:15:15.951	26.9
11:15:15.963	28.6
11:15:15.971	25.0
11:15:15.983	24.8
11:15:15.996	25.4
11:15:16.004	26.1
11:15:16.016	25.9
11:15:16.029	25.1
11:15:16.041	24.9
11:15:16.049	22.8
11:15:16.061	22.7
11:15:16.073	21.3
11:15:16.082	24.4
11:15:16.094	23.2
11:15:16.106	21.8
11:15:16.114	21.3
11:15:16.127	21.6
11:15:16.139	22.6
11:15:16.147	21.3
11:15:16.159	21.1
11:15:16.172	21.0
11:15:16.180	20.7
11:15:16.192	19.6
11:15:16.205	20.4
11:15:16.217	19.4
11:15:16.225	18.3
11:15:16.237	16.2
11:15:16.250	16.1
11:15:16.258	14.7
11:15:16.270	17.0
11:15:16.282	15.8
11:15:16.291	14.5
11:15:16.303	11.7
11:15:16.315	9.8
11:15:16.327	8.9
11:15:16.336	10.5
11:15:16.348	9.1
11:15:16.360	8.1
11:15:16.368	7.6
11:15:16.381	5.0
11:15:16.393	4.9
11:15:16.401	4.3
11:15:16.413	4.0
11:15:16.426	3.4
11:15:16.434	4.6
11:15:16.446	1.4
11:15:16.458	2.4
11:15:16.471	2.6
11:15:16.479	2.9
11:15:16.491	1.6
11:15:16.503	1.2
11:15:16.512	2.2
11:15:16.524	1.9
11:15:16.536	1.3
11:15:16.544	-0.3
11:15:16.557	-0.6
11:15:16.569	-0.8
11:15:16.577	-1.5
11:15:16.589	-1.8
11:15:16.602	-1.2
11:15:16.614	-2.4
11:15:16.622	-3.1
11:15:16.635	-3.2
11:15:16.647	-1.0
11:15:16.655	-0.2
11:15:16.667	0.4
11:15:16.680	0.9
11:15:16.688	0.0
11:15:16.700	-0.3
11:15:16.713	-1.4
11:15:16.725	-1.1
11:15:16.733	-2.8
11:15:16.745	-3.2
11:15:16.758	-5.5
11:15:16.766	-7.7
11:15:16.778	-8.9
11:15:16.790	-10.1
11:15:16.799	-11.5
11:15:16.811	-12.2
11:15:16.823	-12.6
11:15:16.831	-12.3
11:15:16.844	-10.4
11:15:16.856	-9.8
11:15:16.864	-9.3
11:15:16.876	-9.7
11:15:16.889	-9.7
11:15:16.901	-10.1
11:15:16.909	-10.0
11:15:16.921	-9.8
11:15:16.934	-11.7
11:15:16.946	-12.5
11:15:16.954	-14.7
11:15:16.966	-15.1
11:15:16.979	-16.8
11:15:16.987	-13.5
11:15:16.999	-12.4
11:15:17.011	-12.9
11:15:17.024	-11.7
11:15:17.032	-12.8
11:15:17.044	-11.3
11:15:17.056	-12.6
11:15:17.065	-8.3
11:15:17.077	-9.1
11:15:17.089	-8.6
11:15:17.098	-11.3
11:15:17.110	-12.3
11:15:17.122	-11.5
11:15:17.130	-12.5
11:15:17.143	-11.9
11:15:17.155	-11.1
11:15:17.163	-11.4
11:15:17.175	-14.2
11:15:17.188	-13.9
11:15:17.200	-14.1
11:15:17.208	-13.9
11:15:17.220	-14.1
11:15:17.233	-14.7
11:15:17.241	-14.4
11:15:17.253	-15.1
11:15:17.265	-16.0
11:15:17.278	-15.8
11:15:17.286	-16.9
11:15:17.298	-17.7
11:15:17.310	-15.6
11:15:17.319	-17.3
11:15:17.331	-15.0
11:15:17.343	-13.0
11:15:17.351	-13.2
11:15:17.364	-13.2
11:15:17.376	-13.4
11:15:17.384	-12.9
11:15:17.396	-15.0
11:15:17.409	-14.2
11:15:17.417	-16.3
11:15:17.429	-15.6
11:15:17.441	-17.8
11:15:17.454	-19.1
11:15:17.462	-20.5
11:15:17.474	-18.7
11:15:17.486	-18.8
11:15:17.495	-18.2
11:15:17.507	-15.5
11:15:17.519	-16.6
11:15:17.527	-15.6
11:15:17.540	-14.9
11:15:17.552	-15.0
11:15:17.560	-13.3
11:15:17.572	-12.3
11:15:17.585	-14.6
11:15:17.597	-12.6
11:15:17.605	-11.7
11:15:17.618	-12.2
11:15:17.630	-9.2
11:15:17.638	-9.3
11:15:17.650	-7.8
11:15:17.663	-8.3
11:15:17.671	-10.2
11:15:17.683	-10.5
11:15:17.695	-8.2
11:15:17.708	-10.0
11:15:17.716	-10.3
11:15:17.728	-10.3
11:15:17.740	-10.6
11:15:17.749	-11.0
11:15:17.761	-12.2
11:15:17.773	-9.5
11:15:17.781	-8.4
11:15:17.794	-7.6
11:15:17.806	-6.5
11:15:17.814	-6.0
11:15:17.826	-5.3
11:15:17.839	-6.0
11:15:17.847	-7.0
11:15:17.859	-5.6
11:15:17.871	-5.4
11:15:17.884	-3.8
11:15:17.892	-3.8
11:15:17.904	-3.8
11:15:17.916	-5.7
11:15:17.925	-5.9
11:15:17.937	-6.3
11:15:17.949	-5.9
11:15:17.961	-5.1
11:15:17.970	-7.2
11:15:17.982	-6.5
11:15:17.994	-7.9
11:15:18.002	-9.8
11:15:18.015	-9.0
11:15:18.027	-8.7
11:15:18.035	-8.2
11:15:18.047	-8.5
11:15:18.060	-5.5
11:15:18.068	-6.0
11:15:18.080	-3.2
11:15:18.093	-2.2
11:15:18.101	-3.6
11:15:18.113	-3.3
11:15:18.125	-2.2
11:15:18.138	-1.7
11:15:18.146	-0.4
11:15:18.158	2.2
11:15:18.170	0.4
11:15:18.179	-0.5
11:15:18.191	-0.4
11:15:18.203	-1.3
11:15:18.211	-1.2
11:15:18.224	1.3
11:15:18.236	-0.1
11:15:18.248	0.6
11:15:18.256	-1.5
11:15:18.269	-3.9
11:15:18.281	-1.9
11:15:18.289	1.0
11:15:18.301	1.7
11:15:18.314	1.8
11:15:18.322	1.6
11:15:18.334	0.4
11:15:18.346	0.1
11:15:18.355	0.8
11:15:18.367	3.3
11:15:18.379	6.0
11:15:18.391	4.1
11:15:18.400	2.0
11:15:18.412	0.5
11:15:18.424	1.1
11:15:18.432	0.4
11:15:18.445	0.4
11:15:18.457	1.2
11:15:18.465	-0.3
11:15:18.477	-1.7
11:15:18.490	-4.1
11:15:18.498	-5.3
11:15:18.510	-5.9
11:15:18.522	-7.5
11:15:18.535	-10.9
11:15:18.543	-10.7
11:15:18.555	-12.8
11:15:18.568	-14.3
11:15:18.576	-15.9
11:15:18.588	-19.2
11:15:18.600	-19.4
11:15:18.608	-20.0
11:15:18.621	-19.6
11:15:18.633	-19.5
11:15:18.645	-17.1
11:15:18.653	-18.5
11:15:18.666	-15.6
11:15:18.678	-15.7
11:15:18.686	-16.3
11:15:18.699	-13.7
11:15:18.711	-15.1
11:15:18.719	-14.5
11:15:18.731	-15.2
11:15:18.744	-12.7
11:15:18.752	-14.0
11:15:18.764	-12.7
11:15:18.776	-14.7
11:15:18.785	-14.4
11:15:18.797	-14.7
11:15:18.809	-13.6
11:15:18.821	-12.1
11:15:18.830	-10.8
11:15:18.842	-9.8
11:15:18.854	-12.3
11:15:18.862	-10.6
11:15:18.875	-10.8
11:15:18.887	-8.9
11:15:18.899	-7.4
11:15:18.907	-5.0
11:15:18.920	-4.7
11:15:18.932	-4.1
11:15:18.940	-3.6
11:15:18.952	-2.6
11:15:18.965	-1.1
11:15:18.973	-1.8
11:15:18.985	-0.3
11:15:18.998	-0.7
11:15:19.006	-1.1
11:15:19.018	0.1
11:15:19.030	0.1
11:15:19.038	1.4
11:15:19.051	1.9
11:15:19.063	1.7
11:15:19.075	4.1
11:15:19.084	6.6
11:15:19.096	6.4
11:15:19.108	6.5
11:15:19.120	6.5
11:15:19.128	5.0
11:15:19.141	5.3
11:15:19.153	3.5
11:15:19.161	1.1
11:15:19.174	1.2
11:15:19.186	-1.6
11:15:19.198	-2.9
11:15:19.206	-3.3
11:15:19.219	-5.7
11:15:19.231	-5.4
11:15:19.239	-5.1
11:15:19.251	-6.3
11:15:19.264	-5.1
11:15:19.272	-5.2
11:15:19.284	-6.3
11:15:19.296	-7.0
11:15:19.305	-7.2
11:15:19.317	-6.2
11:15:19.329	-4.6
11:15:19.337	-4.0
11:15:19.350	-2.2
11:15:19.362	-3.1
11:15:19.374	-5.5
11:15:19.382	-3.3
11:15:19.395	-1.9
11:15:19.407	-2.2
11:15:19.415	-2.6
11:15:19.427	-0.7
11:15:19.440	0.2
11:15:19.448	-0.1
11:15:19.460	-1.6
11:15:19.472	1.2
11:15:19.481	2.9
11:15:19.493	2.3
11:15:19.505	1.3
11:15:19.517	2.4
11:15:19.526	3.3
11:15:19.538	2.0
11:15:19.550	2.3
11:15:19.558	3.3
11:15:19.571	3.9
11:15:19.583	3.1
11:15:19.591	3.6
11:15:19.604	5.0
11:15:19.616	5.2
11:15:19.628	7.1
11:15:19.636	7.5
11:15:19.649	7.9
11:15:19.661	7.9
11:15:19.669	8.5
11:15:19.681	8.2
11:15:19.694	8.8
11:15:19.702	9.6
11:15:19.714	9.2
11:15:19.726	11.2
11:15:19.735	10.3
11:15:19.747	9.9
11:15:19.759	9.9
11:15:19.767	11.6
11:15:19.780	11.9
11:15:19.792	12.8
11:15:19.804	13.3
11:15:19.812	11.9
11:15:19.825	11.8
11:15:19.837	12.1
11:15:19.845	13.3
11:15:19.857	13.9
11:15:19.870	13.3
11:15:19.882	13.6
11:15:19.890	12.7
11:15:19.903	12.1
11:15:19.915	12.3
11:15:19.923	13.7
11:15:19.935	14.1
11:15:19.948	15.3
11:15:19.956	14.9
11:15:19.968	15.3
11:15:19.980	16.5
11:15:19.989	15.0
11:15:20.001	15.2
11:15:20.013	15.2
11:15:20.021	16.3
11:15:20.035	16.2
11:15:20.046	20.2
11:15:20.059	18.6
11:15:20.067	19.7
11:15:20.080	18.3
11:15:20.092	15.9
11:15:20.100	16.5
11:15:20.112	17.3
11:15:20.125	19.5
11:15:20.133	17.2
11:15:20.145	18.2
11:15:20.157	14.0
11:15:20.170	13.0
11:15:20.178	11.6
11:15:20.190	12.7
11:15:20.202	17.5
11:15:20.211	17.9
11:15:20.223	18.1
11:15:20.235	18.0
11:15:20.243	19.1
11:15:20.256	18.5
11:15:20.268	20.7
11:15:20.276	21.4
11:15:20.288	22.2
11:15:20.301	22.5
11:15:20.313	19.9
11:15:20.321	21.5
11:15:20.333	20.1
11:15:20.346	19.7
11:15:20.354	19.9
11:15:20.366	20.3
11:15:20.379	18.6
11:15:20.387	19.9
11:15:20.399	21.0
11:15:20.411	21.2
11:15:20.420	21.8
11:15:20.432	20.5
11:15:20.444	20.9
11:15:20.456	20.7
11:15:20.465	22.7
11:15:20.477	22.7
11:15:20.489	26.5
11:15:20.497	27.2
11:15:20.510	26.1
11:15:20.522	28.5
11:15:20.530	28.1
11:15:20.543	28.7
11:15:20.555	31.1
11:15:20.567	30.1
11:15:20.575	29.5
11:15:20.587	31.1
11:15:20.600	27.1
11:15:20.608	26.2
11:15:20.620	27.3
11:15:20.633	24.4
11:15:20.641	24.9
11:15:20.652	25.8
11:15:20.664	26.6
11:15:20.673	28.9
11:15:20.685	27.0
11:15:20.697	26.5
11:15:20.705	27.8
11:15:20.718	28.7
11:15:20.730	27.8
11:15:20.742	30.5
11:15:20.751	31.1
11:15:20.763	30.6
11:15:20.775	28.9
11:15:20.783	29.0
11:15:20.795	30.1
11:15:20.808	30.3
11:15:20.820	30.0
11:15:20.828	30.8
11:15:20.840	32.7
11:15:20.853	30.7
11:15:20.865	30.9
11:15:20.873	29.3
11:15:20.886	30.2
11:15:20.898	29.4
11:15:20.906	31.9
11:15:20.919	31.3
11:15:20.932	29.3
11:15:20.940	28.0
11:15:20.951	26.3
11:15:20.963	26.9
11:15:20.972	27.1
11:15:20.984	27.6
11:15:20.996	26.2
11:15:21.004	26.0
11:15:21.017	22.7
11:15:21.029	21.9
11:15:21.041	25.2
11:15:21.050	24.7
11:15:21.062	25.2
11:15:21.074	24.4
11:15:21.082	23.9
11:15:21.095	24.3
11:15:21.107	23.9
11:15:21.119	23.7
11:15:21.127	24.6
11:15:21.140	25.0
11:15:21.152	22.9
11:15:21.160	22.1
11:15:21.172	21.3
11:15:21.185	22.0
11:15:21.193	22.9
11:15:21.205	23.3
11:15:21.218	24.3
11:15:21.226	23.0
11:15:21.238	23.7
11:15:21.250	22.9
11:15:21.258	23.8
11:15:21.271	23.0
11:15:21.283	23.1
11:15:21.295	22.0
11:15:21.304	20.8
11:15:21.316	17.9
11:15:21.328	19.1
11:15:21.336	20.5
11:15:21.349	19.6
11:15:21.361	18.5
11:15:21.369	18.3
11:15:21.381	19.8
11:15:21.394	19.7
11:15:21.402	21.0
11:15:21.414	20.9
11:15:21.426	22.0
11:15:21.439	19.6
11:15:21.447	20.2
11:15:21.459	18.8
11:15:21.471	21.7
11:15:21.480	20.6
11:15:21.492	19.1
11:15:21.504	18.1
11:15:21.512	15.4
11:15:21.525	14.8
11:15:21.537	15.7
11:15:21.549	14.7
11:15:21.557	12.1
11:15:21.570	14.4
11:15:21.582	12.4
11:15:21.590	13.0
11:15:21.602	13.6
11:15:21.615	12.5
11:15:21.623	12.3
11:15:21.635	11.7
11:15:21.647	11.2
11:15:21.656	10.3
11:15:21.668	11.1
11:15:21.680	9.0
11:15:21.688	7.7
11:15:21.701	6.9
11:15:21.713	6.6
11:15:21.725	8.8
11:15:21.733	8.8
11:15:21.746	7.5
11:15:21.758	6.7
11:15:21.766	7.9
11:15:21.779	6.3
11:15:21.791	4.2
11:15:21.803	4.1
11:15:21.811	2.2
11:15:21.824	0.9
11:15:21.836	0.2
11:15:21.844	1.5
11:15:21.856	0.0
11:15:21.869	-0.9
11:15:21.877	-2.0
11:15:21.889	-2.4
11:15:21.901	-0.4
11:15:21.910	-1.6
11:15:21.922	1.3
11:15:21.934	0.9
11:15:21.942	-1.2
11:15:21.955	-3.4
11:15:21.967	-2.6
11:15:21.979	-3.1
11:15:21.987	-2.5
11:15:22.000	-2.4
11:15:22.012	-2.9
11:15:22.020	-2.7
11:15:22.032	-6.2
11:15:22.045	-5.8
11:15:22.053	-4.6
11:15:22.065	-5.0
11:15:22.078	-5.3
11:15:22.090	-5.6
11:15:22.098	-6.5
11:15:22.110	-5.9
11:15:22.123	-7.7
11:15:22.131	-8.5
11:15:22.143	-7.8
11:15:22.156	-8.9
11:15:22.164	-10.3
11:15:22.176	-11.3
11:15:22.188	-11.3
11:15:22.196	-12.1
11:15:22.209	-12.0
11:15:22.221	-13.6
11:15:22.233	-14.1
11:15:22.241	-13.3
11:15:22.254	-13.7
11:15:22.266	-13.3
11:15:22.274	-14.9
11:15:22.286	-13.3
11:15:22.300	-14.0
11:15:22.308	-13.1
11:15:22.320	-14.6
11:15:22.332	-15.4
11:15:22.341	-14.4
11:15:22.353	-14.9
11:15:22.365	-15.4
11:15:22.377	-15.7
11:15:22.386	-13.7
11:15:22.398	-15.2
11:15:22.410	-12.0
11:15:22.418	-13.7
11:15:22.431	-12.8
11:15:22.443	-12.2
11:15:22.451	-11.9
11:15:22.464	-12.6
11:15:22.476	-13.0
11:15:22.488	-11.6
11:15:22.496	-12.8
11:15:22.508	-11.4
11:15:22.521	-13.4
11:15:22.529	-12.7
11:15:22.541	-12.3
11:15:22.554	-11.3
11:15:22.562	-11.4
11:15:22.574	-9.0
11:15:22.586	-8.5
11:15:22.594	-9.7
11:15:22.607	-5.4
11:15:22.619	-5.1
11:15:22.627	-6.4
11:15:22.640	-6.5
11:15:22.652	-7.2
11:15:22.664	-4.8
11:15:22.672	-4.2
11:15:22.685	-6.4
11:15:22.697	-7.1
11:15:22.705	-7.3
11:15:22.717	-9.6
11:15:22.730	-11.2
11:15:22.742	-7.9
11:15:22.750	-7.1
11:15:22.762	-4.7
11:15:22.775	-6.9
11:15:22.783	-5.9
11:15:22.795	-4.8
11:15:22.807	-3.4
11:15:22.816	-2.6
11:15:22.828	-3.6
11:15:22.840	-2.6
11:15:22.848	-4.5
11:15:22.861	-3.1
11:15:22.873	-4.0
11:15:22.881	-3.4
11:15:22.893	-3.8
11:15:22.906	-2.2
11:15:22.918	-1.4
11:15:22.926	0.2
11:15:22.938	-0.8
11:15:22.951	0.5
11:15:22.959	1.8
11:15:22.971	3.4
11:15:22.983	2.0
11:15:22.992	2.2
11:15:23.004	1.8
11:15:23.016	0.8
11:15:23.028	3.0
11:15:23.037	2.5
11:15:23.049	5.1
11:15:23.061	4.7
11:15:23.074	3.5
11:15:23.082	4.0
11:15:23.094	4.9
11:15:23.106	5.1
11:15:23.115	6.1
11:15:23.127	7.8
11:15:23.139	3.8
11:15:23.147	3.8
11:15:23.160	3.7
11:15:23.172	4.9
11:15:23.180	6.3
11:15:23.192	6.4
11:15:23.205	8.4
11:15:23.217	8.0
11:15:23.225	9.2
11:15:23.237	8.4
11:15:23.250	11.1
11:15:23.258	11.6
11:15:23.270	11.6
11:15:23.282	9.6
11:15:23.290	9.2
11:15:23.302	6.5
11:15:23.314	6.3
11:15:23.323	8.1
11:15:23.335	6.4
11:15:23.347	8.0
11:15:23.359	7.4
11:15:23.369	7.2
11:15:23.380	10.2
11:15:23.393	11.8
11:15:23.401	12.5
11:15:23.414	14.1
11:15:23.426	15.7
11:15:23.434	15.0
11:15:23.447	15.8
11:15:23.459	14.4
11:15:23.471	15.7
11:15:23.479	15.7
11:15:23.492	13.5
11:15:23.504	14.4
11:15:23.512	14.0
11:15:23.524	13.7
11:15:23.537	12.5
11:15:23.545	13.0
11:15:23.557	12.2
11:15:23.569	12.0
11:15:23.578	11.6
11:15:23.590	11.9
11:15:23.602	11.7
11:15:23.610	11.0
11:15:23.623	12.2
11:15:23.635	10.9
11:15:23.647	10.9
11:15:23.655	9.5
11:15:23.668	11.1
11:15:23.680	14.6
11:15:23.688	14.0
11:15:23.700	13.6
11:15:23.713	13.7
11:15:23.725	14.9
11:15:23.733	13.8
11:15:23.745	17.1
11:15:23.758	16.4
11:15:23.766	19.5
11:15:23.778	19.3
11:15:23.790	15.7
11:15:23.799	17.0
11:15:23.811	17.9
11:15:23.823	16.9
11:15:23.831	17.7
11:15:23.844	19.2
11:15:23.856	18.1
11:15:23.864	20.4
11:15:23.877	18.9
11:15:23.889	19.0
11:15:23.901	19.4
11:15:23.909	19.4
11:15:23.922	17.2
11:15:23.934	18.8
11:15:23.942	17.7
11:15:23.954	16.8
11:15:23.967	14.7
11:15:23.975	12.2
11:15:23.987	9.7
11:15:23.999	9.5
11:15:24.012	9.5
11:15:24.020	9.2
11:15:24.032	12.4
11:15:24.044	11.9
11:15:24.053	12.9
11:15:24.065	10.4
11:15:24.077	12.5
11:15:24.085	13.2
11:15:24.098	15.3
11:15:24.110	15.3
11:15:24.118	17.2
11:15:24.130	17.8
11:15:24.143	17.0
11:15:24.155	18.2
11:15:24.163	18.0
11:15:24.175	20.4
11:15:24.188	19.0
11:15:24.196	17.4
11:15:24.208	18.6
11:15:24.220	18.2
11:15:24.229	16.5
11:15:24.241	17.8
11:15:24.253	19.5
11:15:24.261	19.6
11:15:24.274	18.2
11:15:24.286	17.5
11:15:24.298	20.9
11:15:24.306	22.0
11:15:24.319	22.0
11:15:24.331	23.7
11:15:24.339	24.8
11:15:24.351	22.9
11:15:24.364	22.8
11:15:24.372	22.0
11:15:24.384	21.2
11:15:24.397	22.2
11:15:24.409	18.1
11:15:24.417	18.4
11:15:24.429	18.5
11:15:24.442	17.2
11:15:24.450	16.3
11:15:24.462	16.3
11:15:24.474	13.7
11:15:24.483	14.3
11:15:24.495	14.8
11:15:24.507	13.7
11:15:24.515	15.4
11:15:24.528	16.5
11:15:24.540	14.1
11:15:24.548	13.7
11:15:24.560	13.6
11:15:24.573	14.3
11:15:24.585	15.8
11:15:24.593	14.0
11:15:24.605	15.2
11:15:24.618	15.5
11:15:24.626	16.2
11:15:24.638	15.5
11:15:24.651	16.8
11:15:24.663	18.4
11:15:24.671	18.5
11:15:24.683	17.2
11:15:24.696	16.9
11:15:24.704	16.9
11:15:24.716	16.9
11:15:24.728	15.7
11:15:24.737	15.2
11:15:24.749	14.7
11:15:24.761	15.9
11:15:24.769	13.3
11:15:24.782	12.6
11:15:24.794	12.8
11:15:24.802	15.4
11:15:24.814	14.5
11:15:24.827	12.5
11:15:24.839	13.8
11:15:24.847	12.3
11:15:24.859	10.2
11:15:24.872	7.7
11:15:24.880	8.0
11:15:24.892	7.8
11:15:24.904	6.4
11:15:24.913	2.5
11:15:24.925	3.7
11:15:24.937	4.0
11:15:24.950	4.1
11:15:24.958	5.2
11:15:24.970	7.0
11:15:24.982	8.7
11:15:24.990	8.9
11:15:25.003	9.4
11:15:25.015	10.7
11:15:25.027	10.7
11:15:25.035	8.9
11:15:25.048	8.8
11:15:25.060	7.0
11:15:25.068	5.7
11:15:25.080	3.4
11:15:25.093	2.9
11:15:25.101	2.4
11:15:25.113	1.0
11:15:25.126	-1.4
11:15:25.138	-3.1
11:15:25.146	-0.5
11:15:25.158	-3.0
11:15:25.171	-3.5
11:15:25.179	-4.0
11:15:25.191	-3.6
11:15:25.203	-3.4
11:15:25.211	-4.3
11:15:25.224	-3.8
11:15:25.236	-4.2
11:15:25.244	-2.9
11:15:25.257	-5.0
11:15:25.269	-2.9
11:15:25.281	-2.2
11:15:25.289	-4.3
11:15:25.302	-5.0
11:15:25.314	-7.3
11:15:25.322	-8.7
11:15:25.334	-10.8
11:15:25.347	-7.6
11:15:25.355	-8.7
11:15:25.367	-9.7
11:15:25.379	-10.7
11:15:25.392	-11.9
11:15:25.400	-11.1
11:15:25.412	-11.4
11:15:25.424	-8.9
11:15:25.433	-9.5
11:15:25.445	-9.3
11:15:25.457	-13.3
11:15:25.465	-13.3
11:15:25.478	-15.8
11:15:25.490	-14.2
11:15:25.498	-14.2
11:15:25.510	-12.9
11:15:25.523	-13.4
11:15:25.531	-16.7
11:15:25.543	-15.2
11:15:25.556	-15.3
11:15:25.568	-15.0
11:15:25.576	-16.1
11:15:25.588	-13.6
11:15:25.601	-16.7
11:15:25.609	-16.5
11:15:25.621	-18.4
11:15:25.633	-20.7
11:15:25.646	-20.3
11:15:25.654	-20.4
11:15:25.666	-19.5
11:15:25.678	-18.6
11:15:25.687	-18.2
11:15:25.699	-20.0
11:15:25.711	-20.5
11:15:25.719	-21.4
11:15:25.732	-20.2
11:15:25.744	-17.1
11:15:25.752	-18.2
11:15:25.764	-18.6
11:15:25.777	-20.8
11:15:25.785	-20.6
11:15:25.797	-18.9
11:15:25.809	-19.1
11:15:25.822	-18.1
11:15:25.830	-16.2
11:15:25.842	-16.6
11:15:25.854	-16.2
11:15:25.863	-15.9
11:15:25.875	-15.8
11:15:25.887	-15.4
11:15:25.895	-16.4
11:15:25.908	-18.3
11:15:25.920	-16.8
11:15:25.932	-17.0
11:15:25.940	-19.0
11:15:25.953	-19.2
11:15:25.965	-19.7
11:15:25.973	-19.5
11:15:25.985	-19.2
11:15:25.998	-15.8
11:15:26.006	-15.0
11:15:26.018	-14.4
11:15:26.030	-13.4
11:15:26.039	-11.5
11:15:26.051	-10.4
11:15:26.063	-9.7
11:15:26.076	-9.1
11:15:26.084	-5.1
11:15:26.096	-5.1
11:15:26.108	-5.9
11:15:26.116	-5.2
11:15:26.129	-4.4
11:15:26.141	-5.4
11:15:26.149	-4.7
11:15:26.162	-4.1
11:15:26.174	-3.2
11:15:26.182	-1.9
11:15:26.194	-4.9
11:15:26.207	-4.8
11:15:26.219	-5.3
11:15:26.227	-3.2
11:15:26.239	-2.7
11:15:26.252	0.0
11:15:26.260	-1.6
11:15:26.272	-0.3
11:15:26.284	-0.4
11:15:26.293	0.0
11:15:26.305	0.0
11:15:26.317	2.3
11:15:26.329	4.6
11:15:26.338	3.7
11:15:26.350	4.4
11:15:26.362	4.5
11:15:26.370	7.1
11:15:26.383	7.5
11:15:26.395	7.6
11:15:26.403	6.8
11:15:26.415	7.9
11:15:26.428	9.1
11:15:26.436	8.4
11:15:26.448	9.0
11:15:26.461	10.9
11:15:26.469	10.6
11:15:26.481	13.4
11:15:26.493	13.5
11:15:26.506	14.3
11:15:26.514	15.0
11:15:26.526	14.4
11:15:26.538	11.9
11:15:26.547	11.4
11:15:26.559	11.3
11:15:26.571	10.0
11:15:26.584	10.7
11:15:26.592	7.5
11:15:26.604	6.4
11:15:26.616	7.6
11:15:26.625	7.3
11:15:26.637	7.8
11:15:26.649	9.7
11:15:26.657	10.3
11:15:26.670	9.8
11:15:26.682	8.4
11:15:26.690	6.9
11:15:26.702	8.7
11:15:26.715	8.1
11:15:26.723	7.7
11:15:26.735	8.6
11:15:26.747	10.2
11:15:26.760	7.8
11:15:26.768	8.5
11:15:26.780	10.0
11:15:26.792	11.3
11:15:26.801	12.9
11:15:26.813	11.4
11:15:26.825	13.7
11:15:26.837	15.0
11:15:26.846	14.9
11:15:26.858	13.0
11:15:26.870	14.6
11:15:26.882	13.6
11:15:26.891	14.1
11:15:26.903	13.3
11:15:26.915	12.7
11:15:26.924	13.1
11:15:26.936	13.4
11:15:26.948	13.5
11:15:26.956	12.8
11:15:26.969	14.0
11:15:26.981	14.3
11:15:26.989	13.8
11:15:27.002	11.3
11:15:27.014	12.9
11:15:27.022	13.0
11:15:27.034	12.8
11:15:27.047	11.7
11:15:27.059	8.8
11:15:27.067	10.5
11:15:27.079	12.1
11:15:27.092	11.9
11:15:27.100	12.1
11:15:27.112	12.7
11:15:27.124	12.0
11:15:27.133	11.8
11:15:27.145	11.8
11:15:27.157	11.3
11:15:27.165	10.9
11:15:27.178	10.7
11:15:27.190	9.9
11:15:27.202	10.5
11:15:27.210	11.9
11:15:27.223	11.1
11:15:27.235	9.6
11:15:27.243	12.3
11:15:27.256	11.5
11:15:27.268	12.1
11:15:27.276	13.8
11:15:27.288	13.1
11:15:27.300	12.0
11:15:27.313	12.1
11:15:27.321	11.6
11:15:27.333	13.3
11:15:27.345	14.5
11:15:27.354	11.9
11:15:27.366	14.4
11:15:27.378	14.8
11:15:27.386	14.5
11:15:27.399	13.9
11:15:27.411	13.8
11:15:27.419	13.7
11:15:27.431	13.6
11:15:27.444	11.9
11:15:27.452	10.7
11:15:27.464	11.1
11:15:27.477	10.1
11:15:27.489	9.2
11:15:27.497	10.8
11:15:27.510	12.8
11:15:27.522	13.0
11:15:27.530	13.8
11:15:27.542	15.3
11:15:27.554	16.1
11:15:27.567	17.5
11:15:27.575	16.6
11:15:27.587	17.5
11:15:27.599	17.8
11:15:27.608	17.5
11:15:27.620	15.3
11:15:27.632	17.0
11:15:27.640	15.4
11:15:27.653	12.9
11:15:27.665	12.8
11:15:27.673	12.0
11:15:27.685	11.8
11:15:27.698	9.4
11:15:27.706	9.6
11:15:27.718	7.3
11:15:27.730	7.9
11:15:27.743	5.9
11:15:27.751	4.3
11:15:27.763	4.5
11:15:27.775	5.3
11:15:27.784	3.6
11:15:27.796	3.9
11:15:27.808	4.2
11:15:27.817	2.9
11:15:27.829	3.1
11:15:27.841	1.6
11:15:27.853	0.5
11:15:27.861	3.9
11:15:27.874	3.6
11:15:27.886	2.1
11:15:27.894	4.6
11:15:27.906	4.3
11:15:27.919	3.3
11:15:27.927	3.8
11:15:27.939	3.9
11:15:27.952	3.1
11:15:27.960	4.7
11:15:27.972	1.8
11:15:27.984	1.1
11:15:27.997	0.8
11:15:28.005	-0.4
11:15:28.017	0.8
11:15:28.029	1.4
11:15:28.038	-0.5
11:15:28.050	-2.8
11:15:28.062	-1.7
11:15:28.070	-3.9
11:15:28.083	-3.7
11:15:28.095	-3.6
11:15:28.103	-3.9
11:15:28.115	-4.8
11:15:28.128	-5.6
11:15:28.140	-7.8
11:15:28.148	-6.5
11:15:28.160	-5.4
11:15:28.173	-7.0
11:15:28.181	-6.0
11:15:28.193	-6.7
11:15:28.205	-6.6
11:15:28.214	-6.9
11:15:28.226	-8.3
11:15:28.238	-9.5
11:15:28.250	-8.6
11:15:28.259	-10.0
11:15:28.271	-10.6
11:15:28.283	-8.7
11:15:28.291	-9.5
11:15:28.304	-10.8
11:15:28.316	-12.5
11:15:28.324	-13.6
11:15:28.336	-14.2
11:15:28.349	-15.0
11:15:28.357	-15.7
11:15:28.369	-15.9
11:15:28.381	-16.7
11:15:28.390	-18.3
11:15:28.402	-19.2
11:15:28.414	-19.1
11:15:28.426	-18.7
11:15:28.435	-17.4
11:15:28.447	-17.0
11:15:28.459	-17.2
11:15:28.467	-17.9
11:15:28.480	-17.8
11:15:28.492	-17.2
11:15:28.504	-16.5
11:15:28.513	-15.5
11:15:28.525	-17.0
11:15:28.537	-16.2
11:15:28.545	-17.9
11:15:28.558	-16.7
11:15:28.570	-14.2
11:15:28.578	-13.7
11:15:28.590	-13.4
11:15:28.603	-14.5
11:15:28.611	-14.3
11:15:28.623	-13.3
11:15:28.635	-12.9
11:15:28.644	-15.2
11:15:28.656	-15.5
11:15:28.668	-17.1
11:15:28.680	-20.6
11:15:28.689	-20.4
11:15:28.701	-20.6
11:15:28.713	-20.1
11:15:28.721	-20.9
11:15:28.734	-23.0
11:15:28.746	-21.8
11:15:28.754	-20.3
11:15:28.766	-18.6
11:15:28.779	-17.5
11:15:28.791	-17.0
11:15:28.803	-16.8
11:15:28.812	-17.2
11:15:28.824	-17.7
11:15:28.836	-18.9
11:15:28.844	-17.5
11:15:28.856	-18.9
11:15:28.869	-21.2
11:15:28.877	-22.8
11:15:28.889	-23.7
11:15:28.901	-23.9
11:15:28.910	-25.5
11:15:28.922	-25.7
11:15:28.934	-25.6
11:15:28.942	-24.9
11:15:28.955	-26.5
11:15:28.967	-26.2
11:15:28.979	-25.8
11:15:28.988	-24.9
11:15:29.000	-23.4
11:15:29.012	-21.8
11:15:29.020	-20.4
11:15:29.033	-18.0
11:15:29.045	-17.2
11:15:29.053	-16.6
11:15:29.065	-17.6
11:15:29.078	-16.8
11:15:29.086	-14.5
11:15:29.098	-13.6
11:15:29.110	-14.5
11:15:29.123	-14.8
11:15:29.131	-14.2
11:15:29.143	-15.2
11:15:29.155	-14.7
11:15:29.164	-13.9
11:15:29.176	-12.2
11:15:29.188	-7.3
11:15:29.197	-7.6
11:15:29.209	-5.0
11:15:29.221	-4.4
11:15:29.233	-4.1
11:15:29.242	-3.8
11:15:29.254	-2.9
11:15:29.266	0.1
11:15:29.275	0.2
11:15:29.287	1.2
11:15:29.299	-2.4
11:15:29.307	-2.4
11:15:29.320	-4.7
11:15:29.332	-4.2
11:15:29.340	-4.6
11:15:29.352	-3.0
11:15:29.365	-3.0
11:15:29.373	-4.6
11:15:29.385	-5.6
11:15:29.397	-5.9
11:15:29.410	-2.8
11:15:29.418	-1.8
11:15:29.430	1.1
11:15:29.442	1.4
11:15:29.451	1.3
11:15:29.463	1.8
11:15:29.475	0.4
11:15:29.488	0.9
11:15:29.496	2.3
11:15:29.508	1.6
11:15:29.520	-0.8
11:15:29.528	0.6
11:15:29.541	-1.7
11:15:29.553	-3.3
11:15:29.561	-0.1
11:15:29.574	-1.2
11:15:29.586	0.9
11:15:29.594	2.5
11:15:29.606	2.9
11:15:29.619	3.6
11:15:29.627	6.3
11:15:29.639	6.5
11:15:29.652	5.7
11:15:29.664	8.7
11:15:29.672	6.1
11:15:29.684	5.9
11:15:29.697	6.3
11:15:29.705	4.4
11:15:29.717	4.3
11:15:29.729	4.6
11:15:29.738	-0.3
11:15:29.750	0.4
11:15:29.762	0.5
11:15:29.775	-1.6
11:15:29.783	-2.0
11:15:29.795	-1.8
11:15:29.807	-3.6
11:15:29.815	-4.9
11:15:29.828	-4.3
11:15:29.840	-3.8
11:15:29.848	-0.9
11:15:29.861	-3.4
11:15:29.873	-3.6
11:15:29.881	-1.7
11:15:29.893	-2.3
11:15:29.906	-3.1
11:15:29.918	-2.3
11:15:29.926	-1.7
11:15:29.938	-2.0
11:15:29.951	-0.9
11:15:29.959	-1.3
11:15:29.971	0.3
11:15:29.983	0.7
11:15:29.992	1.7
11:15:30.004	4.4
11:15:30.016	6.6
11:15:30.024	7.7
11:15:30.037	8.3
11:15:30.049	7.8
11:15:30.061	6.2
11:15:30.069	8.6
11:15:30.082	8.6
11:15:30.094	8.9
11:15:30.102	7.5
11:15:30.114	6.4
11:15:30.127	6.6
11:15:30.135	5.4
11:15:30.147	5.2
11:15:30.159	4.3
11:15:30.172	4.5
11:15:30.180	1.3
11:15:30.192	2.6
11:15:30.205	3.0
11:15:30.213	2.2
11:15:30.225	2.8
11:15:30.237	-0.4
11:15:30.245	2.1
11:15:30.258	2.4
11:15:30.270	3.2
11:15:30.278	3.4
11:15:30.291	3.9
11:15:30.303	4.6
11:15:30.311	6.0
11:15:30.323	8.2
11:15:30.336	7.7
11:15:30.348	9.0
11:15:30.356	8.7
11:15:30.368	7.3
11:15:30.381	7.1
11:15:30.389	7.0
11:15:30.401	9.0
11:15:30.413	7.6
11:15:30.426	8.4
11:15:30.434	6.3
11:15:30.446	6.5
11:15:30.458	6.2
11:15:30.467	6.3
11:15:30.479	6.8
11:15:30.491	7.6
11:15:30.499	8.1
11:15:30.512	6.6
11:15:30.524	6.8
11:15:30.532	7.2
11:15:30.544	9.2
11:15:30.557	10.7
11:15:30.565	12.0
11:15:30.577	12.1
11:15:30.589	14.4
11:15:30.602	14.6
11:15:30.610	15.4
11:15:30.622	15.6
11:15:30.634	15.0
11:15:30.643	14.4
11:15:30.655	13.3
11:15:30.667	11.8
11:15:30.675	11.4
11:15:30.688	9.2
11:15:30.700	8.0
11:15:30.712	8.6
11:15:30.721	8.3
11:15:30.733	8.7
11:15:30.745	11.0
11:15:30.753	9.9
11:15:30.766	11.5
11:15:30.778	11.1
11:15:30.790	11.0
11:15:30.798	12.1
11:15:30.811	13.5
11:15:30.823	13.8
11:15:30.831	16.4
11:15:30.843	18.7
11:15:30.856	17.0
11:15:30.864	19.5
11:15:30.876	21.2
11:15:30.889	23.5
11:15:30.901	24.0
11:15:30.909	23.8
11:15:30.921	23.2
11:15:30.934	21.7
11:15:30.942	20.6
11:15:30.954	21.1
11:15:30.966	21.9
11:15:30.975	19.0
11:15:30.987	15.6
11:15:30.999	16.4
11:15:31.007	17.9
11:15:31.020	17.7
11:15:31.032	16.8
11:15:31.044	18.5
11:15:31.052	18.4
11:15:31.065	18.3
11:15:31.077	18.4
11:15:31.085	20.5
11:15:31.097	23.0
11:15:31.110	22.5
11:15:31.118	23.3
11:15:31.130	25.1
11:15:31.142	27.4
11:15:31.155	28.2
11:15:31.163	28.6
11:15:31.175	27.6
11:15:31.187	27.6
11:15:31.196	26.4
11:15:31.208	24.5
11:15:31.220	23.4
11:15:31.228	20.6
11:15:31.241	19.1
11:15:31.253	18.1
11:15:31.261	16.7
11:15:31.273	16.9
11:15:31.286	16.1
11:15:31.294	16.5
11:15:31.306	16.5
11:15:31.319	17.5
11:15:31.331	19.2
11:15:31.339	21.0
11:15:31.351	22.5
11:15:31.364	24.3
11:15:31.372	24.1
11:15:31.384	23.0
11:15:31.396	21.9
11:15:31.409	20.5
11:15:31.417	22.2
11:15:31.429	23.3
11:15:31.441	22.1
11:15:31.450	21.1
11:15:31.462	20.8
11:15:31.474	20.9
11:15:31.482	20.8
11:15:31.495	22.0
11:15:31.507	24.3
11:15:31.515	24.9
11:15:31.527	23.0
11:15:31.540	22.6
11:15:31.548	23.5
11:15:31.560	24.5
11:15:31.572	24.3
11:15:31.585	23.6
11:15:31.593	23.5
11:15:31.605	22.9
11:15:31.617	21.7
11:15:31.626	21.6
11:15:31.638	22.5
11:15:31.650	24.0
11:15:31.658	22.5
11:15:31.671	22.5
11:15:31.683	23.9
11:15:31.695	22.0
11:15:31.704	22.6
11:15:31.716	22.4
11:15:31.728	24.3
11:15:31.736	23.6
11:15:31.749	24.3
11:15:31.761	22.6
11:15:31.769	24.6
11:15:31.781	24.0
11:15:31.794	22.8
11:15:31.802	24.4
11:15:31.814	24.9
11:15:31.826	24.6
11:15:31.839	21.7
11:15:31.847	22.1
11:15:31.859	19.1
11:15:31.871	17.3
11:15:31.880	17.2
11:15:31.892	17.9
11:15:31.904	15.4
11:15:31.912	14.5
11:15:31.925	13.3
11:15:31.937	12.3
11:15:31.945	13.1
11:15:31.957	14.3
11:15:31.970	15.7
11:15:31.982	17.3
11:15:31.990	15.5
11:15:32.002	15.9
11:15:32.015	17.3
11:15:32.023	16.1
11:15:32.035	16.7
11:15:32.047	16.0
11:15:32.056	16.2
11:15:32.068	14.8
11:15:32.080	14.5
11:15:32.092	12.1
11:15:32.101	12.7
11:15:32.113	9.7
11:15:32.125	11.5
11:15:32.133	10.6
11:15:32.146	11.0
11:15:32.158	11.9
11:15:32.166	10.1
11:15:32.178	8.8
11:15:32.191	9.3
11:15:32.199	9.9
11:15:32.211	7.5
11:15:32.224	8.7
11:15:32.232	6.4
11:15:32.244	6.3
11:15:32.256	3.1
11:15:32.269	2.6
11:15:32.277	2.8
11:15:32.289	1.1
11:15:32.301	-0.6
11:15:32.309	-1.1
11:15:32.322	-0.3
11:15:32.334	-3.2
11:15:32.346	-5.5
11:15:32.355	-6.5
11:15:32.367	-5.4
11:15:32.379	-6.6
11:15:32.387	-8.0
11:15:32.400	-7.4
11:15:32.412	-8.5
11:15:32.420	-8.8
11:15:32.432	-9.2
11:15:32.445	-6.8
11:15:32.453	-7.9
11:15:32.465	-8.3
11:15:32.477	-8.6
11:15:32.486	-9.7
11:15:32.498	-11.2
11:15:32.510	-11.3
11:15:32.522	-10.6
11:15:32.531	-11.5
11:15:32.543	-11.7
11:15:32.555	-14.5
11:15:32.563	-11.3
11:15:32.576	-12.0
11:15:32.588	-12.6
11:15:32.596	-11.6
11:15:32.608	-9.2
11:15:32.621	-9.9
11:15:32.633	-11.7
11:15:32.641	-11.6
11:15:32.653	-12.5
11:15:32.666	-12.6
11:15:32.674	-14.4
11:15:32.686	-12.8
11:15:32.698	-11.7
11:15:32.707	-11.9
11:15:32.719	-12.9
11:15:32.731	-13.3
11:15:32.739	-12.7
11:15:32.752	-11.9
11:15:32.764	-12.3
11:15:32.776	-11.5
11:15:32.785	-10.0
11:15:32.797	-9.9
11:15:32.809	-12.1
11:15:32.821	-13.6
11:15:32.830	-14.2
11:15:32.842	-14.2
11:15:32.854	-13.6
11:15:32.862	-15.3
11:15:32.875	-15.5
11:15:32.887	-16.2
11:15:32.895	-15.9
11:15:32.907	-17.3
11:15:32.920	-17.1
11:15:32.928	-16.3
11:15:32.940	-16.2
11:15:32.952	-14.3
11:15:32.965	-13.3
11:15:32.973	-12.9
11:15:32.985	-11.0
11:15:32.997	-11.9
11:15:33.006	-14.0
11:15:33.018	-12.0
11:15:33.030	-10.3
11:15:33.038	-10.0
11:15:33.051	-9.8
11:15:33.063	-9.9
11:15:33.075	-10.8
11:15:33.083	-8.9
11:15:33.096	-10.2
11:15:33.108	-6.7
11:15:33.116	-4.6
11:15:33.128	-4.4
11:15:33.141	-4.7
11:15:33.149	-2.9
11:15:33.161	-3.0
11:15:33.173	-2.1
11:15:33.182	-1.6
11:15:33.194	-0.9
11:15:33.206	-2.2
11:15:33.214	-2.7
11:15:33.227	-3.5
11:15:33.239	-4.1
11:15:33.251	-1.9
11:15:33.259	-4.0
11:15:33.272	-1.7
11:15:33.284	-2.4
11:15:33.292	-1.9
11:15:33.305	-1.6
11:15:33.317	2.0
11:15:33.329	5.0
11:15:33.337	5.6
11:15:33.350	7.6
11:15:33.362	6.0
11:15:33.370	8.4
11:15:33.382	5.9
11:15:33.395	6.2
11:15:33.403	8.6
11:15:33.415	8.5
11:15:33.427	7.3
11:15:33.436	4.4
11:15:33.448	7.2
11:15:33.460	6.8
11:15:33.468	8.5
11:15:33.481	6.9
11:15:33.493	9.4
11:15:33.505	8.9
11:15:33.513	9.0
11:15:33.526	8.3
11:15:33.538	9.4
11:15:33.546	11.8
11:15:33.558	9.7
11:15:33.571	9.4
11:15:33.579	8.8
11:15:33.591	10.1
11:15:33.603	14.0
11:15:33.616	14.2
11:15:33.624	12.9
11:15:33.636	12.8
11:15:33.648	12.9
11:15:33.657	11.7
11:15:33.669	13.0
11:15:33.681	13.5
11:15:33.689	12.7
11:15:33.702	12.3
11:15:33.714	9.1
11:15:33.722	9.6
11:15:33.734	9.0
11:15:33.747	10.4
11:15:33.759	10.5
11:15:33.768	11.3
11:15:33.781	10.0
11:15:33.793	10.5
11:15:33.801	11.2
11:15:33.813	11.8
11:15:33.826	11.0
11:15:33.834	12.5
11:15:33.846	13.7
11:15:33.858	11.2
11:15:33.866	10.8
11:15:33.879	9.2
11:15:33.891	9.0
11:15:33.903	9.6
11:15:33.912	10.9
11:15:33.924	13.3
11:15:33.936	13.8
11:15:33.944	14.0
11:15:33.957	15.3
11:15:33.969	16.7
11:15:33.977	17.7
11:15:33.990	19.9
11:15:34.002	20.3
11:15:34.014	19.9
11:15:34.022	19.0
11:15:34.034	17.9
11:15:34.047	18.4
11:15:34.055	17.7
11:15:34.067	15.2
11:15:34.079	14.5
11:15:34.088	14.6
11:15:34.100	14.0
11:15:34.112	15.1
11:15:34.120	15.3
11:15:34.133	15.2
11:15:34.145	14.6
11:15:34.153	14.7
11:15:34.165	14.4
11:15:34.178	15.3
11:15:34.190	18.2
11:15:34.198	18.0
11:15:34.211	16.7
11:15:34.223	16.1
11:15:34.231	14.9
11:15:34.243	14.9
11:15:34.256	16.2
11:15:34.268	13.8
11:15:34.276	15.6
11:15:34.288	15.4
11:15:34.301	16.0
11:15:34.309	16.0
11:15:34.321	16.2
11:15:34.333	15.1
11:15:34.342	17.7
11:15:34.354	16.5
11:15:34.366	15.3
11:15:34.374	18.6
11:15:34.387	17.4
11:15:34.399	17.2
11:15:34.407	16.1
11:15:34.419	16.6
11:15:34.432	17.8
11:15:34.444	19.0
11:15:34.452	17.5
11:15:34.464	19.0
11:15:34.477	16.7
11:15:34.485	16.7
11:15:34.497	16.2
11:15:34.509	16.1
11:15:34.518	14.8
11:15:34.530	12.2
11:15:34.542	12.3
11:15:34.554	13.4
11:15:34.563	12.8
11:15:34.575	12.5
11:15:34.587	18.1
11:15:34.595	16.3
11:15:34.608	16.6
11:15:34.620	18.2
11:15:34.628	19.4
11:15:34.640	21.8
11:15:34.653	21.3
11:15:34.661	21.9
11:15:34.673	22.5
11:15:34.685	24.5
11:15:34.698	19.3
11:15:34.706	22.5
11:15:34.718	22.5
11:15:34.731	22.7
11:15:34.739	23.2
11:15:34.751	25.1
11:15:34.763	24.8
11:15:34.776	23.1
11:15:34.784	22.3
11:15:34.796	21.5
11:15:34.808	24.8
11:15:34.817	21.9
11:15:34.829	22.8
11:15:34.841	20.9
11:15:34.849	23.3
11:15:34.862	18.7
11:15:34.874	17.2
11:15:34.886	18.3
11:15:34.894	18.8
11:15:34.907	16.6
11:15:34.919	15.6
11:15:34.927	15.2
11:15:34.939	14.4
11:15:34.952	15.9
11:15:34.960	11.7
11:15:34.972	14.1
11:15:34.984	15.4
11:15:34.997	14.0
11:15:35.005	16.3
11:15:35.017	17.0
11:15:35.029	15.3
11:15:35.038	15.2
11:15:35.050	14.9
11:15:35.062	12.8
11:15:35.070	13.9
11:15:35.083	14.0
11:15:35.095	12.5
11:15:35.103	13.1
11:15:35.115	9.9
11:15:35.128	11.7
11:15:35.136	13.3
11:15:35.148	14.4
11:15:35.160	15.5
11:15:35.173	15.7
11:15:35.181	17.3
11:15:35.193	17.1
11:15:35.206	17.7
11:15:35.214	17.0
11:15:35.226	19.3
11:15:35.238	18.7
11:15:35.251	18.6
11:15:35.259	18.0
11:15:35.271	15.6
11:15:35.283	17.4
11:15:35.291	14.7
11:15:35.304	13.5
11:15:35.316	13.7
11:15:35.324	13.2
11:15:35.337	11.7
11:15:35.349	10.5
11:15:35.357	9.3
11:15:35.369	9.9
11:15:35.382	11.0
11:15:35.390	8.3
11:15:35.402	10.4
11:15:35.414	11.2
11:15:35.427	11.0
11:15:35.435	9.9
11:15:35.447	8.1
11:15:35.460	8.4
11:15:35.468	6.5
11:15:35.480	4.3
11:15:35.492	4.1
11:15:35.500	5.1
11:15:35.513	2.3
11:15:35.525	-0.1
11:15:35.537	-0.2
11:15:35.545	1.2
11:15:35.558	2.4
11:15:35.570	1.1
11:15:35.578	1.8
11:15:35.591	1.9
11:15:35.603	1.9
11:15:35.611	1.7
11:15:35.623	2.7
11:15:35.635	3.6
11:15:35.644	4.6
11:15:35.656	2.8
11:15:35.668	3.2
11:15:35.681	3.3
11:15:35.689	2.9
11:15:35.701	3.9
11:15:35.713	2.5
11:15:35.721	1.1
11:15:35.734	0.8
11:15:35.746	0.8
11:15:35.754	-1.0
11:15:35.766	0.1
11:15:35.779	-1.6
11:15:35.787	-2.0
11:15:35.799	-3.0
11:15:35.812	-4.9
11:15:35.824	-5.0
11:15:35.832	-5.6
11:15:35.844	-8.1
11:15:35.857	-10.1
11:15:35.865	-11.7
11:15:35.877	-11.7
11:15:35.889	-13.1
11:15:35.898	-13.8
11:15:35.910	-12.7
11:15:35.922	-12.9
11:15:35.934	-14.3
11:15:35.943	-16.0
11:15:35.955	-15.8
11:15:35.967	-16.4
11:15:35.975	-15.7
11:15:35.988	-17.4
11:15:36.000	-16.6
11:15:36.008	-16.1
11:15:36.020	-16.8
11:15:36.033	-17.3
11:15:36.041	-14.7
11:15:36.053	-14.1
11:15:36.065	-13.8
11:15:36.074	-12.8
11:15:36.086	-13.5
11:15:36.098	-14.9
11:15:36.111	-14.4
11:15:36.119	-15.4
11:15:36.131	-15.2
11:15:36.143	-14.7
11:15:36.152	-18.1
11:15:36.164	-18.0
11:15:36.176	-18.8
11:15:36.188	-19.5
11:15:36.197	-18.4
11:15:36.209	-18.4
11:15:36.221	-19.6
11:15:36.229	-20.2
11:15:36.242	-19.4
11:15:36.254	-20.4
11:15:36.262	-18.2
11:15:36.274	-17.9
11:15:36.287	-17.1
11:15:36.295	-15.1
11:15:36.307	-17.8
11:15:36.319	-18.4
11:15:36.328	-19.7
11:15:36.340	-20.5
11:15:36.352	-20.3
11:15:36.364	-19.9
11:15:36.373	-21.0
11:15:36.385	-18.3
11:15:36.397	-19.5
11:15:36.405	-20.7
11:15:36.418	-19.1
11:15:36.430	-15.4
11:15:36.438	-13.7
11:15:36.450	-11.3
11:15:36.463	-10.5
11:15:36.475	-8.2
11:15:36.483	-6.7
11:15:36.495	-6.8
11:15:36.508	-5.0
11:15:36.516	-3.0
11:15:36.528	-0.8
11:15:36.541	-1.6
11:15:36.549	0.1
11:15:36.561	0.6
11:15:36.573	0.0
11:15:36.582	-0.8
11:15:36.594	-0.8
11:15:36.606	-0.6
11:15:36.618	-0.6
11:15:36.627	-2.4
11:15:36.639	-2.7
11:15:36.651	-2.5
11:15:36.659	-2.4
11:15:36.672	0.2
11:15:36.684	0.7
11:15:36.692	1.0
11:15:36.704	3.8
11:15:36.717	3.4
11:15:36.725	4.3
11:15:36.737	6.7
11:15:36.749	7.6
11:15:36.758	8.2
11:15:36.770	9.0
11:15:36.782	9.7
11:15:36.795	10.6
11:15:36.807	11.2
11:15:36.815	8.3
11:15:36.827	9.7
11:15:36.835	9.2
11:15:36.848	6.4
11:15:36.860	6.6
11:15:36.872	6.2
11:15:36.880	5.2
11:15:36.893	3.9
11:15:36.905	5.1
11:15:36.913	5.4
11:15:36.926	7.2
11:15:36.938	6.2
11:15:36.946	7.2
11:15:36.958	9.8
11:15:36.971	10.5
11:15:36.983	11.3
11:15:36.991	15.2
11:15:37.003	13.9
11:15:37.016	12.3
11:15:37.024	12.9
11:15:37.036	12.8
11:15:37.048	12.1
11:15:37.057	12.2
11:15:37.069	12.6
11:15:37.081	11.9
11:15:37.093	12.7
11:15:37.102	11.0
11:15:37.114	11.4
11:15:37.126	12.8
11:15:37.134	12.7
11:15:37.147	12.9
11:15:37.159	16.3
11:15:37.171	15.6
11:15:37.179	14.3
11:15:37.192	15.1
11:15:37.204	14.3
11:15:37.212	14.7
11:15:37.225	14.5
11:15:37.237	12.7
11:15:37.245	12.5
11:15:37.257	11.9
11:15:37.269	8.5
11:15:37.278	8.6
11:15:37.290	12.2
11:15:37.302	12.0
11:15:37.311	11.6
11:15:37.323	9.2
11:15:37.335	11.2
11:15:37.347	11.7
11:15:37.356	11.6
11:15:37.368	10.1
11:15:37.380	10.5
11:15:37.388	13.4
11:15:37.401	11.6
11:15:37.413	12.0
11:15:37.421	13.1
11:15:37.433	13.3
11:15:37.446	12.1
11:15:37.458	12.2
11:15:37.466	13.9
11:15:37.478	15.6
11:15:37.491	18.2
11:15:37.499	15.7
11:15:37.511	14.3
11:15:37.523	14.6
11:15:37.532	15.6
11:15:37.544	17.1
11:15:37.556	15.7
11:15:37.564	17.9
11:15:37.577	17.9
11:15:37.589	16.5
11:15:37.601	15.5
11:15:37.609	14.8
11:15:37.622	14.5
11:15:37.634	14.1
11:15:37.642	13.1
11:15:37.655	12.5
11:15:37.667	13.4
11:15:37.675	12.0
11:15:37.687	11.1
11:15:37.699	11.9
11:15:37.708	10.1
11:15:37.720	11.5
11:15:37.732	11.9
11:15:37.744	9.8
11:15:37.753	9.0
11:15:37.765	7.7
11:15:37.777	7.3
11:15:37.785	6.2
11:15:37.798	4.6
11:15:37.810	4.0
11:15:37.818	3.9
11:15:37.831	1.8
11:15:37.843	1.7
11:15:37.855	4.0
11:15:37.863	3.8
11:15:37.876	4.9
11:15:37.888	5.7
11:15:37.896	5.0
11:15:37.908	4.7
11:15:37.921	4.4
11:15:37.929	3.5
11:15:37.941	3.8
11:15:37.953	3.2
11:15:37.962	1.5
11:15:37.974	0.6
11:15:37.986	-2.8
11:15:37.994	-6.3
11:15:38.007	-7.6
11:15:38.019	-7.0
11:15:38.031	-4.5
11:15:38.039	-4.4
11:15:38.052	-5.3
11:15:38.064	-4.9
11:15:38.072	-5.9
11:15:38.084	-6.2
11:15:38.097	-4.5
11:15:38.109	-3.6
11:15:38.117	-4.3
11:15:38.130	-6.3
11:15:38.143	-9.5
11:15:38.150	-7.7
11:15:38.162	-7.7
11:15:38.175	-8.7
11:15:38.184	-8.7
11:15:38.196	-9.8
11:15:38.208	-11.0
11:15:38.216	-10.0
11:15:38.229	-8.5
11:15:38.241	-8.4
11:15:38.249	-7.6
11:15:38.261	-9.8
11:15:38.274	-9.3
11:15:38.286	-8.5
11:15:38.294	-8.5
11:15:38.307	-7.9
11:15:38.319	-7.5
11:15:38.327	-8.0
11:15:38.339	-9.5
11:15:38.352	-9.5
11:15:38.360	-10.8
11:15:38.372	-11.6
11:15:38.384	-12.2
11:15:38.396	-14.3
11:15:38.404	-14.3
11:15:38.416	-15.6
11:15:38.429	-16.0
11:15:38.437	-17.0
11:15:38.449	-16.1
11:15:38.462	-15.2
11:15:38.470	-14.5
11:15:38.482	-15.2
11:15:38.494	-15.7
11:15:38.502	-15.7
11:15:38.515	-16.0
11:15:38.527	-11.4
11:15:38.539	-13.0
11:15:38.548	-13.0
11:15:38.560	-13.9
11:15:38.572	-14.3
11:15:38.580	-14.8
11:15:38.593	-12.5
11:15:38.605	-12.9
11:15:38.613	-13.0
11:15:38.625	-12.4
11:15:38.638	-16.8
11:15:38.646	-14.2
11:15:38.658	-14.4
11:15:38.670	-13.0
11:15:38.679	-13.5
11:15:38.691	-12.9
11:15:38.703	-14.5
11:15:38.715	-14.3
11:15:38.724	-14.5
11:15:38.736	-16.7
11:15:38.748	-16.7
11:15:38.760	-18.8
11:15:38.769	-15.7
11:15:38.781	-16.0
11:15:38.793	-17.4
11:15:38.801	-19.2
11:15:38.814	-18.4
11:15:38.826	-18.6
11:15:38.838	-18.3
11:15:38.846	-17.0
11:15:38.859	-16.4
11:15:38.871	-17.2
11:15:38.879	-20.9
11:15:38.891	-20.9
11:15:38.904	-20.7
11:15:38.912	-20.4
11:15:38.924	-20.9
11:15:38.936	-20.7
11:15:38.945	-20.2
11:15:38.957	-22.1
11:15:38.969	-22.7
11:15:38.978	-20.8
11:15:38.990	-20.9
11:15:39.002	-20.7
11:15:39.014	-20.2
11:15:39.022	-18.4
11:15:39.035	-17.5
11:15:39.047	-17.7
11:15:39.055	-15.5
11:15:39.068	-11.0
11:15:39.080	-9.9
11:15:39.092	-8.9
11:15:39.100	-7.9
11:15:39.113	-7.5
11:15:39.125	-5.7
11:15:39.133	-7.2
11:15:39.145	-8.7
11:15:39.158	-5.8
11:15:39.166	-7.9
11:15:39.178	-10.1
11:15:39.190	-10.5
11:15:39.199	-11.4
11:15:39.211	-11.5
11:15:39.223	-11.9
11:15:39.231	-12.4
11:15:39.244	-10.8
11:15:39.256	-10.4
11:15:39.268	-11.9
11:15:39.276	-10.3
11:15:39.289	-10.1
11:15:39.301	-9.4
11:15:39.309	-7.3
11:15:39.321	-7.3
11:15:39.334	-5.9
11:15:39.342	-3.4
11:15:39.354	-2.6
11:15:39.366	3.7
11:15:39.379	3.5
11:15:39.387	3.2
11:15:39.399	4.6
11:15:39.411	4.2
11:15:39.420	4.3
11:15:39.432	7.3
11:15:39.444	8.0
11:15:39.452	8.2
11:15:39.465	8.6
11:15:39.477	5.2
11:15:39.485	9.5
11:15:39.498	10.2
11:15:39.510	10.0
11:15:39.523	11.6
11:15:39.531	11.2
11:15:39.543	9.2
11:15:39.555	7.3
11:15:39.564	6.6
11:15:39.576	4.7
11:15:39.588	3.9
11:15:39.596	1.3
11:15:39.609	-0.1
11:15:39.621	1.4
11:15:39.629	0.8
11:15:39.641	0.4
11:15:39.654	0.8
11:15:39.666	2.0
11:15:39.674	2.6
11:15:39.686	4.4
11:15:39.699	7.2
11:15:39.707	6.9
11:15:39.719	8.3
11:15:39.731	7.7
11:15:39.740	8.5
11:15:39.752	10.5
11:15:39.764	11.0
11:15:39.777	9.7
11:15:39.785	11.3
11:15:39.797	9.4
11:15:39.809	7.1
11:15:39.817	7.0
11:15:39.830	8.8
11:15:39.842	8.6
11:15:39.850	7.6
11:15:39.863	4.6
11:15:39.875	3.4
11:15:39.883	6.0
11:15:39.896	3.7
11:15:39.908	4.7
11:15:39.916	3.9
11:15:39.928	2.4
11:15:39.941	-0.4
11:15:39.953	-1.4
11:15:39.961	-0.7
11:15:39.973	-0.7
11:15:39.986	1.0
11:15:39.994	-1.0
11:15:40.006	-1.0
11:15:40.018	-0.9
11:15:40.031	0.1
11:15:40.039	0.5
11:15:40.051	2.0
11:15:40.063	2.9
11:15:40.072	4.7
11:15:40.084	3.8
11:15:40.096	4.6
11:15:40.104	5.9
11:15:40.117	4.8
11:15:40.129	4.3
11:15:40.137	4.6
11:15:40.149	5.4
11:15:40.162	4.5
11:15:40.170	3.2
11:15:40.182	1.3
11:15:40.194	4.8
11:15:40.207	4.1
11:15:40.215	4.2
11:15:40.227	5.1
11:15:40.240	6.0
11:15:40.248	5.1
11:15:40.260	5.4
11:15:40.272	6.2
11:15:40.280	6.5
11:15:40.293	8.0
11:15:40.305	7.3
11:15:40.317	7.6
11:15:40.325	7.1
11:15:40.338	7.5
11:15:40.350	9.1
11:15:40.358	9.5
11:15:40.370	8.6
11:15:40.383	8.6
11:15:40.391	9.0
11:15:40.403	10.4
11:15:40.416	10.4
11:15:40.424	10.7
11:15:40.436	9.8
11:15:40.448	9.6
11:15:40.461	7.6
11:15:40.469	11.1
11:15:40.481	13.3
11:15:40.493	12.6
11:15:40.502	12.4
11:15:40.514	10.6
11:15:40.526	12.9
11:15:40.534	12.9
11:15:40.547	15.0
11:15:40.559	16.6
11:15:40.567	17.8
11:15:40.579	14.5
11:15:40.592	14.6
11:15:40.600	16.1
11:15:40.612	17.9
11:15:40.624	17.2
11:15:40.637	14.5
11:15:40.645	15.7
11:15:40.657	14.2
11:15:40.669	15.0
11:15:40.678	15.8
11:15:40.690	17.3
11:15:40.702	16.5
11:15:40.715	17.1
11:15:40.723	17.4
11:15:40.735	17.0
11:15:40.747	18.5
11:15:40.760	17.3
11:15:40.768	17.9
11:15:40.780	16.3
11:15:40.792	17.2
11:15:40.801	16.5
11:15:40.813	18.3
11:15:40.825	18.6
11:15:40.833	18.1
11:15:40.846	19.8
11:15:40.858	21.4
11:15:40.866	26.1
11:15:40.878	27.7
11:15:40.891	29.6
11:15:40.899	33.0
11:15:40.911	36.1
11:15:40.924	38.2
11:15:40.936	38.1
11:15:40.944	41.1
11:15:40.956	45.7
11:15:40.969	47.5
11:15:40.977	47.2
11:15:40.988	49.2
11:15:41.001	51.1
11:15:41.013	49.9
11:15:41.021	51.4
11:15:41.034	51.1
11:15:41.046	54.6
11:15:41.054	56.0
11:15:41.066	55.4
11:15:41.079	55.4
11:15:41.088	56.8
11:15:41.100	57.7
11:15:41.112	59.5
11:15:41.120	62.6
11:15:41.133	65.6
11:15:41.145	69.3
11:15:41.153	76.2
11:15:41.165	81.9
11:15:41.178	87.4
11:15:41.190	93.5
11:15:41.198	99.3
11:15:41.211	106.2
11:15:41.223	110.9
11:15:41.231	114.7
11:15:41.243	117.1
11:15:41.256	118.9
11:15:41.264	121.0
11:15:41.276	120.7
11:15:41.288	122.0
11:15:41.301	122.9
11:15:41.309	122.6
11:15:41.321	121.2
11:15:41.333	122.1
11:15:41.342	121.4
11:15:41.354	120.5
11:15:41.366	120.5
11:15:41.374	113.9
11:15:41.387	112.7
11:15:41.399	109.2
11:15:41.407	107.4
11:15:41.419	102.7
11:15:41.432	102.2
11:15:41.444	98.6
11:15:41.452	95.2
11:15:41.464	94.7
11:15:41.477	94.1
11:15:41.485	94.5
11:15:41.497	92.4
11:15:41.509	91.6
11:15:41.518	88.9
11:15:41.530	88.7
11:15:41.542	88.3
11:15:41.550	85.6
11:15:41.563	86.6
11:15:41.575	82.8
11:15:41.587	80.6
11:15:41.595	78.1
11:15:41.608	77.3
11:15:41.620	76.2
11:15:41.628	76.4
11:15:41.640	75.6
11:15:41.653	72.0
11:15:41.661	72.6
11:15:41.673	69.3
11:15:41.686	68.8
11:15:41.698	67.5
11:15:41.706	67.5
11:15:41.718	66.2
11:15:41.731	65.6
11:15:41.739	62.6
11:15:41.751	60.5
11:15:41.763	59.3
11:15:41.772	58.5
11:15:41.784	58.3
11:15:41.796	58.2
11:15:41.804	57.2
11:15:41.817	54.3
11:15:41.829	54.3
11:15:41.837	51.8
11:15:41.849	52.4
11:15:41.862	51.4
11:15:41.874	50.3
11:15:41.882	48.9
11:15:41.894	48.4
11:15:41.907	45.3
11:15:41.915	43.9
11:15:41.927	45.7
11:15:41.939	43.9
11:15:41.952	42.6
11:15:41.960	38.8
11:15:41.972	37.3
11:15:41.984	34.4
11:15:41.993	32.5
11:15:42.005	30.2
11:15:42.017	31.5
11:15:42.025	35.4
11:15:42.037	32.2
11:15:42.049	30.8
11:15:42.057	29.4
11:15:42.070	30.3
11:15:42.082	31.1
11:15:42.090	32.4
11:15:42.103	31.6
11:15:42.115	30.8
11:15:42.128	29.5
11:15:42.136	24.6
11:15:42.148	26.5
11:15:42.160	26.0
11:15:42.169	26.1
11:15:42.181	25.6
11:15:42.193	24.8
11:15:42.201	25.0
11:15:42.214	24.8
11:15:42.226	23.2
11:15:42.238	21.0
11:15:42.246	18.5
11:15:42.259	12.9
11:15:42.271	12.0
11:15:42.279	9.8
11:15:42.291	7.6
11:15:42.304	2.2
11:15:42.312	-1.3
11:15:42.324	-4.6
11:15:42.336	-5.3
11:15:42.345	-8.0
11:15:42.357	-10.1
11:15:42.369	-9.7
11:15:42.382	-12.1
11:15:42.390	-13.4
11:15:42.402	-15.1
11:15:42.414	-14.1
11:15:42.422	-15.1
11:15:42.435	-15.6
11:15:42.447	-17.9
11:15:42.455	-17.9
11:15:42.468	-18.7
11:15:42.480	-19.5
11:15:42.488	-20.1
11:15:42.500	-20.4
11:15:42.513	-21.8
11:15:42.521	-22.5
11:15:42.533	-23.9
11:15:42.545	-24.3
11:15:42.558	-26.1
11:15:42.566	-25.9
11:15:42.578	-27.2
11:15:42.591	-25.0
11:15:42.599	-29.1
11:15:42.611	-29.6
11:15:42.623	-31.0
11:15:42.635	-33.7
11:15:42.644	-34.0
11:15:42.656	-35.7
11:15:42.668	-35.4
11:15:42.676	-37.6
11:15:42.689	-38.5
11:15:42.701	-41.7
11:15:42.713	-40.4
11:15:42.721	-42.4
11:15:42.734	-42.9
11:15:42.746	-40.8
11:15:42.754	-43.2
11:15:42.766	-42.0
11:15:42.779	-42.1
11:15:42.787	-41.0
11:15:42.799	-40.5
11:15:42.812	-41.4
11:15:42.820	-43.5
11:15:42.832	-44.5
11:15:42.844	-44.5
11:15:42.856	-46.6
11:15:42.865	-45.8
11:15:42.877	-47.2
11:15:42.889	-47.6
11:15:42.897	-49.6
11:15:42.910	-47.6
11:15:42.922	-47.7
11:15:42.934	-45.2
11:15:42.943	-45.0
11:15:42.955	-46.0
11:15:42.967	-45.4
11:15:42.975	-45.0
11:15:42.988	-44.3
11:15:43.000	-43.1
11:15:43.008	-42.6
11:15:43.020	-44.2
11:15:43.033	-46.0
11:15:43.041	-46.7
11:15:43.053	-45.2
11:15:43.065	-43.4
11:15:43.074	-43.2
11:15:43.086	-45.1
11:15:43.098	-47.3
11:15:43.110	-47.1
11:15:43.119	-46.4
11:15:43.131	-47.8
11:15:43.143	-47.2
11:15:43.151	-46.1
11:15:43.164	-46.9
11:15:43.176	-48.0
11:15:43.184	-47.6
11:15:43.196	-45.1
11:15:43.209	-45.9
11:15:43.221	-45.2
11:15:43.229	-45.0
11:15:43.241	-43.8
11:15:43.254	-42.8
11:15:43.262	-44.2
11:15:43.274	-44.2
11:15:43.286	-43.1
11:15:43.295	-42.4
11:15:43.307	-42.0
11:15:43.319	-38.2
11:15:43.327	-39.4
11:15:43.340	-40.0
11:15:43.352	-38.1
11:15:43.364	-37.7
11:15:43.372	-36.8
11:15:43.385	-34.8
11:15:43.397	-32.3
11:15:43.405	-32.0
11:15:43.418	-31.4
11:15:43.430	-30.3
11:15:43.438	-27.9
11:15:43.450	-25.2
11:15:43.463	-26.0
11:15:43.471	-23.3
11:15:43.483	-21.9
11:15:43.495	-21.5
11:15:43.508	-22.1
11:15:43.516	-20.9
11:15:43.528	-20.4
11:15:43.540	-21.8
11:15:43.549	-20.8
11:15:43.561	-21.1
11:15:43.573	-20.7
11:15:43.581	-20.3
11:15:43.594	-20.1
11:15:43.606	-19.3
11:15:43.618	-19.1
11:15:43.626	-17.8
11:15:43.639	-16.5
11:15:43.651	-13.6
11:15:43.659	-15.4
11:15:43.671	-15.1
11:15:43.684	-13.9
11:15:43.692	-15.5
11:15:43.704	-13.5
11:15:43.716	-13.7
11:15:43.725	-12.6
11:15:43.737	-12.9
11:15:43.749	-13.2
11:15:43.757	-13.4
11:15:43.770	-11.4
11:15:43.782	-10.5
11:15:43.794	-10.4
11:15:43.802	-9.2
11:15:43.815	-9.1
11:15:43.827	-9.4
11:15:43.835	-8.9
11:15:43.847	-9.5
11:15:43.860	-9.4
11:15:43.872	-9.8
11:15:43.880	-9.6
11:15:43.893	-10.5
11:15:43.905	-8.9
11:15:43.913	-6.9
11:15:43.925	-4.8
11:15:43.938	-4.7
11:15:43.946	-4.5
11:15:43.958	-3.9
11:15:43.970	-3.8
11:15:43.978	-4.0
11:15:43.991	-4.8
11:15:44.003	-3.8
11:15:44.011	-4.0
11:15:44.024	-3.4
11:15:44.036	-6.6
11:15:44.048	-2.4
11:15:44.056	-3.0
11:15:44.069	-0.5
11:15:44.081	0.9
11:15:44.089	4.7
11:15:44.101	7.0
11:15:44.114	8.8
11:15:44.122	9.6
11:15:44.134	9.4
11:15:44.146	13.7
11:15:44.159	11.9
11:15:44.167	12.3
11:15:44.179	11.7
11:15:44.191	12.1
11:15:44.200	9.9
11:15:44.212	9.1
11:15:44.224	8.3
11:15:44.232	7.6
11:15:44.245	7.5
11:15:44.257	5.7
11:15:44.265	4.9
11:15:44.277	5.7
11:15:44.290	6.9
11:15:44.303	6.3
11:15:44.311	6.9
11:15:44.324	6.3
11:15:44.336	5.6
11:15:44.344	4.3
11:15:44.356	3.6
11:15:44.368	3.6
11:15:44.377	5.1
11:15:44.389	5.9
11:15:44.401	7.2
11:15:44.409	7.1
11:15:44.422	5.1
11:15:44.434	5.7
11:15:44.442	6.6
11:15:44.454	7.4
11:15:44.467	8.7
11:15:44.479	8.7
11:15:44.487	6.7
11:15:44.500	3.4
11:15:44.512	1.2
11:15:44.520	1.9
11:15:44.532	2.3
11:15:44.545	2.2
11:15:44.557	1.6
11:15:44.565	1.9
11:15:44.577	0.8
11:15:44.590	-0.8
11:15:44.598	1.0
11:15:44.610	2.4
11:15:44.622	1.6
11:15:44.631	3.3
11:15:44.643	3.8
11:15:44.655	5.1
11:15:44.663	6.2
11:15:44.676	6.6
11:15:44.688	6.8
11:15:44.696	9.3
11:15:44.708	11.1
11:15:44.721	14.6
11:15:44.733	15.3
11:15:44.741	16.3
11:15:44.753	15.4
11:15:44.766	14.4
11:15:44.778	13.8
11:15:44.786	14.6
11:15:44.798	14.9
11:15:44.811	13.1
11:15:44.819	10.1
11:15:44.831	8.0
11:15:44.844	8.2
11:15:44.852	6.5
11:15:44.864	8.4
11:15:44.876	7.3
11:15:44.884	7.4
11:15:44.897	7.3
11:15:44.909	6.7
11:15:44.917	7.9
11:15:44.929	9.0
11:15:44.942	9.0
11:15:44.950	8.2
11:15:44.962	8.0
11:15:44.975	7.8
11:15:44.987	8.3
11:15:44.995	8.8
11:15:45.007	11.3
11:15:45.020	11.7
11:15:45.032	10.3
11:15:45.040	11.1
11:15:45.053	12.1
11:15:45.065	12.5
11:15:45.073	11.9
11:15:45.085	11.3
11:15:45.098	11.2
11:15:45.106	9.7
11:15:45.118	5.9
11:15:45.130	5.9
11:15:45.143	6.8
11:15:45.151	5.7
11:15:45.163	6.0
11:15:45.175	4.3
11:15:45.184	4.7
11:15:45.196	4.4
11:15:45.208	6.0
11:15:45.216	5.7
11:15:45.229	6.0
11:15:45.241	5.7
11:15:45.249	5.6
11:15:45.261	5.0
11:15:45.274	4.9
11:15:45.285	5.3
11:15:45.293	3.5
11:15:45.306	4.3
11:15:45.318	3.5
11:15:45.326	6.2
11:15:45.339	8.8
11:15:45.351	9.5
11:15:45.359	8.5
11:15:45.371	9.7
11:15:45.384	9.1
11:15:45.392	10.8
11:15:45.404	11.4
11:15:45.416	10.2
11:15:45.429	9.9
11:15:45.437	7.8
11:15:45.449	6.9
11:15:45.461	5.0
11:15:45.470	5.3
11:15:45.482	3.7
11:15:45.494	2.3
11:15:45.502	2.6
11:15:45.515	3.3
11:15:45.527	4.8
11:15:45.539	5.9
11:15:45.547	7.0
11:15:45.560	7.0
11:15:45.572	8.1
11:15:45.580	9.2
11:15:45.593	8.9
11:15:45.605	10.8
11:15:45.613	9.1
11:15:45.625	8.2
11:15:45.637	7.5
11:15:45.646	7.0
11:15:45.658	6.5
11:15:45.670	5.7
11:15:45.678	5.7
11:15:45.691	6.1
11:15:45.703	7.1
11:15:45.715	6.2
11:15:45.723	7.1
11:15:45.736	6.9
11:15:45.748	7.1
11:15:45.756	7.3
11:15:45.768	6.6
11:15:45.781	6.9
11:15:45.793	6.4
11:15:45.801	7.5
11:15:45.814	4.8
11:15:45.826	4.0
11:15:45.834	2.5
11:15:45.846	3.0
11:15:45.859	1.5
11:15:45.867	-1.4
11:15:45.879	-0.7
11:15:45.892	-1.2
11:15:45.899	-3.1
11:15:45.912	-6.4
11:15:45.924	-5.3
11:15:45.932	-5.0
11:15:45.945	-4.3
11:15:45.957	-4.3
11:15:45.969	-4.4
11:15:45.977	-3.8
11:15:45.990	-5.3
11:15:46.002	-5.1
11:15:46.010	-3.6
11:15:46.022	-4.8
11:15:46.035	-5.4
11:15:46.043	-8.7
11:15:46.055	-10.4
11:15:46.067	-11.5
11:15:46.080	-12.3
11:15:46.088	-12.6
11:15:46.100	-13.1
11:15:46.112	-15.9
11:15:46.121	-16.5
11:15:46.133	-15.9
11:15:46.145	-15.7
11:15:46.154	-14.9
11:15:46.166	-13.5
11:15:46.178	-15.0
11:15:46.186	-15.8
11:15:46.199	-17.0
11:15:46.211	-17.3
11:15:46.223	-17.1
11:15:46.231	-15.4
11:15:46.244	-16.2
11:15:46.256	-15.1
11:15:46.264	-14.1
11:15:46.276	-15.0
11:15:46.289	-15.0
11:15:46.297	-14.0
11:15:46.309	-13.7
11:15:46.321	-14.2
11:15:46.330	-15.6
11:15:46.342	-18.1
11:15:46.354	-18.0
11:15:46.362	-20.2
11:15:46.375	-21.5
11:15:46.387	-21.0
11:15:46.399	-19.3
11:15:46.407	-20.4
11:15:46.420	-20.6
11:15:46.432	-19.3
11:15:46.440	-17.7
11:15:46.453	-18.8
11:15:46.465	-19.4
11:15:46.477	-17.0
11:15:46.485	-17.0
11:15:46.498	-17.8
11:15:46.510	-19.3
11:15:46.518	-19.3
11:15:46.530	-18.6
11:15:46.543	-18.8
11:15:46.551	-18.5
11:15:46.563	-16.2
11:15:46.575	-15.0
11:15:46.584	-16.3
11:15:46.596	-15.3
11:15:46.608	-15.7
11:15:46.616	-15.3
11:15:46.629	-15.1
11:15:46.641	-14.8
11:15:46.653	-14.7
11:15:46.661	-15.7
11:15:46.674	-16.5
11:15:46.686	-15.1
11:15:46.698	-13.0
11:15:46.706	-12.1
11:15:46.719	-10.8
11:15:46.731	-10.3
11:15:46.739	-7.8
11:15:46.752	-5.6
11:15:46.764	-5.6
11:15:46.772	-3.7
11:15:46.784	-2.7
11:15:46.796	-3.4
11:15:46.805	-4.6
11:15:46.817	-3.2
11:15:46.829	-1.0
11:15:46.837	1.2
11:15:46.850	1.3
11:15:46.862	1.0
11:15:46.870	2.2
11:15:46.882	3.4
11:15:46.895	4.1
11:15:46.907	4.4
11:15:46.915	4.5
11:15:46.928	4.7
11:15:46.940	2.8
11:15:46.952	3.9
11:15:46.960	4.6
11:15:46.973	4.7
11:15:46.985	6.3
11:15:46.993	7.8
11:15:47.005	8.5
11:15:47.018	9.9
11:15:47.027	10.5
11:15:47.039	10.8
11:15:47.051	12.4
11:15:47.063	12.0
11:15:47.072	12.4
11:15:47.084	13.6
11:15:47.096	13.9
11:15:47.104	13.6
11:15:47.117	14.0
11:15:47.129	13.7
11:15:47.137	15.2
11:15:47.149	15.4
11:15:47.162	16.3
11:15:47.170	17.0
11:15:47.182	17.0
11:15:47.195	14.3
11:15:47.207	13.3
11:15:47.215	12.9
11:15:47.227	12.9
11:15:47.239	11.4
11:15:47.248	10.9
11:15:47.260	11.3
11:15:47.272	10.3
11:15:47.281	9.9
11:15:47.293	9.9
11:15:47.305	11.9
11:15:47.313	11.1
11:15:47.326	10.7
11:15:47.338	11.5
11:15:47.350	13.8
11:15:47.358	14.1
11:15:47.371	14.2
11:15:47.383	14.4
11:15:47.391	13.2
11:15:47.403	12.9
11:15:47.416	13.4
11:15:47.424	15.7
11:15:47.436	16.2
11:15:47.448	17.6
11:15:47.461	18.1
11:15:47.469	19.8
11:15:47.481	19.8
11:15:47.493	19.8
11:15:47.502	20.7
11:15:47.514	20.3
11:15:47.526	20.0
11:15:47.534	19.6
11:15:47.547	18.7
11:15:47.559	17.1
11:15:47.567	17.5
11:15:47.579	16.4
11:15:47.592	17.0
11:15:47.600	16.9
11:15:47.612	14.5
11:15:47.624	14.9
11:15:47.637	14.4
11:15:47.645	14.0
11:15:47.657	15.2
11:15:47.669	15.7
11:15:47.678	15.0
11:15:47.690	15.0
11:15:47.702	13.3
11:15:47.714	13.1
11:15:47.723	15.2
11:15:47.735	15.3
11:15:47.747	16.2
11:15:47.755	16.1
11:15:47.768	14.2
11:15:47.780	13.5
11:15:47.788	12.6
11:15:47.800	12.0
11:15:47.813	12.0
11:15:47.821	12.8
11:15:47.833	12.1
11:15:47.846	11.6
11:15:47.854	10.4
11:15:47.866	9.6
11:15:47.878	9.9
11:15:47.891	9.6
11:15:47.899	8.7
11:15:47.911	7.8
11:15:47.924	7.7
11:15:47.932	7.0
11:15:47.944	7.4
11:15:47.956	8.6
11:15:47.964	9.7
11:15:47.977	9.4
11:15:47.989	10.5
11:15:48.001	9.5
11:15:48.009	10.3
11:15:48.022	10.6
11:15:48.034	10.7
11:15:48.042	10.4
11:15:48.054	9.1
11:15:48.067	8.8
11:15:48.075	6.7
11:15:48.087	8.2
11:15:48.099	7.8
11:15:48.108	7.7
11:15:48.120	7.0
11:15:48.132	10.2
11:15:48.144	6.5
11:15:48.153	4.4
11:15:48.165	5.6
11:15:48.177	3.3
11:15:48.185	3.0
11:15:48.198	1.7
11:15:48.210	0.0
11:15:48.218	-0.1
11:15:48.230	-2.6
11:15:48.243	-6.8
11:15:48.251	-5.7
11:15:48.263	-5.7
11:15:48.275	-8.3
11:15:48.284	-8.6
11:15:48.296	-8.4
11:15:48.308	-10.7
11:15:48.321	-10.8
11:15:48.329	-12.3
11:15:48.341	-10.1
11:15:48.353	-11.5
11:15:48.361	-11.2
11:15:48.374	-12.2
11:15:48.386	-11.2
11:15:48.398	-12.5
11:15:48.407	-13.6
11:15:48.419	-12.3
11:15:48.431	-12.9
11:15:48.439	-13.2
11:15:48.452	-12.8
11:15:48.464	-14.0
11:15:48.472	-14.2
11:15:48.484	-13.6
11:15:48.497	-15.0
11:15:48.505	-14.6
11:15:48.517	-13.3
11:15:48.529	-13.5
11:15:48.538	-14.0
11:15:48.550	-13.2
11:15:48.562	-16.2
11:15:48.574	-14.2
11:15:48.583	-14.3
11:15:48.595	-14.7
11:15:48.607	-13.3
11:15:48.615	-12.5
11:15:48.628	-14.6
11:15:48.640	-16.5
11:15:48.652	-14.9
11:15:48.660	-16.4
11:15:48.673	-14.5
11:15:48.685	-15.1
11:15:48.697	-15.5
11:15:48.706	-16.3
11:15:48.718	-16.0
11:15:48.730	-16.4
11:15:48.738	-14.9
11:15:48.751	-13.5
11:15:48.763	-13.8
11:15:48.771	-12.5
11:15:48.784	-12.7
11:15:48.796	-12.9
11:15:48.804	-10.1
11:15:48.816	-9.0
11:15:48.829	-9.3
11:15:48.837	-9.1
11:15:48.849	-7.9
11:15:48.862	-8.2
11:15:48.870	-6.5
11:15:48.882	-5.0
11:15:48.894	-4.2
11:15:48.907	-2.9
11:15:48.915	-5.0
11:15:48.927	-3.0
11:15:48.939	-3.1
11:15:48.948	-1.4
11:15:48.960	-1.2
11:15:48.972	-1.0
11:15:48.984	-3.1
11:15:48.993	-4.4
11:15:49.005	-4.0
11:15:49.017	-4.2
11:15:49.025	-4.6
11:15:49.038	-6.3
11:15:49.050	-5.2
11:15:49.058	-5.4
11:15:49.070	-6.0
11:15:49.083	-6.1
11:15:49.091	-6.1
11:15:49.103	-6.8
11:15:49.115	-7.0
11:15:49.128	-6.4
11:15:49.136	-4.9
11:15:49.148	-3.2
11:15:49.160	-3.3
11:15:49.169	-2.8
11:15:49.181	-2.3
11:15:49.193	-0.4
11:15:49.201	0.3
11:15:49.214	3.7
11:15:49.226	3.4
11:15:49.234	4.2
11:15:49.247	4.4
11:15:49.259	2.9
11:15:49.271	4.4
11:15:49.279	2.2
11:15:49.292	1.7
11:15:49.304	0.8
11:15:49.312	-0.3
11:15:49.324	-1.5
11:15:49.337	-2.9
11:15:49.345	-4.7
11:15:49.357	-2.4
11:15:49.369	0.6
11:15:49.382	-1.6
11:15:49.390	-0.3
11:15:49.402	0.4
11:15:49.414	1.4
11:15:49.423	1.1
11:15:49.435	0.0
11:15:49.447	1.7
11:15:49.455	1.7
11:15:49.468	-0.4
11:15:49.480	-1.7
11:15:49.488	-0.4
11:15:49.500	-0.9
11:15:49.513	-3.5
11:15:49.521	-4.6
11:15:49.533	-2.4
11:15:49.545	-3.6
11:15:49.558	-3.8
11:15:49.566	-2.6
11:15:49.578	-2.4
11:15:49.590	-4.4
11:15:49.599	-5.8
11:15:49.611	-5.9
11:15:49.623	-4.7
11:15:49.635	-5.5
11:15:49.644	-7.2
11:15:49.656	-6.2
11:15:49.668	-5.8
11:15:49.676	-5.7
11:15:49.689	-5.4
11:15:49.701	-5.8
11:15:49.709	-6.0
11:15:49.721	-6.1
11:15:49.734	-4.1
11:15:49.742	-4.4
11:15:49.754	-4.7
11:15:49.767	-4.0
11:15:49.775	-4.2
11:15:49.787	-4.7
11:15:49.799	-5.8
11:15:49.812	-4.9
11:15:49.820	-3.9
11:15:49.832	-2.6
11:15:49.844	-3.8
11:15:49.853	-3.1
11:15:49.865	-3.3
11:15:49.877	-1.3
11:15:49.885	-1.6
11:15:49.898	-1.7
11:15:49.910	-2.2
11:15:49.922	-3.7
11:15:49.931	-3.5
11:15:49.943	-4.8
11:15:49.955	-5.7
11:15:49.963	-5.3
11:15:49.975	-4.6
11:15:49.988	-8.0
11:15:49.996	-8.6
11:15:50.008	-9.5
11:15:50.020	-8.3
11:15:50.029	-6.5
11:15:50.041	-8.0
11:15:50.053	-9.0
11:15:50.065	-9.4
11:15:50.074	-9.1
11:15:50.086	-8.3
11:15:50.098	-8.3
11:15:50.106	-8.9
11:15:50.119	-8.6
11:15:50.131	-9.0
11:15:50.139	-9.0
11:15:50.151	-9.9
11:15:50.164	-8.3
11:15:50.172	-7.9
11:15:50.184	-7.8
11:15:50.196	-8.6
11:15:50.205	-8.3
11:15:50.217	-7.9
11:15:50.229	-8.2
11:15:50.242	-8.4
11:15:50.250	-7.7
11:15:50.262	-6.1
11:15:50.274	-7.1
11:15:50.282	-7.5
11:15:50.295	-9.9
11:15:50.307	-11.4
11:15:50.319	-11.4
11:15:50.328	-10.5
11:15:50.340	-9.0
11:15:50.352	-10.0
11:15:50.360	-10.8
11:15:50.373	-10.0
11:15:50.385	-9.1
11:15:50.393	-8.5
11:15:50.405	-7.0
11:15:50.418	-6.2
11:15:50.426	-6.7
11:15:50.438	-7.5
11:15:50.450	-9.4
11:15:50.459	-8.4
11:15:50.471	-6.6
11:15:50.483	-7.3
11:15:50.495	-8.0
11:15:50.504	-5.6
11:15:50.516	-3.1
11:15:50.528	-1.3
11:15:50.536	0.1
11:15:50.549	3.4
11:15:50.561	4.7
11:15:50.573	4.8
11:15:50.581	3.7
11:15:50.594	4.4
11:15:50.606	5.7
11:15:50.614	3.8
11:15:50.626	2.6
11:15:50.639	2.9
11:15:50.647	3.4
11:15:50.659	2.1
11:15:50.672	2.7
11:15:50.680	2.0
11:15:50.692	2.7
11:15:50.704	3.9
11:15:50.713	2.9
11:15:50.725	5.3
11:15:50.737	5.6
11:15:50.749	4.0
11:15:50.758	3.8
11:15:50.770	3.3
11:15:50.782	2.9
11:15:50.790	5.8
11:15:50.803	5.2
11:15:50.815	6.0
11:15:50.823	7.6
11:15:50.835	5.0
11:15:50.848	5.6
11:15:50.856	8.9
11:15:50.868	9.1
11:15:50.880	9.7
11:15:50.893	11.3
11:15:50.905	10.0
11:15:50.913	12.4
11:15:50.925	11.4
11:15:50.938	12.5
11:15:50.946	14.6
11:15:50.958	13.1
11:15:50.970	11.6
11:15:50.979	13.8
11:15:50.991	13.0
11:15:51.003	12.7
11:15:51.011	15.3
11:15:51.024	13.2
11:15:51.036	12.4
11:15:51.048	10.4
11:15:51.056	9.9
11:15:51.069	10.3
11:15:51.081	9.7
11:15:51.089	7.7
11:15:51.101	7.8
11:15:51.114	7.7
11:15:51.122	5.1
11:15:51.134	4.2
11:15:51.146	2.9
11:15:51.155	3.0
11:15:51.167	1.9
11:15:51.179	2.8
11:15:51.192	2.6
11:15:51.200	2.4
11:15:51.212	4.2
11:15:51.224	4.3
11:15:51.233	4.1
11:15:51.245	5.4
11:15:51.257	9.1
11:15:51.265	9.9
11:15:51.278	10.1
11:15:51.290	8.3
11:15:51.302	8.9
11:15:51.310	11.4
11:15:51.323	9.4
11:15:51.335	9.6
11:15:51.343	10.6
11:15:51.355	8.2
11:15:51.368	6.1
11:15:51.376	7.3
11:15:51.388	7.2
11:15:51.400	7.7
11:15:51.409	8.0
11:15:51.421	5.5
11:15:51.433	6.1
11:15:51.441	5.8
11:15:51.454	4.2
11:15:51.466	5.2
11:15:51.478	3.9
11:15:51.486	3.0
11:15:51.499	3.3
11:15:51.511	3.6
11:15:51.519	3.9
11:15:51.531	3.8
11:15:51.544	4.4
11:15:51.556	3.5
11:15:51.564	4.1
11:15:51.577	5.2
11:15:51.589	4.4
11:15:51.597	5.1
11:15:51.609	6.5
11:15:51.622	7.0
11:15:51.630	7.5
11:15:51.642	7.8
11:15:51.654	6.8
11:15:51.662	6.8
11:15:51.675	5.1
11:15:51.687	6.0
11:15:51.695	9.2
11:15:51.707	7.4
11:15:51.720	5.9
11:15:51.732	7.7
11:15:51.740	6.4
11:15:51.753	6.4
11:15:51.765	6.3
11:15:51.773	6.5
11:15:51.785	8.2
11:15:51.798	9.3
11:15:51.806	8.5
11:15:51.818	9.3
11:15:51.830	9.8
11:15:51.843	7.8
11:15:51.851	9.0
11:15:51.863	9.6
11:15:51.875	10.7
11:15:51.884	12.7
11:15:51.896	13.6
11:15:51.908	13.9
11:15:51.916	14.6
11:15:51.929	14.4
11:15:51.941	14.3
11:15:51.949	17.7
11:15:51.961	16.9
11:15:51.974	17.4
11:15:51.986	16.4
11:15:51.994	16.0
11:15:52.006	15.0
11:15:52.019	13.6
11:15:52.027	13.3
11:15:52.039	13.4
11:15:52.051	12.4
11:15:52.060	10.5
11:15:52.072	13.1
11:15:52.084	12.7
11:15:52.093	16.7
11:15:52.106	16.4
11:15:52.118	16.3
11:15:52.126	18.2
11:15:52.138	17.6
11:15:52.151	19.5
11:15:52.163	22.0
11:15:52.171	24.0
11:15:52.184	21.9
11:15:52.196	23.1
11:15:52.204	19.9
11:15:52.216	20.3
11:15:52.229	21.5
11:15:52.241	20.2
11:15:52.249	21.3
11:15:52.261	21.1
11:15:52.274	21.2
11:15:52.282	19.6
11:15:52.294	23.4
11:15:52.306	22.3
11:15:52.315	23.1
11:15:52.327	23.6
11:15:52.339	21.6
11:15:52.347	21.2
11:15:52.360	21.4
11:15:52.372	21.8
11:15:52.380	21.6
11:15:52.392	20.3
11:15:52.405	17.0
11:15:52.417	19.4
11:15:52.425	19.3
11:15:52.437	19.8
11:15:52.450	21.4
11:15:52.458	22.8
11:15:52.470	21.8
11:15:52.482	21.7
11:15:52.495	22.4
11:15:52.503	21.7
11:15:52.515	21.3
11:15:52.527	19.4
11:15:52.536	18.3
11:15:52.548	16.5
11:15:52.560	17.6
11:15:52.568	17.2
11:15:52.581	17.4
11:15:52.593	16.8
11:15:52.601	14.6
11:15:52.613	16.7
11:15:52.626	17.5
11:15:52.634	17.7
11:15:52.646	17.2
11:15:52.659	17.9
11:15:52.671	18.4
11:15:52.679	18.4
11:15:52.691	18.8
11:15:52.704	18.8
11:15:52.716	23.6
11:15:52.724	23.1
11:15:52.736	21.5
11:15:52.749	20.8
11:15:52.757	22.1
11:15:52.769	22.3
11:15:52.781	22.8
11:15:52.790	22.6
11:15:52.802	23.9
11:15:52.814	24.4
11:15:52.826	19.9
11:15:52.835	20.1
11:15:52.847	21.0
11:15:52.859	23.4
11:15:52.867	22.8
11:15:52.880	22.4
11:15:52.892	20.7
11:15:52.900	19.5
11:15:52.912	17.0
11:15:52.925	15.2
11:15:52.933	16.4
11:15:52.945	16.3
11:15:52.957	16.6
11:15:52.970	14.5
11:15:52.978	14.6
11:15:52.990	12.2
11:15:53.003	11.7
11:15:53.011	12.1
11:15:53.023	11.6
11:15:53.035	10.9
11:15:53.043	9.1
11:15:53.056	7.8
11:15:53.068	5.7
11:15:53.076	4.5
11:15:53.088	2.6
11:15:53.101	3.8
11:15:53.113	1.4
11:15:53.121	0.2
11:15:53.134	0.1
11:15:53.146	-0.8
11:15:53.154	-0.2
11:15:53.166	-2.8
11:15:53.179	-1.9
11:15:53.187	-3.4
11:15:53.199	-2.2
11:15:53.211	-2.8
11:15:53.224	-0.3
11:15:53.232	-0.2
11:15:53.244	-1.5
11:15:53.256	-2.0
11:15:53.265	-2.9
11:15:53.277	-3.8
11:15:53.289	-3.5
11:15:53.297	-4.1
11:15:53.310	-4.3
11:15:53.322	-5.4
11:15:53.330	-6.6
11:15:53.342	-6.1
11:15:53.355	-6.0
11:15:53.363	-6.0
11:15:53.375	-7.0
11:15:53.387	-4.6
11:15:53.400	-6.1
11:15:53.408	-4.7
11:15:53.420	-5.7
11:15:53.432	-4.2
11:15:53.441	-5.6
11:15:53.453	-8.6
11:15:53.465	-7.9
11:15:53.477	-6.4
11:15:53.486	-6.7
11:15:53.498	-7.5
11:15:53.510	-9.2
11:15:53.518	-10.5
11:15:53.531	-11.0
11:15:53.543	-12.7
11:15:53.551	-13.1
11:15:53.563	-12.5
11:15:53.576	-13.7
11:15:53.584	-15.7
11:15:53.596	-15.7
11:15:53.609	-16.6
11:15:53.617	-14.4
11:15:53.630	-13.6
11:15:53.641	-12.0
11:15:53.654	-10.9
11:15:53.662	-12.0
11:15:53.674	-10.4
11:15:53.686	-10.0
11:15:53.695	-9.6
11:15:53.707	-9.9
11:15:53.719	-8.5
11:15:53.727	-10.8
11:15:53.740	-11.0
11:15:53.752	-12.8
11:15:53.764	-14.0
11:15:53.772	-11.1
11:15:53.785	-11.5
11:15:53.797	-10.3
11:15:53.805	-11.1
11:15:53.817	-10.6
11:15:53.830	-10.5
11:15:53.838	-8.2
11:15:53.850	-8.6
11:15:53.862	-8.2
11:15:53.871	-8.1
11:15:53.883	-8.4
11:15:53.895	-7.9
11:15:53.907	-8.5
11:15:53.916	-6.6
11:15:53.928	-6.4
11:15:53.940	-7.4
11:15:53.948	-8.9
11:15:53.961	-8.4
11:15:53.973	-8.2
11:15:53.981	-6.8
11:15:53.993	-7.4
11:15:54.006	-8.0
11:15:54.014	-7.5
11:15:54.026	-7.4
11:15:54.039	-7.4
11:15:54.047	-7.6
11:15:54.059	-5.6
11:15:54.071	-5.3
11:15:54.084	-4.0
11:15:54.092	-5.1
11:15:54.104	-3.2
11:15:54.116	-3.3
11:15:54.124	-3.4
11:15:54.137	-2.9
11:15:54.149	-0.6
11:15:54.161	0.0
11:15:54.170	0.5
11:15:54.182	2.0
11:15:54.194	2.2
11:15:54.202	3.8
11:15:54.215	4.2
11:15:54.227	4.4
11:15:54.235	5.1
11:15:54.247	5.7
11:15:54.260	5.2
11:15:54.268	6.1
11:15:54.280	5.5
11:15:54.292	4.7
11:15:54.301	5.0
11:15:54.313	5.0
11:15:54.325	4.1
11:15:54.337	4.5
11:15:54.346	4.1
11:15:54.358	2.6
11:15:54.370	2.4
11:15:54.378	3.1
11:15:54.391	4.1
11:15:54.403	4.8
11:15:54.415	6.0
11:15:54.423	7.8
11:15:54.436	8.7
11:15:54.448	8.7
11:15:54.456	11.5
11:15:54.468	12.7
11:15:54.481	12.1
11:15:54.489	12.6
11:15:54.501	12.6
11:15:54.514	13.5
11:15:54.522	12.7
11:15:54.534	11.0
11:15:54.546	13.5
11:15:54.554	15.3
11:15:54.567	15.2
11:15:54.579	17.9
11:15:54.591	17.6
11:15:54.599	19.6
11:15:54.612	18.5
11:15:54.624	18.6
11:15:54.632	18.8
11:15:54.645	19.7
11:15:54.657	18.5
11:15:54.669	17.8
11:15:54.677	16.3
11:15:54.690	12.5
11:15:54.702	13.4
11:15:54.710	11.7
11:15:54.722	13.1
11:15:54.735	13.8
11:15:54.747	13.8
11:15:54.755	14.0
11:15:54.767	12.7
11:15:54.780	12.0
11:15:54.788	11.0
11:15:54.800	13.2
11:15:54.812	14.5
11:15:54.821	14.1
11:15:54.833	14.4
11:15:54.845	14.2
11:15:54.853	13.3
11:15:54.866	14.5
11:15:54.878	16.0
11:15:54.890	14.5
11:15:54.898	15.3
11:15:54.911	15.0
11:15:54.923	14.4
11:15:54.931	15.5
11:15:54.943	15.9
11:15:54.956	14.9
11:15:54.964	15.3
11:15:54.976	13.8
11:15:54.988	10.5
11:15:54.997	15.4
11:15:55.009	17.0
11:15:55.021	17.1
11:15:55.033	17.6
11:15:55.042	17.4
11:15:55.054	17.9
11:15:55.066	19.6
11:15:55.074	20.0
11:15:55.087	20.8
11:15:55.099	23.2
11:15:55.107	20.4
11:15:55.119	20.2
11:15:55.132	20.4
11:15:55.144	19.9
11:15:55.152	19.0
11:15:55.164	18.8
11:15:55.177	15.4
11:15:55.185	16.4
11:15:55.197	17.3
11:15:55.210	18.7
11:15:55.218	19.1
11:15:55.230	17.5
11:15:55.242	19.4
11:15:55.251	19.0
11:15:55.263	18.5
11:15:55.275	18.1
11:15:55.283	20.8
11:15:55.296	21.4
11:15:55.308	19.8
11:15:55.320	18.9
11:15:55.328	20.2
11:15:55.341	20.7
11:15:55.353	18.9
11:15:55.361	19.5
11:15:55.373	20.3
11:15:55.386	21.9
11:15:55.398	23.2
11:15:55.406	23.3
11:15:55.418	24.6
11:15:55.431	22.6
11:15:55.439	23.1
11:15:55.452	22.8
11:15:55.463	22.2
11:15:55.473	22.7
11:15:55.485	23.3
11:15:55.497	22.3
11:15:55.505	20.5
11:15:55.518	19.2
11:15:55.530	16.8
11:15:55.538	16.8
11:15:55.550	15.7
11:15:55.563	15.2
11:15:55.575	14.1
11:15:55.583	14.2
11:15:55.595	14.9
11:15:55.608	13.9
11:15:55.616	13.1
11:15:55.628	13.6
11:15:55.640	14.9
11:15:55.649	16.7
11:15:55.661	18.8
11:15:55.673	21.2
11:15:55.686	22.9
11:15:55.694	22.2
11:15:55.706	21.7
11:15:55.718	22.1
11:15:55.727	22.1
11:15:55.739	21.0
11:15:55.751	22.2
11:15:55.759	21.1
11:15:55.772	16.7
11:15:55.784	15.5
11:15:55.792	17.4
11:15:55.804	17.5
11:15:55.817	18.3
11:15:55.829	16.8
11:15:55.837	17.5
11:15:55.849	20.2
11:15:55.862	19.0
11:15:55.870	19.6
11:15:55.882	21.5
11:15:55.895	21.9
11:15:55.903	18.4
11:15:55.915	19.1
11:15:55.927	18.0
11:15:55.935	19.0
11:15:55.948	18.4
11:15:55.960	17.9
11:15:55.968	17.9
11:15:55.980	18.0
11:15:55.993	17.1
11:15:56.005	16.7
11:15:56.013	18.7
11:15:56.025	16.3
11:15:56.038	15.3
11:15:56.046	14.1
11:15:56.058	15.2
11:15:56.070	12.3
11:15:56.083	12.3
11:15:56.091	11.4
11:15:56.103	11.7
11:15:56.116	11.3
11:15:56.124	9.7
11:15:56.136	12.5
11:15:56.148	12.9
11:15:56.156	13.6
11:15:56.169	10.6
11:15:56.181	11.9
11:15:56.189	10.7
11:15:56.201	11.1
11:15:56.214	11.1
11:15:56.222	11.7
11:15:56.234	12.2
11:15:56.247	10.4
11:15:56.259	12.0
11:15:56.267	11.9
11:15:56.279	14.1
11:15:56.292	12.9
11:15:56.300	13.5
11:15:56.312	13.7
11:15:56.324	12.7
11:15:56.337	12.6
11:15:56.345	11.9
11:15:56.357	10.3
11:15:56.369	8.7
11:15:56.378	7.7
11:15:56.390	7.3
11:15:56.402	7.1
11:15:56.410	6.8
11:15:56.423	7.8
11:15:56.435	9.0
11:15:56.443	6.3
11:15:56.455	8.2
11:15:56.468	9.7
11:15:56.476	8.7
11:15:56.488	8.8
11:15:56.500	10.7
11:15:56.513	9.4
11:15:56.521	9.5
11:15:56.533	5.9
11:15:56.545	4.9
11:15:56.554	6.6
11:15:56.566	5.1
11:15:56.578	5.3
11:15:56.586	5.3
11:15:56.599	6.7
11:15:56.611	2.4
11:15:56.619	4.9
11:15:56.631	2.5
11:15:56.644	3.3
11:15:56.656	2.5
11:15:56.664	0.7
11:15:56.677	0.9
11:15:56.689	-0.8
11:15:56.697	-1.4
11:15:56.709	-2.3
11:15:56.722	-2.1
11:15:56.730	-4.5
11:15:56.742	-3.9
11:15:56.754	-2.9
11:15:56.767	-2.0
11:15:56.775	-1.3
11:15:56.787	-2.6
11:15:56.799	-1.4
11:15:56.808	-2.8
11:15:56.820	-2.9
11:15:56.832	-1.8
11:15:56.844	-2.7
11:15:56.853	-2.1
11:15:56.865	-4.0
11:15:56.877	-5.3
11:15:56.885	-6.6
11:15:56.898	-7.2
11:15:56.910	-9.5
11:15:56.918	-8.8
11:15:56.931	-9.4
11:15:56.943	-11.2
11:15:56.955	-9.8
11:15:56.963	-10.4
11:15:56.975	-10.7
11:15:56.988	-11.5
11:15:56.996	-11.7
11:15:57.008	-12.5
11:15:57.020	-12.4
11:15:57.029	-11.9
11:15:57.041	-12.5
11:15:57.053	-13.4
11:15:57.065	-15.3
11:15:57.074	-16.5
11:15:57.086	-16.7
11:15:57.098	-15.9
11:15:57.106	-15.7
11:15:57.119	-14.6
11:15:57.131	-14.4
11:15:57.139	-14.3
11:15:57.152	-14.8
11:15:57.164	-12.6
11:15:57.172	-11.1
11:15:57.184	-10.9
11:15:57.197	-11.6
11:15:57.205	-13.0
11:15:57.217	-12.6
11:15:57.229	-15.1
11:15:57.242	-16.1
11:15:57.250	-15.6
11:15:57.262	-15.8
11:15:57.274	-15.7
11:15:57.283	-18.7
11:15:57.295	-17.4
11:15:57.307	-17.2
11:15:57.319	-16.0
11:15:57.328	-15.6
11:15:57.340	-12.5
11:15:57.352	-12.4
11:15:57.360	-14.8
11:15:57.373	-13.8
11:15:57.385	-16.7
11:15:57.393	-15.0
11:15:57.405	-16.0
11:15:57.418	-14.6
11:15:57.426	-15.4
11:15:57.438	-15.1
11:15:57.450	-15.5
11:15:57.459	-15.6
11:15:57.471	-13.9
11:15:57.483	-14.3
11:15:57.495	-11.9
11:15:57.504	-10.7
11:15:57.516	-8.4
11:15:57.528	-9.0
11:15:57.536	-8.8
11:15:57.549	-9.0
11:15:57.561	-9.0
11:15:57.569	-6.9
11:15:57.581	-5.8
11:15:57.594	-4.9
11:15:57.606	-5.1
11:15:57.614	-2.9
11:15:57.627	-4.6
11:15:57.639	-1.8
11:15:57.647	0.7
11:15:57.659	2.0
11:15:57.672	0.0
11:15:57.680	1.5
11:15:57.692	1.0
11:15:57.704	1.5
11:15:57.713	3.5
11:15:57.725	1.7
11:15:57.737	3.7
11:15:57.749	1.2
11:15:57.758	1.1
11:15:57.770	1.3
11:15:57.782	3.6
11:15:57.790	1.7
11:15:57.803	2.8
11:15:57.815	1.5
11:15:57.823	-0.6
11:15:57.835	-0.1
11:15:57.848	-1.5
11:15:57.856	2.2
11:15:57.868	1.1
11:15:57.880	1.8
11:15:57.889	4.3
11:15:57.901	6.5
11:15:57.913	7.2
11:15:57.925	8.0
11:15:57.934	10.2
11:15:57.946	10.5
11:15:57.958	12.0
11:15:57.966	9.3
11:15:57.979	10.0
11:15:57.991	9.2
11:15:58.003	8.1
11:15:58.011	6.9
11:15:58.024	6.8
11:15:58.036	8.1
11:15:58.044	7.3
11:15:58.057	8.6
11:15:58.069	8.3
11:15:58.077	12.0
11:15:58.089	13.8
11:15:58.101	13.0
11:15:58.110	13.3
11:15:58.122	13.5
11:15:58.134	11.3
11:15:58.142	11.8
11:15:58.155	15.9
11:15:58.167	14.5
11:15:58.179	14.4
11:15:58.188	11.7
11:15:58.200	10.2
11:15:58.212	12.5
11:15:58.220	11.1
11:15:58.233	11.0
11:15:58.245	12.6
11:15:58.257	12.1
11:15:58.265	9.6
11:15:58.278	10.8
11:15:58.290	11.9
11:15:58.298	12.4
11:15:58.310	11.5
11:15:58.323	11.0
11:15:58.331	10.6
11:15:58.343	12.1
11:15:58.355	12.9
11:15:58.364	11.7
11:15:58.376	10.5
11:15:58.388	9.4
11:15:58.396	9.6
11:15:58.409	11.9
11:15:58.421	13.6
11:15:58.433	12.6
11:15:58.441	13.5
11:15:58.454	12.6
11:15:58.466	12.7
11:15:58.474	12.8
11:15:58.486	11.6
11:15:58.499	13.2
11:15:58.507	10.6
11:15:58.519	7.7
11:15:58.531	7.7
11:15:58.540	7.1
11:15:58.552	7.2
11:15:58.564	7.5
11:15:58.576	7.0
11:15:58.585	8.1
11:15:58.597	10.1
11:15:58.609	9.5
11:15:58.617	8.9
11:15:58.630	9.4
11:15:58.642	8.6
11:15:58.650	9.2
11:15:58.662	7.9
11:15:58.675	7.1
11:15:58.687	7.4
11:15:58.695	6.9
11:15:58.707	7.1
11:15:58.720	6.4
11:15:58.732	10.8
11:15:58.740	8.7
11:15:58.753	10.5
11:15:58.765	11.0
11:15:58.773	13.1
11:15:58.785	12.1
11:15:58.798	11.0
11:15:58.806	11.3
11:15:58.818	10.1
11:15:58.830	11.0
11:15:58.839	9.6
11:15:58.851	11.1
11:15:58.863	8.8
11:15:58.875	7.8
11:15:58.884	6.5
11:15:58.896	7.6
11:15:58.908	7.2
11:15:58.917	7.6
11:15:58.929	8.4
11:15:58.941	10.4
11:15:58.949	10.4
11:15:58.961	10.5
11:15:58.974	12.3
11:15:58.986	13.8
11:15:58.994	14.2
11:15:59.006	14.2
11:15:59.019	16.1
11:15:59.027	16.0
11:15:59.039	15.5
11:15:59.051	13.5
11:15:59.060	12.5
11:15:59.072	12.4
11:15:59.084	11.3
11:15:59.092	9.9
11:15:59.106	10.9
11:15:59.118	9.9
11:15:59.126	7.4
11:15:59.138	6.9
11:15:59.151	6.8
11:15:59.163	6.0
11:15:59.171	4.2
11:15:59.183	4.0
11:15:59.196	5.2
11:15:59.204	3.9
11:15:59.216	3.0
11:15:59.229	3.5
11:15:59.241	5.2
11:15:59.249	3.6
11:15:59.261	3.6
11:15:59.274	1.6
11:15:59.282	2.8
11:15:59.294	1.9
11:15:59.306	-1.0
11:15:59.315	-0.2
11:15:59.327	-1.8
11:15:59.339	-1.4
11:15:59.347	-5.0
11:15:59.360	-5.5
11:15:59.372	-6.8
11:15:59.380	-7.0
11:15:59.392	-10.0
11:15:59.405	-10.4
11:15:59.417	-10.8
11:15:59.425	-12.0
11:15:59.437	-11.9
11:15:59.450	-13.6
11:15:59.458	-12.1
11:15:59.470	-12.0
11:15:59.482	-11.7
11:15:59.491	-13.3
11:15:59.503	-10.0
11:15:59.515	-9.6
11:15:59.527	-10.4
11:15:59.536	-10.1
11:15:59.548	-10.3
11:15:59.560	-10.9
11:15:59.568	-11.7
11:15:59.581	-13.5
11:15:59.593	-13.6
11:15:59.601	-14.0
11:15:59.614	-15.8
11:15:59.626	-16.7
11:15:59.634	-16.5
11:15:59.646	-17.2
11:15:59.658	-16.7
11:15:59.671	-16.7
11:15:59.679	-16.4
11:15:59.691	-15.0
11:15:59.704	-13.7
11:15:59.712	-12.1
11:15:59.724	-12.6
11:15:59.736	-13.9
11:15:59.745	-13.0
11:15:59.757	-14.0
11:15:59.769	-15.6
11:15:59.777	-15.5
11:15:59.790	-15.2
11:15:59.802	-15.2
11:15:59.810	-17.3
11:15:59.822	-18.4
11:15:59.835	-18.9
11:15:59.847	-18.3
11:15:59.855	-19.7
11:15:59.867	-18.4
11:15:59.880	-18.9
11:15:59.888	-16.6
11:15:59.900	-14.1
11:15:59.912	-14.8
11:15:59.925	-16.5
11:15:59.933	-13.4
11:15:59.945	-12.9
11:15:59.957	-12.0
11:15:59.966	-10.8
11:15:59.978	-10.5
11:15:59.990	-9.3
11:15:59.998	-11.2
11:16:00.011	-13.2
11:16:00.023	-12.4
11:16:00.031	-11.8
11:16:00.043	-12.6
11:16:00.056	-10.4
11:16:00.064	-9.6
11:16:00.076	-11.0
11:16:00.089	-11.2
11:16:00.101	-10.9
11:16:00.109	-10.2
11:16:00.121	-10.1
11:16:00.134	-8.5
11:16:00.142	-5.8
11:16:00.154	-5.3
11:16:00.166	-4.3
11:16:00.179	-4.6
11:16:00.187	-1.8
11:16:00.199	-1.2
11:16:00.211	-0.5
11:16:00.220	0.9
11:16:00.232	1.1
11:16:00.244	1.4
11:16:00.252	0.8
11:16:00.265	1.8
11:16:00.277	-1.6
11:16:00.285	0.3
11:16:00.297	-1.1
11:16:00.310	-0.8
11:16:00.318	-1.5
11:16:00.330	-2.4
11:16:00.342	-2.7
11:16:00.355	-3.0
11:16:00.363	-3.1
11:16:00.375	-3.5
11:16:00.387	-1.5
11:16:00.396	-2.3
11:16:00.408	-2.1
11:16:00.420	-1.2
11:16:00.428	-1.0
11:16:00.440	1.1
11:16:00.452	1.9
11:16:00.461	1.4
11:16:00.473	1.2
11:16:00.485	-0.1
11:16:00.498	0.4
11:16:00.506	0.9
11:16:00.518	2.0
11:16:00.530	0.8
11:16:00.539	1.2
11:16:00.551	-1.8
11:16:00.563	-1.9
11:16:00.571	-2.1
11:16:00.584	-3.9
11:16:00.596	-4.9
11:16:00.608	-5.3
11:16:00.616	-8.3
11:16:00.629	-10.1
11:16:00.641	-10.1
11:16:00.653	-10.8
11:16:00.661	-11.8
11:16:00.674	-9.4
11:16:00.682	-9.8
11:16:00.694	-9.2
11:16:00.706	-8.9
11:16:00.715	-9.3
11:16:00.727	-7.1
11:16:00.739	-5.3
11:16:00.747	-6.0
11:16:00.760	-5.3
11:16:00.772	-4.0
11:16:00.784	-8.0
11:16:00.793	-8.2
11:16:00.805	-4.6
11:16:00.817	-4.9
11:16:00.825	-3.6
11:16:00.838	-3.5
11:16:00.850	-3.6
11:16:00.862	-1.0
11:16:00.870	-0.3
11:16:00.883	0.9
11:16:00.895	2.3
11:16:00.907	6.4
11:16:00.915	4.5
11:16:00.928	9.7
11:16:00.940	8.9
11:16:00.948	9.6
11:16:00.960	10.8
11:16:00.973	9.5
11:16:00.981	10.8
11:16:00.993	10.3
11:16:01.006	11.4
11:16:01.014	8.6
11:16:01.026	9.6
11:16:01.038	8.3
11:16:01.046	9.6
11:16:01.059	9.1
11:16:01.071	9.3
11:16:01.083	11.3
11:16:01.092	10.6
11:16:01.104	10.7
11:16:01.116	10.7
11:16:01.124	11.4
11:16:01.137	10.5
11:16:01.149	11.7
11:16:01.161	12.0
11:16:01.169	10.9
11:16:01.182	11.5
11:16:01.194	10.6
11:16:01.202	9.4
11:16:01.214	10.5
11:16:01.227	9.3
11:16:01.235	7.1
11:16:01.247	9.6
11:16:01.259	8.3
11:16:01.268	7.2
11:16:01.280	9.8
11:16:01.292	9.7
11:16:01.300	10.0
11:16:01.313	11.0
11:16:01.325	10.3
11:16:01.337	12.0
11:16:01.345	15.5
11:16:01.358	13.6
11:16:01.370	13.4
11:16:01.378	14.0
11:16:01.390	13.0
11:16:01.403	15.6
11:16:01.411	15.2
11:16:01.423	14.8
11:16:01.435	16.1
11:16:01.448	15.9
11:16:01.456	14.5
11:16:01.468	15.0
11:16:01.480	15.1
11:16:01.489	15.2
11:16:01.501	18.0
11:16:01.513	14.4
11:16:01.521	14.9
11:16:01.534	15.4
11:16:01.546	15.1
11:16:01.554	15.9
11:16:01.567	16.8
11:16:01.579	17.0
11:16:01.591	15.7
11:16:01.599	16.0
11:16:01.612	14.7
11:16:01.624	15.5
11:16:01.632	15.4
11:16:01.644	17.1
11:16:01.657	16.8
11:16:01.665	16.7
11:16:01.677	17.0
11:16:01.690	16.4
11:16:01.698	19.2
11:16:01.710	19.5
11:16:01.722	18.7
11:16:01.731	19.1
11:16:01.743	20.8
11:16:01.755	20.4
11:16:01.767	19.5
11:16:01.775	19.2
11:16:01.788	20.8
11:16:01.800	22.2
11:16:01.808	21.8
11:16:01.821	21.8
11:16:01.833	21.5
11:16:01.845	19.7
11:16:01.853	16.9
11:16:01.866	15.7
11:16:01.878	17.2
11:16:01.886	17.1
11:16:01.898	13.7
11:16:01.911	11.1
11:16:01.919	9.5
11:16:01.931	7.8
11:16:01.943	8.9
11:16:01.952	9.2
11:16:01.964	9.7
11:16:01.976	9.2
11:16:01.984	11.9
11:16:01.997	11.3
11:16:02.009	12.6
11:16:02.021	14.9
11:16:02.029	14.0
11:16:02.042	15.0
11:16:02.054	14.1
11:16:02.062	13.9
11:16:02.074	13.9
11:16:02.087	16.0
11:16:02.099	14.2
11:16:02.107	14.9
11:16:02.119	14.8
11:16:02.132	15.7
11:16:02.140	15.9
11:16:02.152	17.3
11:16:02.165	18.7
11:16:02.173	19.8
11:16:02.185	21.4
11:16:02.197	20.7
11:16:02.206	18.5
11:16:02.218	18.7
11:16:02.230	19.4
11:16:02.238	19.0
11:16:02.250	21.0
11:16:02.263	18.9
11:16:02.275	17.5
11:16:02.283	18.2
11:16:02.296	17.8
11:16:02.308	17.8
11:16:02.316	19.0
11:16:02.328	18.4
11:16:02.341	17.3
11:16:02.349	17.2
11:16:02.361	16.6
11:16:02.373	18.6
11:16:02.382	18.6
11:16:02.394	17.5
11:16:02.406	20.4
11:16:02.418	19.7
11:16:02.427	21.4
11:16:02.439	21.3
11:16:02.451	21.7
11:16:02.459	20.7
11:16:02.472	18.9
11:16:02.484	20.4
11:16:02.492	20.2
11:16:02.504	20.9
11:16:02.517	17.1
11:16:02.529	16.2
11:16:02.537	14.6
11:16:02.549	13.8
11:16:02.562	13.8
11:16:02.570	14.2
11:16:02.582	14.9
11:16:02.595	10.2
11:16:02.603	8.9
11:16:02.615	8.0
11:16:02.627	9.0
11:16:02.635	9.7
11:16:02.648	8.2
11:16:02.660	6.5
11:16:02.668	4.7
11:16:02.680	3.7
11:16:02.693	3.9
11:16:02.706	5.2
11:16:02.713	6.2
11:16:02.727	5.4
11:16:02.739	3.8
11:16:02.747	3.6
11:16:02.759	4.0
11:16:02.772	6.3
11:16:02.784	7.1
11:16:02.792	6.9
11:16:02.804	6.0
11:16:02.817	5.6
11:16:02.825	5.5
11:16:02.837	4.5
11:16:02.849	4.4
11:16:02.862	2.4
11:16:02.870	-0.4
11:16:02.882	-1.7
11:16:02.894	-3.0
11:16:02.903	-0.3
11:16:02.914	-1.8
11:16:02.926	-3.7
11:16:02.935	-5.0
11:16:02.947	-5.6
11:16:02.959	-7.9
11:16:02.967	-7.6
11:16:02.980	-6.1
11:16:02.992	-4.9
11:16:03.004	-5.2
11:16:03.012	-7.5
11:16:03.025	-4.4
11:16:03.037	-4.8
11:16:03.045	-5.3
11:16:03.057	-5.0
11:16:03.070	-4.0
11:16:03.082	-3.7
11:16:03.090	-3.8
11:16:03.102	-6.8
11:16:03.115	-5.5
11:16:03.123	-7.0
11:16:03.135	-10.3
11:16:03.147	-9.3
11:16:03.156	-9.9
11:16:03.168	-11.1
11:16:03.180	-11.6
11:16:03.189	-13.5
11:16:03.201	-14.0
11:16:03.213	-12.8
11:16:03.221	-14.5
11:16:03.233	-14.1
11:16:03.246	-16.0
11:16:03.258	-17.0
11:16:03.266	-19.5
11:16:03.279	-18.3
11:16:03.291	-18.2
11:16:03.299	-16.9
11:16:03.311	-15.9
11:16:03.324	-15.6
11:16:03.332	-14.9
11:16:03.344	-17.3
11:16:03.356	-16.7
11:16:03.369	-18.0
11:16:03.377	-15.7
11:16:03.389	-15.8
11:16:03.401	-17.5
11:16:03.410	-17.1
11:16:03.422	-18.0
11:16:03.434	-17.5
11:16:03.442	-17.6
11:16:03.455	-16.8
11:16:03.467	-16.9
11:16:03.475	-14.0
11:16:03.487	-12.9
11:16:03.500	-13.4
11:16:03.512	-13.7
11:16:03.520	-15.5
11:16:03.532	-17.0
11:16:03.545	-17.7
11:16:03.554	-18.6
11:16:03.566	-16.8
11:16:03.578	-12.9
11:16:03.587	-13.7
11:16:03.599	-15.0
11:16:03.611	-16.0
11:16:03.619	-13.1
11:16:03.632	-11.8
11:16:03.644	-10.8
11:16:03.652	-11.9
11:16:03.665	-13.1
11:16:03.677	-14.0
11:16:03.689	-15.7
11:16:03.697	-15.1
11:16:03.709	-15.1
11:16:03.722	-13.9
11:16:03.730	-14.7
11:16:03.742	-12.8
11:16:03.755	-12.3
11:16:03.767	-9.0
11:16:03.775	-8.4
11:16:03.787	-8.0
11:16:03.800	-6.9
11:16:03.808	-9.2
11:16:03.820	-7.6
11:16:03.832	-6.1
11:16:03.841	-4.8
11:16:03.853	-6.9
11:16:03.865	-7.1
11:16:03.873	-7.9
11:16:03.886	-5.4
11:16:03.898	-6.1
11:16:03.906	-7.4
11:16:03.918	-4.6
11:16:03.931	-5.1
11:16:03.943	-5.1
11:16:03.951	-5.0
11:16:03.964	-2.1
11:16:03.976	-1.2
11:16:03.984	-1.8
11:16:03.995	-3.1
11:16:04.008	-1.4
11:16:04.020	-1.1
11:16:04.028	-1.3
11:16:04.040	-1.2
11:16:04.053	-0.1
11:16:04.061	-0.5
11:16:04.073	-1.0
11:16:04.085	1.9
11:16:04.094	2.6
11:16:04.106	4.3
11:16:04.118	5.1
11:16:04.126	4.8
11:16:04.139	5.1
11:16:04.152	6.3
11:16:04.160	4.9
11:16:04.172	7.2
11:16:04.185	5.7
11:16:04.197	4.7
11:16:04.205	6.0
11:16:04.217	6.9
11:16:04.230	6.5
11:16:04.238	8.2
11:16:04.250	9.1
11:16:04.262	8.5
11:16:04.271	10.3
11:16:04.283	11.8
11:16:04.295	12.1
11:16:04.303	12.6
11:16:04.316	10.8
11:16:04.327	9.9
11:16:04.339	8.9
11:16:04.348	8.6
11:16:04.360	7.4
11:16:04.372	8.2
11:16:04.380	7.4
11:16:04.393	4.0
11:16:04.405	6.1
11:16:04.413	5.7
11:16:04.425	4.8
11:16:04.438	4.6
11:16:04.450	6.1
11:16:04.458	6.9
11:16:04.470	8.2
11:16:04.484	7.5
11:16:04.491	7.9
11:16:04.504	9.5
11:16:04.516	9.5
11:16:04.525	7.9
11:16:04.537	9.9
11:16:04.549	11.5
11:16:04.557	12.1
11:16:04.570	10.7
11:16:04.582	10.0
11:16:04.594	10.2
11:16:04.602	10.0
11:16:04.615	8.6
11:16:04.627	9.1
11:16:04.639	10.1
11:16:04.647	10.0
11:16:04.660	8.8
11:16:04.668	6.0
11:16:04.680	7.5
11:16:04.693	8.0
11:16:04.705	8.7
11:16:04.713	8.4
11:16:04.725	8.9
11:16:04.738	9.0
11:16:04.746	9.4
11:16:04.758	9.0
11:16:04.770	9.7
11:16:04.783	12.9
11:16:04.791	14.2
11:16:04.803	14.3
11:16:04.815	14.2
11:16:04.824	14.9
11:16:04.836	16.0
11:16:04.848	15.1
11:16:04.856	16.4
11:16:04.869	16.9
11:16:04.881	17.0
11:16:04.889	15.2
11:16:04.901	14.0
11:16:04.914	15.3
11:16:04.926	15.8
11:16:04.934	15.9
11:16:04.946	16.3
11:16:04.959	16.5
11:16:04.967	13.4
11:16:04.979	13.2
11:16:04.991	12.6
11:16:05.004	12.9
11:16:05.012	15.1
11:16:05.024	14.3
11:16:05.036	14.9
11:16:05.045	16.4
11:16:05.057	15.8
11:16:05.069	16.7
11:16:05.077	17.8
11:16:05.090	17.9
11:16:05.102	18.7
11:16:05.110	18.6
11:16:05.122	16.4
11:16:05.135	16.6
11:16:05.143	17.0
11:16:05.155	15.9
11:16:05.168	16.2
11:16:05.180	15.9
11:16:05.188	18.0
11:16:05.200	18.7
11:16:05.212	19.1
11:16:05.221	19.9
11:16:05.233	19.7
11:16:05.245	21.7
11:16:05.253	21.1
11:16:05.266	21.2
11:16:05.278	23.7
11:16:05.290	23.8
11:16:05.299	21.9
11:16:05.311	21.1
11:16:05.323	20.1
11:16:05.331	20.4
11:16:05.344	22.2
11:16:05.356	20.8
11:16:05.364	21.8
11:16:05.376	21.4
11:16:05.389	18.9
11:16:05.397	17.8
11:16:05.409	19.5
11:16:05.421	21.5
11:16:05.434	22.2
11:16:05.442	22.1
11:16:05.454	20.1
11:16:05.466	20.9
11:16:05.475	19.0
11:16:05.487	20.0
11:16:05.499	20.1
11:16:05.508	19.2
11:16:05.520	18.1
11:16:05.532	16.1
11:16:05.540	16.2
11:16:05.553	17.9
11:16:05.565	18.5
11:16:05.573	16.6
11:16:05.585	17.8
11:16:05.598	17.0
11:16:05.610	16.9
11:16:05.618	21.2
11:16:05.630	20.8
11:16:05.643	21.9
11:16:05.651	21.1
11:16:05.663	20.0
11:16:05.675	20.4
11:16:05.688	21.8
11:16:05.696	19.6
11:16:05.708	19.4
11:16:05.721	18.6
11:16:05.729	14.6
11:16:05.741	17.3
11:16:05.753	16.1
11:16:05.761	16.1
11:16:05.774	15.3
11:16:05.786	17.1
11:16:05.794	16.2
11:16:05.806	16.8
11:16:05.819	14.4
11:16:05.827	14.2
11:16:05.839	16.3
11:16:05.851	13.4
11:16:05.864	13.3
11:16:05.872	12.8
11:16:05.884	12.3
11:16:05.896	9.3
11:16:05.904	8.7
11:16:05.916	11.1
11:16:05.929	13.1
11:16:05.941	13.2
11:16:05.949	9.9
11:16:05.961	10.3
11:16:05.974	10.2
11:16:05.982	10.0
11:16:05.994	9.8
11:16:06.007	9.6
11:16:06.015	9.9
11:16:06.027	8.9
11:16:06.039	7.3
11:16:06.047	7.5
11:16:06.060	8.6
11:16:06.072	9.3
11:16:06.080	8.3
11:16:06.092	7.7
11:16:06.105	9.8
11:16:06.117	9.4
11:16:06.126	9.0
11:16:06.138	7.8
11:16:06.150	9.0
11:16:06.158	6.5
11:16:06.170	6.8
11:16:06.183	4.1
11:16:06.191	6.5
11:16:06.203	6.7
11:16:06.215	3.5
11:16:06.224	3.2
11:16:06.236	0.3
11:16:06.248	-0.2
11:16:06.260	0.3
11:16:06.269	1.5
11:16:06.281	1.4
11:16:06.293	4.7
11:16:06.301	2.0
11:16:06.314	1.0
11:16:06.326	1.8
11:16:06.334	0.8
11:16:06.347	3.7
11:16:06.359	1.1
11:16:06.371	2.0
11:16:06.379	2.1
11:16:06.391	2.8
11:16:06.404	-0.6
11:16:06.412	-0.4
11:16:06.424	-1.0
11:16:06.436	-2.3
11:16:06.445	-0.3
11:16:06.457	-3.2
11:16:06.469	-0.2
11:16:06.477	-2.8
11:16:06.490	-3.9
11:16:06.502	-7.2
11:16:06.510	-7.4
11:16:06.522	-9.1
11:16:06.535	-7.9
11:16:06.547	-7.8
11:16:06.555	-10.0
11:16:06.567	-8.9
11:16:06.580	-11.0
11:16:06.593	-14.0
11:16:06.600	-14.4
11:16:06.613	-13.6
11:16:06.625	-14.4
11:16:06.633	-13.6
11:16:06.645	-13.6
11:16:06.658	-13.9
11:16:06.670	-13.8
11:16:06.678	-14.6
11:16:06.690	-12.9
11:16:06.703	-10.9
11:16:06.711	-12.0
11:16:06.723	-11.7
11:16:06.735	-11.9
11:16:06.744	-10.7
11:16:06.756	-10.4
11:16:06.764	-9.9
11:16:06.776	-10.3
11:16:06.789	-11.1
11:16:06.801	-13.8
11:16:06.809	-14.0
11:16:06.821	-14.0
11:16:06.834	-15.8
11:16:06.846	-15.4
11:16:06.854	-17.6
11:16:06.867	-19.5
11:16:06.880	-21.0
11:16:06.888	-22.0
11:16:06.900	-22.0
11:16:06.913	-21.4
11:16:06.925	-21.4
11:16:06.933	-22.4
11:16:06.945	-21.4
11:16:06.958	-21.0
11:16:06.966	-20.4
11:16:06.978	-19.6
11:16:06.990	-19.8
11:16:06.999	-20.1
11:16:07.011	-19.8
11:16:07.023	-19.8
11:16:07.031	-18.2
11:16:07.044	-17.3
11:16:07.056	-17.2
11:16:07.064	-16.9
11:16:07.076	-16.4
11:16:07.089	-14.6
11:16:07.101	-13.2
11:16:07.109	-12.0
11:16:07.121	-11.6
11:16:07.134	-8.8
11:16:07.142	-10.6
11:16:07.154	-8.7
11:16:07.166	-7.9
11:16:07.175	-8.1
11:16:07.187	-8.3
11:16:07.199	-9.2
11:16:07.211	-8.1
11:16:07.220	-6.9
11:16:07.232	-6.7
11:16:07.244	-8.3
11:16:07.252	-7.1
11:16:07.265	-8.3
11:16:07.277	-8.4
11:16:07.285	-7.6
11:16:07.297	-6.0
11:16:07.310	-6.4
11:16:07.318	-6.9
11:16:07.330	-8.5
11:16:07.342	-7.2
11:16:07.355	-4.8
11:16:07.363	-5.6
11:16:07.375	-1.9
11:16:07.388	-1.7
11:16:07.396	-2.5
11:16:07.408	-1.9
11:16:07.420	-0.9
11:16:07.428	-1.7
11:16:07.441	-1.0
11:16:07.453	-1.2
11:16:07.461	-3.4
11:16:07.474	-0.3
11:16:07.486	-2.7
11:16:07.494	-1.2
11:16:07.506	0.5
11:16:07.519	1.0
11:16:07.531	1.3
11:16:07.539	3.9
11:16:07.551	6.7
11:16:07.564	7.8
11:16:07.572	7.3
11:16:07.584	6.1
11:16:07.596	8.3
11:16:07.609	11.1
11:16:07.617	10.9
11:16:07.629	10.2
11:16:07.641	10.4
11:16:07.650	8.9
11:16:07.662	8.0
11:16:07.674	8.3
11:16:07.682	9.2
11:16:07.695	10.2
11:16:07.707	9.4
11:16:07.715	7.7
11:16:07.727	7.8
11:16:07.740	7.8
11:16:07.748	6.6
11:16:07.760	7.1
11:16:07.773	6.8
11:16:07.785	5.1
11:16:07.793	6.4
11:16:07.805	6.2
11:16:07.818	6.3
11:16:07.826	6.5
11:16:07.838	6.7
11:16:07.850	8.9
11:16:07.863	12.2
11:16:07.871	13.6
11:16:07.883	13.2
11:16:07.895	16.2
11:16:07.904	14.5
11:16:07.916	13.3
11:16:07.928	12.4
11:16:07.936	11.7
11:16:07.949	12.2
11:16:07.961	10.4
11:16:07.969	9.1
11:16:07.981	8.7
11:16:07.994	10.3
11:16:08.002	8.9
11:16:08.014	10.6
11:16:08.026	11.8
11:16:08.039	13.1
11:16:08.047	13.3
11:16:08.059	13.6
11:16:08.072	13.6
11:16:08.080	13.1
11:16:08.092	12.5
11:16:08.104	11.8
11:16:08.113	14.4
11:16:08.125	13.6
11:16:08.137	14.2
11:16:08.145	14.9
11:16:08.157	15.1
11:16:08.170	16.3
11:16:08.182	16.2
11:16:08.190	15.4
11:16:08.203	16.2
11:16:08.215	15.8
11:16:08.223	13.1
11:16:08.235	14.5
11:16:08.248	13.1
11:16:08.256	11.1
11:16:08.268	12.6
11:16:08.280	11.6
11:16:08.293	12.9
11:16:08.301	14.5
11:16:08.313	14.1
11:16:08.325	14.8
11:16:08.334	16.6
11:16:08.346	16.0
11:16:08.358	17.4
11:16:08.366	20.3
11:16:08.379	18.4
11:16:08.391	20.4
11:16:08.399	17.6
11:16:08.411	17.0
11:16:08.424	18.8
11:16:08.432	19.2
11:16:08.444	18.3
11:16:08.457	20.0
11:16:08.469	20.4
11:16:08.477	19.7
11:16:08.489	19.0
11:16:08.502	17.3
11:16:08.510	20.1
11:16:08.522	20.1
11:16:08.534	18.2
11:16:08.547	17.2
11:16:08.555	16.8
11:16:08.567	16.6
11:16:08.579	14.6
11:16:08.592	15.0
11:16:08.600	15.2
11:16:08.612	14.8
11:16:08.624	12.4
11:16:08.633	12.6
11:16:08.645	13.3
11:16:08.657	14.6
11:16:08.665	14.7
11:16:08.678	13.1
11:16:08.690	12.6
11:16:08.698	13.7
11:16:08.710	14.9
11:16:08.723	14.4
11:16:08.731	15.5
11:16:08.743	15.0
11:16:08.755	13.6
11:16:08.768	14.7
11:16:08.776	14.5
11:16:08.788	16.1
11:16:08.800	17.7
11:16:08.809	15.5
11:16:08.821	14.7
11:16:08.833	14.2
11:16:08.845	13.2
11:16:08.854	12.6
11:16:08.866	13.6
11:16:08.878	11.0
11:16:08.886	11.7
11:16:08.899	10.6
11:16:08.911	10.4
11:16:08.919	11.4
11:16:08.932	13.1
11:16:08.944	14.5
11:16:08.952	15.7
11:16:08.964	15.1
11:16:08.977	15.7
11:16:08.985	16.2
11:16:08.997	15.3
11:16:09.009	14.1
11:16:09.022	14.4
11:16:09.030	13.6
11:16:09.042	12.0
11:16:09.054	10.9
11:16:09.063	11.3
11:16:09.075	13.0
11:16:09.087	10.8
11:16:09.095	12.2
11:16:09.108	11.3
11:16:09.120	11.7
11:16:09.132	11.3
11:16:09.140	7.5
11:16:09.153	8.9
11:16:09.165	8.6
11:16:09.173	7.6
11:16:09.185	6.5
11:16:09.198	6.3
11:16:09.206	5.2
11:16:09.218	5.4
11:16:09.230	6.0
11:16:09.239	5.6
11:16:09.251	8.1
11:16:09.263	5.4
11:16:09.275	4.2
11:16:09.284	2.8
11:16:09.296	3.3
11:16:09.308	3.9
11:16:09.316	3.0
11:16:09.329	2.8
11:16:09.341	1.1
11:16:09.349	0.0
11:16:09.362	-0.3
11:16:09.374	-0.3
11:16:09.382	0.6
11:16:09.394	0.5
11:16:09.407	-0.2
11:16:09.415	-0.5
11:16:09.427	-0.7
11:16:09.439	-0.6
11:16:09.452	-0.5
11:16:09.460	-1.4
11:16:09.472	-2.0
11:16:09.484	-4.3
11:16:09.493	-4.4
11:16:09.505	-3.9
11:16:09.517	-2.6
11:16:09.529	-4.6
11:16:09.538	-5.6
11:16:09.550	-8.1
11:16:09.562	-8.4
11:16:09.570	-6.0
11:16:09.583	-8.1
11:16:09.595	-7.0
11:16:09.603	-9.1
11:16:09.616	-9.8
11:16:09.628	-13.5
11:16:09.636	-12.8
11:16:09.648	-12.4
11:16:09.661	-11.2
11:16:09.669	-13.1
11:16:09.681	-14.3
11:16:09.693	-12.1
11:16:09.706	-13.0
11:16:09.714	-12.1
11:16:09.726	-12.4
11:16:09.738	-12.3
11:16:09.747	-12.0
11:16:09.759	-13.2
11:16:09.771	-13.8
11:16:09.784	-11.1
11:16:09.792	-13.4
11:16:09.804	-15.4
11:16:09.816	-15.7
11:16:09.825	-17.4
11:16:09.837	-17.3
11:16:09.849	-16.5
11:16:09.857	-17.9
11:16:09.870	-18.3
11:16:09.882	-18.9
11:16:09.890	-21.1
11:16:09.902	-21.4
11:16:09.915	-21.1
11:16:09.923	-21.6
11:16:09.935	-19.1
11:16:09.947	-19.0
11:16:09.960	-19.5
11:16:09.968	-19.4
11:16:09.980	-18.5
11:16:09.992	-19.8
11:16:10.001	-20.0
11:16:10.013	-21.0
11:16:10.025	-21.4
11:16:10.033	-20.2
11:16:10.046	-21.0
11:16:10.058	-21.9
11:16:10.066	-20.7
11:16:10.078	-19.1
11:16:10.091	-21.3
11:16:10.103	-20.1
11:16:10.111	-18.8
11:16:10.124	-16.7
11:16:10.136	-15.2
11:16:10.144	-15.6
11:16:10.156	-16.3
11:16:10.169	-15.9
11:16:10.177	-16.7
11:16:10.189	-17.0
11:16:10.201	-13.9
11:16:10.214	-12.9
11:16:10.222	-14.0
11:16:10.234	-13.3
11:16:10.246	-12.2
11:16:10.255	-11.0
11:16:10.267	-9.4
11:16:10.279	-8.8
11:16:10.287	-8.1
11:16:10.300	-8.0
11:16:10.312	-7.9
11:16:10.320	-6.2
11:16:10.332	-1.2
11:16:10.345	-2.0
11:16:10.353	-0.9
11:16:10.365	-1.1
11:16:10.377	-1.8
11:16:10.390	-0.4
11:16:10.398	1.0
11:16:10.410	3.2
11:16:10.422	5.3
11:16:10.431	3.9
11:16:10.443	1.0
11:16:10.455	2.2
11:16:10.468	0.8
11:16:10.476	3.1
11:16:10.488	5.1
11:16:10.500	4.6
11:16:10.508	3.8
11:16:10.521	0.9
11:16:10.533	0.9
11:16:10.541	3.6
11:16:10.554	4.3
11:16:10.566	7.0
11:16:10.574	8.6
11:16:10.586	6.5
11:16:10.598	6.8
11:16:10.607	6.6
11:16:10.619	7.5
11:16:10.631	8.6
11:16:10.644	7.0
11:16:10.652	7.9
11:16:10.664	7.8
11:16:10.676	7.6
11:16:10.685	8.4
11:16:10.697	9.0
11:16:10.709	8.3
11:16:10.721	10.9
11:16:10.730	11.5
11:16:10.742	12.0
11:16:10.754	15.0
11:16:10.766	14.1
11:16:10.775	17.2
11:16:10.787	15.2
11:16:10.799	13.9
11:16:10.807	15.0
11:16:10.820	15.1
11:16:10.832	12.9
11:16:10.840	14.1
11:16:10.852	15.2
11:16:10.865	13.5
11:16:10.873	13.6
11:16:10.885	10.6
11:16:10.897	12.0
11:16:10.906	11.8
11:16:10.918	12.1
11:16:10.930	12.0
11:16:10.942	12.7
11:16:10.951	12.2
11:16:10.963	13.0
11:16:10.975	10.8
11:16:10.983	10.1
11:16:10.996	9.1
11:16:11.008	8.2
11:16:11.016	7.8
11:16:11.028	7.0
11:16:11.041	8.0
11:16:11.053	8.3
11:16:11.061	7.7
11:16:11.073	5.4
11:16:11.086	6.1
11:16:11.094	6.3
11:16:11.106	7.7
11:16:11.119	9.4
11:16:11.127	11.2
11:16:11.139	11.1
11:16:11.151	10.3
11:16:11.159	9.2
11:16:11.172	8.0
11:16:11.184	8.7
11:16:11.196	9.8
11:16:11.205	11.1
11:16:11.217	10.5
11:16:11.229	9.6
11:16:11.237	8.5
11:16:11.250	9.0
11:16:11.262	11.4
11:16:11.270	13.0
11:16:11.282	13.8
11:16:11.295	15.5
11:16:11.303	14.2
11:16:11.315	13.6
11:16:11.327	14.5
11:16:11.336	12.8
11:16:11.348	13.9
11:16:11.360	14.2
11:16:11.372	12.6
11:16:11.381	11.9
11:16:11.393	14.0
11:16:11.405	12.5
11:16:11.413	14.2
11:16:11.426	13.8
11:16:11.438	12.6
11:16:11.450	14.1
11:16:11.458	14.5
11:16:11.471	15.3
11:16:11.483	15.1
11:16:11.491	15.7
11:16:11.503	13.9
11:16:11.516	15.2
11:16:11.524	17.6
11:16:11.536	18.0
11:16:11.548	18.6
11:16:11.557	19.5
11:16:11.569	18.9
11:16:11.581	18.7
11:16:11.589	18.4
11:16:11.602	19.4
11:16:11.614	19.2
11:16:11.626	18.1
11:16:11.634	14.9
11:16:11.647	14.6
11:16:11.659	16.4
11:16:11.667	16.0
11:16:11.680	16.2
11:16:11.692	15.6
11:16:11.704	15.2
11:16:11.713	15.8
11:16:11.725	16.1
11:16:11.737	18.3
11:16:11.745	19.0
11:16:11.758	19.1
11:16:11.770	17.4
11:16:11.778	16.8
11:16:11.790	16.3
11:16:11.803	17.4
11:16:11.811	17.3
11:16:11.823	15.9
11:16:11.835	16.4
11:16:11.844	14.4
11:16:11.856	13.6
11:16:11.868	11.9
11:16:11.880	12.6
11:16:11.889	12.3
11:16:11.901	11.5
11:16:11.913	11.1
11:16:11.922	10.4
11:16:11.934	9.5
11:16:11.946	8.8
11:16:11.954	9.4
11:16:11.967	8.9
11:16:11.979	9.7
11:16:11.987	8.4
11:16:11.999	8.5
11:16:12.012	6.4
11:16:12.024	4.5
11:16:12.032	6.5
11:16:12.044	4.3
11:16:12.057	6.9
11:16:12.065	3.9
11:16:12.077	2.3
11:16:12.089	1.2
11:16:12.098	0.7
11:16:12.110	-2.1
11:16:12.122	-1.3
11:16:12.134	-1.8
11:16:12.143	-4.3
11:16:12.155	-4.0
11:16:12.167	-7.4
11:16:12.175	-6.4
11:16:12.188	-5.6
11:16:12.200	-5.8
11:16:12.208	-7.7
11:16:12.220	-7.3
11:16:12.233	-8.1
11:16:12.241	-8.7
11:16:12.253	-7.5
11:16:12.265	-7.1
11:16:12.274	-8.1
11:16:12.286	-9.6
11:16:12.298	-10.6
11:16:12.310	-11.1
11:16:12.319	-10.5
11:16:12.331	-9.5
11:16:12.343	-9.1
11:16:12.352	-8.1
11:16:12.364	-9.6
11:16:12.376	-11.7
11:16:12.388	-12.2
11:16:12.396	-10.3
11:16:12.409	-8.3
11:16:12.421	-9.1
11:16:12.429	-9.3
11:16:12.442	-9.7
11:16:12.454	-10.7
11:16:12.462	-11.1
11:16:12.474	-12.2
11:16:12.487	-10.0
11:16:12.495	-10.3
11:16:12.507	-12.1
11:16:12.519	-12.9
11:16:12.528	-10.8
11:16:12.540	-10.5
11:16:12.552	-10.2
11:16:12.564	-9.6
11:16:12.573	-11.7
11:16:12.585	-10.5
11:16:12.597	-11.1
11:16:12.609	-11.3
11:16:12.618	-11.2
11:16:12.630	-13.5
11:16:12.642	-15.4
11:16:12.650	-16.1
11:16:12.663	-17.0
11:16:12.675	-17.1
11:16:12.687	-16.4
11:16:12.695	-14.6
11:16:12.708	-14.5
11:16:12.720	-15.3
11:16:12.728	-15.2
11:16:12.740	-12.1
11:16:12.753	-11.2
11:16:12.761	-10.5
11:16:12.773	-9.9
11:16:12.785	-9.9
11:16:12.794	-9.7
11:16:12.806	-11.9
11:16:12.818	-12.7
11:16:12.826	-12.0
11:16:12.839	-14.4
11:16:12.851	-17.0
11:16:12.863	-17.4
11:16:12.871	-16.8
11:16:12.884	-17.2
11:16:12.896	-16.6
11:16:12.904	-16.4
11:16:12.917	-16.0
11:16:12.929	-15.7
11:16:12.937	-15.9
11:16:12.949	-13.3
11:16:12.962	-13.1
11:16:12.974	-13.5
11:16:12.982	-14.9
11:16:12.994	-15.0
11:16:13.007	-16.1
11:16:13.015	-15.9
11:16:13.027	-16.7
11:16:13.039	-16.7
11:16:13.048	-17.1
11:16:13.060	-14.4
11:16:13.072	-12.7
11:16:13.080	-11.5
11:16:13.093	-11.2
11:16:13.105	-10.8
11:16:13.117	-8.4
11:16:13.125	-8.1
11:16:13.138	-9.2
11:16:13.150	-9.2
11:16:13.158	-7.4
11:16:13.170	-9.5
11:16:13.183	-10.2
11:16:13.191	-12.2
11:16:13.203	-12.1
11:16:13.215	-8.9
11:16:13.224	-11.4
11:16:13.236	-10.1
11:16:13.248	-6.3
11:16:13.256	-4.1
11:16:13.269	-2.6
11:16:13.281	-2.0
11:16:13.293	1.0
11:16:13.301	3.4
11:16:13.314	4.7
11:16:13.326	1.1
11:16:13.334	3.2
11:16:13.346	1.6
11:16:13.359	-0.7
11:16:13.371	-1.6
11:16:13.379	-4.8
11:16:13.392	-4.7
11:16:13.404	-7.2
11:16:13.412	-8.2
11:16:13.424	-8.9
11:16:13.437	-7.8
11:16:13.445	-7.8
11:16:13.457	-6.7
11:16:13.470	-5.4
11:16:13.478	-5.3
11:16:13.490	-4.1
11:16:13.502	-4.3
11:16:13.510	-3.8
11:16:13.523	-3.3
11:16:13.535	-2.3
11:16:13.547	-1.1
11:16:13.556	-1.0
11:16:13.568	-0.1
11:16:13.580	0.0
11:16:13.588	-0.5
11:16:13.601	0.3
11:16:13.613	0.5
11:16:13.625	0.2
11:16:13.633	1.5
11:16:13.646	0.8
11:16:13.658	1.8
11:16:13.666	2.4
11:16:13.679	1.6
11:16:13.691	1.0
11:16:13.699	3.2
11:16:13.711	5.0
11:16:13.724	5.4
11:16:13.732	5.9
11:16:13.744	5.8
11:16:13.757	9.7
11:16:13.765	11.2
11:16:13.777	9.8
11:16:13.789	14.3
11:16:13.802	17.9
11:16:13.810	16.5
11:16:13.822	17.1
11:16:13.834	19.5
11:16:13.842	22.1
11:16:13.855	27.1
11:16:13.867	25.8
11:16:13.875	24.7
11:16:13.888	28.1
11:16:13.900	25.8
11:16:13.908	23.8
11:16:13.920	24.0
11:16:13.933	22.3
11:16:13.945	21.2
11:16:13.953	21.1
11:16:13.965	17.7
11:16:13.978	16.5
11:16:13.986	15.1
11:16:13.998	14.6
11:16:14.010	14.4
11:16:14.019	14.2
11:16:14.031	16.8
11:16:14.043	17.8
11:16:14.055	18.8
11:16:14.064	17.9
11:16:14.076	17.7
11:16:14.088	19.1
11:16:14.096	20.2
11:16:14.109	18.9
11:16:14.121	18.5
11:16:14.129	19.5
11:16:14.141	17.5
11:16:14.154	18.2
11:16:14.162	17.7
11:16:14.174	18.7
11:16:14.186	16.9
11:16:14.195	15.1
11:16:14.207	12.9
11:16:14.219	13.0
11:16:14.232	12.1
11:16:14.240	12.3
11:16:14.252	13.7
11:16:14.264	12.5
11:16:14.272	14.9
11:16:14.285	14.4
11:16:14.297	18.5
11:16:14.309	19.9
11:16:14.318	22.4
11:16:14.330	23.7
11:16:14.342	24.9
11:16:14.350	24.4
11:16:14.363	23.2
11:16:14.375	24.3
11:16:14.383	21.9
11:16:14.395	18.7
11:16:14.408	15.2
11:16:14.416	13.0
11:16:14.428	11.8
11:16:14.440	11.3
11:16:14.449	11.3
11:16:14.461	11.7
11:16:14.473	11.3
11:16:14.485	10.5
11:16:14.494	10.3
11:16:14.506	13.1
11:16:14.518	14.6
11:16:14.526	17.8
11:16:14.539	18.6
11:16:14.551	19.6
11:16:14.563	19.2
11:16:14.571	18.4
11:16:14.584	19.5
11:16:14.596	19.3
11:16:14.608	18.5
11:16:14.616	19.6
11:16:14.629	19.5
11:16:14.641	19.5
11:16:14.649	20.0
11:16:14.661	18.3
11:16:14.674	18.5
11:16:14.682	20.3
11:16:14.694	20.5
11:16:14.706	21.6
11:16:14.715	23.0
11:16:14.727	22.3
11:16:14.739	21.6
11:16:14.748	21.1
11:16:14.760	21.4
11:16:14.772	21.5
11:16:14.784	20.4
11:16:14.792	19.1
11:16:14.805	18.7
11:16:14.817	19.7
11:16:14.825	18.1
11:16:14.838	18.1
11:16:14.850	16.9
11:16:14.858	16.5
11:16:14.870	14.8
11:16:14.883	16.1
11:16:14.895	16.7
11:16:14.903	16.9
11:16:14.915	17.4
11:16:14.928	16.7
11:16:14.936	16.0
11:16:14.948	15.5
11:16:14.960	16.8
11:16:14.969	16.4
11:16:14.981	18.0
11:16:14.993	15.9
11:16:15.001	16.3
11:16:15.014	16.3
11:16:15.026	15.4
11:16:15.038	13.5
11:16:15.046	14.8
11:16:15.059	13.5
11:16:15.071	11.3
11:16:15.079	12.7
11:16:15.091	11.6
11:16:15.104	13.1
11:16:15.112	13.1
11:16:15.124	12.0
11:16:15.136	17.7
11:16:15.145	17.5
11:16:15.157	16.1
11:16:15.169	18.4
11:16:15.177	21.3
11:16:15.190	20.4
11:16:15.202	21.5
11:16:15.214	20.1
11:16:15.222	19.8
11:16:15.235	21.6
11:16:15.247	15.2
11:16:15.255	15.4
11:16:15.267	16.7
11:16:15.280	13.5
11:16:15.292	11.9
11:16:15.300	13.3
11:16:15.313	11.6
11:16:15.325	10.8
11:16:15.333	10.2
11:16:15.345	7.2
11:16:15.358	8.6
11:16:15.366	10.6
11:16:15.378	9.9
11:16:15.390	11.9
11:16:15.398	12.3
11:16:15.411	9.1
11:16:15.423	8.5
11:16:15.431	10.2
11:16:15.444	8.2
11:16:15.456	10.2
11:16:15.468	7.7
11:16:15.476	4.3
11:16:15.489	1.5
11:16:15.501	1.0
11:16:15.509	-1.3
11:16:15.521	-0.6
11:16:15.534	0.0
11:16:15.546	-1.3
11:16:15.554	-0.3
11:16:15.567	-1.7
11:16:15.579	-1.6
11:16:15.587	0.5
11:16:15.599	1.5
11:16:15.612	0.9
11:16:15.620	1.2
11:16:15.632	0.9
11:16:15.645	1.4
11:16:15.653	2.6
11:16:15.665	2.4
11:16:15.677	0.7
11:16:15.685	1.5
11:16:15.698	0.1
11:16:15.710	-0.8
11:16:15.722	-1.4
11:16:15.731	-1.2
11:16:15.743	-0.2
11:16:15.755	-0.9
11:16:15.763	-2.2
11:16:15.776	-1.5
11:16:15.788	0.4
11:16:15.796	1.5
11:16:15.808	1.4
11:16:15.821	3.3
11:16:15.829	2.1
11:16:15.841	2.3
11:16:15.853	1.9
11:16:15.866	0.9
11:16:15.874	1.4
11:16:15.886	0.6
11:16:15.898	1.2
11:16:15.907	-2.2
11:16:15.919	-2.1
11:16:15.931	-2.8
11:16:15.939	-3.3
11:16:15.952	-4.5
11:16:15.964	-7.6
11:16:15.976	-7.4
11:16:15.984	-7.8
11:16:15.997	-7.8
11:16:16.009	-10.7
11:16:16.017	-10.8
11:16:16.030	-12.4
11:16:16.042	-11.8
11:16:16.050	-10.7
11:16:16.062	-8.2
11:16:16.075	-5.3
11:16:16.083	-6.6
11:16:16.095	-6.1
11:16:16.107	-5.4
11:16:16.115	-4.8
11:16:16.128	-4.3
11:16:16.140	-3.2
11:16:16.152	-4.3
11:16:16.160	-1.8
11:16:16.173	-2.9
11:16:16.185	-3.4
11:16:16.193	-1.3
11:16:16.206	-1.6
11:16:16.218	-0.6
11:16:16.230	-0.8
11:16:16.238	0.8
11:16:16.251	0.8
11:16:16.263	1.2
11:16:16.271	-0.7
11:16:16.283	-1.2
11:16:16.296	-1.3
11:16:16.304	-1.4
11:16:16.316	-2.3
11:16:16.328	-3.0
11:16:16.337	-0.7
11:16:16.349	0.5
11:16:16.361	2.5
11:16:16.369	5.1
11:16:16.382	5.6
11:16:16.394	6.8
11:16:16.406	8.0
11:16:16.414	9.5
11:16:16.427	9.8
11:16:16.439	9.8
11:16:16.447	7.8
11:16:16.459	7.5
11:16:16.472	6.2
11:16:16.480	5.6
11:16:16.492	6.1
11:16:16.504	6.8
11:16:16.517	5.9
11:16:16.525	5.9
11:16:16.537	6.1
11:16:16.549	7.6
11:16:16.558	8.1
11:16:16.570	9.0
11:16:16.582	9.4
11:16:16.590	9.3
11:16:16.603	8.6
11:16:16.615	9.3
11:16:16.623	9.4
11:16:16.635	9.0
11:16:16.648	9.8
11:16:16.660	7.9
11:16:16.668	9.4
11:16:16.681	8.5
11:16:16.693	8.4
11:16:16.701	8.1
11:16:16.713	7.9
11:16:16.726	7.5
11:16:16.734	8.8
11:16:16.746	7.4
11:16:16.758	9.7
11:16:16.771	9.5
11:16:16.779	10.2
11:16:16.791	10.5
11:16:16.803	10.2
11:16:16.816	10.8
11:16:16.824	10.9
11:16:16.836	12.1
11:16:16.848	10.8
11:16:16.857	12.8
11:16:16.869	9.2
11:16:16.881	10.1
11:16:16.889	8.2
11:16:16.902	8.2
11:16:16.914	8.2
11:16:16.922	9.1
11:16:16.934	10.4
11:16:16.947	8.6
11:16:16.959	7.9
11:16:16.967	7.2
11:16:16.979	7.7
11:16:16.992	8.3
11:16:17.000	9.4
11:16:17.012	9.8
11:16:17.025	9.9
11:16:17.033	10.3
11:16:17.045	8.7
11:16:17.057	10.5
11:16:17.065	10.9
11:16:17.078	10.0
11:16:17.090	12.7
11:16:17.098	12.9
11:16:17.111	12.6
11:16:17.123	12.1
11:16:17.135	12.5
11:16:17.143	12.1
11:16:17.156	15.5
11:16:17.168	13.4
11:16:17.176	14.9
11:16:17.188	16.6
11:16:17.201	15.8
11:16:17.213	17.3
11:16:17.221	17.9
11:16:17.233	16.1
11:16:17.246	17.8
11:16:17.254	17.4
11:16:17.266	14.9
11:16:17.278	16.8
11:16:17.287	16.5
11:16:17.299	15.8
11:16:17.311	16.0
11:16:17.319	14.8
11:16:17.332	14.8
11:16:17.344	17.9
11:16:17.353	16.2
11:16:17.365	15.8
11:16:17.378	15.9
11:16:17.390	15.2
11:16:17.398	16.9
11:16:17.410	17.4
11:16:17.423	18.8
11:16:17.431	18.6
11:16:17.443	19.3
11:16:17.455	18.8
11:16:17.468	18.3
11:16:17.476	20.1
11:16:17.488	21.8
11:16:17.500	21.8
11:16:17.509	20.6
11:16:17.521	20.7
11:16:17.533	18.9
11:16:17.541	18.7
11:16:17.554	20.4
11:16:17.566	20.4
11:16:17.574	22.7
11:16:17.587	20.4
11:16:17.599	20.0
11:16:17.607	19.1
11:16:17.619	17.6
11:16:17.632	18.6
11:16:17.644	21.6
11:16:17.652	22.2
11:16:17.664	19.4
11:16:17.677	19.7
11:16:17.685	18.4
11:16:17.697	19.3
11:16:17.709	18.5
11:16:17.718	18.5
11:16:17.730	16.9
11:16:17.742	15.5
11:16:17.750	12.4
11:16:17.763	12.2
11:16:17.775	12.3
11:16:17.787	11.5
11:16:17.795	11.0
11:16:17.808	11.3
11:16:17.820	12.5
11:16:17.828	13.4
11:16:17.840	15.5
11:16:17.853	13.4
11:16:17.861	13.1
11:16:17.873	13.4
11:16:17.885	12.7
11:16:17.898	13.4
11:16:17.906	13.7
11:16:17.918	13.9
11:16:17.930	13.3
11:16:17.939	13.0
11:16:17.951	12.6
11:16:17.963	13.8
11:16:17.971	15.0
11:16:17.984	15.4
11:16:17.996	17.2
11:16:18.004	17.7
11:16:18.016	19.0
11:16:18.029	17.9
11:16:18.037	17.8
11:16:18.049	17.6
11:16:18.062	18.2
11:16:18.074	18.5
11:16:18.082	17.4
11:16:18.094	15.5
11:16:18.107	14.2
11:16:18.115	15.1
11:16:18.127	14.0
11:16:18.139	14.7
11:16:18.152	15.5
11:16:18.160	16.4
11:16:18.172	15.6
11:16:18.184	13.7
11:16:18.193	13.2
11:16:18.205	15.4
11:16:18.217	15.2
11:16:18.225	14.2
11:16:18.238	13.9
11:16:18.250	12.9
11:16:18.258	9.6
11:16:18.270	10.2
11:16:18.283	10.1
11:16:18.291	11.3
11:16:18.303	12.2
11:16:18.315	10.8
11:16:18.328	10.8
11:16:18.336	10.3
11:16:18.348	10.1
11:16:18.360	10.9
11:16:18.369	12.7
11:16:18.381	9.1
11:16:18.393	10.1
11:16:18.401	10.8
11:16:18.414	9.7
11:16:18.426	8.9
11:16:18.438	9.0
11:16:18.446	8.2
11:16:18.459	8.7
11:16:18.471	7.1
11:16:18.479	7.5
11:16:18.491	9.3
11:16:18.504	6.9
11:16:18.512	5.9
11:16:18.524	5.5
11:16:18.536	6.6
11:16:18.545	7.7
11:16:18.557	8.2
11:16:18.569	5.6
11:16:18.582	6.3
11:16:18.590	5.3
11:16:18.602	5.0
11:16:18.614	7.4
11:16:18.626	11.2
11:16:18.635	11.2
11:16:18.647	10.1
11:16:18.655	8.6
11:16:18.668	7.4
11:16:18.680	9.8
11:16:18.688	8.6
11:16:18.700	9.3
11:16:18.713	10.7
11:16:18.725	9.5
11:16:18.737	7.2
11:16:18.745	7.7
11:16:18.758	8.8
11:16:18.770	8.5
11:16:18.778	8.8
11:16:18.790	7.4
11:16:18.803	8.6
11:16:18.811	7.6
11:16:18.823	7.0
11:16:18.835	6.7
11:16:18.844	5.8
11:16:18.856	7.2
11:16:18.868	5.2
11:16:18.880	4.9
11:16:18.889	0.5
11:16:18.901	0.4
11:16:18.913	-0.5
11:16:18.921	1.5
11:16:18.934	0.8
11:16:18.946	1.1
11:16:18.954	-0.7
11:16:18.967	-3.8
11:16:18.979	-2.0
11:16:18.987	-1.2
11:16:18.999	1.8
11:16:19.012	3.2
11:16:19.020	3.9
11:16:19.032	1.4
11:16:19.044	-1.8
11:16:19.057	-2.2
11:16:19.065	-1.7
11:16:19.077	0.0
11:16:19.089	-2.0
11:16:19.098	-3.6
11:16:19.110	-3.3
11:16:19.122	-5.5
11:16:19.134	-7.5
11:16:19.143	-8.6
11:16:19.155	-7.3
11:16:19.167	-7.0
11:16:19.175	-6.3
11:16:19.188	-7.3
11:16:19.200	-8.6
11:16:19.208	-7.5
11:16:19.221	-5.2
11:16:19.233	-4.6
11:16:19.241	-3.6
11:16:19.253	-4.5
11:16:19.266	-4.1
11:16:19.274	-5.8
11:16:19.286	-6.8
11:16:19.298	-5.2
11:16:19.311	-5.1
11:16:19.319	-3.6
11:16:19.331	-8.9
11:16:19.343	-9.7
11:16:19.352	-11.1
11:16:19.364	-9.1
11:16:19.376	-10.4
11:16:19.388	-9.5
11:16:19.397	-10.2
11:16:19.409	-12.9
11:16:19.421	-13.4
11:16:19.429	-15.9
11:16:19.442	-14.5
11:16:19.454	-14.5
11:16:19.462	-14.7
11:16:19.474	-15.8
11:16:19.487	-15.4
11:16:19.495	-16.1
11:16:19.507	-15.2
11:16:19.519	-16.4
11:16:19.528	-14.7
11:16:19.540	-16.7
11:16:19.552	-14.8
11:16:19.564	-15.9
11:16:19.573	-15.4
11:16:19.585	-15.9
11:16:19.597	-15.5
11:16:19.605	-15.4
11:16:19.618	-15.1
11:16:19.630	-13.7
11:16:19.638	-14.0
11:16:19.651	-12.3
11:16:19.663	-16.1
11:16:19.671	-15.0
11:16:19.683	-15.6
11:16:19.696	-14.8
11:16:19.708	-17.2
11:16:19.716	-18.0
11:16:19.728	-19.1
11:16:19.741	-17.1
11:16:19.749	-16.8
11:16:19.761	-17.4
11:16:19.773	-15.5
11:16:19.782	-14.7
11:16:19.794	-14.3
11:16:19.806	-16.0
11:16:19.818	-14.0
11:16:19.827	-13.4
11:16:19.839	-9.1
11:16:19.851	-9.8
11:16:19.859	-10.1
11:16:19.872	-9.4
11:16:19.884	-8.7
11:16:19.892	-8.3
11:16:19.904	-7.2
11:16:19.917	-6.5
11:16:19.925	-4.5
11:16:19.937	-4.6
11:16:19.949	-8.2
11:16:19.958	-6.6
11:16:19.970	-4.1
11:16:19.982	-3.6
11:16:19.995	-2.0
11:16:20.003	-2.9
11:16:20.015	-1.7
11:16:20.027	0.3
11:16:20.035	0.4
11:16:20.048	2.5
11:16:20.060	4.8
11:16:20.072	5.0
11:16:20.080	3.7
11:16:20.093	5.0
11:16:20.105	4.4
11:16:20.113	6.9
11:16:20.126	9.1
11:16:20.138	10.1
11:16:20.146	9.0
11:16:20.158	9.2
11:16:20.171	8.5
11:16:20.179	7.1
11:16:20.191	6.0
11:16:20.203	5.4
11:16:20.212	5.8
11:16:20.224	6.0
11:16:20.236	4.4
11:16:20.248	4.2
11:16:20.257	6.0
11:16:20.269	5.3
11:16:20.281	4.0
11:16:20.289	4.3
11:16:20.302	6.3
11:16:20.314	7.9
11:16:20.322	10.1
11:16:20.334	10.1
11:16:20.347	9.9
11:16:20.359	9.9
11:16:20.367	10.0
11:16:20.379	12.4
11:16:20.392	14.3
11:16:20.400	14.8
11:16:20.412	13.9
11:16:20.424	13.3
11:16:20.433	11.3
11:16:20.445	11.2
11:16:20.457	13.7
11:16:20.465	14.3
11:16:20.478	15.9
11:16:20.490	13.5
11:16:20.502	12.4
11:16:20.510	11.1
11:16:20.523	12.7
11:16:20.535	12.7
11:16:20.547	14.4
11:16:20.555	13.7
11:16:20.568	12.4
11:16:20.580	13.4
11:16:20.588	11.6
11:16:20.601	12.0
11:16:20.613	11.9
11:16:20.621	13.1
11:16:20.633	11.5
11:16:20.646	12.2
11:16:20.658	12.6
11:16:20.666	13.3
11:16:20.678	12.3
11:16:20.691	11.5
11:16:20.699	10.3
11:16:20.711	11.8
11:16:20.723	13.1
11:16:20.732	12.6
11:16:20.744	13.6
11:16:20.756	12.4
11:16:20.764	11.0
11:16:20.777	10.1
11:16:20.789	10.5
11:16:20.801	10.2
11:16:20.809	13.0
11:16:20.822	12.2
11:16:20.834	12.4
11:16:20.842	12.4
11:16:20.854	11.7
11:16:20.867	12.7
11:16:20.875	11.9
11:16:20.887	12.5
11:16:20.900	12.5
11:16:20.908	12.2
11:16:20.920	10.7
11:16:20.932	11.7
11:16:20.941	9.9
11:16:20.953	9.5
11:16:20.965	11.6
11:16:20.977	11.0
11:16:20.986	11.5
11:16:20.998	11.7
11:16:21.010	11.6
11:16:21.018	13.3
11:16:21.031	14.4
11:16:21.043	12.7
11:16:21.055	15.4
11:16:21.063	15.2
11:16:21.076	13.5
11:16:21.088	13.9
11:16:21.096	13.9
11:16:21.108	14.0
11:16:21.121	14.1
11:16:21.129	11.4
11:16:21.141	7.8
11:16:21.153	7.0
11:16:21.162	5.0
11:16:21.174	6.9
11:16:21.186	6.4
11:16:21.194	5.2
11:16:21.207	5.7
11:16:21.219	7.1
11:16:21.231	6.6
11:16:21.239	6.5
11:16:21.252	9.6
11:16:21.264	10.3
11:16:21.272	10.1
11:16:21.284	10.1
11:16:21.297	9.0
11:16:21.309	10.8
11:16:21.317	11.0
11:16:21.329	10.2
11:16:21.342	10.6
11:16:21.350	12.1
11:16:21.362	10.8
11:16:21.375	12.7
11:16:21.383	13.2
11:16:21.395	11.6
11:16:21.407	12.1
11:16:21.416	10.4
11:16:21.428	9.7
11:16:21.440	9.4
11:16:21.448	8.0
11:16:21.461	7.3
11:16:21.473	8.7
11:16:21.485	6.9
11:16:21.493	6.9
11:16:21.506	8.4
11:16:21.518	9.6
11:16:21.526	10.8
11:16:21.538	12.2
11:16:21.551	13.0
11:16:21.559	16.3
11:16:21.571	17.4
11:16:21.583	17.8
11:16:21.592	18.6
11:16:21.604	17.9
11:16:21.616	16.8
11:16:21.628	15.5
11:16:21.637	16.0
11:16:21.649	14.4
11:16:21.661	12.7
11:16:21.669	10.0
11:16:21.682	11.6
11:16:21.694	11.1
11:16:21.702	10.1
11:16:21.715	11.4
11:16:21.727	12.1
11:16:21.739	13.6
11:16:21.747	11.2
11:16:21.760	11.8
11:16:21.772	12.6
11:16:21.780	13.9
11:16:21.792	11.2
11:16:21.805	11.2
11:16:21.813	12.9
11:16:21.825	12.4
11:16:21.837	11.3
11:16:21.846	11.0
11:16:21.858	12.9
11:16:21.870	12.9
11:16:21.878	12.3
11:16:21.891	11.8
11:16:21.903	12.8
11:16:21.915	12.7
11:16:21.923	10.2
11:16:21.936	9.8
11:16:21.948	11.0
11:16:21.956	11.1
11:16:21.968	10.5
11:16:21.981	11.3
11:16:21.993	12.9
11:16:22.001	12.0
11:16:22.014	10.3
11:16:22.026	7.7
11:16:22.034	10.1
11:16:22.046	10.7
11:16:22.059	9.8
11:16:22.067	10.3
11:16:22.079	9.8
11:16:22.091	9.1
11:16:22.100	5.6
11:16:22.112	6.2
11:16:22.124	7.8
11:16:22.132	9.2
11:16:22.145	8.4
11:16:22.157	8.5
11:16:22.169	7.6
11:16:22.177	7.0
11:16:22.190	8.0
11:16:22.202	7.7
11:16:22.210	8.1
11:16:22.222	10.9
11:16:22.235	10.3
11:16:22.243	10.3
11:16:22.255	9.3
11:16:22.267	9.5
11:16:22.280	9.8
11:16:22.288	9.1
11:16:22.300	7.6
11:16:22.312	9.0
11:16:22.321	10.6
11:16:22.333	6.7
11:16:22.345	6.1
11:16:22.353	6.9
11:16:22.366	5.8
11:16:22.378	3.8
11:16:22.386	5.0
11:16:22.398	4.3
11:16:22.411	4.0
11:16:22.423	2.7
11:16:22.431	1.2
11:16:22.443	1.1
11:16:22.456	2.3
11:16:22.464	1.4
11:16:22.476	1.7
11:16:22.489	2.1
11:16:22.497	1.6
11:16:22.509	0.5
11:16:22.521	1.7
11:16:22.529	0.6
11:16:22.542	1.0
11:16:22.554	-0.6
11:16:22.566	0.0
11:16:22.575	-0.9
11:16:22.587	-0.4
11:16:22.599	0.2
11:16:22.607	-0.7
11:16:22.620	0.8
11:16:22.632	-1.2
11:16:22.640	-1.8
11:16:22.652	-3.8
11:16:22.665	-1.6
11:16:22.677	-3.5
11:16:22.685	-4.5
11:16:22.697	-4.6
11:16:22.710	-7.3
11:16:22.722	-6.8
11:16:22.731	-8.4
11:16:22.742	-9.4
11:16:22.755	-9.5
11:16:22.763	-8.6
11:16:22.775	-10.5
11:16:22.787	-11.1
11:16:22.796	-11.6
11:16:22.808	-11.7
11:16:22.820	-10.9
11:16:22.828	-11.6
11:16:22.841	-11.7
11:16:22.853	-10.2
11:16:22.861	-11.7
11:16:22.873	-10.7
11:16:22.886	-9.0
11:16:22.898	-9.6
11:16:22.906	-9.0
11:16:22.918	-9.2
11:16:22.931	-8.5
11:16:22.939	-11.4
11:16:22.951	-11.4
11:16:22.964	-12.4
11:16:22.977	-11.8
11:16:22.985	-14.4
11:16:22.997	-16.7
11:16:23.010	-15.9
11:16:23.018	-16.2
11:16:23.030	-16.8
11:16:23.042	-16.6
11:16:23.051	-15.0
11:16:23.063	-13.0
11:16:23.075	-12.9
11:16:23.083	-12.8
11:16:23.096	-12.8
11:16:23.108	-13.6
11:16:23.116	-14.7
11:16:23.128	-14.7
11:16:23.141	-15.9
11:16:23.153	-17.4
11:16:23.161	-16.8
11:16:23.173	-18.9
11:16:23.186	-18.4
11:16:23.194	-19.0
11:16:23.206	-18.2
11:16:23.218	-17.2
11:16:23.231	-17.9
11:16:23.239	-18.4
11:16:23.251	-15.2
11:16:23.263	-14.0
11:16:23.272	-16.1
11:16:23.284	-17.1
11:16:23.296	-18.3
11:16:23.304	-17.1
11:16:23.317	-17.3
11:16:23.329	-16.8
11:16:23.337	-17.4
11:16:23.349	-16.8
11:16:23.362	-19.1
11:16:23.370	-21.2
11:16:23.382	-21.0
11:16:23.394	-21.6
11:16:23.407	-20.1
11:16:23.415	-21.7
11:16:23.427	-21.7
11:16:23.440	-24.4
11:16:23.448	-23.0
11:16:23.460	-23.5
11:16:23.472	-23.0
11:16:23.480	-22.3
11:16:23.493	-20.6
11:16:23.505	-18.6
11:16:23.513	-19.7
11:16:23.525	-18.7
11:16:23.538	-18.6
11:16:23.550	-16.6
11:16:23.558	-15.3
11:16:23.571	-14.9
11:16:23.583	-15.2
11:16:23.591	-14.8
11:16:23.603	-15.0
11:16:23.616	-16.4
11:16:23.624	-15.3
11:16:23.636	-14.0
11:16:23.649	-13.1
11:16:23.661	-12.6
11:16:23.669	-14.4
11:16:23.681	-15.1
11:16:23.693	-15.4
11:16:23.702	-16.4
11:16:23.714	-15.1
11:16:23.726	-11.4
11:16:23.734	-12.2
11:16:23.747	-13.2
11:16:23.759	-13.1
11:16:23.767	-14.5
11:16:23.779	-12.1
11:16:23.792	-10.5
11:16:23.800	-8.8
11:16:23.812	-5.8
11:16:23.824	-7.9
11:16:23.837	-10.5
11:16:23.845	-9.9
11:16:23.857	-9.7
11:16:23.869	-10.2
11:16:23.878	-9.0
11:16:23.890	-10.5
11:16:23.902	-8.3
11:16:23.915	-9.1
11:16:23.923	-10.1
11:16:23.935	-8.7
11:16:23.947	-7.5
11:16:23.955	-5.5
11:16:23.968	-4.0
11:16:23.980	-3.4
11:16:23.988	-1.9
11:16:24.000	-0.2
11:16:24.013	-1.5
11:16:24.021	0.4
11:16:24.033	1.6
11:16:24.046	2.6
11:16:24.054	1.9
11:16:24.066	1.1
11:16:24.078	0.9
11:16:24.091	2.6
11:16:24.099	2.6
11:16:24.111	2.9
11:16:24.123	4.8
11:16:24.131	3.0
11:16:24.144	3.6
11:16:24.156	3.7
11:16:24.164	3.7
11:16:24.177	2.7
11:16:24.189	2.1
11:16:24.201	2.2
11:16:24.209	2.6
11:16:24.222	2.0
11:16:24.234	0.6
11:16:24.242	2.0
11:16:24.254	1.0
11:16:24.267	1.3
11:16:24.275	2.0
11:16:24.287	4.3
11:16:24.299	5.9
11:16:24.308	4.9
11:16:24.320	6.2
11:16:24.332	5.3
11:16:24.344	4.6
11:16:24.353	1.4
11:16:24.365	0.0
11:16:24.377	0.9
11:16:24.385	0.4
11:16:24.398	-2.0
11:16:24.410	-2.7
11:16:24.418	-3.2
11:16:24.430	-5.2
11:16:24.443	-3.9
11:16:24.451	-3.9
11:16:24.463	2.2
11:16:24.475	4.1
11:16:24.488	2.7
11:16:24.496	3.9
11:16:24.508	4.2
11:16:24.521	4.0
11:16:24.529	5.0
11:16:24.541	5.6
11:16:24.553	4.2
11:16:24.561	5.5
11:16:24.574	1.3
11:16:24.586	1.9
11:16:24.598	2.4
11:16:24.606	3.3
11:16:24.619	4.1
11:16:24.631	4.3
11:16:24.639	5.6
11:16:24.652	5.1
11:16:24.664	6.4
11:16:24.672	5.2
11:16:24.684	5.8
11:16:24.697	4.9
11:16:24.709	7.2
11:16:24.717	5.7
11:16:24.729	5.9
11:16:24.742	5.6
11:16:24.750	4.1
11:16:24.762	6.5
11:16:24.775	7.0
11:16:24.783	9.4
11:16:24.795	8.9
11:16:24.807	10.7
11:16:24.819	8.7
11:16:24.828	10.3
11:16:24.840	10.4
11:16:24.852	11.8
11:16:24.860	13.1
11:16:24.873	11.8
11:16:24.885	11.7
11:16:24.897	10.4
11:16:24.905	10.8
11:16:24.918	9.6
11:16:24.930	9.4
11:16:24.938	8.0
11:16:24.951	11.1
11:16:24.963	8.3
11:16:24.971	7.9
11:16:24.983	7.5
11:16:24.996	7.4
11:16:25.004	8.8
11:16:25.016	9.5
11:16:25.028	10.2
11:16:25.036	10.2
11:16:25.049	9.1
11:16:25.061	6.6
11:16:25.073	8.1
11:16:25.082	8.6
11:16:25.094	10.0
11:16:25.106	9.2
11:16:25.114	7.4
11:16:25.127	7.8
11:16:25.139	5.7
11:16:25.151	5.6
11:16:25.159	6.6
11:16:25.172	6.7
11:16:25.184	6.9
11:16:25.192	5.2
11:16:25.204	4.2
11:16:25.217	3.3
11:16:25.225	2.5
11:16:25.237	1.8
11:16:25.249	2.7
11:16:25.258	2.9
11:16:25.270	2.4
11:16:25.282	3.7
11:16:25.290	2.1
11:16:25.303	2.2
11:16:25.315	1.5
11:16:25.327	1.9
11:16:25.335	3.9
11:16:25.348	2.2
11:16:25.360	1.5
11:16:25.368	-0.8
11:16:25.380	1.1
11:16:25.393	-1.7
11:16:25.401	0.1
11:16:25.413	-0.2
11:16:25.425	-1.3
11:16:25.434	-2.0
11:16:25.446	-3.7
11:16:25.458	-2.9
11:16:25.471	-2.8
11:16:25.479	-1.9
11:16:25.491	-3.7
11:16:25.503	-5.7
11:16:25.511	-5.3
11:16:25.524	-3.2
11:16:25.536	-2.2
11:16:25.544	-2.7
11:16:25.557	-3.5
11:16:25.569	-4.2
11:16:25.581	-5.3
11:16:25.589	-6.1
11:16:25.602	-6.7
11:16:25.614	-5.4
11:16:25.622	-7.7
11:16:25.634	-11.3
11:16:25.647	-13.5
11:16:25.655	-13.5
11:16:25.667	-14.3
11:16:25.679	-13.3
11:16:25.688	-11.5
11:16:25.700	-10.4
11:16:25.712	-9.3
11:16:25.720	-8.8
11:16:25.733	-8.2
11:16:25.745	-6.5
11:16:25.757	-4.5
11:16:25.765	-4.6
11:16:25.778	-4.6
11:16:25.790	-6.9
11:16:25.798	-8.3
11:16:25.810	-8.8
11:16:25.823	-9.9
11:16:25.835	-10.6
11:16:25.843	-11.1
11:16:25.855	-13.5
11:16:25.868	-14.4
11:16:25.876	-14.7
11:16:25.888	-16.3
11:16:25.900	-16.2
11:16:25.909	-16.8
11:16:25.921	-17.5
11:16:25.933	-18.5
11:16:25.941	-19.5
11:16:25.954	-19.2
11:16:25.966	-17.3
11:16:25.974	-17.1
11:16:25.987	-15.5
11:16:25.999	-12.0
11:16:26.011	-10.7
11:16:26.019	-8.6
11:16:26.032	-8.4
11:16:26.044	-6.4
11:16:26.052	-4.8
11:16:26.064	-5.0
11:16:26.077	-6.1
11:16:26.085	-6.1
11:16:26.097	-6.1
11:16:26.109	-5.3
11:16:26.122	-4.4
11:16:26.130	-5.4
11:16:26.142	-3.4
11:16:26.154	-3.3
11:16:26.163	-2.0
11:16:26.175	-2.4
11:16:26.187	0.0
11:16:26.195	0.8
11:16:26.208	1.9
11:16:26.220	-0.3
11:16:26.228	-1.6
11:16:26.240	-0.9
11:16:26.253	-1.4
11:16:26.265	0.2
11:16:26.273	-0.2
11:16:26.285	1.2
11:16:26.298	1.7
11:16:26.306	2.7
11:16:26.318	1.4
11:16:26.330	0.8
11:16:26.339	3.5
11:16:26.351	3.6
11:16:26.363	3.3
11:16:26.371	2.2
11:16:26.384	1.9
11:16:26.396	1.4
11:16:26.408	-1.1
11:16:26.416	-1.9
11:16:26.429	-1.9
11:16:26.441	1.2
11:16:26.449	0.2
11:16:26.461	1.9
11:16:26.474	2.6
11:16:26.482	2.3
11:16:26.494	1.3
11:16:26.506	2.6
11:16:26.519	4.1
11:16:26.527	4.2
11:16:26.539	4.4
11:16:26.552	2.9
11:16:26.560	2.3
11:16:26.572	-0.7
11:16:26.584	-1.6
11:16:26.593	-1.4
11:16:26.605	0.0
11:16:26.618	-0.8
11:16:26.626	-0.7
11:16:26.639	-0.6
11:16:26.651	-0.6
11:16:26.659	0.5
11:16:26.671	-0.5
11:16:26.684	1.8
11:16:26.696	2.4
11:16:26.704	2.7
11:16:26.716	2.7
11:16:26.729	3.3
11:16:26.741	3.4
11:16:26.749	3.3
11:16:26.761	4.3
11:16:26.774	3.3
11:16:26.782	5.4
11:16:26.794	5.0
11:16:26.806	5.5
11:16:26.819	4.8
11:16:26.827	5.9
11:16:26.839	7.4
11:16:26.852	6.8
11:16:26.860	8.0
11:16:26.872	7.2
11:16:26.884	5.6
11:16:26.892	5.3
11:16:26.905	4.9
11:16:26.917	5.4
11:16:26.925	6.5
11:16:26.937	5.7
11:16:26.950	4.0
11:16:26.958	4.6
11:16:26.970	2.2
11:16:26.983	1.4
11:16:26.995	2.6
11:16:27.003	2.8
11:16:27.015	3.4
11:16:27.028	2.7
11:16:27.036	1.6
11:16:27.048	0.8
11:16:27.060	-0.1
11:16:27.073	-1.0
11:16:27.081	0.3
11:16:27.093	1.3
11:16:27.105	1.4
11:16:27.114	1.7
11:16:27.126	2.1
11:16:27.138	3.1
11:16:27.146	4.0
11:16:27.159	4.5
11:16:27.171	6.8
11:16:27.179	8.5
11:16:27.191	9.2
11:16:27.204	11.8
11:16:27.212	13.2
11:16:27.224	13.4
11:16:27.236	11.8
11:16:27.249	10.3
11:16:27.257	10.6
11:16:27.269	10.3
11:16:27.281	8.7
11:16:27.290	8.1
11:16:27.302	7.1
11:16:27.314	5.7
11:16:27.322	5.2
11:16:27.335	4.9
11:16:27.347	6.9
11:16:27.355	7.4
11:16:27.368	7.1
11:16:27.380	6.2
11:16:27.392	5.4
11:16:27.400	3.6
11:16:27.412	2.7
11:16:27.425	3.6
11:16:27.433	2.1
11:16:27.445	1.3
11:16:27.458	0.0
11:16:27.466	1.1
11:16:27.478	0.1
11:16:27.490	1.4
11:16:27.503	2.1
11:16:27.511	3.3
11:16:27.523	4.2
11:16:27.535	1.6
11:16:27.544	3.4
11:16:27.556	4.6
11:16:27.568	5.5
11:16:27.576	3.1
11:16:27.589	3.6
11:16:27.601	2.8
11:16:27.609	3.6
11:16:27.621	4.1
11:16:27.634	3.5
11:16:27.642	3.6
11:16:27.654	3.7
11:16:27.667	3.0
11:16:27.679	2.1
11:16:27.687	3.7
11:16:27.699	3.1
11:16:27.711	3.1
11:16:27.720	2.1
11:16:27.732	2.2
11:16:27.744	1.2
11:16:27.756	1.9
11:16:27.765	0.8
11:16:27.777	0.4
11:16:27.789	-0.9
11:16:27.797	-1.2
11:16:27.810	-0.4
11:16:27.822	0.2
11:16:27.830	0.6
11:16:27.842	1.8
11:16:27.855	4.0
11:16:27.863	5.1
11:16:27.875	5.9
11:16:27.887	5.9
11:16:27.896	6.7
11:16:27.908	6.0
11:16:27.920	5.6
11:16:27.933	6.2
11:16:27.941	6.5
11:16:27.953	4.7
11:16:27.965	6.6
11:16:27.973	5.5
11:16:27.986	2.6
11:16:27.998	3.7
11:16:28.006	4.4
11:16:28.019	6.3
11:16:28.031	7.5
11:16:28.043	6.9
11:16:28.051	6.6
11:16:28.064	7.2
11:16:28.076	4.5
11:16:28.084	5.5
11:16:28.096	7.7
11:16:28.109	7.7
11:16:28.117	5.4
11:16:28.129	3.2
11:16:28.141	2.0
11:16:28.150	2.5
11:16:28.162	4.1
11:16:28.174	2.8
11:16:28.186	4.2
11:16:28.195	2.6
11:16:28.207	2.0
11:16:28.219	2.2
11:16:28.227	5.1
11:16:28.240	5.5
11:16:28.252	4.5
11:16:28.260	3.1
11:16:28.272	2.6
11:16:28.285	2.5
11:16:28.293	0.3
11:16:28.305	3.5
11:16:28.317	3.9
11:16:28.330	1.1
11:16:28.338	0.2
11:16:28.350	-1.9
11:16:28.362	-2.2
11:16:28.371	-2.8
11:16:28.383	-3.5
11:16:28.395	-3.0
11:16:28.403	0.2
11:16:28.416	-2.0
11:16:28.428	0.2
11:16:28.440	2.4
11:16:28.448	5.0
11:16:28.461	6.4
11:16:28.473	7.0
11:16:28.485	11.2
11:16:28.494	12.2
11:16:28.506	12.9
11:16:28.514	9.3
11:16:28.526	8.2
11:16:28.539	5.6
11:16:28.547	7.2
11:16:28.559	3.3
11:16:28.571	4.0
11:16:28.579	4.0
11:16:28.592	2.2
11:16:28.604	2.2
11:16:28.616	1.9
11:16:28.625	1.9
11:16:28.637	2.3
11:16:28.649	5.3
11:16:28.657	1.5
11:16:28.670	2.8
11:16:28.682	3.0
11:16:28.694	5.1
11:16:28.702	4.8
11:16:28.715	2.6
11:16:28.727	4.6
11:16:28.739	5.6
11:16:28.747	5.6
11:16:28.760	3.0
11:16:28.772	3.5
11:16:28.780	1.5
11:16:28.792	0.7
11:16:28.805	-0.5
11:16:28.813	-3.1
11:16:28.825	-1.6
11:16:28.837	-3.5
11:16:28.846	-2.3
11:16:28.858	-3.2
11:16:28.870	-1.0
11:16:28.878	-0.6
11:16:28.891	1.8
11:16:28.903	2.7
11:16:28.915	2.7
11:16:28.923	6.6
11:16:28.936	8.4
11:16:28.948	7.6
11:16:28.956	6.1
11:16:28.969	3.7
11:16:28.981	1.6
11:16:28.993	2.7
11:16:29.001	1.8
11:16:29.014	2.2
11:16:29.026	2.0
11:16:29.034	-1.8
11:16:29.046	-3.2
11:16:29.059	-2.5
11:16:29.067	0.1
11:16:29.079	2.7
11:16:29.091	4.4
11:16:29.100	2.8
11:16:29.112	3.5
11:16:29.124	2.9
11:16:29.132	3.1
11:16:29.145	4.8
11:16:29.157	4.8
11:16:29.169	2.6
11:16:29.177	0.8
11:16:29.190	3.2
11:16:29.202	2.6
11:16:29.210	5.6
11:16:29.222	4.9
11:16:29.235	5.4
11:16:29.243	6.1
11:16:29.255	8.4
11:16:29.267	8.1
11:16:29.276	11.7
11:16:29.288	15.5
11:16:29.300	13.7
11:16:29.312	14.3
11:16:29.321	13.6
11:16:29.333	14.4
11:16:29.345	15.8
11:16:29.353	15.8
11:16:29.366	15.9
11:16:29.378	15.0
11:16:29.386	13.7
11:16:29.398	9.9
11:16:29.411	10.6
11:16:29.423	10.8
11:16:29.431	14.7
11:16:29.444	14.9
11:16:29.456	14.3
11:16:29.464	15.1
11:16:29.476	14.0
11:16:29.489	16.7
11:16:29.497	17.8
11:16:29.509	19.0
11:16:29.522	20.6
11:16:29.530	19.6
11:16:29.542	17.9
11:16:29.554	18.3
11:16:29.563	17.5
11:16:29.575	17.7
11:16:29.587	19.0
11:16:29.599	19.5
11:16:29.608	18.8
11:16:29.620	19.3
11:16:29.632	20.6
11:16:29.640	20.9
11:16:29.653	19.8
11:16:29.665	21.8
11:16:29.677	22.7
11:16:29.685	22.9
11:16:29.698	22.0
11:16:29.710	21.0
11:16:29.718	23.3
11:16:29.730	23.5
11:16:29.743	21.2
11:16:29.751	21.0
11:16:29.763	21.4
11:16:29.776	19.0
11:16:29.784	19.7
11:16:29.796	20.8
11:16:29.808	22.4
11:16:29.816	20.8
11:16:29.829	18.3
11:16:29.841	16.8
11:16:29.853	19.0
11:16:29.861	18.8
11:16:29.874	18.5
11:16:29.886	19.2
11:16:29.894	19.1
11:16:29.907	18.3
11:16:29.919	16.5
11:16:29.927	17.8
11:16:29.939	19.5
11:16:29.952	20.7
11:16:29.964	17.9
11:16:29.972	17.7
11:16:29.984	17.5
11:16:29.997	16.5
11:16:30.005	14.7
11:16:30.017	13.6
11:16:30.029	13.8
11:16:30.038	11.6
11:16:30.050	10.5
11:16:30.062	10.0
11:16:30.070	9.8
11:16:30.083	9.2
11:16:30.095	6.9
11:16:30.107	8.0
11:16:30.115	7.1
11:16:30.128	5.1
11:16:30.140	3.2
11:16:30.148	2.4
11:16:30.160	0.7
11:16:30.173	-0.3
11:16:30.181	-0.7
11:16:30.193	-0.3
11:16:30.205	0.9
11:16:30.214	-0.5
11:16:30.226	0.1
11:16:30.238	0.8
11:16:30.250	0.7
11:16:30.259	1.6
11:16:30.271	0.4
11:16:30.283	-1.1
11:16:30.291	-2.8
11:16:30.304	-2.1
11:16:30.316	-3.5
11:16:30.324	-5.0
11:16:30.336	-5.9
11:16:30.349	-4.8
11:16:30.361	-6.1
11:16:30.369	-7.9
11:16:30.381	-6.4
11:16:30.394	-4.0
11:16:30.402	-2.8
11:16:30.414	-4.9
11:16:30.427	-5.7
11:16:30.435	-5.3
11:16:30.447	-6.0
11:16:30.459	-7.7
11:16:30.467	-7.6
11:16:30.480	-8.2
11:16:30.492	-9.3
11:16:30.504	-11.0
11:16:30.513	-11.0
11:16:30.525	-9.8
11:16:30.537	-9.6
11:16:30.545	-6.5
11:16:30.558	-3.9
11:16:30.570	-3.5
11:16:30.578	-2.6
11:16:30.590	-0.9
11:16:30.603	-1.0
11:16:30.615	-0.8
11:16:30.623	-0.3
11:16:30.635	0.3
11:16:30.648	1.5
11:16:30.656	-1.0
11:16:30.668	0.1
11:16:30.680	1.3
11:16:30.693	3.4
11:16:30.701	6.8
11:16:30.713	10.9
11:16:30.725	11.2
11:16:30.734	13.0
11:16:30.746	11.7
11:16:30.758	12.2
11:16:30.766	13.0
11:16:30.779	11.9
11:16:30.791	12.3
11:16:30.799	12.4
11:16:30.811	10.8
11:16:30.824	9.9
11:16:30.836	12.0
11:16:30.844	12.4
11:16:30.856	14.0
11:16:30.869	14.4
11:16:30.877	13.6
11:16:30.889	12.5
11:16:30.902	11.8
11:16:30.914	13.2
11:16:30.922	12.4
11:16:30.934	12.2
11:16:30.947	10.3
11:16:30.955	10.9
11:16:30.967	12.4
11:16:30.979	13.6
11:16:30.988	14.7
11:16:31.000	15.8
11:16:31.012	15.2
11:16:31.020	12.7
11:16:31.033	14.7
11:16:31.045	15.8
11:16:31.053	18.0
11:16:31.065	18.0
11:16:31.078	17.5
11:16:31.090	17.5
11:16:31.098	15.8
11:16:31.110	15.2
11:16:31.123	18.1
11:16:31.131	18.9
11:16:31.143	18.9
11:16:31.155	18.5
11:16:31.164	17.5
11:16:31.176	15.8
11:16:31.188	16.8
11:16:31.196	17.4
11:16:31.209	19.8
11:16:31.222	21.9
11:16:31.234	21.6
11:16:31.242	21.5
11:16:31.255	20.5
11:16:31.267	21.7
11:16:31.275	21.3
11:16:31.288	22.0
11:16:31.300	20.4
11:16:31.308	21.9
11:16:31.320	21.3
11:16:31.332	20.4
11:16:31.345	19.8
11:16:31.353	20.8
11:16:31.365	20.6
11:16:31.378	20.0
11:16:31.386	21.8
11:16:31.398	21.2
11:16:31.410	21.6
11:16:31.418	18.5
11:16:31.431	20.7
11:16:31.443	21.6
11:16:31.451	22.0
11:16:31.464	23.3
11:16:31.476	24.5
11:16:31.484	23.5
11:16:31.496	23.9
11:16:31.509	24.9
11:16:31.521	23.6
11:16:31.529	24.6
11:16:31.541	24.7
11:16:31.554	23.2
11:16:31.562	22.7
11:16:31.574	20.6
11:16:31.586	21.3
11:16:31.599	22.1
11:16:31.607	22.2
11:16:31.619	21.8
11:16:31.631	22.5
11:16:31.640	23.6
11:16:31.652	23.7
11:16:31.664	24.7
11:16:31.672	25.3
11:16:31.685	25.8
11:16:31.697	24.3
11:16:31.705	24.9
11:16:31.717	24.2
11:16:31.730	23.2
11:16:31.738	24.3
11:16:31.750	22.5
11:16:31.762	20.0
11:16:31.775	19.9
11:16:31.783	19.4
11:16:31.795	20.7
11:16:31.807	20.9
11:16:31.816	19.7
11:16:31.828	19.0
11:16:31.840	19.6
11:16:31.848	19.8
11:16:31.861	20.4
11:16:31.873	22.3
11:16:31.885	21.2
11:16:31.893	21.8
11:16:31.906	21.4
11:16:31.918	22.1
11:16:31.926	21.8
11:16:31.939	21.0
11:16:31.951	20.4
11:16:31.959	19.6
11:16:31.971	19.1
11:16:31.984	16.9
11:16:31.992	17.2
11:16:32.004	14.9
11:16:32.016	13.1
11:16:32.029	13.7
11:16:32.037	13.3
11:16:32.049	13.0
11:16:32.061	13.9
11:16:32.070	14.2
11:16:32.082	14.2
11:16:32.094	14.8
11:16:32.102	14.8
11:16:32.115	16.2
11:16:32.127	18.6
11:16:32.135	16.6
11:16:32.147	16.1
11:16:32.160	16.4
11:16:32.172	13.2
11:16:32.180	11.2
11:16:32.192	10.7
11:16:32.205	11.2
11:16:32.213	10.5
11:16:32.225	9.6
11:16:32.237	8.1
11:16:32.246	8.8
11:16:32.258	9.4
11:16:32.270	8.6
11:16:32.282	11.9
11:16:32.291	12.8
11:16:32.303	12.5
11:16:32.315	12.3
11:16:32.323	15.8
11:16:32.336	15.8
11:16:32.348	16.5
11:16:32.356	14.7
11:16:32.368	15.1
11:16:32.381	16.3
11:16:32.389	15.6
11:16:32.401	15.9
11:16:32.414	14.9
11:16:32.426	14.2
11:16:32.434	12.4
11:16:32.446	12.0
11:16:32.459	10.8
11:16:32.467	12.1
11:16:32.479	9.2
11:16:32.491	9.9
11:16:32.500	9.3
11:16:32.512	8.8
11:16:32.524	11.3
11:16:32.536	11.5
11:16:32.545	14.2
11:16:32.557	13.8
11:16:32.569	13.7
11:16:32.581	14.3
11:16:32.590	15.6
11:16:32.602	15.8
11:16:32.614	16.1
11:16:32.622	16.1
11:16:32.635	14.3
11:16:32.647	15.6
11:16:32.655	12.9
11:16:32.667	13.5
11:16:32.680	12.0
11:16:32.688	12.7
11:16:32.700	14.6
11:16:32.713	15.0
11:16:32.721	15.3
11:16:32.733	15.3
11:16:32.745	14.5
11:16:32.757	13.0
11:16:32.766	13.9
11:16:32.778	14.1
11:16:32.790	16.0
11:16:32.798	13.0
11:16:32.811	9.9
11:16:32.823	8.7
11:16:32.835	8.2
11:16:32.844	7.9
11:16:32.856	9.3
11:16:32.868	9.6
11:16:32.876	8.4
11:16:32.888	7.7
11:16:32.901	7.8
11:16:32.909	8.9
11:16:32.921	8.8
11:16:32.934	6.8
11:16:32.942	6.8
11:16:32.954	6.8
11:16:32.966	4.5
11:16:32.975	5.8
11:16:32.987	5.1
11:16:32.999	4.9
11:16:33.011	2.8
11:16:33.020	2.4
11:16:33.032	5.1
11:16:33.044	4.1
11:16:33.052	3.7
11:16:33.065	3.1
11:16:33.077	4.4
11:16:33.085	4.7
11:16:33.098	3.9
11:16:33.110	6.7
11:16:33.118	7.0
11:16:33.130	8.7
11:16:33.142	7.8
11:16:33.155	9.0
11:16:33.163	7.9
11:16:33.175	8.2
11:16:33.187	8.7
11:16:33.196	5.6
11:16:33.208	4.7
11:16:33.220	4.1
11:16:33.228	3.6
11:16:33.241	2.3
11:16:33.253	1.0
11:16:33.265	0.5
11:16:33.273	1.0
11:16:33.286	-1.5
11:16:33.298	-3.6
11:16:33.306	-3.5
11:16:33.318	-2.4
11:16:33.331	-5.0
11:16:33.339	-5.6
11:16:33.351	-7.4
11:16:33.363	-7.7
11:16:33.372	-7.1
11:16:33.384	-8.1
11:16:33.396	-7.5
11:16:33.404	-8.1
11:16:33.417	-8.8
11:16:33.429	-11.7
11:16:33.441	-13.3
11:16:33.450	-14.1
11:16:33.462	-12.8
11:16:33.474	-13.1
11:16:33.482	-12.8
11:16:33.495	-12.8
11:16:33.507	-10.4
11:16:33.519	-10.0
11:16:33.527	-8.9
11:16:33.540	-6.7
11:16:33.552	-7.0
11:16:33.560	-6.4
11:16:33.572	-7.8
11:16:33.585	-8.8
11:16:33.593	-11.2
11:16:33.605	-11.0
11:16:33.618	-14.2
11:16:33.626	-14.6
11:16:33.638	-17.3
11:16:33.650	-18.2
11:16:33.659	-18.8
11:16:33.671	-19.4
11:16:33.683	-19.8
11:16:33.695	-20.1
11:16:33.704	-20.3
11:16:33.716	-20.7
11:16:33.728	-18.6
11:16:33.736	-18.5
11:16:33.749	-14.1
11:16:33.761	-17.1
11:16:33.769	-18.1
11:16:33.781	-17.9
11:16:33.794	-14.6
11:16:33.806	-13.1
11:16:33.814	-12.4
11:16:33.827	-12.9
11:16:33.839	-14.1
11:16:33.847	-14.5
11:16:33.859	-13.5
11:16:33.871	-9.8
11:16:33.880	-7.1
11:16:33.892	-8.7
11:16:33.904	-13.8
11:16:33.912	-13.0
11:16:33.925	-13.4
11:16:33.937	-13.5
11:16:33.949	-11.6
11:16:33.958	-11.1
11:16:33.970	-16.2
11:16:33.982	-16.6
11:16:33.990	-15.4
11:16:34.003	-12.4
11:16:34.015	-10.3
11:16:34.023	-10.3
11:16:34.035	-10.0
11:16:34.048	-9.2
11:16:34.056	-10.0
11:16:34.068	-10.1
11:16:34.081	-8.1
11:16:34.093	-9.3
11:16:34.101	-9.8
11:16:34.113	-11.2
11:16:34.126	-10.3
11:16:34.134	-9.8
11:16:34.146	-6.7
11:16:34.158	-7.3
11:16:34.167	-7.8
11:16:34.179	-7.0
11:16:34.191	-9.1
11:16:34.204	-8.1
11:16:34.212	-7.5
11:16:34.224	-6.5
11:16:34.236	-7.2
11:16:34.244	-6.1
11:16:34.257	-7.1
11:16:34.269	-4.9
11:16:34.277	-4.6
11:16:34.289	-4.5
11:16:34.302	-1.6
11:16:34.310	3.2
11:16:34.322	2.4
11:16:34.334	2.3
11:16:34.343	4.1
11:16:34.355	2.7
11:16:34.367	2.1
11:16:34.380	3.0
11:16:34.388	3.0
11:16:34.400	4.3
11:16:34.413	4.3
11:16:34.420	1.7
11:16:34.433	3.2
11:16:34.445	4.0
11:16:34.457	4.1
11:16:34.466	5.5
11:16:34.478	6.0
11:16:34.490	6.1
11:16:34.498	6.3
11:16:34.511	6.4
11:16:34.523	6.5
11:16:34.531	6.4
11:16:34.543	4.6
11:16:34.556	6.1
11:16:34.564	7.0
11:16:34.576	5.0
11:16:34.588	5.7
11:16:34.597	4.4
11:16:34.609	6.9
11:16:34.621	7.9
11:16:34.633	10.9
11:16:34.642	11.6
11:16:34.654	12.5
11:16:34.666	12.0
11:16:34.678	11.6
11:16:34.687	12.9
11:16:34.699	12.6
11:16:34.711	14.2
11:16:34.719	12.5
11:16:34.732	12.3
11:16:34.744	10.5
11:16:34.756	8.9
11:16:34.764	9.8
11:16:34.777	8.9
11:16:34.789	8.5
11:16:34.797	9.5
11:16:34.810	10.0
11:16:34.822	8.9
11:16:34.830	9.4
11:16:34.842	7.3
11:16:34.855	6.9
11:16:34.863	7.0
11:16:34.875	6.9
11:16:34.887	9.7
11:16:34.896	8.7
11:16:34.908	8.9
11:16:34.920	8.5
11:16:34.932	8.2
11:16:34.941	8.5
11:16:34.953	10.0
11:16:34.965	9.0
11:16:34.973	10.1
11:16:34.986	10.5
11:16:34.998	9.7
11:16:35.006	12.4
11:16:35.018	12.6
11:16:35.031	12.5
11:16:35.039	13.4
11:16:35.051	12.5
11:16:35.064	12.6
11:16:35.076	15.8
11:16:35.084	16.5
11:16:35.096	17.4
11:16:35.108	17.8
11:16:35.117	16.3
11:16:35.129	16.0
11:16:35.141	18.3
11:16:35.149	18.3
11:16:35.162	20.3
11:16:35.174	19.4
11:16:35.186	16.4
11:16:35.194	14.9
11:16:35.207	14.6
11:16:35.219	12.9
11:16:35.227	14.4
11:16:35.240	11.6
11:16:35.252	8.7
11:16:35.260	8.5
11:16:35.272	7.1
11:16:35.285	7.8
11:16:35.293	8.4
11:16:35.305	9.5
11:16:35.317	9.2
11:16:35.326	9.3
11:16:35.338	7.9
11:16:35.350	11.7
11:16:35.362	12.8
11:16:35.371	12.9
11:16:35.383	13.9
11:16:35.395	14.2
11:16:35.403	14.7
11:16:35.416	14.9
11:16:35.428	16.1
11:16:35.440	17.1
11:16:35.448	18.2
11:16:35.461	16.6
11:16:35.473	16.5
11:16:35.481	16.3
11:16:35.493	15.1
11:16:35.506	15.7
11:16:35.514	13.6
11:16:35.526	13.6
11:16:35.538	11.4
11:16:35.547	10.3
11:16:35.559	8.9
11:16:35.571	8.3
11:16:35.579	9.1
11:16:35.592	8.7
11:16:35.604	8.8
11:16:35.616	8.7
11:16:35.624	10.7
11:16:35.637	10.2
11:16:35.649	12.2
11:16:35.657	13.9
11:16:35.669	15.4
11:16:35.682	16.8
11:16:35.690	16.7
11:16:35.702	18.2
11:16:35.714	16.9
11:16:35.727	15.8
11:16:35.735	14.7
11:16:35.747	13.8
11:16:35.760	12.5
11:16:35.768	11.0
11:16:35.780	8.9
11:16:35.792	8.9
11:16:35.801	8.6
11:16:35.813	7.3
11:16:35.825	7.5
11:16:35.833	7.0
11:16:35.846	7.2
11:16:35.858	8.8
11:16:35.870	10.1
11:16:35.878	11.7
11:16:35.891	12.6
11:16:35.903	12.9
11:16:35.911	13.5
11:16:35.924	13.8
11:16:35.936	13.8
11:16:35.944	14.4
11:16:35.956	14.8
11:16:35.968	16.5
11:16:35.977	15.2
11:16:35.989	15.3
11:16:36.001	15.3
11:16:36.014	15.0
11:16:36.022	15.3
11:16:36.034	14.1
11:16:36.046	16.6
11:16:36.055	15.9
11:16:36.067	15.3
11:16:36.079	12.7
11:16:36.087	12.4
11:16:36.100	11.7
11:16:36.112	13.2
11:16:36.124	11.6
11:16:36.132	11.2
11:16:36.145	11.2
11:16:36.157	7.9
11:16:36.165	10.6
11:16:36.177	10.8
11:16:36.190	10.5
11:16:36.198	9.4
11:16:36.210	4.1
11:16:36.222	3.1
11:16:36.231	3.8
11:16:36.243	3.0
11:16:36.255	4.1
11:16:36.263	5.4
11:16:36.276	4.1
11:16:36.288	4.3
11:16:36.300	4.2
11:16:36.308	4.4
11:16:36.321	8.3
11:16:36.333	7.2
11:16:36.341	6.8
11:16:36.353	5.6
11:16:36.366	5.9
11:16:36.378	7.7
11:16:36.386	6.9
11:16:36.398	5.6
11:16:36.411	5.6
11:16:36.419	6.7
11:16:36.431	7.3
11:16:36.444	7.6
11:16:36.452	6.7
11:16:36.464	7.8
11:16:36.476	7.8
11:16:36.484	6.2
11:16:36.497	7.0
11:16:36.509	7.3
11:16:36.517	7.8
11:16:36.529	6.4
11:16:36.542	6.0
11:16:36.554	6.1
11:16:36.562	7.2
11:16:36.575	6.1
11:16:36.587	8.2
11:16:36.595	8.7
11:16:36.607	9.3
11:16:36.620	10.6
11:16:36.632	12.0
11:16:36.640	11.9
11:16:36.653	12.3
11:16:36.665	11.8
11:16:36.677	10.9
11:16:36.685	11.9
11:16:36.698	9.1
11:16:36.710	7.2
11:16:36.718	6.3
11:16:36.730	4.6
11:16:36.743	3.1
11:16:36.751	4.4
11:16:36.763	4.4
11:16:36.775	5.2
11:16:36.784	5.4
11:16:36.796	3.5
11:16:36.808	2.9
11:16:36.816	3.7
11:16:36.829	3.3
11:16:36.841	3.3
11:16:36.853	0.6
11:16:36.861	-0.2
11:16:36.874	-1.4
11:16:36.886	-4.7
11:16:36.894	-6.2
11:16:36.906	-4.5
11:16:36.919	-5.7
11:16:36.927	-5.8
11:16:36.939	-5.8
11:16:36.951	-7.0
11:16:36.960	-6.6
11:16:36.972	-6.9
11:16:36.984	-9.0
11:16:36.996	-8.3
11:16:37.005	-6.9
11:16:37.017	-8.9
11:16:37.029	-9.1
11:16:37.037	-10.7
11:16:37.050	-12.9
11:16:37.062	-13.7
11:16:37.070	-10.4
11:16:37.082	-11.0
11:16:37.095	-10.3
11:16:37.107	-11.1
11:16:37.115	-11.4
11:16:37.128	-8.5
11:16:37.140	-8.9
11:16:37.148	-8.2
11:16:37.160	-8.0
11:16:37.173	-8.0
11:16:37.181	-10.2
11:16:37.193	-10.5
11:16:37.205	-12.9
11:16:37.214	-11.8
11:16:37.226	-13.6
11:16:37.238	-16.1
11:16:37.246	-16.2
11:16:37.259	-18.9
11:16:37.271	-21.4
11:16:37.283	-22.5
11:16:37.291	-23.3
11:16:37.304	-25.1
11:16:37.316	-23.0
11:16:37.324	-24.8
11:16:37.336	-27.9
11:16:37.349	-30.6
11:16:37.361	-33.9
11:16:37.369	-34.0
11:16:37.381	-34.0
11:16:37.394	-34.5
11:16:37.402	-37.0
11:16:37.414	-35.9
11:16:37.426	-38.0
11:16:37.435	-37.9
11:16:37.447	-36.8
11:16:37.459	-35.5
11:16:37.467	-33.4
11:16:37.480	-32.6
11:16:37.492	-30.4
11:16:37.500	-29.9
11:16:37.512	-30.1
11:16:37.525	-32.3
11:16:37.537	-32.1
11:16:37.545	-32.8
11:16:37.558	-33.3
11:16:37.570	-32.2
11:16:37.578	-32.9
11:16:37.590	-31.9
11:16:37.603	-34.1
11:16:37.611	-35.5
11:16:37.623	-36.6
11:16:37.635	-37.2
11:16:37.648	-35.8
11:16:37.656	-34.9
11:16:37.668	-33.5
11:16:37.680	-35.5
11:16:37.689	-34.2
11:16:37.701	-35.1
11:16:37.713	-35.6
11:16:37.721	-33.5
11:16:37.734	-31.0
11:16:37.746	-29.5
11:16:37.754	-31.1
11:16:37.766	-31.5
11:16:37.779	-28.1
11:16:37.791	-27.2
11:16:37.799	-27.3
11:16:37.811	-26.0
11:16:37.824	-23.2
11:16:37.832	-24.8
11:16:37.844	-25.2
11:16:37.856	-25.2
11:16:37.865	-21.3
11:16:37.877	-20.8
11:16:37.889	-22.4
11:16:37.897	-24.2
11:16:37.910	-22.5
11:16:37.922	-22.4
11:16:37.934	-23.1
11:16:37.942	-20.3
11:16:37.955	-20.1
11:16:37.967	-16.8
11:16:37.975	-18.6
11:16:37.987	-16.4
11:16:38.000	-14.8
11:16:38.008	-11.8
11:16:38.021	-9.7
11:16:38.033	-8.4
11:16:38.045	-6.5
11:16:38.053	-5.6
11:16:38.066	-2.9
11:16:38.078	-4.3
11:16:38.086	-3.5
11:16:38.098	-2.1
11:16:38.111	-4.0
11:16:38.119	-3.3
11:16:38.131	-4.8
11:16:38.144	-3.3
11:16:38.152	-3.6
11:16:38.164	-4.3
11:16:38.176	-5.1
11:16:38.184	-4.5
11:16:38.197	-3.1
11:16:38.209	-3.2
11:16:38.221	-1.9
11:16:38.229	-1.8
11:16:38.242	-1.6
11:16:38.254	-2.2
11:16:38.262	-1.1
11:16:38.275	0.0
11:16:38.287	3.4
11:16:38.299	4.6
11:16:38.307	5.0
11:16:38.320	5.2
11:16:38.332	6.5
11:16:38.340	7.7
11:16:38.352	9.6
11:16:38.365	9.6
11:16:38.373	8.4
11:16:38.385	14.0
11:16:38.397	13.1
11:16:38.410	13.5
11:16:38.418	13.2
11:16:38.430	11.7
11:16:38.438	9.8
11:16:38.451	10.2
11:16:38.463	9.8
11:16:38.475	10.5
11:16:38.483	11.5
11:16:38.496	6.4
11:16:38.508	6.6
11:16:38.516	5.8
11:16:38.528	8.3
11:16:38.541	11.0
11:16:38.553	13.2
11:16:38.561	12.6
11:16:38.573	13.4
11:16:38.586	12.8
11:16:38.598	14.9
11:16:38.606	16.0
11:16:38.619	13.9
11:16:38.631	15.4
11:16:38.639	14.0
11:16:38.651	13.8
11:16:38.664	13.6
11:16:38.672	14.2
11:16:38.684	14.3
11:16:38.696	14.4
11:16:38.705	13.0
11:16:38.717	12.4
11:16:38.729	13.9
11:16:38.737	14.7
11:16:38.750	14.1
11:16:38.762	13.1
11:16:38.774	14.1
11:16:38.782	14.4
11:16:38.795	14.5
11:16:38.807	16.2
11:16:38.815	17.6
11:16:38.827	17.9
11:16:38.840	18.6
11:16:38.848	18.8
11:16:38.860	18.6
11:16:38.872	19.5
11:16:38.881	19.7
11:16:38.893	19.7
11:16:38.905	20.2
11:16:38.917	21.2
11:16:38.926	20.7
11:16:38.938	21.0
11:16:38.950	19.8
11:16:38.958	18.1
11:16:38.971	18.5
11:16:38.983	18.7
11:16:38.991	18.7
11:16:39.003	20.2
11:16:39.016	18.8
11:16:39.028	17.4
11:16:39.036	19.6
11:16:39.048	20.3
11:16:39.061	21.2
11:16:39.069	22.4
11:16:39.081	23.0
11:16:39.093	21.5
11:16:39.102	20.5
11:16:39.114	20.1
11:16:39.126	20.0
11:16:39.134	19.9
11:16:39.147	20.3
11:16:39.159	20.8
11:16:39.167	21.7
11:16:39.180	21.9
11:16:39.192	23.0
11:16:39.204	24.0
11:16:39.212	24.4
11:16:39.225	22.8
11:16:39.237	23.3
11:16:39.245	23.8
11:16:39.257	22.1
11:16:39.270	21.7
11:16:39.282	19.7
11:16:39.290	21.9
11:16:39.302	22.3
11:16:39.315	22.7
11:16:39.323	23.2
11:16:39.335	23.7
11:16:39.347	22.9
11:16:39.356	23.1
11:16:39.368	22.5
11:16:39.380	22.0
11:16:39.388	21.4
11:16:39.401	17.3
11:16:39.413	14.7
11:16:39.421	14.3
11:16:39.433	14.5
11:16:39.446	14.7
11:16:39.458	16.1
11:16:39.466	14.4
11:16:39.479	14.0
11:16:39.491	13.2
11:16:39.499	13.2
11:16:39.511	11.8
11:16:39.523	11.2
11:16:39.532	11.6
11:16:39.544	10.2
11:16:39.556	9.0
11:16:39.568	7.8
11:16:39.577	7.7
11:16:39.589	8.0
11:16:39.601	7.6
11:16:39.609	9.0
11:16:39.622	11.9
11:16:39.634	12.4
11:16:39.642	9.9
11:16:39.655	9.4
11:16:39.667	12.2
11:16:39.675	11.8
11:16:39.687	11.3
11:16:39.700	9.7
11:16:39.713	9.7
11:16:39.720	9.9
11:16:39.732	7.9
11:16:39.746	7.5
11:16:39.754	8.0
11:16:39.766	6.8
11:16:39.778	3.4
11:16:39.786	3.8
11:16:39.799	5.5
11:16:39.811	6.7
11:16:39.819	4.9
11:16:39.832	2.4
11:16:39.844	1.9
11:16:39.856	2.7
11:16:39.864	2.2
11:16:39.877	2.7
11:16:39.889	3.0
11:16:39.897	1.4
11:16:39.909	-0.3
11:16:39.922	-3.2
11:16:39.930	-4.1
11:16:39.942	-5.6
11:16:39.954	-6.6
11:16:39.966	-9.1
11:16:39.974	-9.6
11:16:39.986	-11.8
11:16:39.999	-14.6
11:16:40.007	-13.4
11:16:40.019	-14.3
11:16:40.031	-14.2
11:16:40.040	-13.9
11:16:40.052	-14.3
11:16:40.064	-13.4
11:16:40.072	-12.5
11:16:40.085	-13.1
11:16:40.097	-11.6
11:16:40.105	-8.5
11:16:40.117	-9.8
11:16:40.130	-11.2
11:16:40.142	-9.3
11:16:40.150	-8.0
11:16:40.163	-6.8
11:16:40.175	-7.9
11:16:40.183	-9.9
11:16:40.195	-10.0
11:16:40.207	-11.1
11:16:40.220	-13.0
11:16:40.228	-15.2
11:16:40.240	-15.0
11:16:40.253	-18.9
11:16:40.261	-20.7
11:16:40.273	-20.5
11:16:40.285	-21.2
11:16:40.294	-20.6
11:16:40.306	-20.8
11:16:40.318	-21.0
11:16:40.326	-21.8
11:16:40.339	-20.8
11:16:40.351	-19.4
11:16:40.359	-18.5
11:16:40.371	-17.7
11:16:40.384	-18.8
11:16:40.396	-18.7
11:16:40.404	-19.5
11:16:40.416	-19.8
11:16:40.429	-19.3
11:16:40.441	-19.1
11:16:40.449	-17.1
11:16:40.461	-17.0
11:16:40.474	-16.3
11:16:40.482	-18.1
11:16:40.494	-18.9
11:16:40.506	-19.3
11:16:40.519	-17.1
11:16:40.528	-17.1
11:16:40.540	-17.7
11:16:40.552	-18.5
11:16:40.561	-21.6
11:16:40.573	-23.5
11:16:40.585	-23.0
11:16:40.593	-21.4
11:16:40.606	-19.6
11:16:40.618	-17.6
11:16:40.626	-17.6
11:16:40.638	-16.6
11:16:40.651	-16.5
11:16:40.659	-16.1
11:16:40.671	-14.8
11:16:40.683	-13.5
11:16:40.696	-13.5
11:16:40.704	-12.4
11:16:40.716	-12.8
11:16:40.729	-11.6
11:16:40.737	-11.3
11:16:40.749	-11.1
11:16:40.761	-6.8
11:16:40.769	-5.1
11:16:40.782	-4.0
11:16:40.794	-5.4
11:16:40.802	-3.6
11:16:40.815	-1.1
11:16:40.827	-0.1
11:16:40.839	-0.4
11:16:40.847	0.3
11:16:40.860	0.4
11:16:40.872	-1.9
11:16:40.880	-1.7
11:16:40.892	-0.2
11:16:40.905	2.7
11:16:40.913	1.8
11:16:40.925	-0.9
11:16:40.937	-2.1
11:16:40.950	-3.2
11:16:40.958	-4.3
11:16:40.970	-4.1
11:16:40.982	-3.8
11:16:40.991	-5.6
11:16:41.003	-7.9
11:16:41.015	-7.7
11:16:41.023	-7.3
11:16:41.036	-9.3
11:16:41.048	-7.8
11:16:41.056	-7.8
11:16:41.068	-7.4
11:16:41.081	-7.9
11:16:41.089	-7.3
11:16:41.101	-5.5
11:16:41.113	-3.8
11:16:41.125	-5.0
11:16:41.133	-4.2
11:16:41.146	-2.3
11:16:41.158	-2.2
11:16:41.166	-1.7
11:16:41.178	-1.8
11:16:41.191	-1.8
11:16:41.203	-3.1
11:16:41.211	-1.1
11:16:41.223	-1.0
11:16:41.236	-1.3
11:16:41.244	-1.5
11:16:41.256	-0.5
11:16:41.268	0.8
11:16:41.277	1.0
11:16:41.289	0.9
11:16:41.301	2.2
11:16:41.309	5.0
11:16:41.322	3.7
11:16:41.334	4.7
11:16:41.342	5.5
11:16:41.354	4.1
11:16:41.367	4.4
11:16:41.379	3.3
11:16:41.387	4.5
11:16:41.400	4.2
11:16:41.412	4.2
11:16:41.420	1.5
11:16:41.432	0.7
11:16:41.444	0.1
11:16:41.453	-1.0
11:16:41.465	0.0
11:16:41.477	-0.2
11:16:41.489	0.1
11:16:41.498	-0.2
11:16:41.510	1.3
11:16:41.522	1.7
11:16:41.531	3.6
11:16:41.543	4.2
11:16:41.555	2.9
11:16:41.563	3.7
11:16:41.576	4.0
11:16:41.588	3.5
11:16:41.596	2.0
11:16:41.608	-0.7
11:16:41.621	-0.4
11:16:41.633	-2.0
11:16:41.641	-2.4
11:16:41.653	-1.9
11:16:41.666	-1.0
11:16:41.674	0.8
11:16:41.686	-0.8
11:16:41.698	-0.9
11:16:41.707	0.9
11:16:41.719	2.9
11:16:41.731	2.2
11:16:41.740	2.0
11:16:41.752	1.6
11:16:41.765	0.9
11:16:41.777	2.1
11:16:41.785	0.9
11:16:41.798	1.9
11:16:41.810	2.1
11:16:41.818	1.4
11:16:41.830	2.0
11:16:41.843	1.6
11:16:41.851	3.1
11:16:41.863	3.4
11:16:41.875	4.0
11:16:41.888	1.9
11:16:41.896	3.4
11:16:41.908	5.2
11:16:41.920	6.5
11:16:41.929	5.4
11:16:41.941	6.1
11:16:41.953	7.0
11:16:41.961	6.9
11:16:41.974	4.8
11:16:41.986	4.4
11:16:41.994	4.2
11:16:42.006	1.2
11:16:42.019	-0.2
11:16:42.027	0.1
11:16:42.039	0.0
11:16:42.052	-1.7
11:16:42.064	-2.7
11:16:42.072	-2.7
11:16:42.084	-0.8
11:16:42.097	0.3
11:16:42.105	0.7
11:16:42.117	1.2
11:16:42.129	1.1
11:16:42.142	1.1
11:16:42.150	2.5
11:16:42.162	3.1
11:16:42.174	2.6
11:16:42.183	3.2
11:16:42.195	2.9
11:16:42.207	1.8
11:16:42.215	3.8
11:16:42.228	4.6
11:16:42.240	5.7
11:16:42.248	4.0
11:16:42.260	4.2
11:16:42.273	4.8
11:16:42.281	4.9
11:16:42.293	5.4
11:16:42.305	5.5
11:16:42.318	6.8
11:16:42.326	6.1
11:16:42.338	6.6
11:16:42.350	4.9
11:16:42.359	6.0
11:16:42.371	6.6
11:16:42.383	6.3
11:16:42.391	6.9
11:16:42.404	6.5
11:16:42.416	6.1
11:16:42.428	4.6
11:16:42.436	3.9
11:16:42.449	3.0
11:16:42.461	5.0
11:16:42.469	4.6
11:16:42.481	4.3
11:16:42.494	6.4
11:16:42.502	6.5
11:16:42.514	8.4
11:16:42.526	9.1
11:16:42.539	10.6
11:16:42.547	12.1
11:16:42.559	12.8
11:16:42.572	12.5
11:16:42.580	14.4
11:16:42.592	16.5
11:16:42.604	16.5
11:16:42.616	21.8
11:16:42.624	21.8
11:16:42.636	23.0
11:16:42.649	25.2
11:16:42.657	25.6
11:16:42.669	27.7
11:16:42.681	28.1
11:16:42.690	27.9
11:16:42.702	27.3
11:16:42.714	28.1
11:16:42.723	24.9
11:16:42.736	23.2
11:16:42.748	25.5
11:16:42.760	24.1
11:16:42.768	23.6
11:16:42.781	22.6
11:16:42.793	22.2
11:16:42.801	23.5
11:16:42.813	23.2
11:16:42.826	21.9
11:16:42.834	21.9
11:16:42.846	21.5
11:16:42.858	19.6
11:16:42.871	19.9
11:16:42.879	19.0
11:16:42.891	20.1
11:16:42.903	20.2
11:16:42.912	19.4
11:16:42.924	18.1
11:16:42.936	18.4
11:16:42.944	18.3
11:16:42.957	18.1
11:16:42.969	17.9
11:16:42.977	16.0
11:16:42.990	15.9
11:16:43.002	16.0
11:16:43.010	15.4
11:16:43.022	14.6
11:16:43.035	15.3
11:16:43.047	12.8
11:16:43.055	11.7
11:16:43.067	12.8
11:16:43.080	12.9
11:16:43.088	14.1
11:16:43.100	12.2
11:16:43.112	9.3
11:16:43.125	9.9
11:16:43.133	12.7
11:16:43.145	12.1
11:16:43.157	16.5
11:16:43.166	17.6
11:16:43.178	17.0
11:16:43.190	16.8
11:16:43.198	17.1
11:16:43.211	20.6
11:16:43.223	24.2
11:16:43.231	23.9
11:16:43.243	22.1
11:16:43.256	22.9
11:16:43.264	21.6
11:16:43.276	20.2
11:16:43.288	21.1
11:16:43.301	21.3
11:16:43.309	20.2
11:16:43.321	19.6
11:16:43.333	16.2
11:16:43.342	15.3
11:16:43.354	14.2
11:16:43.366	14.4
11:16:43.374	13.4
11:16:43.387	15.9
11:16:43.399	15.1
11:16:43.411	15.1
11:16:43.419	16.3
11:16:43.432	15.3
11:16:43.444	16.5
11:16:43.452	18.3
11:16:43.465	17.8
11:16:43.477	17.7
11:16:43.485	17.9
11:16:43.497	15.4
11:16:43.510	15.7
11:16:43.518	16.7
11:16:43.530	15.0
11:16:43.542	15.5
11:16:43.555	15.8
11:16:43.563	14.7
11:16:43.575	16.3
11:16:43.587	15.7
11:16:43.595	14.8
11:16:43.608	16.6
11:16:43.620	16.3
11:16:43.628	15.7
11:16:43.641	17.0
11:16:43.653	17.6
11:16:43.661	18.1
11:16:43.673	19.7
11:16:43.686	19.3
11:16:43.698	20.7
11:16:43.706	22.2
11:16:43.718	24.0
11:16:43.731	25.6
11:16:43.739	25.9
11:16:43.751	28.3
11:16:43.763	29.5
11:16:43.772	30.4
11:16:43.784	30.6
11:16:43.796	31.6
11:16:43.808	31.9
11:16:43.817	31.0
11:16:43.829	29.5
11:16:43.841	29.9
11:16:43.849	29.7
11:16:43.862	28.0
11:16:43.874	27.3
11:16:43.882	27.8
11:16:43.894	27.5
11:16:43.907	26.3
11:16:43.915	26.1
11:16:43.927	26.5
11:16:43.939	28.3
11:16:43.948	27.9
11:16:43.960	27.5
11:16:43.972	25.5
11:16:43.985	25.3
11:16:43.993	24.0
11:16:44.005	22.7
11:16:44.017	21.9
11:16:44.025	20.5
11:16:44.038	20.0
11:16:44.050	16.9
11:16:44.062	13.4
11:16:44.071	13.4
11:16:44.083	14.6
11:16:44.095	13.7
11:16:44.103	11.9
11:16:44.116	12.3
11:16:44.128	12.9
11:16:44.136	13.0
11:16:44.148	12.4
11:16:44.161	10.9
11:16:44.169	18.4
11:16:44.181	16.0
11:16:44.193	15.5
11:16:44.202	13.8
11:16:44.214	13.7
11:16:44.226	13.9
11:16:44.238	12.4
11:16:44.247	12.1
11:16:44.259	12.1
11:16:44.271	11.4
11:16:44.279	4.5
11:16:44.292	4.8
11:16:44.304	4.7
11:16:44.312	5.5
11:16:44.324	6.4
11:16:44.337	5.2
11:16:44.349	7.4
11:16:44.357	6.2
11:16:44.369	5.8
11:16:44.382	6.2
11:16:44.390	4.8
11:16:44.402	5.2
11:16:44.414	4.1
11:16:44.423	1.5
11:16:44.435	-0.4
11:16:44.447	-1.8
11:16:44.455	-4.7
11:16:44.468	-3.9
11:16:44.480	-6.2
11:16:44.492	-6.1
11:16:44.501	-4.5
11:16:44.513	-6.6
11:16:44.525	-8.2
11:16:44.533	-7.1
11:16:44.545	-7.5
11:16:44.558	-7.0
11:16:44.566	-6.6
11:16:44.578	-9.2
11:16:44.591	-7.5
11:16:44.603	-8.5
11:16:44.611	-10.2
11:16:44.623	-9.5
11:16:44.636	-9.9
11:16:44.644	-10.5
11:16:44.656	-10.7
11:16:44.668	-9.7
11:16:44.681	-10.4
11:16:44.689	-10.2
11:16:44.701	-12.0
11:16:44.713	-12.9
11:16:44.722	-11.3
11:16:44.734	-13.2
11:16:44.746	-13.6
11:16:44.754	-14.1
11:16:44.767	-13.9
11:16:44.779	-15.7
11:16:44.791	-15.8
11:16:44.799	-14.6
11:16:44.812	-14.8
11:16:44.824	-12.9
11:16:44.832	-15.0
11:16:44.845	-15.0
11:16:44.857	-14.9
11:16:44.865	-13.8
11:16:44.877	-14.1
11:16:44.889	-13.3
11:16:44.898	-12.2
11:16:44.910	-12.9
11:16:44.922	-12.4
11:16:44.930	-12.3
11:16:44.943	-12.5
11:16:44.955	-10.5
11:16:44.967	-9.4
11:16:44.975	-10.5
11:16:44.988	-9.9
11:16:45.000	-12.6
11:16:45.008	-13.1
11:16:45.021	-12.4
11:16:45.033	-13.1
11:16:45.045	-14.1
11:16:45.054	-11.3
11:16:45.066	-10.2
11:16:45.078	-10.2
11:16:45.086	-8.1
11:16:45.099	-7.4
11:16:45.111	-7.7
11:16:45.119	-8.1
11:16:45.131	-7.7
11:16:45.144	-5.8
11:16:45.152	-5.2
11:16:45.164	-6.3
11:16:45.176	-6.7
11:16:45.185	-5.9
11:16:45.197	-6.9
11:16:45.209	-6.1
11:16:45.221	-3.3
11:16:45.230	-2.6
11:16:45.242	-3.9
11:16:45.254	-4.1
11:16:45.262	-2.8
11:16:45.275	-2.2
11:16:45.287	-1.0
11:16:45.295	0.5
11:16:45.307	1.4
11:16:45.320	0.7
11:16:45.332	2.2
11:16:45.340	4.8
11:16:45.352	6.7
11:16:45.365	6.8
11:16:45.373	6.1
11:16:45.385	6.4
11:16:45.397	6.7
11:16:45.406	6.5
11:16:45.418	6.8
11:16:45.430	4.6
11:16:45.438	4.9
11:16:45.451	3.0
11:16:45.463	3.3
11:16:45.475	4.8
11:16:45.483	6.7
11:16:45.496	6.3
11:16:45.508	5.4
11:16:45.516	5.1
11:16:45.529	7.3
11:16:45.541	10.4
11:16:45.549	9.6
11:16:45.561	9.5
11:16:45.574	9.6
11:16:45.582	8.9
11:16:45.594	8.4
11:16:45.606	9.8
11:16:45.619	11.1
11:16:45.627	12.8
11:16:45.639	11.4
11:16:45.651	14.1
11:16:45.660	16.1
11:16:45.672	16.7
11:16:45.684	19.1
11:16:45.692	20.0
11:16:45.705	20.0
11:16:45.717	19.3
11:16:45.729	20.8
11:16:45.737	20.0
11:16:45.750	19.7
11:16:45.762	18.1
11:16:45.770	17.2
11:16:45.782	17.0
11:16:45.795	14.9
11:16:45.803	14.8
11:16:45.815	15.4
11:16:45.827	16.9
11:16:45.836	15.2
11:16:45.848	15.8
11:16:45.860	16.2
11:16:45.868	16.9
11:16:45.881	16.2
11:16:45.893	15.4
11:16:45.905	16.3
11:16:45.913	19.0
11:16:45.926	18.8
11:16:45.938	18.6
11:16:45.946	18.1
11:16:45.958	17.1
11:16:45.971	18.6
11:16:45.983	17.1
11:16:45.991	16.6
11:16:46.004	16.2
11:16:46.016	15.4
11:16:46.024	12.6
11:16:46.036	12.9
11:16:46.049	12.6
11:16:46.057	13.5
11:16:46.069	15.2
11:16:46.081	15.4
11:16:46.090	15.7
11:16:46.102	16.2
11:16:46.114	16.0
11:16:46.122	15.7
11:16:46.135	16.0
11:16:46.147	15.5
11:16:46.159	15.5
11:16:46.167	14.7
11:16:46.180	13.2
11:16:46.192	13.8
11:16:46.200	13.9
11:16:46.212	14.9
11:16:46.225	16.6
11:16:46.233	16.0
11:16:46.245	17.2
11:16:46.257	16.5
11:16:46.270	18.0
11:16:46.278	18.6
11:16:46.290	18.1
11:16:46.303	17.1
11:16:46.311	17.6
11:16:46.323	16.7
11:16:46.335	17.3
11:16:46.348	18.2
11:16:46.356	15.9
11:16:46.368	17.5
11:16:46.380	16.9
11:16:46.389	17.5
11:16:46.401	18.7
11:16:46.413	18.9
11:16:46.421	20.6
11:16:46.434	21.2
11:16:46.446	21.6
11:16:46.458	22.3
11:16:46.466	23.5
11:16:46.479	23.4
11:16:46.491	21.1
11:16:46.499	21.6
11:16:46.511	21.7
11:16:46.524	21.1
11:16:46.532	16.7
11:16:46.544	18.4
11:16:46.556	17.5
11:16:46.565	18.7
11:16:46.577	18.9
11:16:46.589	18.3
11:16:46.601	20.9
11:16:46.610	19.0
11:16:46.622	17.9
11:16:46.634	18.7
11:16:46.642	21.6
11:16:46.655	19.9
11:16:46.667	18.7
11:16:46.675	18.3
11:16:46.687	17.6
11:16:46.700	18.5
11:16:46.712	18.7
11:16:46.720	19.0
11:16:46.733	19.8
11:16:46.745	17.8
11:16:46.753	16.6
11:16:46.765	18.0
11:16:46.777	18.7
11:16:46.786	17.2
11:16:46.798	16.8
11:16:46.810	15.2
11:16:46.818	15.1
11:16:46.831	15.2
11:16:46.843	15.0
11:16:46.851	17.3
11:16:46.864	18.8
11:16:46.876	17.1
11:16:46.888	15.3
11:16:46.896	15.9
11:16:46.909	16.3
11:16:46.921	16.6
11:16:46.929	16.7
11:16:46.941	15.8
11:16:46.954	15.5
11:16:46.966	13.8
11:16:46.974	13.9
11:16:46.986	13.7
11:16:46.999	16.0
11:16:47.007	17.0
11:16:47.019	17.2
11:16:47.031	17.8
11:16:47.040	15.6
11:16:47.052	15.4
11:16:47.064	14.9
11:16:47.072	15.6
11:16:47.085	15.5
11:16:47.097	16.5
11:16:47.105	15.8
11:16:47.117	14.1
11:16:47.130	15.1
11:16:47.142	15.6
11:16:47.150	17.8
11:16:47.162	20.6
11:16:47.175	20.2
11:16:47.183	17.5
11:16:47.195	17.6
11:16:47.207	15.3
11:16:47.216	14.9
11:16:47.228	14.6
11:16:47.240	13.9
11:16:47.253	12.4
11:16:47.261	10.9
11:16:47.273	8.0
11:16:47.286	9.2
11:16:47.294	9.5
11:16:47.306	8.4
11:16:47.318	8.8
11:16:47.326	9.5
11:16:47.339	9.4
11:16:47.351	9.2
11:16:47.359	7.5
11:16:47.371	8.8
11:16:47.384	9.2
11:16:47.396	7.5
11:16:47.404	7.7
11:16:47.417	5.7
11:16:47.429	5.4
11:16:47.437	4.1
11:16:47.449	2.9
11:16:47.462	2.9
11:16:47.470	2.9
11:16:47.482	-0.1
11:16:47.494	-0.6
11:16:47.503	-0.1
11:16:47.515	-0.1
11:16:47.527	0.5
11:16:47.539	0.9
11:16:47.548	-0.7
11:16:47.560	-1.0
11:16:47.572	-3.9
11:16:47.580	-4.5
11:16:47.593	-4.1
11:16:47.605	-5.4
11:16:47.613	-6.3
11:16:47.625	-5.6
11:16:47.638	-4.8
11:16:47.650	-5.7
11:16:47.658	-4.3
11:16:47.670	-2.8
11:16:47.683	-3.8
11:16:47.691	-5.1
11:16:47.703	-6.8
11:16:47.715	-4.7
11:16:47.724	-3.2
11:16:47.736	-3.4
11:16:47.748	-4.7
11:16:47.756	-5.3
11:16:47.769	-7.6
11:16:47.781	-11.7
11:16:47.789	-10.6
11:16:47.801	-9.9
11:16:47.814	-10.5
11:16:47.826	-12.7
11:16:47.834	-15.7
11:16:47.847	-16.4
11:16:47.859	-18.5
11:16:47.867	-16.5
11:16:47.879	-14.5
11:16:47.892	-12.8
11:16:47.904	-13.7
11:16:47.912	-12.0
11:16:47.924	-11.5
11:16:47.937	-12.2
11:16:47.945	-12.7
11:16:47.957	-14.4
11:16:47.969	-12.9
11:16:47.978	-15.4
11:16:47.990	-15.7
11:16:48.002	-15.6
11:16:48.010	-15.4
11:16:48.023	-17.6
11:16:48.035	-18.3
11:16:48.043	-19.4
11:16:48.055	-18.1
11:16:48.068	-18.1
11:16:48.080	-19.3
11:16:48.088	-19.2
11:16:48.100	-20.8
11:16:48.113	-21.7
11:16:48.121	-20.9
11:16:48.133	-20.3
11:16:48.145	-20.0
11:16:48.154	-17.8
11:16:48.166	-17.8
11:16:48.178	-16.5
11:16:48.191	-17.8
11:16:48.199	-17.3
11:16:48.211	-16.3
11:16:48.223	-16.1
11:16:48.231	-16.7
11:16:48.244	-17.7
11:16:48.256	-17.2
11:16:48.264	-18.4
11:16:48.276	-18.0
11:16:48.289	-17.2
11:16:48.297	-14.7
11:16:48.309	-13.9
11:16:48.322	-14.5
11:16:48.334	-13.1
11:16:48.342	-12.9
11:16:48.354	-11.1
11:16:48.367	-10.4
11:16:48.379	-10.8
11:16:48.387	-10.6
11:16:48.399	-10.9
11:16:48.412	-11.7
11:16:48.420	-10.5
11:16:48.432	-7.5
11:16:48.440	-7.9
11:16:48.453	-7.0
11:16:48.465	-6.3
11:16:48.473	-7.5
11:16:48.485	-3.8
11:16:48.498	-3.6
11:16:48.510	-2.8
11:16:48.522	-2.2
11:16:48.530	-2.1
11:16:48.543	-3.1
11:16:48.556	-0.1
11:16:48.564	0.6
11:16:48.576	0.8
11:16:48.589	3.6
11:16:48.597	2.5
11:16:48.609	2.6
11:16:48.621	2.5
11:16:48.634	3.2
11:16:48.642	5.9
11:16:48.654	5.5
11:16:48.667	4.2
11:16:48.675	4.4
11:16:48.687	3.3
11:16:48.699	3.0
11:16:48.708	3.6
11:16:48.720	5.7
11:16:48.732	5.8
11:16:48.740	8.2
11:16:48.752	5.3
11:16:48.765	5.9
11:16:48.773	7.4
11:16:48.784	8.4
11:16:48.797	10.6
11:16:48.809	9.8
11:16:48.817	9.8
11:16:48.829	9.9
11:16:48.842	10.8
11:16:48.850	8.9
11:16:48.862	9.3
11:16:48.875	10.6
11:16:48.887	10.4
11:16:48.895	10.5
11:16:48.907	11.6
11:16:48.919	14.0
11:16:48.928	14.5
11:16:48.940	13.6
11:16:48.952	12.6
11:16:48.960	12.9
11:16:48.973	13.4
11:16:48.985	12.6
11:16:48.993	12.8
11:16:49.005	13.7
11:16:49.018	12.7
11:16:49.026	13.4
11:16:49.038	13.8
11:16:49.051	14.3
11:16:49.063	15.1
11:16:49.071	15.9
11:16:49.083	15.7
11:16:49.096	14.8
11:16:49.104	15.8
11:16:49.117	16.3
11:16:49.129	17.3
11:16:49.138	16.5
11:16:49.150	15.3
11:16:49.162	16.9
11:16:49.174	16.3
11:16:49.183	15.6
11:16:49.195	16.1
11:16:49.207	18.8
11:16:49.215	18.5
11:16:49.228	17.3
11:16:49.240	15.5
11:16:49.248	14.1
11:16:49.260	15.9
11:16:49.273	16.0
11:16:49.281	16.4
11:16:49.293	16.5
11:16:49.305	15.8
11:16:49.318	15.7
11:16:49.326	15.7
11:16:49.338	15.1
11:16:49.350	15.8
11:16:49.359	16.3
11:16:49.371	16.2
11:16:49.383	13.8
11:16:49.391	14.9
11:16:49.404	15.1
11:16:49.416	16.4
11:16:49.424	17.1
11:16:49.436	15.4
11:16:49.449	16.2
11:16:49.461	15.7
11:16:49.469	16.1
11:16:49.482	15.1
11:16:49.494	17.9
11:16:49.502	18.2
11:16:49.514	17.7
11:16:49.527	17.2
11:16:49.535	15.6
11:16:49.547	16.4
11:16:49.559	16.6
11:16:49.572	16.9
11:16:49.580	15.7
11:16:49.592	14.7
11:16:49.604	13.0
11:16:49.613	12.5
11:16:49.625	14.2
11:16:49.637	13.7
11:16:49.645	14.4
11:16:49.658	16.5
11:16:49.670	15.7
11:16:49.678	16.5
11:16:49.690	17.7
11:16:49.703	18.7
11:16:49.711	17.4
11:16:49.723	17.4
11:16:49.735	17.7
11:16:49.747	18.3
11:16:49.755	17.2
11:16:49.768	16.2
11:16:49.780	15.7
11:16:49.788	16.4
11:16:49.800	17.8
11:16:49.813	17.8
11:16:49.825	19.2
11:16:49.833	20.8
11:16:49.845	20.1
11:16:49.858	21.7
11:16:49.866	22.8
11:16:49.878	23.8
11:16:49.890	24.4
11:16:49.899	23.5
11:16:49.911	22.6
11:16:49.923	22.7
11:16:49.931	24.4
11:16:49.944	22.9
11:16:49.956	22.2
11:16:49.964	21.0
11:16:49.976	20.9
11:16:49.989	19.4
11:16:50.001	19.6
11:16:50.009	18.8
11:16:50.021	19.2
11:16:50.034	18.3
11:16:50.042	15.8
11:16:50.054	14.7
11:16:50.067	16.4
11:16:50.075	16.0
11:16:50.087	15.9
11:16:50.099	13.5
11:16:50.112	15.8
11:16:50.120	15.9
11:16:50.132	14.5
11:16:50.144	15.2
11:16:50.153	15.7
11:16:50.165	15.7
11:16:50.177	14.4
11:16:50.185	14.4
11:16:50.198	13.1
11:16:50.210	14.1
11:16:50.218	12.0
11:16:50.230	12.9
11:16:50.243	13.3
11:16:50.255	13.1
11:16:50.264	12.6
11:16:50.275	14.6
11:16:50.288	14.3
11:16:50.296	14.1
11:16:50.308	16.7
11:16:50.320	17.6
11:16:50.333	17.3
11:16:50.341	16.7
11:16:50.353	17.8
11:16:50.365	17.1
11:16:50.374	17.4
11:16:50.386	14.4
11:16:50.398	13.7
11:16:50.406	13.8
11:16:50.419	11.2
11:16:50.431	9.5
11:16:50.439	9.4
11:16:50.451	7.7
11:16:50.464	6.2
11:16:50.472	8.0
11:16:50.484	8.4
11:16:50.497	10.0
11:16:50.509	10.9
11:16:50.517	8.8
11:16:50.529	9.1
11:16:50.542	10.3
11:16:50.554	10.3
11:16:50.562	12.8
11:16:50.574	13.2
11:16:50.587	11.2
11:16:50.595	12.2
11:16:50.607	11.2
11:16:50.620	11.1
11:16:50.628	11.8
11:16:50.640	12.1
11:16:50.653	11.6
11:16:50.661	10.2
11:16:50.673	8.0
11:16:50.686	7.6
11:16:50.694	5.8
11:16:50.706	5.2
11:16:50.718	4.7
11:16:50.730	3.5
11:16:50.739	3.5
11:16:50.751	4.7
11:16:50.763	3.2
11:16:50.771	4.6
11:16:50.784	4.7
11:16:50.796	2.4
11:16:50.808	4.8
11:16:50.817	3.2
11:16:50.829	3.6
11:16:50.841	4.0
11:16:50.849	3.0
11:16:50.862	0.4
11:16:50.874	1.7
11:16:50.882	-0.4
11:16:50.894	0.6
11:16:50.907	3.2
11:16:50.915	3.0
11:16:50.927	4.7
11:16:50.939	1.6
11:16:50.948	3.8
11:16:50.960	3.8
11:16:50.972	4.0
11:16:50.984	3.8
11:16:50.993	4.9
11:16:51.005	3.1
11:16:51.017	1.3
11:16:51.025	0.6
11:16:51.038	-4.4
11:16:51.050	-1.3
11:16:51.058	-3.4
11:16:51.070	-4.8
11:16:51.083	-7.2
11:16:51.095	-8.4
11:16:51.103	-11.0
11:16:51.115	-11.3
11:16:51.128	-12.3
11:16:51.136	-14.4
11:16:51.148	-12.7
11:16:51.160	-16.4
11:16:51.169	-18.3
11:16:51.181	-19.6
11:16:51.193	-18.8
11:16:51.201	-18.4
11:16:51.214	-18.3
11:16:51.226	-18.2
11:16:51.238	-15.3
11:16:51.246	-13.6
11:16:51.259	-13.6
11:16:51.271	-12.4
11:16:51.279	-14.1
11:16:51.291	-9.9
11:16:51.304	-10.6
11:16:51.312	-11.6
11:16:51.324	-13.5
11:16:51.336	-13.8
11:16:51.345	-16.0
11:16:51.357	-19.5
11:16:51.369	-21.7
11:16:51.382	-20.3
11:16:51.390	-17.9
11:16:51.402	-21.0
11:16:51.414	-22.3
11:16:51.423	-21.5
11:16:51.435	-19.6
11:16:51.447	-18.8
11:16:51.455	-18.7
11:16:51.468	-16.0
11:16:51.480	-15.6
11:16:51.492	-14.2
11:16:51.500	-16.9
11:16:51.513	-17.3
11:16:51.525	-16.3
11:16:51.533	-18.4
11:16:51.545	-18.8
11:16:51.558	-19.8
11:16:51.566	-22.1
11:16:51.578	-23.0
11:16:51.590	-23.4
11:16:51.599	-25.9
11:16:51.611	-22.4
11:16:51.623	-21.4
11:16:51.631	-20.4
11:16:51.644	-19.7
11:16:51.656	-18.2
11:16:51.668	-19.6
11:16:51.676	-18.5
11:16:51.689	-18.8
11:16:51.701	-17.4
11:16:51.709	-16.1
11:16:51.721	-16.8
11:16:51.734	-16.8
11:16:51.746	-17.4
11:16:51.754	-16.2
11:16:51.766	-13.3
11:16:51.779	-12.6
11:16:51.787	-12.0
11:16:51.799	-8.9
11:16:51.812	-5.5
11:16:51.820	-5.6
11:16:51.832	-3.8
11:16:51.844	-2.4
11:16:51.852	-1.5
11:16:51.865	-0.2
11:16:51.877	-2.9
11:16:51.885	-0.6
11:16:51.897	1.7
11:16:51.910	2.2
11:16:51.922	-1.9
11:16:51.930	-0.5
11:16:51.943	-2.6
11:16:51.955	-1.9
11:16:51.963	0.0
11:16:51.975	0.4
11:16:51.988	0.1
11:16:51.996	-1.5
11:16:52.008	-3.8
11:16:52.020	-2.9
11:16:52.033	-0.8
11:16:52.041	-1.2
11:16:52.053	-0.1
11:16:52.065	0.6
11:16:52.074	-0.8
11:16:52.086	-1.4
11:16:52.098	0.3
11:16:52.106	3.6
11:16:52.119	4.9
11:16:52.131	8.0
11:16:52.139	9.7
11:16:52.151	10.9
11:16:52.164	10.6
11:16:52.176	9.2
11:16:52.184	9.2
11:16:52.196	9.4
11:16:52.209	8.3
11:16:52.217	7.6
11:16:52.229	9.1
11:16:52.241	7.8
11:16:52.250	7.4
11:16:52.262	6.1
11:16:52.274	6.1
11:16:52.282	7.8
11:16:52.295	11.1
11:16:52.307	16.6
11:16:52.319	18.8
11:16:52.327	20.1
11:16:52.340	19.3
11:16:52.352	16.8
11:16:52.364	16.1
11:16:52.372	16.0
11:16:52.385	17.0
11:16:52.397	16.8
11:16:52.405	18.5
11:16:52.418	13.9
11:16:52.430	14.5
11:16:52.438	14.5
11:16:52.450	15.5
11:16:52.462	15.7
11:16:52.475	19.7
11:16:52.483	19.7
11:16:52.495	19.8
11:16:52.507	19.2
11:16:52.516	15.9
11:16:52.528	15.1
11:16:52.541	14.7
11:16:52.548	13.5
11:16:52.562	14.0
11:16:52.574	15.4
11:16:52.582	11.6
11:16:52.595	12.9
11:16:52.607	13.4
11:16:52.615	13.1
11:16:52.627	14.8
11:16:52.640	15.5
11:16:52.652	16.1
11:16:52.660	16.2
11:16:52.672	13.3
11:16:52.685	12.1
11:16:52.693	12.0
11:16:52.705	11.4
11:16:52.717	11.4
11:16:52.730	10.5
11:16:52.738	7.8
11:16:52.750	10.7
11:16:52.762	8.0
11:16:52.771	6.0
11:16:52.783	8.3
11:16:52.795	5.6
11:16:52.803	7.1
11:16:52.816	5.6
11:16:52.828	6.4
11:16:52.836	7.3
11:16:52.848	9.4
11:16:52.861	5.7
11:16:52.869	5.4
11:16:52.881	6.2
11:16:52.893	5.2
11:16:52.906	6.7
11:16:52.914	5.6
11:16:52.926	6.8
11:16:52.938	5.7
11:16:52.947	4.2
11:16:52.959	2.4
11:16:52.971	2.1
11:16:52.979	3.6
11:16:52.992	3.6
11:16:53.004	2.2
11:16:53.016	1.7
11:16:53.024	1.7
11:16:53.037	1.9
11:16:53.049	-1.2
11:16:53.057	-1.3
11:16:53.070	-1.6
11:16:53.082	-1.3
11:16:53.090	-1.4
11:16:53.102	-1.0
11:16:53.115	1.4
11:16:53.123	2.9
11:16:53.135	2.7
11:16:53.147	1.5
11:16:53.160	4.3
11:16:53.168	5.4
11:16:53.180	5.8
11:16:53.192	6.0
11:16:53.201	5.4
11:16:53.213	5.4
11:16:53.225	4.0
11:16:53.233	3.3
11:16:53.246	5.3
11:16:53.258	5.7
11:16:53.266	5.5
11:16:53.278	5.3
11:16:53.291	3.2
11:16:53.303	1.4
11:16:53.311	0.6
11:16:53.324	-0.8
11:16:53.336	-3.5
11:16:53.344	-7.2
11:16:53.356	-12.9
11:16:53.368	-13.8
11:16:53.377	-15.4
11:16:53.389	-16.8
11:16:53.401	-16.3
11:16:53.414	-16.6
11:16:53.422	-19.0
11:16:53.434	-20.5
11:16:53.446	-20.0
11:16:53.454	-20.5
11:16:53.466	-19.4
11:16:53.479	-20.8
11:16:53.487	-21.9
11:16:53.499	-23.7
11:16:53.512	-24.6
11:16:53.520	-24.3
11:16:53.532	-22.8
11:16:53.544	-21.3
11:16:53.553	-21.7
11:16:53.565	-20.3
11:16:53.577	-20.6
11:16:53.589	-20.0
11:16:53.598	-19.2
11:16:53.610	-17.2
11:16:53.622	-18.1
11:16:53.630	-19.0
11:16:53.643	-20.7
11:16:53.655	-20.8
11:16:53.667	-20.7
11:16:53.675	-18.8
11:16:53.688	-18.1
11:16:53.700	-18.4
11:16:53.708	-18.5
11:16:53.720	-18.8
11:16:53.733	-18.6
11:16:53.741	-17.1
11:16:53.753	-14.1
11:16:53.765	-15.3
11:16:53.774	-14.6
11:16:53.786	-15.6
11:16:53.798	-14.0
11:16:53.806	-14.5
11:16:53.819	-15.0
11:16:53.831	-15.8
11:16:53.843	-12.0
11:16:53.851	-9.1
11:16:53.864	-10.8
11:16:53.876	-7.4
11:16:53.884	-8.0
11:16:53.897	-8.2
11:16:53.909	-9.7
11:16:53.917	-7.8
11:16:53.929	-7.2
11:16:53.942	-6.9
11:16:53.954	-9.8
11:16:53.962	-14.8
11:16:53.974	-12.6
11:16:53.987	-15.5
11:16:53.995	-13.9
11:16:54.007	-11.3
11:16:54.019	-11.5
11:16:54.028	-11.4
11:16:54.040	-9.9
11:16:54.052	-7.1
11:16:54.060	-5.6
11:16:54.073	-2.6
11:16:54.085	-3.9
11:16:54.097	-3.2
11:16:54.105	-1.5
11:16:54.118	-3.3
11:16:54.130	-2.8
11:16:54.138	-2.8
11:16:54.151	-4.7
11:16:54.163	-6.4
11:16:54.171	-7.6
11:16:54.183	-10.0
11:16:54.196	-8.7
11:16:54.204	-7.1
11:16:54.216	-8.1
11:16:54.228	-8.7
11:16:54.237	-7.1
11:16:54.249	-7.4
11:16:54.261	-6.8
11:16:54.273	-4.6
11:16:54.282	-4.3
11:16:54.294	-2.4
11:16:54.306	-4.1
11:16:54.314	-5.4
11:16:54.327	-5.7
11:16:54.339	-4.3
11:16:54.351	-3.6
11:16:54.359	-3.3
11:16:54.372	-2.0
11:16:54.384	-3.3
11:16:54.392	-2.8
11:16:54.404	-1.9
11:16:54.417	-0.2
11:16:54.425	3.5
11:16:54.437	3.1
11:16:54.450	4.7
11:16:54.458	3.4
11:16:54.470	2.8
11:16:54.482	2.4
11:16:54.490	2.1
11:16:54.503	3.0
11:16:54.515	1.3
11:16:54.527	0.7
11:16:54.535	-1.8
11:16:54.548	-1.0
11:16:54.560	-1.7
11:16:54.572	-0.6
11:16:54.580	0.7
11:16:54.593	2.5
11:16:54.605	4.7
11:16:54.613	8.6
11:16:54.626	12.0
11:16:54.638	14.4
11:16:54.650	15.6
11:16:54.658	17.8
11:16:54.671	18.5
11:16:54.683	19.9
11:16:54.691	22.4
11:16:54.703	22.3
11:16:54.716	21.3
11:16:54.724	19.7
11:16:54.736	18.5
11:16:54.748	20.5
11:16:54.757	20.3
11:16:54.769	20.2
11:16:54.781	20.5
11:16:54.789	21.1
11:16:54.802	21.4
11:16:54.814	22.4
11:16:54.826	23.4
11:16:54.834	22.5
11:16:54.847	23.4
11:16:54.859	21.4
11:16:54.867	21.4
11:16:54.879	22.0
11:16:54.892	24.0
11:16:54.900	24.4
11:16:54.912	24.6
11:16:54.924	23.4
11:16:54.937	23.6
11:16:54.945	27.9
11:16:54.957	28.3
11:16:54.969	26.4
11:16:54.978	26.9
11:16:54.990	25.8
11:16:55.002	24.2
11:16:55.010	23.1
11:16:55.023	21.3
11:16:55.035	20.6
11:16:55.043	20.6
11:16:55.056	16.8
11:16:55.068	14.6
11:16:55.080	15.7
11:16:55.088	18.0
11:16:55.101	16.7
11:16:55.113	14.5
11:16:55.121	13.6
11:16:55.133	13.6
11:16:55.146	14.4
11:16:55.154	12.0
11:16:55.166	10.9
11:16:55.178	10.0
11:16:55.186	9.0
11:16:55.199	3.5
11:16:55.211	2.6
11:16:55.223	2.3
11:16:55.232	1.3
11:16:55.244	0.5
11:16:55.256	0.3
11:16:55.264	0.8
11:16:55.277	-0.5
11:16:55.289	0.5
11:16:55.297	-1.4
11:16:55.309	1.1
11:16:55.322	1.2
11:16:55.334	0.5
11:16:55.342	0.0
11:16:55.354	-2.2
11:16:55.367	-3.3
11:16:55.375	-4.5
11:16:55.387	-5.9
11:16:55.399	-7.6
11:16:55.408	-7.3
11:16:55.420	-9.5
11:16:55.432	-10.3
11:16:55.440	-10.6
11:16:55.453	-11.9
11:16:55.465	-11.5
11:16:55.473	-12.5
11:16:55.485	-13.1
11:16:55.498	-11.6
11:16:55.510	-12.5
11:16:55.518	-12.4
11:16:55.530	-11.3
11:16:55.543	-12.5
11:16:55.551	-9.6
11:16:55.563	-9.0
11:16:55.575	-6.8
11:16:55.588	-6.5
11:16:55.596	-6.4
11:16:55.608	-5.4
11:16:55.621	-5.8
11:16:55.629	-5.3
11:16:55.641	-8.2
11:16:55.653	-8.1
11:16:55.662	-13.1
11:16:55.674	-14.5
11:16:55.686	-16.1
11:16:55.694	-17.1
11:16:55.707	-13.7
11:16:55.719	-16.6
11:16:55.727	-16.9
11:16:55.739	-17.7
11:16:55.752	-16.6
11:16:55.764	-15.5
11:16:55.772	-13.3
11:16:55.784	-11.5
11:16:55.797	-12.3
11:16:55.805	-12.1
11:16:55.817	-15.3
11:16:55.830	-15.2
11:16:55.838	-13.4
11:16:55.850	-10.7
11:16:55.862	-9.9
11:16:55.874	-10.1
11:16:55.883	-8.9
11:16:55.895	-8.8
11:16:55.907	-8.9
11:16:55.915	-8.5
11:16:55.928	-8.6
11:16:55.940	-5.5
11:16:55.948	-5.8
11:16:55.960	-7.4
11:16:55.973	-7.3
11:16:55.981	-7.8
11:16:55.993	-8.1
11:16:56.006	-7.8
11:16:56.018	-7.3
11:16:56.026	-7.4
11:16:56.038	-7.4
11:16:56.051	-8.6
11:16:56.059	-7.5
11:16:56.071	-5.6
11:16:56.083	-5.1
11:16:56.091	-4.0
11:16:56.104	-2.5
11:16:56.116	-3.8
11:16:56.124	-3.5
11:16:56.137	-3.9
11:16:56.149	-2.9
11:16:56.157	-3.2
11:16:56.169	-4.1
11:16:56.183	-6.0
11:16:56.195	-4.2
11:16:56.203	-4.2
11:16:56.215	-7.0
11:16:56.228	-5.6
11:16:56.236	-6.1
11:16:56.248	-3.0
11:16:56.260	-0.6
11:16:56.273	-1.5
11:16:56.281	-0.2
11:16:56.293	-0.4
11:16:56.305	-0.2
11:16:56.314	-0.5
11:16:56.326	1.9
11:16:56.338	1.8
11:16:56.346	3.4
11:16:56.359	2.9
11:16:56.371	1.6
11:16:56.379	3.4
11:16:56.391	4.7
11:16:56.404	6.7
11:16:56.412	5.9
11:16:56.424	8.3
11:16:56.436	10.1
11:16:56.449	10.9
11:16:56.457	10.1
11:16:56.469	9.4
11:16:56.481	9.2
11:16:56.490	9.9
11:16:56.502	9.6
11:16:56.514	10.8
11:16:56.527	10.4
11:16:56.535	8.9
11:16:56.547	6.9
11:16:56.559	6.1
11:16:56.572	9.4
11:16:56.580	11.0
11:16:56.592	14.2
11:16:56.604	13.4
11:16:56.612	12.8
11:16:56.625	11.6
11:16:56.637	12.8
11:16:56.645	15.1
11:16:56.658	16.7
11:16:56.670	18.5
11:16:56.678	16.4
11:16:56.690	17.0
11:16:56.703	14.8
11:16:56.711	15.6
11:16:56.723	15.8
11:16:56.735	17.0
11:16:56.748	17.2
11:16:56.756	17.0
11:16:56.768	16.5
11:16:56.780	15.6
11:16:56.789	16.3
11:16:56.801	15.3
11:16:56.813	15.0
11:16:56.821	15.3
11:16:56.834	18.1
11:16:56.846	17.9
11:16:56.858	17.5
11:16:56.867	18.4
11:16:56.879	16.0
11:16:56.891	18.1
11:16:56.899	18.6
11:16:56.911	19.0
11:16:56.924	19.4
11:16:56.932	18.5
11:16:56.944	16.8
11:16:56.957	16.4
11:16:56.965	16.4
11:16:56.977	15.3
11:16:56.989	16.8
11:16:57.002	18.3
11:16:57.010	17.6
11:16:57.022	17.0
11:16:57.034	17.4
11:16:57.042	21.5
11:16:57.055	22.0
11:16:57.067	22.4
11:16:57.075	24.6
11:16:57.088	23.9
11:16:57.100	24.7
11:16:57.108	23.6
11:16:57.120	24.3
11:16:57.133	27.1
11:16:57.145	28.4
11:16:57.153	27.1
11:16:57.165	25.7
11:16:57.178	25.3
11:16:57.186	24.0
11:16:57.198	24.3
11:16:57.210	24.6
11:16:57.219	23.5
11:16:57.231	23.1
11:16:57.243	21.2
11:16:57.255	19.9
11:16:57.264	21.3
11:16:57.276	21.2
11:16:57.288	22.0
11:16:57.296	20.9
11:16:57.309	20.4
11:16:57.321	19.0
11:16:57.329	19.7
11:16:57.341	18.8
11:16:57.354	18.1
11:16:57.362	19.2
11:16:57.374	18.2
11:16:57.387	19.9
11:16:57.395	19.3
11:16:57.407	20.0
11:16:57.419	19.5
11:16:57.432	19.8
11:16:57.440	19.5
11:16:57.452	21.6
11:16:57.464	22.4
11:16:57.473	22.4
11:16:57.485	21.8
11:16:57.497	20.9
11:16:57.509	20.0
11:16:57.518	19.8
11:16:57.530	20.2
11:16:57.542	20.3
11:16:57.550	21.4
11:16:57.563	21.1
11:16:57.575	20.1
11:16:57.583	20.1
11:16:57.595	17.7
11:16:57.608	18.5
11:16:57.616	18.5
11:16:57.628	19.5
11:16:57.640	21.9
11:16:57.649	22.8
11:16:57.661	21.0
11:16:57.673	21.1
11:16:57.685	22.1
11:16:57.694	21.9
11:16:57.706	24.0
11:16:57.718	24.9
11:16:57.726	28.5
11:16:57.739	28.5
11:16:57.751	26.9
11:16:57.759	27.1
11:16:57.771	27.6
11:16:57.784	27.7
11:16:57.796	26.4
11:16:57.804	26.7
11:16:57.816	26.6
11:16:57.829	25.4
11:16:57.837	25.0
11:16:57.849	24.7
11:16:57.862	25.3
11:16:57.870	23.6
11:16:57.882	23.7
11:16:57.894	24.0
11:16:57.903	25.0
11:16:57.915	25.0
11:16:57.927	24.6
11:16:57.940	23.9
11:16:57.948	22.3
11:16:57.960	20.7
11:16:57.972	20.8
11:16:57.981	21.5
11:16:57.993	20.7
11:16:58.005	20.6
11:16:58.013	20.7
11:16:58.026	21.3
11:16:58.038	21.4
11:16:58.046	20.5
11:16:58.058	19.8
11:16:58.071	21.1
11:16:58.079	21.0
11:16:58.091	21.8
11:16:58.103	22.2
11:16:58.116	21.2
11:16:58.124	23.9
11:16:58.136	21.8
11:16:58.148	21.5
11:16:58.157	23.3
11:16:58.169	21.5
11:16:58.181	21.7
11:16:58.193	21.3
11:16:58.202	20.1
11:16:58.213	20.8
11:16:58.225	21.0
11:16:58.234	16.7
11:16:58.246	16.2
11:16:58.258	14.8
11:16:58.270	14.4
11:16:58.279	15.8
11:16:58.291	13.1
11:16:58.303	12.3
11:16:58.311	13.6
11:16:58.324	11.7
11:16:58.332	9.7
11:16:58.344	9.8
11:16:58.356	8.8
11:16:58.370	8.0
11:16:58.378	5.1
11:16:58.390	4.4
11:16:58.403	4.5
11:16:58.411	3.0
11:16:58.423	1.0
11:16:58.435	0.8
11:16:58.448	0.5
11:16:58.456	-0.7
11:16:58.468	-1.5
11:16:58.480	-2.5
11:16:58.493	-1.3
11:16:58.501	-2.3
11:16:58.513	-1.9
11:16:58.525	-1.3
11:16:58.534	-1.9
11:16:58.546	-2.0
11:16:58.558	-2.1
11:16:58.566	-1.5
11:16:58.579	-1.1
11:16:58.591	0.3
11:16:58.599	-0.1
11:16:58.611	-2.1
11:16:58.624	-3.7
11:16:58.632	-5.7
11:16:58.644	-5.0
11:16:58.656	-5.3
11:16:58.668	-5.0
11:16:58.676	-5.4
11:16:58.688	-6.7
11:16:58.701	-8.7
11:16:58.709	-7.9
11:16:58.721	-8.1
11:16:58.733	-8.5
11:16:58.742	-9.0
11:16:58.754	-9.6
11:16:58.766	-12.0
11:16:58.778	-14.5
11:16:58.787	-15.8
11:16:58.799	-16.1
11:16:58.811	-16.3
11:16:58.819	-18.7
11:16:58.832	-17.3
11:16:58.844	-17.1
11:16:58.852	-16.5
11:16:58.864	-16.6
11:16:58.877	-12.7
11:16:58.885	-13.0
11:16:58.898	-12.8
11:16:58.910	-11.8
11:16:58.922	-11.6
11:16:58.930	-12.4
11:16:58.943	-12.5
11:16:58.955	-13.2
11:16:58.963	-11.9
11:16:58.976	-12.3
11:16:58.988	-14.0
11:16:58.996	-12.2
11:16:59.008	-12.0
11:16:59.021	-14.8
11:16:59.029	-14.8
11:16:59.041	-14.8
11:16:59.053	-15.4
11:16:59.066	-14.5
11:16:59.074	-16.3
11:16:59.086	-18.5
11:16:59.098	-20.9
11:16:59.107	-22.2
11:16:59.119	-24.4
11:16:59.131	-23.2
11:16:59.139	-23.0
11:16:59.152	-21.2
11:16:59.164	-20.8
11:16:59.176	-20.6
11:16:59.184	-17.8
11:16:59.197	-17.0
11:16:59.209	-14.9
11:16:59.217	-13.6
11:16:59.230	-10.1
11:16:59.242	-9.6
11:16:59.251	-10.9
11:16:59.263	-11.3
11:16:59.275	-11.0
11:16:59.283	-10.1
11:16:59.295	-12.0
11:16:59.308	-10.0
11:16:59.316	-12.7
11:16:59.328	-13.4
11:16:59.340	-13.7
11:16:59.353	-9.0
11:16:59.361	-8.0
11:16:59.373	-7.2
11:16:59.385	-6.3
11:16:59.394	-7.4
11:16:59.406	-5.2
11:16:59.418	-6.0
11:16:59.430	-2.8
11:16:59.439	-1.6
11:16:59.451	0.7
11:16:59.463	-1.9
11:16:59.471	-0.5
11:16:59.484	-0.5
11:16:59.496	0.1
11:16:59.504	3.2
11:16:59.517	2.5
11:16:59.529	2.3
11:16:59.537	2.5
11:16:59.549	3.2
11:16:59.562	1.6
11:16:59.570	1.1
11:16:59.582	2.1
11:16:59.594	3.9
11:16:59.607	3.0
11:16:59.615	3.1
11:16:59.627	4.4
11:16:59.639	6.0
11:16:59.648	6.0
11:16:59.660	6.7
11:16:59.672	7.3
11:16:59.680	7.5
11:16:59.693	6.3
11:16:59.705	4.8
11:16:59.717	6.1
11:16:59.725	6.7
11:16:59.738	5.8
11:16:59.750	8.1
11:16:59.758	9.6
11:16:59.770	9.5
11:16:59.783	9.3
11:16:59.791	10.9
11:16:59.803	12.6
11:16:59.815	14.2
11:16:59.824	15.2
11:16:59.836	13.6
11:16:59.848	13.1
11:16:59.860	13.1
11:16:59.869	10.7
11:16:59.881	10.1
11:16:59.893	11.1
11:16:59.901	11.3
11:16:59.914	11.4
11:16:59.926	11.9
11:16:59.934	11.8
11:16:59.947	12.0
11:16:59.959	12.4
11:16:59.967	11.1
11:16:59.979	12.4
11:16:59.992	13.3
11:17:00.000	13.2
11:17:00.012	14.8
11:17:00.024	16.6
11:17:00.037	16.6
11:17:00.045	14.9
11:17:00.057	15.2
11:17:00.069	16.3
11:17:00.078	17.3
11:17:00.090	17.2
11:17:00.102	19.3
11:17:00.114	18.5
11:17:00.123	18.4
11:17:00.135	17.9
11:17:00.147	18.1
11:17:00.155	17.9
11:17:00.168	18.6
11:17:00.180	17.4
11:17:00.188	17.2
11:17:00.201	18.7
11:17:00.213	19.2
11:17:00.221	20.0
11:17:00.233	17.5
11:17:00.245	18.1
11:17:00.258	16.1
11:17:00.266	17.2
11:17:00.278	17.1
11:17:00.290	18.1
11:17:00.299	17.6
11:17:00.311	17.3
11:17:00.323	15.5
11:17:00.335	15.4
11:17:00.344	15.9
11:17:00.356	13.4
11:17:00.368	15.4
11:17:00.376	15.1
11:17:00.389	15.2
11:17:00.401	15.5
11:17:00.413	15.2
11:17:00.422	15.2
11:17:00.434	14.1
11:17:00.446	14.4
11:17:00.454	15.7
11:17:00.467	17.8
11:17:00.479	17.1
11:17:00.487	17.7
11:17:00.499	17.8
11:17:00.512	17.2
11:17:00.520	16.1
11:17:00.532	16.9
11:17:00.544	18.3
11:17:00.552	17.9
11:17:00.565	18.3
11:17:00.577	16.6
11:17:00.589	20.1
11:17:00.598	19.9
11:17:00.610	19.0
11:17:00.622	19.1
11:17:00.630	19.3
11:17:00.643	18.9
11:17:00.655	17.4
11:17:00.663	18.8
11:17:00.675	19.4
11:17:00.688	20.4
11:17:00.700	17.2
11:17:00.708	16.4
11:17:00.720	16.4
11:17:00.733	16.6
11:17:00.741	19.1
11:17:00.753	17.6
11:17:00.765	20.6
11:17:00.774	19.0
11:17:00.786	16.6
11:17:00.798	15.7
11:17:00.806	17.0
11:17:00.819	17.2
11:17:00.831	17.5
11:17:00.843	17.2
11:17:00.851	16.7
11:17:00.864	16.2
11:17:00.876	13.7
11:17:00.884	13.6
11:17:00.896	13.4
11:17:00.909	13.0
11:17:00.917	12.0
11:17:00.929	11.8
11:17:00.941	11.6
11:17:00.950	13.3
11:17:00.962	12.5
11:17:00.974	14.4
11:17:00.987	12.2
11:17:00.995	12.6
11:17:01.007	14.9
11:17:01.019	15.1
11:17:01.028	13.8
11:17:01.040	16.1
11:17:01.052	15.8
11:17:01.060	14.9
11:17:01.073	14.0
11:17:01.085	13.2
11:17:01.097	14.8
11:17:01.105	14.7
11:17:01.118	13.4
11:17:01.130	15.0
11:17:01.138	14.7
11:17:01.150	12.6
11:17:01.163	12.1
11:17:01.171	9.6
11:17:01.183	10.4
11:17:01.195	10.3
11:17:01.204	10.8
11:17:01.216	10.5
11:17:01.228	9.8
11:17:01.236	9.3
11:17:01.249	9.3
11:17:01.261	10.6
11:17:01.273	10.8
11:17:01.281	12.3
11:17:01.294	12.1
11:17:01.306	11.2
11:17:01.314	10.3
11:17:01.326	10.1
11:17:01.339	9.4
11:17:01.351	8.5
11:17:01.359	7.9
11:17:01.371	8.0
11:17:01.384	5.9
11:17:01.392	6.5
11:17:01.404	6.0
11:17:01.417	5.4
11:17:01.425	6.3
11:17:01.437	5.4
11:17:01.449	7.1
11:17:01.457	6.8
11:17:01.470	5.8
11:17:01.482	5.4
11:17:01.490	6.9
11:17:01.502	5.6
11:17:01.515	5.6
11:17:01.528	6.0
11:17:01.536	4.3
11:17:01.548	6.0
11:17:01.560	5.6
11:17:01.568	4.9
11:17:01.581	6.3
11:17:01.593	4.9
11:17:01.601	7.4
11:17:01.614	7.4
11:17:01.626	6.9
11:17:01.638	5.8
11:17:01.646	5.1
11:17:01.659	5.9
11:17:01.671	4.1
11:17:01.679	3.3
11:17:01.691	4.1
11:17:01.704	2.0
11:17:01.712	-1.2
11:17:01.724	-1.0
11:17:01.736	-1.9
11:17:01.745	-1.8
11:17:01.756	-0.9
11:17:01.769	-5.1
11:17:01.781	-5.4
11:17:01.790	-5.2
11:17:01.802	-6.7
11:17:01.814	-5.8
11:17:01.822	-5.1
11:17:01.835	-5.6
11:17:01.847	-5.6
11:17:01.855	-5.7
11:17:01.867	-7.5
11:17:01.880	-7.4
11:17:01.888	-8.2
11:17:01.900	-9.7
11:17:01.913	-10.7
11:17:01.921	-10.3
11:17:01.933	-11.0
11:17:01.945	-12.0
11:17:01.958	-13.0
11:17:01.966	-14.2
11:17:01.978	-14.6
11:17:01.990	-13.6
11:17:01.998	-11.6
11:17:02.011	-10.3
11:17:02.023	-10.5
11:17:02.035	-11.9
11:17:02.044	-10.5
11:17:02.056	-10.4
11:17:02.068	-10.0
11:17:02.076	-10.9
11:17:02.089	-11.8
11:17:02.101	-12.9
11:17:02.109	-14.2
11:17:02.121	-14.8
11:17:02.134	-15.6
11:17:02.142	-14.7
11:17:02.154	-17.9
11:17:02.166	-19.2
11:17:02.175	-20.4
11:17:02.187	-18.0
11:17:02.199	-16.2
11:17:02.211	-17.2
11:17:02.220	-19.8
11:17:02.232	-21.8
11:17:02.244	-20.2
11:17:02.256	-22.9
11:17:02.265	-22.2
11:17:02.277	-23.5
11:17:02.289	-21.7
11:17:02.297	-23.7
11:17:02.310	-24.1
11:17:02.322	-24.0
11:17:02.334	-25.5
11:17:02.342	-23.3
11:17:02.355	-24.4
11:17:02.367	-23.8
11:17:02.375	-25.8
11:17:02.387	-25.8
11:17:02.400	-28.3
11:17:02.408	-27.9
11:17:02.420	-28.6
11:17:02.433	-29.5
11:17:02.441	-27.8
11:17:02.453	-28.5
11:17:02.465	-25.5
11:17:02.473	-24.5
11:17:02.486	-21.3
11:17:02.498	-18.8
11:17:02.510	-15.9
11:17:02.519	-16.6
11:17:02.531	-14.8
11:17:02.543	-14.7
11:17:02.551	-14.4
11:17:02.564	-14.1
11:17:02.576	-17.5
11:17:02.584	-17.0
11:17:02.596	-17.7
11:17:02.609	-18.0
11:17:02.621	-19.7
11:17:02.629	-17.4
11:17:02.641	-18.3
11:17:02.654	-16.1
11:17:02.662	-12.0
11:17:02.674	-11.3
11:17:02.686	-9.5
11:17:02.695	-10.4
11:17:02.707	-7.5
11:17:02.719	-7.8
11:17:02.727	-6.7
11:17:02.740	-6.7
11:17:02.752	-5.9
11:17:02.764	-6.8
11:17:02.772	-9.8
11:17:02.785	-9.0
11:17:02.797	-8.4
11:17:02.805	-5.4
11:17:02.817	-9.4
11:17:02.830	-8.8
11:17:02.838	-8.1
11:17:02.850	-7.9
11:17:02.862	-7.4
11:17:02.871	-6.7
11:17:02.883	-5.7
11:17:02.895	-5.7
11:17:02.908	-5.2
11:17:02.916	-5.9
11:17:02.928	-5.1
11:17:02.940	-5.2
11:17:02.948	-6.3
11:17:02.961	-6.0
11:17:02.973	-6.4
11:17:02.981	-4.8
11:17:02.994	-4.2
11:17:03.006	-5.2
11:17:03.018	-6.7
11:17:03.026	-7.7
11:17:03.039	-5.8
11:17:03.051	-3.2
11:17:03.059	-2.3
11:17:03.071	-1.8
11:17:03.084	-1.7
11:17:03.092	-3.4
11:17:03.104	-3.4
11:17:03.116	-3.3
11:17:03.125	-2.0
11:17:03.137	0.9
11:17:03.149	-0.3
11:17:03.157	-1.8
11:17:03.170	-1.3
11:17:03.182	-2.8
11:17:03.194	-1.5
11:17:03.202	1.5
11:17:03.215	-0.1
11:17:03.227	-0.5
11:17:03.235	-0.9
11:17:03.247	-2.7
11:17:03.260	-1.3
11:17:03.272	1.4
11:17:03.280	1.1
11:17:03.292	3.0
11:17:03.305	4.1
11:17:03.313	3.5
11:17:03.325	7.4
11:17:03.337	10.8
11:17:03.346	10.7
11:17:03.358	11.7
11:17:03.370	12.5
11:17:03.378	9.7
11:17:03.391	8.8
11:17:03.403	7.5
11:17:03.411	6.8
11:17:03.423	7.6
11:17:03.436	6.8
11:17:03.448	7.1
11:17:03.456	7.5
11:17:03.469	8.2
11:17:03.481	6.3
11:17:03.489	8.4
11:17:03.501	9.7
11:17:03.514	12.1
11:17:03.522	10.4
11:17:03.534	9.2
11:17:03.547	7.1
11:17:03.559	5.6
11:17:03.567	6.2
11:17:03.579	5.3
11:17:03.592	8.7
11:17:03.600	10.7
11:17:03.612	10.2
11:17:03.624	8.8
11:17:03.633	9.0
11:17:03.645	8.8
11:17:03.657	11.7
11:17:03.665	12.7
11:17:03.678	12.2
11:17:03.690	12.4
11:17:03.702	11.3
11:17:03.710	10.0
11:17:03.723	13.1
11:17:03.735	13.5
11:17:03.743	16.2
11:17:03.755	15.4
11:17:03.768	14.3
11:17:03.776	12.4
11:17:03.788	13.1
11:17:03.800	12.9
11:17:03.809	11.7
11:17:03.821	9.5
11:17:03.833	8.7
11:17:03.841	9.6
11:17:03.854	6.0
11:17:03.866	6.4
11:17:03.878	5.7
11:17:03.886	6.9
11:17:03.899	6.5
11:17:03.911	6.9
11:17:03.919	6.7
11:17:03.931	8.4
11:17:03.944	6.3
11:17:03.956	6.9
11:17:03.964	8.2
11:17:03.976	7.0
11:17:03.989	5.8
11:17:03.997	3.8
11:17:04.009	2.5
11:17:04.022	1.3
11:17:04.030	0.9
11:17:04.042	2.1
11:17:04.054	2.3
11:17:04.062	-0.8
11:17:04.075	1.0
11:17:04.087	2.3
11:17:04.095	2.1
11:17:04.108	2.5
11:17:04.120	2.2
11:17:04.132	2.6
11:17:04.140	3.0
11:17:04.153	-1.3
11:17:04.165	-2.1
11:17:04.173	-3.2
11:17:04.185	-5.3
11:17:04.198	-6.0
11:17:04.210	-4.2
11:17:04.218	-5.8
11:17:04.231	-4.0
11:17:04.243	-5.8
11:17:04.251	-8.4
11:17:04.263	-7.5
11:17:04.275	-7.2
11:17:04.284	-7.7
11:17:04.296	-10.0
11:17:04.308	-10.1
11:17:04.320	-12.8
11:17:04.329	-10.8
11:17:04.341	-11.7
11:17:04.353	-11.2
11:17:04.361	-8.2
11:17:04.374	-10.0
11:17:04.386	-10.9
11:17:04.394	-13.3
11:17:04.406	-10.6
11:17:04.419	-11.4
11:17:04.427	-7.5
11:17:04.439	-8.2
11:17:04.451	-9.9
11:17:04.464	-10.8
11:17:04.472	-12.5
11:17:04.484	-12.5
11:17:04.496	-13.4
11:17:04.505	-10.4
11:17:04.517	-12.3
11:17:04.529	-13.3
11:17:04.541	-15.7
11:17:04.550	-15.6
11:17:04.563	-13.9
11:17:04.575	-13.2
11:17:04.583	-10.8
11:17:04.596	-8.8
11:17:04.608	-7.7
11:17:04.616	-7.3
11:17:04.627	-6.1
11:17:04.640	-5.8
11:17:04.648	-6.5
11:17:04.660	-7.7
11:17:04.673	-8.7
11:17:04.685	-7.7
11:17:04.693	-9.6
11:17:04.705	-9.7
11:17:04.718	-8.8
11:17:04.726	-8.8
11:17:04.738	-8.9
11:17:04.750	-7.9
11:17:04.758	-7.6
11:17:04.771	-6.3
11:17:04.784	-6.0
11:17:04.791	-6.0
11:17:04.804	-5.8
11:17:04.817	-7.9
11:17:04.829	-9.3
11:17:04.837	-8.5
11:17:04.850	-8.7
11:17:04.862	-8.3
11:17:04.870	-6.6
11:17:04.882	-6.1
11:17:04.895	-6.0
11:17:04.903	-4.4
11:17:04.915	-5.6
11:17:04.927	-3.5
11:17:04.940	-2.1
11:17:04.948	-1.9
11:17:04.960	-1.6
11:17:04.972	-0.7
11:17:04.981	-2.3
11:17:04.993	-1.7
11:17:05.005	-0.9
11:17:05.013	-3.8
11:17:05.026	-1.2
11:17:05.038	-2.1
11:17:05.046	-1.2
11:17:05.058	-0.8
11:17:05.071	-0.2
11:17:05.079	1.5
11:17:05.091	0.7
11:17:05.103	2.8
11:17:05.116	1.6
11:17:05.124	3.5
11:17:05.135	2.0
11:17:05.148	4.3
11:17:05.156	3.1
11:17:05.168	2.2
11:17:05.180	2.7
11:17:05.193	-1.0
11:17:05.201	0.1
11:17:05.213	-2.9
11:17:05.225	-1.5
11:17:05.234	-3.6
11:17:05.246	-3.7
11:17:05.258	-3.7
11:17:05.266	-3.8
11:17:05.279	-4.1
11:17:05.291	-5.5
11:17:05.299	-3.6
11:17:05.311	-4.3
11:17:05.324	-4.7
11:17:05.332	-6.8
11:17:05.344	-6.8
11:17:05.357	-7.6
11:17:05.369	-11.0
11:17:05.377	-11.7
11:17:05.389	-11.9
11:17:05.402	-11.4
11:17:05.410	-12.8
11:17:05.422	-10.1
11:17:05.434	-10.0
11:17:05.443	-8.4
11:17:05.455	-8.2
11:17:05.467	-8.3
11:17:05.479	-5.9
11:17:05.488	-4.2
11:17:05.500	-3.9
11:17:05.512	-3.3
11:17:05.520	-1.1
11:17:05.533	-3.9
11:17:05.545	-3.7
11:17:05.554	-4.0
11:17:05.566	-3.1
11:17:05.579	-2.2
11:17:05.587	-2.9
11:17:05.599	-3.5
11:17:05.611	-2.3
11:17:05.624	-1.5
11:17:05.632	-2.5
11:17:05.644	-0.9
11:17:05.657	-0.2
11:17:05.665	-0.1
11:17:05.677	0.9
11:17:05.689	4.3
11:17:05.697	4.7
11:17:05.710	5.6
11:17:05.722	6.4
11:17:05.730	5.8
11:17:05.742	6.5
11:17:05.755	7.1
11:17:05.763	7.6
11:17:05.775	9.9
11:17:05.788	10.4
11:17:05.800	6.8
11:17:05.808	9.1
11:17:05.820	8.6
11:17:05.833	8.5
11:17:05.841	6.9
11:17:05.853	4.7
11:17:05.865	3.4
11:17:05.878	2.5
11:17:05.886	-0.9
11:17:05.898	-1.6
11:17:05.910	-1.0
11:17:05.919	-2.6
11:17:05.931	-1.3
11:17:05.943	-0.2
11:17:05.951	2.2
11:17:05.964	4.4
11:17:05.976	3.9
11:17:05.984	3.7
11:17:05.996	6.0
11:17:06.009	6.5
11:17:06.017	6.9
11:17:06.029	8.4
11:17:06.041	7.3
11:17:06.054	4.6
11:17:06.062	5.5
11:17:06.074	6.9
11:17:06.086	7.1
11:17:06.095	8.6
11:17:06.107	6.0
11:17:06.119	5.0
11:17:06.131	4.5
11:17:06.140	3.6
11:17:06.152	3.4
11:17:06.164	4.8
11:17:06.172	2.7
11:17:06.185	0.3
11:17:06.197	1.1
11:17:06.205	0.6
11:17:06.217	3.7
11:17:06.230	4.0
11:17:06.238	6.7
11:17:06.250	7.2
11:17:06.262	11.8
11:17:06.275	11.7
11:17:06.283	13.4
11:17:06.295	13.6
11:17:06.308	12.3
11:17:06.316	11.2
11:17:06.328	11.5
11:17:06.340	10.5
11:17:06.348	7.5
11:17:06.361	7.5
11:17:06.373	2.1
11:17:06.381	2.2
11:17:06.393	2.6
11:17:06.406	2.9
11:17:06.414	2.9
11:17:06.426	3.3
11:17:06.439	3.7
11:17:06.451	7.4
11:17:06.463	9.0
11:17:06.471	8.4
11:17:06.484	10.2
11:17:06.496	11.0
11:17:06.504	10.2
11:17:06.516	11.2
11:17:06.529	12.5
11:17:06.537	13.0
11:17:06.549	12.3
11:17:06.561	11.7
11:17:06.570	10.8
11:17:06.582	9.3
11:17:06.594	9.4
11:17:06.606	7.7
11:17:06.615	6.9
11:17:06.627	8.5
11:17:06.639	9.3
11:17:06.647	10.9
11:17:06.660	11.3
11:17:06.672	11.2
11:17:06.680	10.4
11:17:06.692	13.0
11:17:06.705	14.4
11:17:06.713	17.9
11:17:06.725	19.7
11:17:06.737	17.3
11:17:06.750	19.1
11:17:06.758	19.6
11:17:06.770	19.9
11:17:06.782	19.5
11:17:06.791	21.4
11:17:06.803	21.4
11:17:06.815	21.5
11:17:06.823	21.2
11:17:06.836	23.1
11:17:06.848	28.4
11:17:06.860	27.8
11:17:06.868	26.6
11:17:06.881	27.7
11:17:06.893	28.6
11:17:06.901	30.1
11:17:06.914	31.4
11:17:06.926	32.0
11:17:06.934	30.5
11:17:06.946	28.9
11:17:06.959	26.2
11:17:06.967	27.9
11:17:06.979	29.3
11:17:06.991	26.9
11:17:07.000	26.0
11:17:07.012	26.4
11:17:07.024	23.6
11:17:07.036	21.7
11:17:07.045	21.2
11:17:07.057	20.5
11:17:07.069	19.3
11:17:07.077	18.1
11:17:07.090	19.4
11:17:07.102	20.8
11:17:07.114	21.5
11:17:07.122	21.0
11:17:07.135	22.1
11:17:07.147	22.0
11:17:07.155	23.7
11:17:07.167	24.3
11:17:07.180	24.1
11:17:07.188	24.6
11:17:07.200	23.4
11:17:07.213	23.4
11:17:07.221	23.7
11:17:07.233	24.1
11:17:07.246	25.3
11:17:07.254	27.6
11:17:07.266	27.3
11:17:07.278	26.5
11:17:07.291	27.4
11:17:07.299	26.1
11:17:07.311	25.8
11:17:07.323	26.3
11:17:07.331	26.8
11:17:07.344	25.9
11:17:07.356	24.9
11:17:07.364	24.1
11:17:07.377	24.1
11:17:07.389	24.7
11:17:07.401	25.5
11:17:07.409	26.5
11:17:07.422	27.2
11:17:07.434	26.8
11:17:07.442	25.1
11:17:07.454	25.2
11:17:07.467	25.7
11:17:07.475	25.2
11:17:07.487	23.7
11:17:07.499	24.1
11:17:07.507	23.1
11:17:07.520	22.9
11:17:07.532	21.1
11:17:07.544	20.8
11:17:07.553	22.1
11:17:07.565	22.8
11:17:07.577	22.8
11:17:07.585	21.8
11:17:07.598	22.5
11:17:07.610	20.9
11:17:07.618	20.7
11:17:07.630	19.9
11:17:07.643	20.4
11:17:07.651	20.1
11:17:07.663	19.2
11:17:07.675	17.5
11:17:07.684	17.3
11:17:07.696	17.4
11:17:07.708	17.6
11:17:07.720	18.1
11:17:07.729	17.1
11:17:07.741	16.2
11:17:07.753	16.4
11:17:07.761	18.8
11:17:07.774	19.6
11:17:07.786	19.5
11:17:07.798	19.0
11:17:07.806	19.9
11:17:07.819	17.8
11:17:07.831	17.1
11:17:07.839	16.4
11:17:07.851	16.5
11:17:07.864	15.8
11:17:07.872	13.1
11:17:07.884	12.8
11:17:07.897	12.8
11:17:07.905	13.2
11:17:07.917	12.0
11:17:07.929	13.0
11:17:07.937	12.7
11:17:07.950	13.1
11:17:07.962	12.9
11:17:07.974	11.5
11:17:07.983	10.6
11:17:07.995	9.3
11:17:08.007	7.8
11:17:08.015	4.8
11:17:08.028	2.9
11:17:08.040	3.2
11:17:08.052	3.3
11:17:08.060	2.7
11:17:08.073	0.8
11:17:08.085	-1.3
11:17:08.093	1.0
11:17:08.105	0.9
11:17:08.118	0.8
11:17:08.126	1.5
11:17:08.138	0.7
11:17:08.150	-0.8
11:17:08.159	-1.2
11:17:08.171	-1.8
11:17:08.183	-3.3
11:17:08.191	-1.6
11:17:08.204	-6.0
11:17:08.216	-6.6
11:17:08.228	-7.8
11:17:08.236	-7.5
11:17:08.249	-6.5
11:17:08.261	-7.4
11:17:08.269	-9.3
11:17:08.282	-10.0
11:17:08.294	-7.3
11:17:08.302	-9.4
11:17:08.314	-7.7
11:17:08.326	-10.6
11:17:08.339	-10.6
11:17:08.347	-13.5
11:17:08.359	-13.9
11:17:08.371	-12.2
11:17:08.384	-12.0
11:17:08.392	-10.7
11:17:08.404	-13.1
11:17:08.417	-13.1
11:17:08.425	-14.6
11:17:08.437	-13.2
11:17:08.449	-14.7
11:17:08.458	-13.8
11:17:08.470	-13.6
11:17:08.482	-16.1
11:17:08.490	-16.2
11:17:08.503	-20.4
11:17:08.515	-20.4
11:17:08.527	-15.5
11:17:08.535	-14.0
11:17:08.548	-13.5
11:17:08.560	-13.1
11:17:08.568	-12.4
11:17:08.580	-13.0
11:17:08.592	-13.0
11:17:08.601	-11.9
11:17:08.613	-11.4
11:17:08.625	-11.7
11:17:08.633	-15.6
11:17:08.646	-16.2
11:17:08.658	-17.3
11:17:08.670	-16.4
11:17:08.678	-16.5
11:17:08.691	-17.3
11:17:08.703	-14.7
11:17:08.711	-15.8
11:17:08.723	-13.6
11:17:08.736	-11.1
11:17:08.744	-9.1
11:17:08.756	-7.9
11:17:08.768	-5.5
11:17:08.781	-3.2
11:17:08.789	-0.6
11:17:08.801	1.3
11:17:08.813	1.6
11:17:08.822	3.3
11:17:08.834	5.2
11:17:08.846	8.6
11:17:08.854	8.3
11:17:08.867	7.6
11:17:08.879	7.6
11:17:08.887	6.8
11:17:08.900	6.1
11:17:08.912	7.4
11:17:08.920	7.0
11:17:08.932	8.1
11:17:08.945	8.5
11:17:08.957	6.5
11:17:08.965	9.3
11:17:08.977	9.2
11:17:08.990	9.4
11:17:08.998	11.4
11:17:09.010	11.5
11:17:09.022	12.5
11:17:09.035	11.3
11:17:09.043	12.1
11:17:09.055	12.8
11:17:09.067	12.6
11:17:09.076	10.4
11:17:09.088	11.5
11:17:09.100	11.7
11:17:09.108	10.3
11:17:09.121	11.2
11:17:09.133	11.6
11:17:09.141	13.5
11:17:09.153	14.1
11:17:09.166	13.1
11:17:09.174	12.2
11:17:09.186	12.0
11:17:09.198	13.3
11:17:09.211	13.5
11:17:09.219	13.8
11:17:09.231	13.7
11:17:09.244	13.2
11:17:09.252	13.4
11:17:09.264	12.6
11:17:09.276	13.7
11:17:09.284	16.5
11:17:09.297	18.0
11:17:09.309	17.2
11:17:09.322	16.8
11:17:09.330	16.2
11:17:09.343	15.8
11:17:09.355	15.1
11:17:09.363	15.3
11:17:09.376	15.5
11:17:09.388	15.4
11:17:09.396	13.5
11:17:09.408	13.7
11:17:09.421	14.0
11:17:09.429	15.1
11:17:09.441	15.5
11:17:09.453	16.1
11:17:09.466	17.2
11:17:09.474	16.5
11:17:09.486	16.2
11:17:09.498	17.3
11:17:09.507	19.3
11:17:09.519	20.8
11:17:09.531	20.4
11:17:09.539	19.8
11:17:09.552	20.8
11:17:09.564	19.1
11:17:09.572	18.4
11:17:09.584	17.9
11:17:09.597	19.0
11:17:09.605	17.0
11:17:09.617	15.9
11:17:09.629	13.5
11:17:09.642	13.6
11:17:09.650	14.2
11:17:09.662	14.8
11:17:09.674	16.6
11:17:09.683	16.8
11:17:09.695	18.5
11:17:09.707	17.6
11:17:09.720	20.4
11:17:09.728	20.0
11:17:09.740	20.9
11:17:09.752	20.6
11:17:09.761	21.0
11:17:09.773	19.7
11:17:09.785	18.3
11:17:09.793	17.7
11:17:09.805	17.5
11:17:09.818	17.5
11:17:09.826	15.6
11:17:09.838	15.2
11:17:09.851	14.0
11:17:09.859	14.2
11:17:09.871	14.0
11:17:09.883	16.3
11:17:09.896	17.0
11:17:09.904	17.6
11:17:09.916	17.3
11:17:09.928	16.3
11:17:09.937	17.3
11:17:09.949	17.7
11:17:09.961	18.0
11:17:09.973	18.8
11:17:09.982	19.1
11:17:09.994	17.3
11:17:10.006	17.9
11:17:10.014	17.3
11:17:10.027	16.6
11:17:10.039	16.9
11:17:10.047	14.9
11:17:10.059	14.4
11:17:10.072	14.3
11:17:10.080	16.2
11:17:10.092	14.8
11:17:10.104	16.7
11:17:10.113	15.9
11:17:10.125	16.0
11:17:10.137	17.7
11:17:10.149	17.4
11:17:10.158	19.1
11:17:10.170	19.7
11:17:10.182	21.3
11:17:10.195	17.4
11:17:10.203	16.7
11:17:10.215	14.9
11:17:10.228	15.2
11:17:10.236	15.5
11:17:10.248	15.3
11:17:10.260	15.3
11:17:10.268	14.6
11:17:10.281	15.8
11:17:10.293	13.6
11:17:10.305	16.7
11:17:10.313	17.6
11:17:10.326	16.9
11:17:10.338	15.2
11:17:10.346	13.8
11:17:10.358	13.2
11:17:10.371	12.8
11:17:10.379	14.5
11:17:10.391	11.8
11:17:10.404	11.6
11:17:10.412	8.6
11:17:10.424	9.3
11:17:10.436	9.3
11:17:10.449	11.2
11:17:10.457	11.6
11:17:10.469	11.3
11:17:10.481	13.0
11:17:10.490	11.2
11:17:10.502	11.4
11:17:10.514	11.2
11:17:10.522	13.9
11:17:10.535	12.9
11:17:10.547	13.2
11:17:10.555	13.0
11:17:10.567	12.5
11:17:10.580	13.0
11:17:10.592	12.2
11:17:10.600	15.8
11:17:10.612	16.7
11:17:10.625	17.9
11:17:10.633	17.1
11:17:10.645	17.9
11:17:10.657	18.0
11:17:10.666	16.5
11:17:10.678	19.9
11:17:10.690	18.7
11:17:10.702	18.3
11:17:10.711	14.6
11:17:10.723	13.1
11:17:10.735	12.9
11:17:10.743	11.6
11:17:10.756	12.2
11:17:10.768	12.8
11:17:10.776	16.4
11:17:10.788	15.0
11:17:10.801	17.6
11:17:10.809	18.9
11:17:10.821	18.9
11:17:10.833	20.8
11:17:10.842	19.1
11:17:10.854	18.5
11:17:10.866	17.6
11:17:10.879	17.3
11:17:10.887	15.5
11:17:10.899	15.6
11:17:10.911	13.6
11:17:10.919	11.8
11:17:10.932	11.5
11:17:10.944	9.9
11:17:10.956	10.9
11:17:10.965	10.7
11:17:10.977	12.4
11:17:10.989	11.4
11:17:10.997	10.4
11:17:11.010	9.1
11:17:11.022	8.5
11:17:11.030	10.3
11:17:11.042	11.1
11:17:11.055	11.0
11:17:11.063	10.2
11:17:11.075	9.7
11:17:11.087	6.4
11:17:11.096	7.2
11:17:11.108	6.4
11:17:11.120	5.0
11:17:11.132	4.1
11:17:11.141	2.5
11:17:11.153	-0.9
11:17:11.165	-2.6
11:17:11.173	-3.2
11:17:11.186	-2.2
11:17:11.198	-2.0
11:17:11.206	-2.7
11:17:11.219	-3.9
11:17:11.231	-3.7
11:17:11.243	-2.6
11:17:11.251	-2.9
11:17:11.264	-0.1
11:17:11.276	0.0
11:17:11.284	-1.7
11:17:11.296	-2.8
11:17:11.309	-3.9
11:17:11.317	-4.6
11:17:11.329	-4.0
11:17:11.341	-4.4
11:17:11.350	-7.0
11:17:11.362	-8.1
11:17:11.374	-10.2
11:17:11.386	-9.5
11:17:11.395	-8.1
11:17:11.407	-7.9
11:17:11.419	-7.8
11:17:11.427	-8.6
11:17:11.440	-9.2
11:17:11.452	-10.1
11:17:11.460	-9.8
11:17:11.473	-9.7
11:17:11.485	-9.7
11:17:11.493	-9.6
11:17:11.505	-10.8
11:17:11.518	-11.7
11:17:11.526	-9.7
11:17:11.538	-8.4
11:17:11.550	-7.1
11:17:11.563	-6.2
11:17:11.571	-7.7
11:17:11.583	-10.1
11:17:11.595	-11.2
11:17:11.604	-13.3
11:17:11.616	-13.0
11:17:11.628	-14.0
11:17:11.640	-15.4
11:17:11.649	-17.0
11:17:11.661	-17.5
11:17:11.673	-19.4
11:17:11.682	-17.3
11:17:11.694	-16.2
11:17:11.706	-17.1
11:17:11.714	-17.1
11:17:11.727	-15.7
11:17:11.739	-13.1
11:17:11.747	-15.4
11:17:11.759	-16.2
11:17:11.772	-17.6
11:17:11.780	-18.6
11:17:11.792	-20.4
11:17:11.804	-22.1
11:17:11.817	-21.2
11:17:11.825	-21.1
11:17:11.837	-23.1
11:17:11.849	-25.9
11:17:11.858	-25.5
11:17:11.870	-28.4
11:17:11.882	-27.0
11:17:11.894	-25.8
11:17:11.903	-24.7
11:17:11.915	-22.2
11:17:11.927	-21.6
11:17:11.935	-20.6
11:17:11.948	-19.4
11:17:11.960	-16.3
11:17:11.968	-15.3
11:17:11.980	-11.0
11:17:11.993	-11.9
11:17:12.001	-10.8
11:17:12.013	-11.4
11:17:12.025	-11.6
11:17:12.034	-10.1
11:17:12.046	-9.3
11:17:12.058	-9.4
11:17:12.071	-10.5
11:17:12.079	-10.5
11:17:12.091	-10.0
11:17:12.103	-9.5
11:17:12.111	-9.0
11:17:12.124	-9.2
11:17:12.136	-7.7
11:17:12.144	-9.2
11:17:12.156	-7.6
11:17:12.169	-5.8
11:17:12.177	-4.6
11:17:12.189	-3.9
11:17:12.202	-2.8
11:17:12.214	-1.1
11:17:12.222	-1.3
11:17:12.234	1.6
11:17:12.247	2.6
11:17:12.255	4.4
11:17:12.267	3.8
11:17:12.279	4.5
11:17:12.288	4.6
11:17:12.300	6.9
11:17:12.312	6.2
11:17:12.324	5.6
11:17:12.333	7.5
11:17:12.345	7.9
11:17:12.357	9.2
11:17:12.365	9.3
11:17:12.378	11.4
11:17:12.390	10.0
11:17:12.402	11.8
11:17:12.410	10.0
11:17:12.423	11.6
11:17:12.435	12.8
11:17:12.443	11.4
11:17:12.455	10.3
11:17:12.468	8.3
11:17:12.476	8.1
11:17:12.488	6.3
11:17:12.500	7.7
11:17:12.513	6.3
11:17:12.521	7.4
11:17:12.533	6.9
11:17:12.545	5.7
11:17:12.554	6.9
11:17:12.566	9.9
11:17:12.578	12.0
11:17:12.586	12.2
11:17:12.599	12.0
11:17:12.611	11.0
11:17:12.623	9.7
11:17:12.631	11.4
11:17:12.644	10.7
11:17:12.656	11.1
11:17:12.664	11.0
11:17:12.677	9.2
11:17:12.689	8.0
11:17:12.697	9.3
11:17:12.709	9.8
11:17:12.722	12.3
11:17:12.730	14.5
11:17:12.742	12.8
11:17:12.754	12.9
11:17:12.763	12.7
11:17:12.775	13.9
11:17:12.787	13.3
11:17:12.799	14.0
11:17:12.808	12.8
11:17:12.820	14.6
11:17:12.832	14.7
11:17:12.840	15.6
11:17:12.853	16.4
11:17:12.865	17.9
11:17:12.877	19.2
11:17:12.885	18.9
11:17:12.898	20.9
11:17:12.910	20.3
11:17:12.918	19.5
11:17:12.930	18.4
11:17:12.943	15.8
11:17:12.951	12.8
11:17:12.963	12.4
11:17:12.975	10.5
11:17:12.984	9.6
11:17:12.996	9.1
11:17:13.008	7.8
11:17:13.017	7.9
11:17:13.029	11.1
11:17:13.041	10.9
11:17:13.053	11.9
11:17:13.062	13.1
11:17:13.074	12.2
11:17:13.086	12.4
11:17:13.094	14.5
11:17:13.107	14.5
11:17:13.119	14.8
11:17:13.127	14.2
11:17:13.139	12.3
11:17:13.152	11.3
11:17:13.164	10.3
11:17:13.173	11.6
11:17:13.184	12.1
11:17:13.197	12.0
11:17:13.205	11.0
11:17:13.217	11.0
11:17:13.229	11.1
11:17:13.238	11.9
11:17:13.250	11.9
11:17:13.262	14.6
11:17:13.270	17.2
11:17:13.283	18.0
11:17:13.295	17.9
11:17:13.307	17.5
11:17:13.315	17.6
11:17:13.328	17.9
11:17:13.340	16.4
11:17:13.348	16.4
11:17:13.361	15.8
11:17:13.373	14.3
11:17:13.381	12.6
11:17:13.393	10.4
11:17:13.406	10.5
11:17:13.414	13.5
11:17:13.426	12.3
11:17:13.438	13.5
11:17:13.447	15.0
11:17:13.459	14.3
11:17:13.471	15.0
11:17:13.483	18.4
11:17:13.492	17.7
11:17:13.504	19.0
11:17:13.516	19.5
11:17:13.524	18.1
11:17:13.537	17.9
11:17:13.549	16.8
11:17:13.561	17.9
11:17:13.569	18.7
11:17:13.582	19.5
11:17:13.594	15.7
11:17:13.602	16.5
11:17:13.614	16.0
11:17:13.627	14.6
11:17:13.635	14.3
11:17:13.647	16.4
11:17:13.659	15.7
11:17:13.668	13.4
11:17:13.680	11.4
11:17:13.692	10.6
11:17:13.701	11.4
11:17:13.713	12.3
11:17:13.725	10.9
11:17:13.737	12.5
11:17:13.745	12.7
11:17:13.758	10.5
11:17:13.770	13.1
11:17:13.778	13.7
11:17:13.791	13.9
11:17:13.803	14.0
11:17:13.815	14.0
11:17:13.823	13.6
11:17:13.836	14.0
11:17:13.848	14.0
11:17:13.856	13.8
11:17:13.868	14.6
11:17:13.881	14.7
11:17:13.889	16.5
11:17:13.901	17.8
11:17:13.913	16.5
11:17:13.922	17.8
11:17:13.934	19.0
11:17:13.946	18.9
11:17:13.954	17.1
11:17:13.967	17.5
11:17:13.979	17.3
11:17:13.991	15.8
11:17:13.999	14.2
11:17:14.012	14.9
11:17:14.024	14.9
11:17:14.032	12.6
11:17:14.045	11.2
11:17:14.057	11.5
11:17:14.065	11.4
11:17:14.077	11.6
11:17:14.089	9.3
11:17:14.098	7.4
11:17:14.110	6.9
11:17:14.122	5.6
11:17:14.135	5.5
11:17:14.143	6.2
11:17:14.155	5.0
11:17:14.167	4.1
11:17:14.175	3.7
11:17:14.188	3.2
11:17:14.200	6.1
11:17:14.208	5.8
11:17:14.221	4.8
11:17:14.233	4.6
11:17:14.245	5.6
11:17:14.254	4.9
11:17:14.266	4.8
11:17:14.278	6.4
11:17:14.286	6.6
11:17:14.299	7.5
11:17:14.311	5.6
11:17:14.319	6.0
11:17:14.331	5.6
11:17:14.344	4.6
11:17:14.352	4.2
11:17:14.364	3.1
11:17:14.376	4.9
11:17:14.385	2.7
11:17:14.397	4.2
11:17:14.409	0.0
11:17:14.421	0.9
11:17:14.434	1.5
11:17:14.442	0.7
11:17:14.454	0.9
11:17:14.466	1.5
11:17:14.475	2.4
11:17:14.487	-0.3
11:17:14.499	2.2
11:17:14.507	0.0
11:17:14.520	0.6
11:17:14.532	-1.4
11:17:14.544	-4.0
11:17:14.553	-3.0
11:17:14.565	-3.9
11:17:14.577	-4.0
11:17:14.585	-5.0
11:17:14.597	-4.2
11:17:14.610	-6.8
11:17:14.618	-6.9
11:17:14.630	-6.8
11:17:14.642	-6.7
11:17:14.651	-5.7
11:17:14.663	-6.8
11:17:14.675	-6.5
11:17:14.683	-8.9
11:17:14.696	-9.8
11:17:14.708	-12.4
11:17:14.720	-12.6
11:17:14.729	-10.5
11:17:14.741	-8.5
11:17:14.753	-9.5
11:17:14.761	-10.9
11:17:14.774	-10.3
11:17:14.786	-11.2
11:17:14.798	-12.1
11:17:14.806	-13.8
11:17:14.819	-13.0
11:17:14.831	-15.8
11:17:14.839	-18.9
11:17:14.851	-21.8
11:17:14.864	-20.6
11:17:14.872	-19.8
11:17:14.884	-21.1
11:17:14.896	-21.6
11:17:14.905	-20.0
11:17:14.917	-19.2
11:17:14.929	-18.3
11:17:14.937	-16.4
11:17:14.950	-17.2
11:17:14.962	-17.9
11:17:14.974	-19.4
11:17:14.982	-19.4
11:17:14.995	-19.1
11:17:15.007	-19.6
11:17:15.015	-19.1
11:17:15.027	-18.1
11:17:15.040	-20.3
11:17:15.048	-20.2
11:17:15.060	-17.4
11:17:15.072	-16.1
11:17:15.085	-15.8
11:17:15.093	-17.0
11:17:15.105	-16.5
11:17:15.117	-14.9
11:17:15.126	-18.2
11:17:15.138	-20.0
11:17:15.150	-19.3
11:17:15.158	-20.7
11:17:15.171	-20.9
11:17:15.183	-22.2
11:17:15.191	-22.4
11:17:15.204	-21.0
11:17:15.216	-22.5
11:17:15.228	-24.4
11:17:15.236	-22.7
11:17:15.248	-22.4
11:17:15.261	-22.0
11:17:15.269	-20.9
11:17:15.281	-22.5
11:17:15.294	-22.2
11:17:15.302	-21.4
11:17:15.314	-22.5
11:17:15.326	-21.6
11:17:15.334	-17.2
11:17:15.347	-17.7
11:17:15.359	-15.0
11:17:15.367	-14.2
11:17:15.380	-13.8
11:17:15.392	-12.6
11:17:15.404	-10.4
11:17:15.412	-8.3
11:17:15.425	-7.1
11:17:15.437	-5.2
11:17:15.445	-6.2
11:17:15.457	-4.3
11:17:15.470	-4.0
11:17:15.482	-0.9
11:17:15.490	0.1
11:17:15.502	4.3
11:17:15.515	5.8
11:17:15.523	6.2
11:17:15.535	6.8
11:17:15.547	5.9
11:17:15.556	5.8
11:17:15.568	8.3
11:17:15.580	7.9
11:17:15.588	7.0
11:17:15.601	8.2
11:17:15.613	5.1
11:17:15.621	3.7
11:17:15.633	3.7
11:17:15.646	6.3
11:17:15.658	7.8
11:17:15.666	7.3
11:17:15.679	5.3
11:17:15.691	5.0
11:17:15.699	3.9
11:17:15.711	2.4
11:17:15.724	1.5
11:17:15.736	2.0
11:17:15.744	0.1
11:17:15.756	-2.3
11:17:15.769	-3.5
11:17:15.777	-2.2
11:17:15.789	-1.8
11:17:15.801	-2.3
11:17:15.810	-0.8
11:17:15.822	-0.1
11:17:15.834	1.7
11:17:15.842	0.5
11:17:15.855	4.1
11:17:15.867	4.8
11:17:15.875	6.2
11:17:15.887	5.2
11:17:15.900	4.8
11:17:15.912	4.1
11:17:15.920	0.5
11:17:15.932	0.0
11:17:15.945	-3.6
11:17:15.953	-4.3
11:17:15.965	-9.5
11:17:15.977	-10.8
11:17:15.986	-13.9
11:17:15.998	-16.0
11:17:16.010	-17.5
11:17:16.018	-18.6
11:17:16.031	-18.2
11:17:16.043	-21.2
11:17:16.055	-21.5
11:17:16.063	-21.6
11:17:16.076	-19.6
11:17:16.088	-20.0
11:17:16.096	-17.8
11:17:16.108	-17.1
11:17:16.121	-16.3
11:17:16.129	-15.1
11:17:16.141	-16.2
11:17:16.154	-14.2
11:17:16.166	-13.2
11:17:16.174	-13.2
11:17:16.186	-15.3
11:17:16.199	-13.9
11:17:16.211	-14.1
11:17:16.219	-14.8
11:17:16.231	-16.0
11:17:16.243	-18.0
11:17:16.252	-15.6
11:17:16.264	-15.5
11:17:16.276	-14.2
11:17:16.285	-15.2
11:17:16.297	-14.8
11:17:16.309	-18.8
11:17:16.317	-20.6
11:17:16.330	-20.5
11:17:16.342	-19.5
11:17:16.354	-15.6
11:17:16.362	-16.5
11:17:16.375	-16.5
11:17:16.387	-17.2
11:17:16.395	-16.0
11:17:16.407	-15.9
11:17:16.420	-13.6
11:17:16.428	-12.5
11:17:16.440	-12.1
11:17:16.452	-12.8
11:17:16.465	-14.3
11:17:16.473	-12.3
11:17:16.485	-12.7
11:17:16.498	-12.5
11:17:16.506	-11.4
11:17:16.518	-10.5
11:17:16.530	-10.7
11:17:16.539	-9.8
11:17:16.551	-10.2
11:17:16.563	-7.9
11:17:16.571	-8.5
11:17:16.584	-8.5
11:17:16.596	-8.0
11:17:16.604	-7.0
11:17:16.617	-9.1
11:17:16.629	-8.7
11:17:16.641	-8.1
11:17:16.649	-9.2
11:17:16.661	-8.3
11:17:16.674	-10.4
11:17:16.682	-10.1
11:17:16.694	-9.7
11:17:16.706	-9.5
11:17:16.719	-10.6
11:17:16.727	-10.4
11:17:16.739	-11.2
11:17:16.751	-9.9
11:17:16.760	-8.1
11:17:16.772	-6.2
11:17:16.784	-5.7
11:17:16.792	-5.1
11:17:16.805	-7.7
11:17:16.817	-5.4
11:17:16.825	-3.0
11:17:16.838	-0.8
11:17:16.850	-0.4
11:17:16.858	-0.9
11:17:16.870	-1.1
11:17:16.883	-2.6
11:17:16.895	-3.1
11:17:16.903	-3.0
11:17:16.915	-0.3
11:17:16.928	-4.2
11:17:16.936	-4.6
11:17:16.948	-5.3
11:17:16.960	-4.7
11:17:16.969	-4.8
11:17:16.981	-5.9
11:17:16.993	-4.2
11:17:17.005	-1.7
11:17:17.014	-3.7
11:17:17.026	-5.9
11:17:17.038	-0.5
11:17:17.046	-2.9
11:17:17.059	-1.4
11:17:17.071	-0.4
11:17:17.079	1.3
11:17:17.091	2.3
11:17:17.104	0.2
11:17:17.112	-1.5
11:17:17.124	1.4
11:17:17.136	3.0
11:17:17.149	-1.3
11:17:17.157	-1.4
11:17:17.169	-2.7
11:17:17.181	-3.2
11:17:17.190	-4.2
11:17:17.202	-5.2
11:17:17.214	-4.5
11:17:17.222	-5.3
11:17:17.235	-5.9
11:17:17.247	-7.2
11:17:17.255	-5.6
11:17:17.267	-3.6
11:17:17.280	-1.1
11:17:17.288	-0.7
11:17:17.300	-1.4
11:17:17.312	0.4
11:17:17.325	1.4
11:17:17.333	3.0
11:17:17.345	2.6
11:17:17.358	3.3
11:17:17.366	1.6
11:17:17.378	1.5
11:17:17.390	-0.9
11:17:17.403	-2.5
11:17:17.412	-0.8
11:17:17.424	-1.7
11:17:17.436	-1.2
11:17:17.445	-1.4
11:17:17.457	1.4
11:17:17.469	0.5
11:17:17.477	4.4
11:17:17.490	3.1
11:17:17.502	5.2
11:17:17.510	6.5
11:17:17.522	3.8
11:17:17.535	5.0
11:17:17.543	3.8
11:17:17.555	5.0
11:17:17.568	5.7
11:17:17.580	6.7
11:17:17.588	3.1
11:17:17.600	5.2
11:17:17.612	3.8
11:17:17.621	2.9
11:17:17.633	5.8
11:17:17.645	3.9
11:17:17.657	3.9
11:17:17.666	1.3
11:17:17.678	-0.9
11:17:17.690	-1.9
11:17:17.698	2.0
11:17:17.711	-0.5
11:17:17.723	-0.4
11:17:17.731	-0.5
11:17:17.743	-3.2
11:17:17.756	-1.1
11:17:17.764	0.6
11:17:17.776	1.2
11:17:17.789	0.1
11:17:17.797	-0.1
11:17:17.809	-2.3
11:17:17.821	-0.9
11:17:17.834	-2.2
11:17:17.842	0.5
11:17:17.854	2.3
11:17:17.866	0.1
11:17:17.874	0.1
11:17:17.887	0.3
11:17:17.899	1.7
11:17:17.907	3.8
11:17:17.920	4.8
11:17:17.932	5.9
11:17:17.940	8.6
11:17:17.952	9.6
11:17:17.965	11.2
11:17:17.977	12.4
11:17:17.985	12.1
11:17:17.997	13.0
11:17:18.010	11.2
11:17:18.017	11.7
11:17:18.029	11.3
11:17:18.042	9.9
11:17:18.050	9.2
11:17:18.062	6.7
11:17:18.074	5.1
11:17:18.087	5.8
11:17:18.095	7.0
11:17:18.107	9.7
11:17:18.119	12.3
11:17:18.128	11.3
11:17:18.140	11.0
11:17:18.152	12.8
11:17:18.164	12.0
11:17:18.174	13.3
11:17:18.186	14.0
11:17:18.198	12.5
11:17:18.206	10.0
11:17:18.219	6.6
11:17:18.227	5.1
11:17:18.239	5.1
11:17:18.251	8.5
11:17:18.264	8.2
11:17:18.272	9.5
11:17:18.284	7.4
11:17:18.296	5.4
11:17:18.305	8.9
11:17:18.317	10.1
11:17:18.329	10.8
11:17:18.342	10.7
11:17:18.350	8.6
11:17:18.362	5.6
11:17:18.374	8.0
11:17:18.387	7.2
11:17:18.395	9.1
11:17:18.407	10.8
11:17:18.419	8.4
11:17:18.428	7.8
11:17:18.440	9.1
11:17:18.452	8.9
11:17:18.460	12.4
11:17:18.473	14.5
11:17:18.485	11.3
11:17:18.493	11.5
11:17:18.505	11.5
11:17:18.518	10.7
11:17:18.526	10.8
11:17:18.538	12.7
11:17:18.550	14.5
11:17:18.563	16.0
11:17:18.571	18.8
11:17:18.583	17.1
11:17:18.595	17.7
11:17:18.604	18.1
11:17:18.616	18.7
11:17:18.628	20.7
11:17:18.640	19.9
11:17:18.648	19.1
11:17:18.661	17.5
11:17:18.673	17.6
11:17:18.681	14.4
11:17:18.693	16.5
11:17:18.706	16.8
11:17:18.714	18.3
11:17:18.726	16.4
11:17:18.738	16.8
11:17:18.747	18.6
11:17:18.759	17.5
11:17:18.771	17.4
11:17:18.779	19.5
11:17:18.792	20.8
11:17:18.804	17.6
11:17:18.816	20.1
11:17:18.824	18.9
11:17:18.837	20.4
11:17:18.849	18.0
11:17:18.857	18.3
11:17:18.870	18.2
11:17:18.882	20.8
11:17:18.890	19.2
11:17:18.902	18.6
11:17:18.915	19.1
11:17:18.927	16.3
11:17:18.935	15.1
11:17:18.947	15.3
11:17:18.960	15.5
11:17:18.968	20.2
11:17:18.980	20.6
11:17:18.993	18.4
11:17:19.001	16.6
11:17:19.013	16.9
11:17:19.026	16.4
11:17:19.034	16.3
11:17:19.046	15.9
11:17:19.058	15.2
11:17:19.071	15.9
11:17:19.079	11.6
11:17:19.091	10.6
11:17:19.103	8.5
11:17:19.112	8.1
11:17:19.124	6.2
11:17:19.136	3.1
11:17:19.144	2.0
11:17:19.157	1.3
11:17:19.169	0.2
11:17:19.177	0.5
11:17:19.189	2.0
11:17:19.202	2.1
11:17:19.210	1.6
11:17:19.221	3.3
11:17:19.234	3.9
11:17:19.246	7.2
11:17:19.254	7.1
11:17:19.266	7.0
11:17:19.279	7.4
11:17:19.287	6.0
11:17:19.299	2.7
11:17:19.311	2.1
11:17:19.324	1.2
11:17:19.332	-1.3
11:17:19.344	-0.5
11:17:19.356	-1.0
11:17:19.365	-1.2
11:17:19.377	-0.6
11:17:19.389	2.1
11:17:19.397	2.7
11:17:19.410	1.5
11:17:19.422	1.8
11:17:19.430	2.3
11:17:19.442	1.3
11:17:19.455	0.7
11:17:19.463	-1.1
11:17:19.475	-2.3
11:17:19.487	-4.1
11:17:19.500	-5.4
11:17:19.508	-8.2
11:17:19.520	-7.5
11:17:19.533	-8.1
11:17:19.541	-8.5
11:17:19.553	-7.3
11:17:19.565	-9.1
11:17:19.578	-8.3
11:17:19.586	-10.1
11:17:19.598	-9.0
11:17:19.610	-11.2
11:17:19.619	-10.2
11:17:19.632	-12.0
11:17:19.644	-13.9
11:17:19.652	-13.8
11:17:19.665	-14.6
11:17:19.677	-14.7
11:17:19.685	-16.3
11:17:19.697	-13.7
11:17:19.710	-14.1
11:17:19.718	-14.8
11:17:19.730	-14.5
11:17:19.742	-14.1
11:17:19.755	-11.3
11:17:19.763	-11.6
11:17:19.774	-11.9
11:17:19.787	-13.4
11:17:19.795	-11.4
11:17:19.807	-12.7
11:17:19.819	-13.2
11:17:19.827	-12.1
11:17:19.840	-12.6
11:17:19.852	-12.6
11:17:19.860	-14.8
11:17:19.873	-14.5
11:17:19.885	-14.1
11:17:19.897	-14.5
11:17:19.905	-16.9
11:17:19.918	-17.1
11:17:19.930	-17.1
11:17:19.938	-18.6
11:17:19.950	-20.1
11:17:19.963	-20.2
11:17:19.971	-19.6
11:17:19.983	-18.9
11:17:19.995	-20.5
11:17:20.008	-18.4
11:17:20.016	-14.7
11:17:20.028	-13.1
11:17:20.040	-12.9
11:17:20.049	-12.9
11:17:20.061	-10.4
11:17:20.073	-11.5
11:17:20.081	-11.3
11:17:20.094	-12.2
11:17:20.106	-10.3
11:17:20.118	-10.9
11:17:20.126	-14.0
11:17:20.139	-13.1
11:17:20.151	-13.0
11:17:20.159	-13.9
11:17:20.171	-12.3
11:17:20.184	-11.5
11:17:20.196	-11.0
11:17:20.204	-10.0
11:17:20.217	-10.4
11:17:20.225	-8.9
11:17:20.237	-7.4
11:17:20.249	-7.1
11:17:20.262	-6.0
11:17:20.270	-2.9
11:17:20.283	-5.4
11:17:20.295	-0.6
11:17:20.303	0.2
11:17:20.316	2.1
11:17:20.328	2.7
11:17:20.336	3.0
11:17:20.349	4.8
11:17:20.361	4.7
11:17:20.373	3.8
11:17:20.381	2.6
11:17:20.394	5.3
11:17:20.406	2.3
11:17:20.414	3.4
11:17:20.426	3.4
11:17:20.439	4.5
11:17:20.447	6.0
11:17:20.459	5.5
11:17:20.471	7.9
11:17:20.484	9.9
11:17:20.492	11.8
11:17:20.504	10.7
11:17:20.516	12.5
11:17:20.525	14.1
11:17:20.537	12.6
11:17:20.549	13.7
11:17:20.561	12.2
11:17:20.570	13.7
11:17:20.582	12.1
11:17:20.594	12.8
11:17:20.602	13.1
11:17:20.615	14.2
11:17:20.627	13.3
11:17:20.635	10.9
11:17:20.648	13.8
11:17:20.660	12.9
11:17:20.668	14.2
11:17:20.680	13.5
11:17:20.693	15.4
11:17:20.701	15.6
11:17:20.713	14.9
11:17:20.725	14.7
11:17:20.738	14.7
11:17:20.746	16.2
11:17:20.758	13.3
11:17:20.770	13.2
11:17:20.779	13.0
11:17:20.791	11.8
11:17:20.803	9.9
11:17:20.811	8.7
11:17:20.824	8.7
11:17:20.836	7.6
11:17:20.848	7.7
11:17:20.856	7.2
11:17:20.869	10.6
11:17:20.881	11.2
11:17:20.889	11.9
11:17:20.901	12.6
11:17:20.914	15.0
11:17:20.922	15.8
11:17:20.934	17.4
11:17:20.946	18.8
11:17:20.955	19.4
11:17:20.967	21.5
11:17:20.979	20.0
11:17:20.991	20.7
11:17:20.999	19.5
11:17:21.011	19.8
11:17:21.024	18.2
11:17:21.032	18.1
11:17:21.044	16.9
11:17:21.057	17.0
11:17:21.065	17.9
11:17:21.077	15.8
11:17:21.089	16.1
11:17:21.097	16.3
11:17:21.110	19.4
11:17:21.122	20.3
11:17:21.130	20.1
11:17:21.142	20.9
11:17:21.155	22.6
11:17:21.167	22.2
11:17:21.175	20.7
11:17:21.188	23.3
11:17:21.200	23.4
11:17:21.208	25.0
11:17:21.220	22.8
11:17:21.233	22.1
11:17:21.245	23.1
11:17:21.253	24.6
11:17:21.265	25.5
11:17:21.278	27.4
11:17:21.286	29.3
11:17:21.298	27.1
11:17:21.310	27.6
11:17:21.319	25.8
11:17:21.331	27.1
11:17:21.343	28.5
11:17:21.351	30.8
11:17:21.364	29.6
11:17:21.376	28.0
11:17:21.384	28.4
11:17:21.396	27.4
11:17:21.409	29.4
11:17:21.421	28.4
11:17:21.429	29.3
11:17:21.441	27.6
11:17:21.454	28.1
11:17:21.462	23.4
11:17:21.474	25.3
11:17:21.486	23.8
11:17:21.499	22.6
11:17:21.507	23.8
11:17:21.519	23.3
11:17:21.532	24.0
11:17:21.540	23.5
11:17:21.552	23.6
11:17:21.564	25.1
11:17:21.572	26.2
11:17:21.585	24.2
11:17:21.597	25.6
11:17:21.605	26.4
11:17:21.618	26.5
11:17:21.630	25.7
11:17:21.638	23.9
11:17:21.650	24.9
11:17:21.662	24.6
11:17:21.675	21.6
11:17:21.683	23.1
11:17:21.695	24.0
11:17:21.708	24.8
11:17:21.716	23.2
11:17:21.728	22.4
11:17:21.740	23.7
11:17:21.749	24.2
11:17:21.761	24.2
11:17:21.773	27.6
11:17:21.781	27.4
11:17:21.794	26.6
11:17:21.806	24.6
11:17:21.818	24.0
11:17:21.826	25.4
11:17:21.839	25.8
11:17:21.851	25.9
11:17:21.859	26.8
11:17:21.871	25.3
11:17:21.884	22.0
11:17:21.892	23.1
11:17:21.904	23.8
11:17:21.916	24.6
11:17:21.929	23.0
11:17:21.937	23.7
11:17:21.949	23.4
11:17:21.961	22.2
11:17:21.970	22.5
11:17:21.982	22.5
11:17:21.994	22.7
11:17:22.002	22.2
11:17:22.015	20.8
11:17:22.027	20.4
11:17:22.035	21.7
11:17:22.048	18.5
11:17:22.060	17.0
11:17:22.068	16.9
11:17:22.080	14.2
11:17:22.093	14.7
11:17:22.105	14.6
11:17:22.113	13.9
11:17:22.125	15.7
11:17:22.138	15.7
11:17:22.151	15.6
11:17:22.159	15.9
11:17:22.171	16.4
11:17:22.184	16.5
11:17:22.192	16.8
11:17:22.204	16.7
11:17:22.216	16.4
11:17:22.229	16.4
11:17:22.237	14.8
11:17:22.249	14.3
11:17:22.261	13.4
11:17:22.270	13.0
11:17:22.282	15.4
11:17:22.294	12.3
11:17:22.302	13.6
11:17:22.315	11.1
11:17:22.323	9.6
11:17:22.335	8.6
11:17:22.347	7.3
11:17:22.360	7.4
11:17:22.368	7.3
11:17:22.380	7.0
11:17:22.392	3.0
11:17:22.405	4.4
11:17:22.413	4.0
11:17:22.425	5.5
11:17:22.437	6.3
11:17:22.446	7.8
11:17:22.458	7.9
11:17:22.470	8.3
11:17:22.482	7.2
11:17:22.491	6.4
11:17:22.503	7.5
11:17:22.515	6.1
11:17:22.523	5.5
11:17:22.536	5.3
11:17:22.548	4.8
11:17:22.556	3.2
11:17:22.568	2.4
11:17:22.581	-0.5
11:17:22.589	-0.2
11:17:22.601	0.0
11:17:22.614	-1.1
11:17:22.622	-1.9
11:17:22.634	-3.3
11:17:22.646	-4.0
11:17:22.658	-6.4
11:17:22.667	-6.9
11:17:22.679	-7.7
11:17:22.691	-6.8
11:17:22.699	-7.3
11:17:22.712	-7.8
11:17:22.724	-9.9
11:17:22.732	-9.2
11:17:22.745	-9.1
11:17:22.757	-10.5
11:17:22.769	-9.9
11:17:22.777	-10.7
11:17:22.790	-11.3
11:17:22.802	-12.2
11:17:22.810	-12.3
11:17:22.822	-11.5
11:17:22.835	-11.0
11:17:22.843	-10.7
11:17:22.855	-9.9
11:17:22.867	-9.2
11:17:22.876	-7.8
11:17:22.888	-8.8
11:17:22.900	-8.1
11:17:22.912	-7.9
11:17:22.921	-8.9
11:17:22.933	-10.4
11:17:22.945	-11.5
11:17:22.953	-12.5
11:17:22.966	-14.5
11:17:22.978	-13.8
11:17:22.986	-15.3
11:17:22.998	-13.6
11:17:23.011	-13.6
11:17:23.019	-13.0
11:17:23.031	-13.1
11:17:23.043	-14.1
11:17:23.052	-13.2
11:17:23.064	-13.2
11:17:23.076	-12.0
11:17:23.088	-13.1
11:17:23.097	-12.9
11:17:23.109	-14.9
11:17:23.121	-15.2
11:17:23.129	-15.5
11:17:23.142	-15.5
11:17:23.154	-13.0
11:17:23.166	-12.7
11:17:23.175	-13.2
11:17:23.187	-12.0
11:17:23.199	-11.8
11:17:23.207	-10.1
11:17:23.220	-10.2
11:17:23.232	-11.8
11:17:23.240	-12.2
11:17:23.252	-11.2
11:17:23.265	-11.2
11:17:23.273	-9.3
11:17:23.285	-8.7
11:17:23.297	-9.8
11:17:23.306	-10.2
11:17:23.318	-12.4
11:17:23.330	-11.1
11:17:23.342	-9.9
11:17:23.351	-6.4
11:17:23.363	-7.0
11:17:23.375	-7.0
11:17:23.383	-5.2
11:17:23.396	-3.5
11:17:23.408	-2.8
11:17:23.420	-2.3
11:17:23.428	-2.3
11:17:23.441	-2.0
11:17:23.453	2.1
11:17:23.461	1.4
11:17:23.473	3.0
11:17:23.486	2.9
11:17:23.494	0.0
11:17:23.506	-0.4
11:17:23.518	0.3
11:17:23.527	1.3
11:17:23.539	4.1
11:17:23.551	3.1
11:17:23.559	0.5
11:17:23.572	0.0
11:17:23.584	0.2
11:17:23.596	1.1
11:17:23.604	6.4
11:17:23.617	7.7
11:17:23.629	8.9
11:17:23.637	10.6
11:17:23.650	11.7
11:17:23.662	14.4
11:17:23.670	12.8
11:17:23.682	14.0
11:17:23.695	15.1
11:17:23.703	16.5
11:17:23.715	12.4
11:17:23.727	11.2
11:17:23.740	10.1
11:17:23.748	8.9
11:17:23.760	7.7
11:17:23.772	8.3
11:17:23.781	10.7
11:17:23.793	10.1
11:17:23.805	8.1
11:17:23.813	6.8
11:17:23.826	9.2
11:17:23.838	10.0
11:17:23.850	10.3
11:17:23.858	12.0
11:17:23.871	13.1
11:17:23.883	13.4
11:17:23.891	12.5
11:17:23.903	12.2
11:17:23.916	15.4
11:17:23.924	19.3
11:17:23.936	17.7
11:17:23.948	17.5
11:17:23.957	17.1
11:17:23.969	15.9
11:17:23.981	15.7
11:17:23.989	15.3
11:17:24.002	15.8
11:17:24.014	15.8
11:17:24.026	14.3
11:17:24.034	11.1
11:17:24.047	11.2
11:17:24.059	10.8
11:17:24.067	11.7
11:17:24.079	11.4
11:17:24.092	11.6
11:17:24.104	11.9
11:17:24.112	11.6
11:17:24.125	12.9
11:17:24.137	13.6
11:17:24.149	14.1
11:17:24.157	16.3
11:17:24.170	18.3
11:17:24.182	17.7
11:17:24.190	19.2
11:17:24.202	19.5
11:17:24.215	17.4
11:17:24.223	18.8
11:17:24.235	18.0
11:17:24.247	19.1
11:17:24.256	19.6
11:17:24.268	18.9
11:17:24.280	16.5
11:17:24.288	16.6
11:17:24.301	16.7
11:17:24.313	16.8
11:17:24.325	19.9
11:17:24.333	20.2
11:17:24.346	21.0
11:17:24.358	18.7
11:17:24.366	20.7
11:17:24.379	20.7
11:17:24.391	22.9
11:17:24.403	23.5
11:17:24.411	23.7
11:17:24.424	23.9
11:17:24.436	24.6
11:17:24.444	25.2
11:17:24.456	25.9
11:17:24.469	28.8
11:17:24.477	26.0
11:17:24.489	23.5
11:17:24.501	24.0
11:17:24.510	23.8
11:17:24.522	23.5
11:17:24.534	22.2
11:17:24.542	21.6
11:17:24.555	21.3
11:17:24.567	20.0
11:17:24.579	18.5
11:17:24.587	18.7
11:17:24.600	20.1
11:17:24.612	17.9
11:17:24.620	16.6
11:17:24.632	15.4
11:17:24.645	15.5
11:17:24.653	16.0
11:17:24.665	16.8
11:17:24.677	17.2
11:17:24.690	16.1
11:17:24.698	14.8
11:17:24.711	17.7
11:17:24.723	17.0
11:17:24.731	19.9
11:17:24.743	19.7
11:17:24.756	19.3
11:17:24.764	19.3
11:17:24.776	18.7
11:17:24.788	18.6
11:17:24.797	17.4
11:17:24.809	17.5
11:17:24.821	13.4
11:17:24.833	14.7
11:17:24.842	13.3
11:17:24.854	13.1
11:17:24.866	13.7
11:17:24.874	12.1
11:17:24.887	11.3
11:17:24.899	9.4
11:17:24.907	10.2
11:17:24.919	10.3
11:17:24.932	10.3
11:17:24.940	11.2
11:17:24.952	8.6
11:17:24.964	10.7
11:17:24.973	9.0
11:17:24.985	10.9
11:17:24.997	9.9
11:17:25.009	9.1
11:17:25.018	10.0
11:17:25.030	10.2
11:17:25.042	9.7
11:17:25.051	8.3
11:17:25.063	11.0
11:17:25.075	8.5
11:17:25.087	9.0
11:17:25.095	5.3
11:17:25.108	6.5
11:17:25.120	7.1
11:17:25.128	5.0
11:17:25.140	4.1
11:17:25.153	3.3
11:17:25.161	3.6
11:17:25.173	1.2
11:17:25.185	1.2
11:17:25.194	0.4
11:17:25.206	3.4
11:17:25.218	1.5
11:17:25.227	1.3
11:17:25.239	1.4
11:17:25.251	1.2
11:17:25.263	2.5
11:17:25.272	0.2
11:17:25.284	0.9
11:17:25.296	0.7
11:17:25.304	0.9
11:17:25.317	-2.4
11:17:25.329	-3.9
11:17:25.341	-5.1
11:17:25.349	-5.3
11:17:25.362	-7.0
11:17:25.374	-8.3
11:17:25.382	-8.4
11:17:25.395	-8.9
11:17:25.407	-10.1
11:17:25.415	-10.6
11:17:25.427	-8.7
11:17:25.440	-7.2
11:17:25.448	-6.8
11:17:25.460	-7.8
11:17:25.472	-6.2
11:17:25.481	-7.7
11:17:25.493	-6.2
11:17:25.505	-6.5
11:17:25.517	-7.7
11:17:25.526	-10.1
11:17:25.538	-14.3
11:17:25.550	-15.5
11:17:25.558	-16.1
11:17:25.571	-17.3
11:17:25.583	-17.8
11:17:25.591	-18.3
11:17:25.603	-20.2
11:17:25.616	-21.0
11:17:25.624	-21.3
11:17:25.636	-19.3
11:17:25.648	-16.7
11:17:25.661	-16.8
11:17:25.669	-16.5
11:17:25.681	-15.9
11:17:25.693	-17.6
11:17:25.702	-16.1
11:17:25.714	-15.4
11:17:25.726	-15.1
11:17:25.734	-14.9
11:17:25.747	-15.7
11:17:25.759	-18.6
11:17:25.771	-19.3
11:17:25.779	-17.2
11:17:25.792	-17.2
11:17:25.804	-16.7
11:17:25.812	-17.7
11:17:25.824	-15.4
11:17:25.837	-16.6
11:17:25.845	-16.6
11:17:25.857	-16.7
11:17:25.870	-14.7
11:17:25.878	-14.6
11:17:25.890	-17.7
11:17:25.902	-16.4
11:17:25.910	-16.6
11:17:25.923	-15.4
11:17:25.935	-20.1
11:17:25.947	-19.6
11:17:25.956	-19.3
11:17:25.968	-19.9
11:17:25.980	-20.7
11:17:25.988	-18.4
11:17:26.001	-17.4
11:17:26.013	-19.4
11:17:26.025	-18.7
11:17:26.033	-19.3
11:17:26.046	-16.6
11:17:26.058	-16.7
11:17:26.066	-16.9
11:17:26.078	-15.8
11:17:26.091	-15.1
11:17:26.103	-17.8
11:17:26.111	-17.7
11:17:26.123	-15.8
11:17:26.136	-15.3
11:17:26.144	-15.7
11:17:26.156	-16.7
11:17:26.168	-17.6
11:17:26.177	-16.8
11:17:26.189	-15.8
11:17:26.201	-14.3
11:17:26.209	-12.6
11:17:26.222	-11.6
11:17:26.234	-12.6
11:17:26.246	-12.0
11:17:26.254	-10.9
11:17:26.267	-8.5
11:17:26.275	-6.3
11:17:26.287	-5.4
11:17:26.299	-5.2
11:17:26.312	-6.3
11:17:26.320	-4.5
11:17:26.332	-5.0
11:17:26.344	-1.9
11:17:26.357	-1.4
11:17:26.365	-0.4
11:17:26.377	-0.1
11:17:26.390	-0.2
11:17:26.398	0.4
11:17:26.410	1.6
11:17:26.422	3.2
11:17:26.430	4.4
11:17:26.443	5.6
11:17:26.455	4.2
11:17:26.463	5.9
11:17:26.476	5.2
11:17:26.488	5.1
11:17:26.500	5.8
11:17:26.508	5.3
11:17:26.521	5.1
11:17:26.533	4.0
11:17:26.541	2.4
11:17:26.553	2.8
11:17:26.566	3.4
11:17:26.574	2.7
11:17:26.586	4.0
11:17:26.598	3.3
11:17:26.611	4.4
11:17:26.619	5.0
11:17:26.631	4.5
11:17:26.643	5.7
11:17:26.652	5.7
11:17:26.664	5.9
11:17:26.676	6.1
11:17:26.684	6.4
11:17:26.697	5.1
11:17:26.709	5.4
11:17:26.717	4.7
11:17:26.729	5.7
11:17:26.742	6.9
11:17:26.754	7.0
11:17:26.762	6.8
11:17:26.774	5.2
11:17:26.787	5.5
11:17:26.795	4.1
11:17:26.807	8.7
11:17:26.820	9.1
11:17:26.828	9.6
11:17:26.840	8.4
11:17:26.852	6.9
11:17:26.860	8.3
11:17:26.873	8.2
11:17:26.885	8.9
11:17:26.893	7.9
11:17:26.905	8.9
11:17:26.918	5.3
11:17:26.930	7.8
11:17:26.938	7.3
11:17:26.951	8.1
11:17:26.963	8.2
11:17:26.971	7.1
11:17:26.983	7.6
11:17:26.996	5.8
11:17:27.008	7.1
11:17:27.016	5.5
11:17:27.028	5.4
11:17:27.041	2.0
11:17:27.049	1.4
11:17:27.061	0.1
11:17:27.073	-0.1
11:17:27.082	-0.3
11:17:27.094	-0.8
11:17:27.106	-1.0
11:17:27.114	-3.5
11:17:27.127	-3.2
11:17:27.139	-3.5
11:17:27.147	-3.1
11:17:27.159	-1.6
11:17:27.172	-0.5
11:17:27.184	-0.1
11:17:27.192	-2.6
11:17:27.204	-3.2
11:17:27.217	-2.2
11:17:27.225	-0.5
11:17:27.237	0.6
11:17:27.250	1.7
11:17:27.262	3.1
11:17:27.270	2.2
11:17:27.282	1.7
11:17:27.295	1.2
11:17:27.303	4.5
11:17:27.315	4.5
11:17:27.327	4.0
11:17:27.336	2.9
11:17:27.348	5.6
11:17:27.360	3.1
11:17:27.368	2.4
11:17:27.381	1.3
11:17:27.393	1.6
11:17:27.401	4.1
11:17:27.413	1.4
11:17:27.426	1.4
11:17:27.438	1.5
11:17:27.446	1.2
11:17:27.459	-2.2
11:17:27.471	-1.9
11:17:27.479	0.5
11:17:27.491	2.2
11:17:27.504	2.6
11:17:27.512	-0.1
11:17:27.524	1.3
11:17:27.536	0.9
11:17:27.545	1.6
11:17:27.557	1.2
11:17:27.569	-0.8
11:17:27.581	2.2
11:17:27.590	-0.6
11:17:27.602	-3.2
11:17:27.614	-4.8
11:17:27.622	-6.5
11:17:27.635	-8.3
11:17:27.647	-7.5
11:17:27.655	-7.9
11:17:27.667	-6.7
11:17:27.680	-6.7
11:17:27.692	-9.0
11:17:27.700	-8.6
11:17:27.712	-8.4
11:17:27.725	-6.6
11:17:27.733	-7.1
11:17:27.745	-4.2
11:17:27.757	-5.4
11:17:27.766	-6.6
11:17:27.778	-7.7
11:17:27.790	-7.4
11:17:27.798	-7.4
11:17:27.811	-9.4
11:17:27.823	-10.4
11:17:27.831	-12.7
11:17:27.843	-11.2
11:17:27.856	-13.3
11:17:27.868	-13.3
11:17:27.876	-13.2
11:17:27.888	-12.3
11:17:27.901	-12.2
11:17:27.909	-13.2
11:17:27.921	-12.8
11:17:27.934	-10.5
11:17:27.946	-9.8
11:17:27.954	-9.6
11:17:27.966	-9.2
11:17:27.979	-8.9
11:17:27.987	-6.1
11:17:27.999	-5.3
11:17:28.011	-4.5
11:17:28.020	-4.6
11:17:28.032	-5.6
11:17:28.044	-6.2
11:17:28.052	-6.7
11:17:28.065	-7.4
11:17:28.077	-9.6
11:17:28.085	-8.8
11:17:28.098	-10.8
11:17:28.110	-12.0
11:17:28.122	-10.7
11:17:28.130	-10.2
11:17:28.143	-9.0
11:17:28.155	-8.7
11:17:28.163	-9.3
11:17:28.175	-7.5
11:17:28.188	-6.6
11:17:28.196	-7.5
11:17:28.208	-7.3
11:17:28.220	-7.1
11:17:28.233	-8.0
11:17:28.241	-7.7
11:17:28.253	-4.9
11:17:28.265	-4.6
11:17:28.274	-3.6
11:17:28.286	-2.5
11:17:28.298	-0.3
11:17:28.306	0.7
11:17:28.319	1.3
11:17:28.331	1.8
11:17:28.343	1.2
11:17:28.351	2.5
11:17:28.364	2.4
11:17:28.376	3.8
11:17:28.384	6.2
11:17:28.397	4.9
11:17:28.409	3.8
11:17:28.421	4.1
11:17:28.429	4.8
11:17:28.442	5.3
11:17:28.454	5.0
11:17:28.462	4.5
11:17:28.474	2.0
11:17:28.487	1.3
11:17:28.495	-0.6
11:17:28.507	1.7
11:17:28.519	3.3
11:17:28.532	3.3
11:17:28.540	3.1
11:17:28.552	2.8
11:17:28.564	5.0
11:17:28.573	5.1
11:17:28.585	7.1
11:17:28.597	7.5
11:17:28.605	9.9
11:17:28.618	8.8
11:17:28.630	9.5
11:17:28.638	11.8
11:17:28.650	13.0
11:17:28.663	15.2
11:17:28.675	15.6
11:17:28.683	17.0
11:17:28.696	16.1
11:17:28.708	16.2
11:17:28.716	14.0
11:17:28.728	15.4
11:17:28.741	15.9
11:17:28.749	13.3
11:17:28.761	12.9
11:17:28.773	11.3
11:17:28.782	10.1
11:17:28.794	9.3
11:17:28.806	11.0
11:17:28.814	10.5
11:17:28.827	10.3
11:17:28.839	10.3
11:17:28.851	9.9
11:17:28.859	14.7
11:17:28.872	13.8
11:17:28.884	15.5
11:17:28.892	18.9
11:17:28.904	18.5
11:17:28.917	17.0
11:17:28.929	17.0
11:17:28.937	17.0
11:17:28.950	18.1
11:17:28.962	16.2
11:17:28.970	13.9
11:17:28.982	15.8
11:17:28.995	13.5
11:17:29.003	10.9
11:17:29.015	13.0
11:17:29.027	12.4
11:17:29.036	12.9
11:17:29.048	15.0
11:17:29.060	13.4
11:17:29.068	16.3
11:17:29.081	16.0
11:17:29.093	16.6
11:17:29.105	18.6
11:17:29.113	19.5
11:17:29.126	16.9
11:17:29.138	17.7
11:17:29.146	18.1
11:17:29.158	16.6
11:17:29.171	14.3
11:17:29.183	12.4
11:17:29.191	10.5
11:17:29.203	9.1
11:17:29.216	6.6
11:17:29.224	6.6
11:17:29.236	7.6
11:17:29.248	6.5
11:17:29.257	6.1
11:17:29.269	7.0
11:17:29.281	9.0
11:17:29.289	8.8
11:17:29.302	12.5
11:17:29.314	10.9
11:17:29.322	12.1
11:17:29.334	10.9
11:17:29.347	13.0
11:17:29.359	14.0
11:17:29.367	14.3
11:17:29.379	14.5
11:17:29.392	13.4
11:17:29.400	12.5
11:17:29.412	11.5
11:17:29.425	11.9
11:17:29.433	13.9
11:17:29.445	15.6
11:17:29.457	12.5
11:17:29.465	12.6
11:17:29.478	9.8
11:17:29.490	8.4
11:17:29.502	8.1
11:17:29.511	8.4
11:17:29.523	4.3
11:17:29.535	4.9
11:17:29.543	2.7
11:17:29.556	0.3
11:17:29.568	0.0
11:17:29.576	-0.5
11:17:29.588	1.7
11:17:29.601	0.9
11:17:29.613	-0.3
11:17:29.621	-0.1
11:17:29.633	2.7
11:17:29.646	3.8
11:17:29.654	4.3
11:17:29.666	4.4
11:17:29.678	4.6
11:17:29.687	4.6
11:17:29.699	6.9
11:17:29.711	6.8
11:17:29.719	7.9
11:17:29.732	6.1
11:17:29.744	6.2
11:17:29.752	5.8
11:17:29.764	5.7
11:17:29.777	7.3
11:17:29.789	7.0
11:17:29.797	8.5
11:17:29.809	6.0
11:17:29.822	6.4
11:17:29.830	7.3
11:17:29.842	11.3
11:17:29.854	9.7
11:17:29.867	9.4
11:17:29.875	9.5
11:17:29.887	10.7
11:17:29.900	14.8
11:17:29.908	13.3
11:17:29.920	14.2
11:17:29.932	14.9
11:17:29.940	15.4
11:17:29.953	12.4
11:17:29.965	12.9
11:17:29.973	14.9
11:17:29.986	16.1
11:17:29.998	13.4
11:17:30.006	11.1
11:17:30.018	9.5
11:17:30.031	9.3
11:17:30.043	9.2
11:17:30.051	10.3
11:17:30.063	12.2
11:17:30.076	11.9
11:17:30.084	9.7
11:17:30.096	10.0
11:17:30.108	12.1
11:17:30.121	12.0
11:17:30.129	15.3
11:17:30.141	13.6
11:17:30.153	13.6
11:17:30.166	11.5
11:17:30.174	9.0
11:17:30.186	8.8
11:17:30.198	10.6
11:17:30.207	9.1
11:17:30.219	8.7
11:17:30.227	8.6
11:17:30.239	9.5
11:17:30.252	11.3
11:17:30.264	14.2
11:17:30.272	13.4
11:17:30.284	16.9
11:17:30.297	17.0
11:17:30.305	16.7
11:17:30.317	16.7
11:17:30.329	15.1
11:17:30.342	15.0
11:17:30.350	13.3
11:17:30.362	13.8
11:17:30.374	11.5
11:17:30.383	11.2
11:17:30.395	7.3
11:17:30.407	7.8
11:17:30.415	6.3
11:17:30.428	6.4
11:17:30.440	10.7
11:17:30.453	8.2
11:17:30.461	7.3
11:17:30.473	5.8
11:17:30.485	5.7
11:17:30.493	7.2
11:17:30.506	11.9
11:17:30.518	12.3
11:17:30.526	12.1
11:17:30.539	12.6
11:17:30.551	9.9
11:17:30.559	13.7
11:17:30.571	13.7
11:17:30.584	14.1
11:17:30.596	13.9
11:17:30.604	14.3
11:17:30.616	12.3
11:17:30.629	12.2
11:17:30.637	12.5
11:17:30.649	11.7
11:17:30.661	10.6
11:17:30.670	9.0
11:17:30.682	9.3
11:17:30.694	9.7
11:17:30.702	9.4
11:17:30.715	9.5
11:17:30.727	9.1
11:17:30.735	11.0
11:17:30.747	10.0
11:17:30.760	11.4
11:17:30.772	12.4
11:17:30.780	11.1
11:17:30.792	10.1
11:17:30.805	9.3
11:17:30.813	8.8
11:17:30.825	7.3
11:17:30.837	7.3
11:17:30.850	5.2
11:17:30.858	7.1
11:17:30.870	4.3
11:17:30.883	1.8
11:17:30.891	3.3
11:17:30.903	3.4
11:17:30.915	4.5
11:17:30.924	5.5
11:17:30.936	6.1
11:17:30.948	5.4
11:17:30.956	7.7
11:17:30.968	5.6
11:17:30.981	8.4
11:17:30.989	11.3
11:17:31.001	14.3
11:17:31.014	14.0
11:17:31.026	15.0
11:17:31.034	16.7
11:17:31.046	18.9
11:17:31.059	21.1
11:17:31.067	19.0
11:17:31.079	18.8
11:17:31.091	18.7
11:17:31.104	18.7
11:17:31.112	16.5
11:17:31.124	18.5
11:17:31.136	17.3
11:17:31.145	16.2
11:17:31.157	15.1
11:17:31.169	14.2
11:17:31.177	15.9
11:17:31.190	18.0
11:17:31.202	18.8
11:17:31.210	18.4
11:17:31.222	17.9
11:17:31.235	17.7
11:17:31.243	17.9
11:17:31.255	18.7
11:17:31.267	19.8
11:17:31.280	20.4
11:17:31.288	20.2
11:17:31.300	20.1
11:17:31.312	21.0
11:17:31.321	22.2
11:17:31.333	24.9
11:17:31.345	26.0
11:17:31.353	26.8
11:17:31.366	27.3
11:17:31.378	26.6
11:17:31.386	27.2
11:17:31.399	27.6
11:17:31.411	30.1
11:17:31.423	29.9
11:17:31.431	29.8
11:17:31.444	28.2
11:17:31.456	28.0
11:17:31.464	28.1
11:17:31.476	28.7
11:17:31.489	28.3
11:17:31.497	26.8
11:17:31.509	27.4
11:17:31.521	26.4
11:17:31.534	25.0
11:17:31.542	26.7
11:17:31.554	26.7
11:17:31.566	27.4
11:17:31.575	27.7
11:17:31.587	27.1
11:17:31.599	28.1
11:17:31.607	27.8
11:17:31.620	25.7
11:17:31.632	23.1
11:17:31.640	22.0
11:17:31.652	21.1
11:17:31.665	22.6
11:17:31.673	22.0
11:17:31.685	20.3
11:17:31.698	21.6
11:17:31.710	21.1
11:17:31.718	23.0
11:17:31.731	24.7
11:17:31.743	27.2
11:17:31.752	28.9
11:17:31.764	28.1
11:17:31.776	25.3
11:17:31.788	25.1
11:17:31.797	26.6
11:17:31.809	23.5
11:17:31.821	23.4
11:17:31.829	23.4
11:17:31.842	21.0
11:17:31.854	20.3
11:17:31.862	18.7
11:17:31.874	16.3
11:17:31.887	16.0
11:17:31.895	15.2
11:17:31.907	15.1
11:17:31.920	15.4
11:17:31.928	14.9
11:17:31.940	11.4
11:17:31.952	10.8
11:17:31.964	9.5
11:17:31.973	9.2
11:17:31.985	12.1
11:17:31.997	12.5
11:17:32.005	10.5
11:17:32.018	8.8
11:17:32.030	9.8
11:17:32.038	8.6
11:17:32.050	10.0
11:17:32.063	12.9
11:17:32.075	12.3
11:17:32.087	10.7
11:17:32.095	8.3
11:17:32.108	6.7
11:17:32.116	7.4
11:17:32.128	7.7
11:17:32.141	7.0
11:17:32.149	5.8
11:17:32.161	4.1
11:17:32.173	0.7
11:17:32.181	0.6
11:17:32.194	1.0
11:17:32.206	-0.2
11:17:32.218	-0.4
11:17:32.226	0.1
11:17:32.239	0.2
11:17:32.251	-1.5
11:17:32.259	1.1
11:17:32.272	0.3
11:17:32.284	1.5
11:17:32.296	-0.3
11:17:32.304	-1.0
11:17:32.317	-1.9
11:17:32.329	-1.1
11:17:32.337	-3.1
11:17:32.349	-3.7
11:17:32.362	-5.0
11:17:32.374	-7.8
11:17:32.382	-7.9
11:17:32.394	-9.4
11:17:32.407	-8.6
11:17:32.415	-9.1
11:17:32.427	-9.9
11:17:32.439	-11.3
11:17:32.448	-11.5
11:17:32.460	-12.3
11:17:32.472	-14.2
11:17:32.481	-15.3
11:17:32.493	-17.2
11:17:32.505	-15.3
11:17:32.517	-16.3
11:17:32.525	-17.0
11:17:32.538	-15.5
11:17:32.550	-15.9
11:17:32.558	-16.1
11:17:32.571	-17.0
11:17:32.583	-16.2
11:17:32.591	-15.3
11:17:32.603	-13.9
11:17:32.615	-17.5
11:17:32.624	-17.5
11:17:32.636	-15.1
11:17:32.648	-16.8
11:17:32.656	-17.5
11:17:32.669	-18.4
11:17:32.681	-17.3
11:17:32.693	-16.9
11:17:32.702	-16.8
11:17:32.714	-18.5
11:17:32.726	-20.1
11:17:32.734	-19.5
11:17:32.747	-22.6
11:17:32.759	-22.0
11:17:32.771	-23.2
11:17:32.779	-24.0
11:17:32.792	-25.8
11:17:32.804	-26.8
11:17:32.812	-28.2
11:17:32.824	-27.7
11:17:32.837	-25.2
11:17:32.845	-26.2
11:17:32.857	-23.7
11:17:32.869	-23.7
11:17:32.878	-22.2
11:17:32.890	-20.6
11:17:32.902	-19.8
11:17:32.910	-19.3
11:17:32.923	-17.9
11:17:32.935	-15.8
11:17:32.947	-17.1
11:17:32.955	-17.0
11:17:32.968	-18.7
11:17:32.980	-16.1
11:17:32.988	-17.3
11:17:33.000	-16.2
11:17:33.013	-17.0
11:17:33.025	-15.4
11:17:33.033	-15.5
11:17:33.045	-15.8
11:17:33.058	-16.2
11:17:33.066	-15.9
11:17:33.078	-14.5
11:17:33.091	-17.4
11:17:33.099	-14.4
11:17:33.111	-14.4
11:17:33.123	-12.4
11:17:33.131	-11.5
11:17:33.144	-11.6
11:17:33.156	-11.2
11:17:33.164	-8.2
11:17:33.177	-5.9
11:17:33.189	-7.7
11:17:33.201	-4.4
11:17:33.209	-5.6
11:17:33.222	-6.0
11:17:33.234	-5.7
11:17:33.242	-5.8
11:17:33.254	-3.6
11:17:33.267	-2.5
11:17:33.275	-1.4
11:17:33.287	-1.6
11:17:33.299	0.3
11:17:33.308	-1.2
11:17:33.320	0.6
11:17:33.332	0.1
11:17:33.344	0.2
11:17:33.353	0.0
11:17:33.365	-2.3
11:17:33.377	-2.4
11:17:33.386	-3.5
11:17:33.398	-1.7
11:17:33.410	0.0
11:17:33.418	0.5
11:17:33.431	0.6
11:17:33.443	2.4
11:17:33.455	2.7
11:17:33.463	3.0
11:17:33.476	6.1
11:17:33.488	5.3
11:17:33.496	7.5
11:17:33.508	5.3
11:17:33.521	4.4
11:17:33.529	4.4
11:17:33.541	6.0
11:17:33.554	6.4
11:17:33.562	7.7
11:17:33.574	8.9
11:17:33.586	7.7
11:17:33.594	11.7
11:17:33.607	10.2
11:17:33.619	12.5
11:17:33.631	13.2
11:17:33.639	14.0
11:17:33.652	11.6
11:17:33.664	10.7
11:17:33.672	11.3
11:17:33.684	11.7
11:17:33.697	13.4
11:17:33.709	11.3
11:17:33.717	12.3
11:17:33.730	10.4
11:17:33.742	11.0
11:17:33.750	11.0
11:17:33.762	15.0
11:17:33.775	16.7
11:17:33.783	16.4
11:17:33.795	15.8
11:17:33.807	15.2
11:17:33.816	17.2
11:17:33.828	18.3
11:17:33.840	20.2
11:17:33.848	19.3
11:17:33.861	19.5
11:17:33.873	17.9
11:17:33.885	16.9
11:17:33.893	19.0
11:17:33.906	19.6
11:17:33.918	19.6
11:17:33.926	19.8
11:17:33.938	18.7
11:17:33.951	17.5
11:17:33.959	19.5
11:17:33.971	21.5
11:17:33.983	22.4
11:17:33.996	22.3
11:17:34.004	20.3
11:17:34.016	21.5
11:17:34.028	20.4
11:17:34.041	19.4
11:17:34.049	18.4
11:17:34.061	19.9
11:17:34.073	19.1
11:17:34.082	16.8
11:17:34.094	15.3
11:17:34.106	16.4
11:17:34.114	14.6
11:17:34.127	13.1
11:17:34.139	15.4
11:17:34.147	16.1
11:17:34.159	19.2
11:17:34.172	18.5
11:17:34.184	19.4
11:17:34.192	19.9
11:17:34.204	21.6
11:17:34.217	21.9
11:17:34.225	23.6
11:17:34.237	25.3
11:17:34.249	23.0
11:17:34.258	22.0
11:17:34.270	21.6
11:17:34.282	22.1
11:17:34.295	23.2
11:17:34.303	23.6
11:17:34.315	23.0
11:17:34.327	24.7
11:17:34.336	23.4
11:17:34.348	23.8
11:17:34.360	25.3
11:17:34.369	25.6
11:17:34.381	24.6
11:17:34.393	23.5
11:17:34.401	22.1
11:17:34.414	22.6
11:17:34.426	23.6
11:17:34.438	22.7
11:17:34.446	24.5
11:17:34.459	26.9
11:17:34.471	28.5
11:17:34.479	31.9
11:17:34.491	31.6
11:17:34.504	33.3
11:17:34.512	34.5
11:17:34.524	33.9
11:17:34.536	33.4
11:17:34.545	34.7
11:17:34.557	35.7
11:17:34.569	32.2
11:17:34.577	33.1
11:17:34.590	29.2
11:17:34.602	31.3
11:17:34.614	30.4
11:17:34.622	28.9
11:17:34.635	32.3
11:17:34.647	32.7
11:17:34.655	31.8
11:17:34.668	31.2
11:17:34.680	30.9
11:17:34.692	29.2
11:17:34.700	28.4
11:17:34.713	27.3
11:17:34.725	24.8
11:17:34.733	24.5
11:17:34.745	20.5
11:17:34.758	19.3
11:17:34.766	18.5
11:17:34.778	19.8
11:17:34.790	19.0
11:17:34.799	18.1
11:17:34.811	18.3
11:17:34.823	17.6
11:17:34.831	20.0
11:17:34.844	19.7
11:17:34.856	19.1
11:17:34.868	17.8
11:17:34.876	18.2
11:17:34.889	16.9
11:17:34.901	18.8
11:17:34.909	17.4
11:17:34.921	18.1
11:17:34.934	17.7
11:17:34.946	17.4
11:17:34.954	17.6
11:17:34.966	18.3
11:17:34.979	19.0
11:17:34.987	18.6
11:17:34.999	15.3
11:17:35.012	14.4
11:17:35.020	16.3
11:17:35.032	15.1
11:17:35.044	14.2
11:17:35.053	15.1
11:17:35.065	15.8
11:17:35.077	14.8
11:17:35.085	14.9
11:17:35.097	13.0
11:17:35.110	14.4
11:17:35.122	14.5
11:17:35.130	12.0
11:17:35.143	11.8
11:17:35.155	11.7
11:17:35.163	10.2
11:17:35.175	10.2
11:17:35.188	10.5
11:17:35.196	8.6
11:17:35.208	9.4
11:17:35.220	10.8
11:17:35.229	9.8
11:17:35.241	13.3
11:17:35.253	14.6
11:17:35.265	14.2
11:17:35.274	15.3
11:17:35.286	15.9
11:17:35.298	18.3
11:17:35.306	19.2
11:17:35.319	18.0
11:17:35.331	16.9
11:17:35.339	15.5
11:17:35.351	12.9
11:17:35.364	15.1
11:17:35.376	16.2
11:17:35.384	15.3
11:17:35.396	12.5
11:17:35.409	10.6
11:17:35.417	10.3
11:17:35.429	10.2
11:17:35.441	10.2
11:17:35.450	11.5
11:17:35.462	11.3
11:17:35.474	8.2
11:17:35.482	7.6
11:17:35.495	9.6
11:17:35.507	10.1
11:17:35.515	8.6
11:17:35.527	10.4
11:17:35.540	12.9
11:17:35.552	12.4
11:17:35.560	12.6
11:17:35.572	12.6
11:17:35.585	12.2
11:17:35.593	11.7
11:17:35.605	9.7
11:17:35.618	11.7
11:17:35.630	13.7
11:17:35.638	11.9
11:17:35.650	11.2
11:17:35.663	11.5
11:17:35.671	10.7
11:17:35.683	10.9
11:17:35.695	11.1
11:17:35.704	11.5
11:17:35.716	10.9
11:17:35.728	7.7
11:17:35.736	5.0
11:17:35.749	4.0
11:17:35.761	1.4
11:17:35.769	0.0
11:17:35.781	-0.2
11:17:35.794	-0.2
11:17:35.806	-1.1
11:17:35.814	-0.9
11:17:35.826	-1.9
11:17:35.839	-2.2
11:17:35.847	-1.9
11:17:35.859	-1.1
11:17:35.871	-1.1
11:17:35.880	-1.6
11:17:35.892	-1.9
11:17:35.904	-3.1
11:17:35.916	-4.7
11:17:35.925	-5.0
11:17:35.937	-5.9
11:17:35.949	-7.1
11:17:35.957	-6.1
11:17:35.970	-6.3
11:17:35.982	-5.8
11:17:35.990	-6.0
11:17:36.002	-7.3
11:17:36.015	-4.8
11:17:36.023	-4.5
11:17:36.035	-4.8
11:17:36.048	-4.5
11:17:36.060	-5.8
11:17:36.068	-9.1
11:17:36.080	-10.3
11:17:36.093	-10.5
11:17:36.105	-10.6
11:17:36.113	-9.5
11:17:36.125	-13.5
11:17:36.137	-13.3
11:17:36.146	-16.9
11:17:36.158	-17.8
11:17:36.170	-17.5
11:17:36.179	-16.7
11:17:36.191	-17.9
11:17:36.203	-19.1
11:17:36.215	-20.5
11:17:36.224	-22.7
11:17:36.236	-24.3
11:17:36.248	-24.8
11:17:36.256	-24.1
11:17:36.269	-23.6
11:17:36.281	-25.4
11:17:36.289	-25.8
11:17:36.301	-25.0
11:17:36.314	-25.5
11:17:36.322	-26.6
11:17:36.334	-26.2
11:17:36.346	-25.4
11:17:36.359	-25.2
11:17:36.367	-25.6
11:17:36.379	-25.5
11:17:36.391	-23.9
11:17:36.400	-25.0
11:17:36.412	-25.7
11:17:36.424	-26.1
11:17:36.432	-25.8
11:17:36.445	-26.7
11:17:36.457	-27.2
11:17:36.465	-30.3
11:17:36.477	-30.5
11:17:36.490	-32.5
11:17:36.498	-32.8
11:17:36.511	-31.2
11:17:36.523	-31.3
11:17:36.535	-31.8
11:17:36.543	-29.6
11:17:36.556	-29.2
11:17:36.568	-27.9
11:17:36.576	-28.1
11:17:36.588	-27.1
11:17:36.601	-26.8
11:17:36.613	-25.1
11:17:36.621	-26.9
11:17:36.633	-28.1
11:17:36.646	-27.6
11:17:36.654	-30.2
11:17:36.666	-29.2
11:17:36.678	-29.0
11:17:36.687	-26.8
11:17:36.699	-27.3
11:17:36.711	-25.2
11:17:36.719	-25.1
11:17:36.732	-23.3
11:17:36.744	-20.6
11:17:36.752	-20.3
11:17:36.764	-17.9
11:17:36.777	-18.7
11:17:36.789	-16.3
11:17:36.797	-15.1
11:17:36.809	-14.3
11:17:36.822	-15.4
11:17:36.830	-14.4
11:17:36.842	-11.0
11:17:36.854	-9.1
11:17:36.867	-6.7
11:17:36.875	-5.7
11:17:36.887	-3.3
11:17:36.899	-6.0
11:17:36.908	-4.2
11:17:36.920	-3.0
11:17:36.932	1.1
11:17:36.941	1.3
11:17:36.953	-0.6
11:17:36.965	-2.1
11:17:36.973	-1.5
11:17:36.985	-1.8
11:17:36.998	-0.5
11:17:37.006	2.3
11:17:37.018	4.0
11:17:37.031	5.5
11:17:37.043	2.9
11:17:37.051	4.3
11:17:37.063	5.9
11:17:37.076	7.1
11:17:37.084	8.3
11:17:37.096	9.6
11:17:37.108	11.4
11:17:37.117	12.4
11:17:37.129	10.7
11:17:37.141	10.1
11:17:37.150	11.3
11:17:37.162	11.3
11:17:37.174	10.0
11:17:37.186	9.0
11:17:37.195	7.4
11:17:37.207	7.8
11:17:37.219	6.0
11:17:37.227	5.5
11:17:37.240	6.1
11:17:37.252	8.0
11:17:37.260	6.9
11:17:37.272	6.7
11:17:37.285	8.8
11:17:37.297	10.7
11:17:37.305	12.0
11:17:37.317	9.3
11:17:37.330	10.7
11:17:37.338	9.8
11:17:37.350	9.5
11:17:37.362	10.3
11:17:37.371	12.5
11:17:37.383	11.6
11:17:37.395	12.3
11:17:37.403	11.1
11:17:37.416	10.5
11:17:37.428	12.7
11:17:37.436	11.4
11:17:37.448	11.7
11:17:37.461	12.2
11:17:37.473	13.2
11:17:37.481	12.1
11:17:37.494	16.7
11:17:37.507	14.9
11:17:37.514	15.8
11:17:37.526	16.2
11:17:37.538	15.8
11:17:37.551	15.9
11:17:37.559	16.2
11:17:37.571	17.1
11:17:37.584	15.9
11:17:37.592	16.7
11:17:37.604	13.8
11:17:37.616	15.7
11:17:37.624	15.8
11:17:37.637	17.2
11:17:37.649	17.9
11:17:37.657	18.0
11:17:37.669	19.9
11:17:37.682	20.5
11:17:37.690	18.6
11:17:37.702	18.2
11:17:37.715	18.3
11:17:37.727	16.7
11:17:37.735	19.2
11:17:37.747	18.5
11:17:37.760	18.0
11:17:37.768	17.9
11:17:37.780	17.7
11:17:37.792	19.3
11:17:37.801	20.0
11:17:37.813	21.8
11:17:37.825	21.6
11:17:37.838	22.0
11:17:37.846	19.5
11:17:37.858	20.0
11:17:37.870	21.7
11:17:37.879	22.5
11:17:37.891	22.2
11:17:37.903	19.6
11:17:37.911	20.3
11:17:37.924	19.4
11:17:37.936	19.1
11:17:37.944	19.0
11:17:37.956	18.5
11:17:37.969	18.0
11:17:37.981	17.9
11:17:37.989	17.6
11:17:38.002	16.2
11:17:38.014	16.4
11:17:38.026	15.6
11:17:38.034	15.1
11:17:38.047	15.6
11:17:38.059	15.4
11:17:38.067	16.8
11:17:38.079	17.7
11:17:38.092	17.8
11:17:38.100	19.0
11:17:38.112	19.0
11:17:38.124	18.4
11:17:38.137	18.1
11:17:38.145	17.1
11:17:38.157	17.2
11:17:38.169	17.6
11:17:38.178	16.4
11:17:38.190	15.4
11:17:38.202	14.5
11:17:38.210	12.4
11:17:38.223	12.1
11:17:38.235	9.3
11:17:38.243	9.3
11:17:38.255	10.3
11:17:38.268	10.1
11:17:38.280	13.2
11:17:38.288	13.5
11:17:38.300	14.1
11:17:38.313	14.0
11:17:38.321	15.1
11:17:38.333	15.9
11:17:38.345	19.2
11:17:38.354	19.7
11:17:38.366	20.0
11:17:38.378	19.2
11:17:38.386	16.0
11:17:38.399	18.7
11:17:38.411	17.4
11:17:38.419	16.5
11:17:38.431	14.9
11:17:38.444	14.3
11:17:38.456	13.7
11:17:38.464	13.9
11:17:38.476	12.3
11:17:38.489	13.8
11:17:38.497	15.0
11:17:38.509	12.4
11:17:38.522	11.8
11:17:38.534	13.7
11:17:38.542	15.3
11:17:38.554	16.2
11:17:38.567	15.5
11:17:38.575	14.7
11:17:38.587	14.6
11:17:38.599	17.6
11:17:38.608	16.6
11:17:38.620	15.8
11:17:38.632	16.6
11:17:38.640	15.8
11:17:38.653	13.3
11:17:38.665	13.3
11:17:38.673	14.9
11:17:38.685	14.0
11:17:38.698	14.8
11:17:38.710	11.2
11:17:38.718	13.0
11:17:38.731	14.8
11:17:38.743	14.4
11:17:38.751	12.3
11:17:38.763	15.3
11:17:38.775	13.5
11:17:38.788	12.4
11:17:38.796	12.0
11:17:38.808	12.5
11:17:38.820	10.9
11:17:38.829	8.8
11:17:38.841	6.6
11:17:38.853	6.9
11:17:38.861	7.8
11:17:38.874	6.0
11:17:38.886	7.2
11:17:38.894	6.1
11:17:38.906	7.0
11:17:38.919	6.8
11:17:38.927	6.2
11:17:38.939	6.0
11:17:38.952	6.5
11:17:38.964	5.8
11:17:38.972	8.1
11:17:38.984	7.4
11:17:38.997	6.7
11:17:39.005	6.3
11:17:39.017	4.9
11:17:39.029	4.3
11:17:39.037	3.8
11:17:39.050	4.7
11:17:39.062	4.2
11:17:39.070	4.4
11:17:39.083	2.1
11:17:39.095	2.1
11:17:39.107	2.0
11:17:39.115	2.2
11:17:39.128	2.2
11:17:39.140	1.4
11:17:39.148	3.3
11:17:39.160	0.8
11:17:39.173	1.2
11:17:39.181	-0.2
11:17:39.193	-1.1
11:17:39.205	-0.8
11:17:39.218	-2.9
11:17:39.226	-1.6
11:17:39.238	-0.7
11:17:39.250	-1.3
11:17:39.259	-3.0
11:17:39.271	-1.6
11:17:39.283	-2.7
11:17:39.291	-3.1
11:17:39.304	-3.9
11:17:39.316	-4.0
11:17:39.324	-2.4
11:17:39.336	-5.6
11:17:39.349	-8.2
11:17:39.357	-9.1
11:17:39.369	-7.8
11:17:39.382	-9.6
11:17:39.394	-10.9
11:17:39.402	-11.1
11:17:39.414	-11.8
11:17:39.426	-14.1
11:17:39.435	-15.3
11:17:39.447	-16.0
11:17:39.459	-15.1
11:17:39.472	-14.8
11:17:39.480	-15.7
11:17:39.492	-15.0
11:17:39.504	-15.0
11:17:39.512	-13.3
11:17:39.525	-13.6
11:17:39.537	-13.9
11:17:39.545	-14.4
11:17:39.558	-13.5
11:17:39.570	-14.3
11:17:39.578	-14.3
11:17:39.590	-16.1
11:17:39.603	-18.6
11:17:39.611	-21.3
11:17:39.624	-23.8
11:17:39.636	-23.1
11:17:39.649	-23.1
11:17:39.657	-23.3
11:17:39.669	-22.8
11:17:39.681	-22.5
11:17:39.690	-23.6
11:17:39.702	-24.2
11:17:39.714	-25.1
11:17:39.722	-23.2
11:17:39.735	-23.9
11:17:39.747	-25.4
11:17:39.759	-25.6
11:17:39.767	-25.4
11:17:39.780	-26.0
11:17:39.792	-25.1
11:17:39.800	-25.7
11:17:39.812	-26.4
11:17:39.825	-26.5
11:17:39.833	-26.3
11:17:39.845	-26.2
11:17:39.858	-24.2
11:17:39.866	-24.3
11:17:39.878	-24.0
11:17:39.890	-24.5
11:17:39.902	-26.3
11:17:39.911	-24.9
11:17:39.923	-23.2
11:17:39.935	-22.1
11:17:39.943	-22.7
11:17:39.956	-20.6
11:17:39.968	-22.1
11:17:39.976	-22.2
11:17:39.988	-21.3
11:17:40.001	-19.4
11:17:40.013	-18.3
11:17:40.021	-18.1
11:17:40.034	-18.4
11:17:40.046	-17.3
11:17:40.058	-13.4
11:17:40.066	-12.9
11:17:40.079	-11.9
11:17:40.091	-10.1
11:17:40.099	-11.3
11:17:40.111	-10.8
11:17:40.124	-10.5
11:17:40.132	-8.9
11:17:40.144	-8.2
11:17:40.156	-4.6
11:17:40.165	-6.6
11:17:40.177	-6.1
11:17:40.189	-4.7
11:17:40.201	-2.9
11:17:40.210	-0.8
11:17:40.222	-0.1
11:17:40.234	2.1
11:17:40.242	2.3
11:17:40.255	3.6
11:17:40.267	1.2
11:17:40.275	5.0
11:17:40.287	6.0
11:17:40.300	9.2
11:17:40.308	9.0
11:17:40.320	9.3
11:17:40.332	10.1
11:17:40.341	9.9
11:17:40.353	10.4
11:17:40.365	11.9
11:17:40.377	12.7
11:17:40.386	11.6
11:17:40.398	10.5
11:17:40.410	9.3
11:17:40.418	9.9
11:17:40.431	10.8
11:17:40.443	10.3
11:17:40.455	11.4
11:17:40.464	11.5
11:17:40.476	12.1
11:17:40.488	12.7
11:17:40.496	13.9
11:17:40.509	15.3
11:17:40.521	15.0
11:17:40.529	15.0
11:17:40.541	14.4
11:17:40.554	14.2
11:17:40.562	13.3
11:17:40.574	13.5
11:17:40.586	13.3
11:17:40.595	13.0
11:17:40.607	11.0
11:17:40.619	11.8
11:17:40.631	10.8
11:17:40.640	11.8
11:17:40.652	13.9
11:17:40.664	14.4
11:17:40.672	14.6
11:17:40.685	16.7
11:17:40.697	17.7
11:17:40.709	19.6
11:17:40.718	20.7
11:17:40.730	20.4
11:17:40.742	21.4
11:17:40.750	19.5
11:17:40.763	18.7
11:17:40.775	18.8
11:17:40.783	20.2
11:17:40.795	18.9
11:17:40.808	18.2
11:17:40.816	17.3
11:17:40.828	18.8
11:17:40.841	18.1
11:17:40.849	19.2
11:17:40.861	21.1
11:17:40.873	21.1
11:17:40.885	22.3
11:17:40.894	23.3
11:17:40.906	23.9
11:17:40.918	23.4
11:17:40.926	23.3
11:17:40.939	21.9
11:17:40.951	22.9
11:17:40.959	22.3
11:17:40.971	22.3
11:17:40.984	23.2
11:17:40.992	23.5
11:17:41.004	22.3
11:17:41.017	21.1
11:17:41.029	21.9
11:17:41.037	22.2
11:17:41.049	20.9
11:17:41.062	20.8
11:17:41.070	22.6
11:17:41.082	23.0
11:17:41.094	23.3
11:17:41.102	21.8
11:17:41.115	21.4
11:17:41.127	23.5
11:17:41.139	22.5
11:17:41.148	24.5
11:17:41.160	25.4
11:17:41.172	25.3
11:17:41.180	23.0
11:17:41.193	22.4
11:17:41.205	20.1
11:17:41.213	21.3
11:17:41.225	20.9
11:17:41.238	20.0
11:17:41.246	19.8
11:17:41.258	17.7
11:17:41.270	18.0
11:17:41.278	16.4
11:17:41.291	17.4
11:17:41.303	17.8
11:17:41.315	19.6
11:17:41.323	19.1
11:17:41.336	20.6
11:17:41.348	20.5
11:17:41.356	21.6
11:17:41.368	21.7
11:17:41.381	21.6
11:17:41.393	22.7
11:17:41.401	20.7
11:17:41.414	19.9
11:17:41.426	19.9
11:17:41.434	19.1
11:17:41.446	18.5
11:17:41.459	17.6
11:17:41.467	16.8
11:17:41.479	17.8
11:17:41.491	18.5
11:17:41.500	16.1
11:17:41.512	16.5
11:17:41.524	15.8
11:17:41.532	14.0
11:17:41.545	13.9
11:17:41.557	12.5
11:17:41.569	13.3
11:17:41.577	13.4
11:17:41.590	12.6
11:17:41.602	10.8
11:17:41.610	13.6
11:17:41.622	15.4
11:17:41.635	14.8
11:17:41.643	15.3
11:17:41.655	15.9
11:17:41.667	15.9
11:17:41.680	15.2
11:17:41.688	14.8
11:17:41.700	14.1
11:17:41.712	15.6
11:17:41.721	13.7
11:17:41.733	10.5
11:17:41.745	10.1
11:17:41.753	7.5
11:17:41.766	5.7
11:17:41.778	5.7
11:17:41.786	4.5
11:17:41.799	4.3
11:17:41.811	3.7
11:17:41.823	1.9
11:17:41.831	0.9
11:17:41.844	1.5
11:17:41.856	0.3
11:17:41.864	1.0
11:17:41.876	1.5
11:17:41.889	-0.7
11:17:41.897	-1.8
11:17:41.909	-3.0
11:17:41.921	-5.2
11:17:41.930	-5.9
11:17:41.942	-5.6
11:17:41.954	-7.5
11:17:41.966	-6.8
11:17:41.975	-5.9
11:17:41.987	-5.8
11:17:41.999	-5.5
11:17:42.007	-5.3
11:17:42.020	-5.5
11:17:42.032	-7.7
11:17:42.040	-9.2
11:17:42.052	-9.3
11:17:42.065	-9.2
11:17:42.077	-8.9
11:17:42.085	-10.5
11:17:42.097	-12.2
11:17:42.110	-13.1
11:17:42.122	-13.3
11:17:42.130	-13.3
11:17:42.142	-11.9
11:17:42.155	-12.7
11:17:42.163	-12.4
11:17:42.175	-11.9
11:17:42.187	-14.3
11:17:42.196	-14.9
11:17:42.208	-15.4
11:17:42.220	-16.5
11:17:42.228	-18.4
11:17:42.241	-19.0
11:17:42.253	-17.9
11:17:42.261	-15.6
11:17:42.273	-16.5
11:17:42.286	-18.5
11:17:42.298	-17.7
11:17:42.306	-20.3
11:17:42.319	-22.1
11:17:42.331	-19.8
11:17:42.339	-18.7
11:17:42.351	-21.7
11:17:42.364	-22.7
11:17:42.376	-25.3
11:17:42.384	-27.4
11:17:42.396	-27.2
11:17:42.409	-26.8
11:17:42.417	-25.1
11:17:42.429	-23.0
11:17:42.441	-25.9
11:17:42.450	-27.0
11:17:42.462	-26.4
11:17:42.474	-28.2
11:17:42.482	-26.3
11:17:42.495	-25.3
11:17:42.507	-24.6
11:17:42.515	-24.3
11:17:42.528	-24.8
11:17:42.540	-26.0
11:17:42.552	-26.0
11:17:42.560	-27.4
11:17:42.573	-25.6
11:17:42.585	-24.3
11:17:42.593	-26.4
11:17:42.605	-26.4
11:17:42.618	-26.2
11:17:42.630	-28.2
11:17:42.638	-27.8
11:17:42.650	-26.7
11:17:42.663	-25.2
11:17:42.671	-23.0
11:17:42.683	-23.4
11:17:42.695	-20.3
11:17:42.704	-21.0
11:17:42.716	-19.1
11:17:42.728	-20.3
11:17:42.736	-18.4
11:17:42.749	-16.0
11:17:42.761	-16.9
11:17:42.769	-16.8
11:17:42.781	-15.5
11:17:42.794	-14.8
11:17:42.806	-16.5
11:17:42.814	-15.4
11:17:42.826	-17.0
11:17:42.839	-17.4
11:17:42.847	-14.8
11:17:42.859	-16.1
11:17:42.871	-15.0
11:17:42.880	-13.6
11:17:42.892	-15.8
11:17:42.904	-14.0
11:17:42.912	-13.7
11:17:42.925	-11.3
11:17:42.937	-10.6
11:17:42.949	-8.2
11:17:42.958	-10.0
11:17:42.970	-10.0
11:17:42.982	-9.1
11:17:42.990	-9.1
11:17:43.003	-6.7
11:17:43.015	-5.7
11:17:43.023	-6.4
11:17:43.035	-9.1
11:17:43.048	-9.7
11:17:43.060	-7.8
11:17:43.068	-6.3
11:17:43.080	-5.7
11:17:43.093	-5.1
11:17:43.101	-3.5
11:17:43.113	-4.5
11:17:43.125	-6.6
11:17:43.134	-4.7
11:17:43.146	-1.7
11:17:43.158	-1.5
11:17:43.166	-1.4
11:17:43.179	-2.2
11:17:43.191	-2.2
11:17:43.199	-3.0
11:17:43.211	-4.9
11:17:43.224	-4.1
11:17:43.236	-4.4
11:17:43.244	-5.6
11:17:43.256	-5.6
11:17:43.269	-4.9
11:17:43.277	-6.9
11:17:43.289	-7.0
11:17:43.301	-7.2
11:17:43.314	-5.1
11:17:43.322	-2.5
11:17:43.334	-0.8
11:17:43.346	-1.9
11:17:43.355	-1.9
11:17:43.367	-3.7
11:17:43.379	-2.0
11:17:43.387	-3.7
11:17:43.400	-5.2
11:17:43.412	-2.2
11:17:43.420	-5.3
11:17:43.432	-6.7
11:17:43.445	-8.1
11:17:43.453	-7.2
11:17:43.465	-8.0
11:17:43.478	-7.6
11:17:43.490	-10.9
11:17:43.498	-9.2
11:17:43.510	-8.6
11:17:43.523	-11.1
11:17:43.531	-10.6
11:17:43.543	-12.5
11:17:43.555	-14.5
11:17:43.564	-15.2
11:17:43.576	-14.6
11:17:43.588	-12.9
11:17:43.600	-10.7
11:17:43.609	-11.8
11:17:43.621	-12.0
11:17:43.633	-11.5
11:17:43.641	-10.6
11:17:43.654	-9.0
11:17:43.666	-6.0
11:17:43.674	-4.0
11:17:43.686	-1.2
11:17:43.699	-2.5
11:17:43.707	-0.3
11:17:43.719	3.2
11:17:43.731	6.5
11:17:43.744	6.3
11:17:43.752	7.1
11:17:43.764	6.5
11:17:43.776	5.9
11:17:43.785	7.9
11:17:43.797	5.0
11:17:43.809	5.0
11:17:43.817	3.2
11:17:43.830	2.4
11:17:43.842	-2.6
11:17:43.850	-2.2
11:17:43.863	-2.5
11:17:43.875	-2.6
11:17:43.887	-2.4
11:17:43.895	-3.1
11:17:43.908	-2.9
11:17:43.920	-2.0
11:17:43.928	-1.5
11:17:43.940	-1.7
11:17:43.953	2.3
11:17:43.961	2.5
11:17:43.973	2.2
11:17:43.985	2.1
11:17:43.998	1.0
11:17:44.006	0.7
11:17:44.018	1.8
11:17:44.030	1.2
11:17:44.038	-0.8
11:17:44.051	-1.7
11:17:44.063	-3.6
11:17:44.071	-5.0
11:17:44.084	-5.2
11:17:44.096	-3.1
11:17:44.104	-3.3
11:17:44.116	-4.3
11:17:44.129	-4.2
11:17:44.137	-4.2
11:17:44.149	-2.9
11:17:44.161	-2.1
11:17:44.174	-1.3
11:17:44.182	0.1
11:17:44.195	1.2
11:17:44.207	1.0
11:17:44.220	2.1
11:17:44.228	3.1
11:17:44.240	3.5
11:17:44.252	6.1
11:17:44.260	6.0
11:17:44.272	6.3
11:17:44.284	6.8
11:17:44.297	7.8
11:17:44.305	6.6
11:17:44.317	6.3
11:17:44.329	5.5
11:17:44.337	4.2
11:17:44.350	3.0
11:17:44.362	2.8
11:17:44.370	3.5
11:17:44.383	5.2
11:17:44.395	6.2
11:17:44.403	5.0
11:17:44.415	6.6
11:17:44.428	4.8
11:17:44.436	5.3
11:17:44.448	6.6
11:17:44.460	5.7
11:17:44.473	3.8
11:17:44.481	3.5
11:17:44.493	2.2
11:17:44.505	1.8
11:17:44.514	2.3
11:17:44.526	0.4
11:17:44.538	1.2
11:17:44.551	0.9
11:17:44.559	-0.4
11:17:44.571	0.5
11:17:44.583	1.1
11:17:44.591	2.4
11:17:44.604	1.7
11:17:44.616	2.2
11:17:44.624	2.6
11:17:44.637	4.1
11:17:44.649	5.7
11:17:44.657	7.0
11:17:44.669	8.3
11:17:44.682	9.1
11:17:44.690	8.2
11:17:44.702	7.4
11:17:44.714	8.2
11:17:44.728	5.6
11:17:44.736	4.3
11:17:44.748	4.0
11:17:44.760	2.9
11:17:44.769	1.4
11:17:44.781	2.1
11:17:44.793	3.3
11:17:44.801	4.7
11:17:44.814	3.7
11:17:44.826	2.7
11:17:44.834	5.4
11:17:44.846	8.0
11:17:44.859	8.6
11:17:44.871	8.2
11:17:44.879	8.3
11:17:44.891	7.2
11:17:44.904	5.8
11:17:44.912	5.7
11:17:44.924	6.8
11:17:44.936	5.6
11:17:44.945	6.1
11:17:44.957	6.2
11:17:44.969	7.7
11:17:44.982	10.0
11:17:44.990	13.9
11:17:45.002	14.4
11:17:45.014	15.9
11:17:45.022	16.3
11:17:45.035	16.4
11:17:45.047	18.9
11:17:45.055	17.2
11:17:45.067	18.5
11:17:45.080	17.1
11:17:45.088	16.9
11:17:45.100	14.6
11:17:45.113	15.1
11:17:45.121	13.0
11:17:45.133	13.6
11:17:45.145	14.0
11:17:45.158	14.3
11:17:45.166	16.2
11:17:45.178	14.6
11:17:45.190	15.4
11:17:45.198	16.0
11:17:45.211	16.9
11:17:45.223	18.1
11:17:45.235	21.1
11:17:45.244	21.2
11:17:45.256	22.0
11:17:45.268	22.6
11:17:45.276	21.7
11:17:45.289	23.0
11:17:45.301	24.4
11:17:45.309	24.6
11:17:45.321	25.2
11:17:45.334	23.8
11:17:45.342	22.8
11:17:45.354	23.6
11:17:45.366	22.6
11:17:45.375	23.2
11:17:45.387	23.8
11:17:45.399	23.6
11:17:45.411	22.4
11:17:45.420	22.2
11:17:45.432	21.7
11:17:45.444	22.9
11:17:45.452	24.2
11:17:45.465	23.6
11:17:45.477	25.7
11:17:45.485	26.3
11:17:45.497	27.1
11:17:45.510	27.4
11:17:45.522	29.7
11:17:45.530	29.4
11:17:45.542	30.2
11:17:45.555	30.9
11:17:45.563	32.1
11:17:45.575	32.3
11:17:45.587	32.4
11:17:45.596	30.2
11:17:45.608	29.5
11:17:45.620	28.6
11:17:45.628	27.9
11:17:45.641	29.7
11:17:45.653	30.5
11:17:45.665	30.0
11:17:45.673	30.0
11:17:45.686	30.5
11:17:45.698	30.4
11:17:45.706	32.9
11:17:45.719	33.1
11:17:45.731	33.1
11:17:45.739	33.0
11:17:45.751	31.1
11:17:45.764	29.8
11:17:45.772	28.6
11:17:45.784	27.6
11:17:45.796	28.5
11:17:45.809	26.1
11:17:45.817	24.3
11:17:45.829	23.2
11:17:45.841	24.5
11:17:45.850	22.5
11:17:45.862	20.9
11:17:45.874	21.7
11:17:45.882	20.7
11:17:45.895	19.4
11:17:45.907	16.4
11:17:45.919	17.0
11:17:45.927	15.4
11:17:45.940	13.7
11:17:45.952	9.2
11:17:45.960	8.8
11:17:45.972	9.7
11:17:45.985	7.0
11:17:45.993	6.5
11:17:46.005	6.5
11:17:46.017	6.2
11:17:46.026	7.8
11:17:46.038	9.0
11:17:46.050	9.9
11:17:46.062	11.7
11:17:46.071	11.0
11:17:46.083	10.3
11:17:46.095	10.1
11:17:46.103	11.6
11:17:46.116	10.7
11:17:46.128	10.4
11:17:46.136	6.9
11:17:46.148	7.2
11:17:46.161	7.3
11:17:46.173	6.3
11:17:46.181	6.1
11:17:46.194	4.7
11:17:46.206	4.7
11:17:46.218	1.8
11:17:46.226	-0.1
11:17:46.239	-1.5
11:17:46.251	-1.9
11:17:46.259	-3.0
11:17:46.271	-2.6
11:17:46.284	-3.0
11:17:46.292	-5.4
11:17:46.304	-4.4
11:17:46.316	-5.9
11:17:46.325	-3.4
11:17:46.337	-3.6
11:17:46.349	-4.7
11:17:46.357	-3.3
11:17:46.370	-2.2
11:17:46.382	-6.1
11:17:46.394	-5.8
11:17:46.402	-6.3
11:17:46.415	-7.3
11:17:46.427	-7.2
11:17:46.435	-10.7
11:17:46.447	-10.2
11:17:46.460	-8.6
11:17:46.472	-10.1
11:17:46.480	-13.0
11:17:46.492	-11.9
11:17:46.505	-14.4
11:17:46.513	-13.0
11:17:46.525	-14.7
11:17:46.537	-15.5
11:17:46.546	-15.2
11:17:46.558	-15.8
11:17:46.570	-16.0
11:17:46.578	-17.1
11:17:46.591	-18.5
11:17:46.603	-18.8
11:17:46.611	-16.0
11:17:46.623	-16.9
11:17:46.636	-16.5
11:17:46.648	-16.4
11:17:46.656	-17.2
11:17:46.669	-18.7
11:17:46.681	-19.3
11:17:46.689	-17.5
11:17:46.701	-17.0
11:17:46.714	-16.7
11:17:46.722	-18.5
11:17:46.734	-19.6
11:17:46.746	-18.7
11:17:46.755	-17.2
11:17:46.767	-15.5
11:17:46.779	-13.4
11:17:46.791	-13.3
11:17:46.800	-15.0
11:17:46.812	-15.2
11:17:46.824	-13.1
11:17:46.832	-13.0
11:17:46.845	-9.2
11:17:46.857	-8.1
11:17:46.865	-7.6
11:17:46.878	-6.5
11:17:46.890	-6.8
11:17:46.902	-6.0
11:17:46.910	-3.9
11:17:46.923	-1.9
11:17:46.935	-3.3
11:17:46.943	-2.1
11:17:46.955	-2.5
11:17:46.968	-3.9
11:17:46.976	-4.2
11:17:46.988	-3.2
11:17:47.000	-3.5
11:17:47.009	-3.0
11:17:47.021	-3.5
11:17:47.033	-3.7
11:17:47.041	-2.8
11:17:47.054	-2.6
11:17:47.066	-0.9
11:17:47.078	1.5
11:17:47.086	4.1
11:17:47.099	2.9
11:17:47.111	5.8
11:17:47.119	5.5
11:17:47.132	5.5
11:17:47.144	7.4
11:17:47.156	8.3
11:17:47.164	8.6
11:17:47.176	8.5
11:17:47.189	9.5
11:17:47.197	6.4
11:17:47.209	8.0
11:17:47.222	9.8
11:17:47.230	9.6
11:17:47.242	10.4
11:17:47.254	10.4
11:17:47.263	10.5
11:17:47.275	11.1
11:17:47.287	10.4
11:17:47.296	8.6
11:17:47.308	11.4
11:17:47.320	10.8
11:17:47.332	9.0
11:17:47.341	11.7
11:17:47.353	14.1
11:17:47.365	12.8
11:17:47.373	13.7
11:17:47.386	13.8
11:17:47.398	14.5
11:17:47.406	15.4
11:17:47.419	13.9
11:17:47.431	14.1
11:17:47.443	12.8
11:17:47.451	12.6
11:17:47.463	12.2
11:17:47.476	13.7
11:17:47.484	14.8
11:17:47.496	15.7
11:17:47.509	15.7
11:17:47.517	17.3
11:17:47.529	18.3
11:17:47.541	18.3
11:17:47.550	18.7
11:17:47.562	16.7
11:17:47.574	16.6
11:17:47.586	16.8
11:17:47.595	15.6
11:17:47.607	16.2
11:17:47.619	15.8
11:17:47.627	16.7
11:17:47.640	15.4
11:17:47.652	15.5
11:17:47.660	17.4
11:17:47.672	19.3
11:17:47.685	18.5
11:17:47.693	18.1
11:17:47.705	16.6
11:17:47.717	14.7
11:17:47.730	15.9
11:17:47.738	14.1
11:17:47.750	14.7
11:17:47.762	15.2
11:17:47.771	15.3
11:17:47.783	15.4
11:17:47.795	15.1
11:17:47.803	16.7
11:17:47.816	18.0
11:17:47.828	18.7
11:17:47.840	18.8
11:17:47.848	18.7
11:17:47.861	20.3
11:17:47.873	20.5
11:17:47.881	19.9
11:17:47.893	20.0
11:17:47.906	20.2
11:17:47.914	20.3
11:17:47.926	20.4
11:17:47.938	21.1
11:17:47.947	19.8
11:17:47.959	18.1
11:17:47.971	16.8
11:17:47.983	16.5
11:17:47.992	15.9
11:17:48.004	15.4
11:17:48.016	15.2
11:17:48.025	15.5
11:17:48.037	15.1
11:17:48.049	14.6
11:17:48.061	14.3
11:17:48.070	16.4
11:17:48.082	16.0
11:17:48.094	15.3
11:17:48.102	15.2
11:17:48.115	15.1
11:17:48.127	16.1
11:17:48.139	14.9
11:17:48.147	16.7
11:17:48.160	17.9
11:17:48.172	20.0
11:17:48.180	19.3
11:17:48.192	22.0
11:17:48.205	23.0
11:17:48.213	23.8
11:17:48.225	24.9
11:17:48.237	24.3
11:17:48.246	24.7
11:17:48.258	21.4
11:17:48.270	19.2
11:17:48.278	17.8
11:17:48.291	17.9
11:17:48.303	15.5
11:17:48.315	14.1
11:17:48.323	15.2
11:17:48.336	14.6
11:17:48.348	15.3
11:17:48.356	13.1
11:17:48.369	15.1
11:17:48.381	16.7
11:17:48.393	16.0
11:17:48.401	16.7
11:17:48.413	16.0
11:17:48.426	20.6
11:17:48.434	19.7
11:17:48.446	19.1
11:17:48.458	19.2
11:17:48.467	20.3
11:17:48.479	20.1
11:17:48.491	17.6
11:17:48.499	17.5
11:17:48.512	17.3
11:17:48.524	17.0
11:17:48.532	12.9
11:17:48.545	12.6
11:17:48.557	13.1
11:17:48.569	12.5
11:17:48.577	12.5
11:17:48.590	13.9
11:17:48.602	15.1
11:17:48.610	17.3
11:17:48.622	17.4
11:17:48.635	17.2
11:17:48.643	17.0
11:17:48.655	16.3
11:17:48.667	15.1
11:17:48.676	15.8
11:17:48.688	15.9
11:17:48.700	15.5
11:17:48.712	17.7
11:17:48.721	15.3
11:17:48.733	13.9
11:17:48.745	16.1
11:17:48.753	17.5
11:17:48.766	17.4
11:17:48.778	18.2
11:17:48.786	16.0
11:17:48.798	14.6
11:17:48.811	16.1
11:17:48.823	13.8
11:17:48.831	15.0
11:17:48.843	14.7
11:17:48.856	13.5
11:17:48.864	12.2
11:17:48.876	11.3
11:17:48.889	11.0
11:17:48.897	10.9
11:17:48.909	11.8
11:17:48.921	8.0
11:17:48.930	8.2
11:17:48.942	6.7
11:17:48.954	6.5
11:17:48.962	6.4
11:17:48.975	5.2
11:17:48.987	5.7
11:17:48.999	3.7
11:17:49.007	3.3
11:17:49.020	1.6
11:17:49.032	1.4
11:17:49.040	0.0
11:17:49.052	0.3
11:17:49.065	-0.7
11:17:49.077	-2.1
11:17:49.085	-3.8
11:17:49.097	-6.1
11:17:49.110	-4.6
11:17:49.118	-5.7
11:17:49.130	-5.1
11:17:49.143	-7.0
11:17:49.151	-6.8
11:17:49.163	-9.1
11:17:49.175	-8.7
11:17:49.184	-8.2
11:17:49.196	-8.2
11:17:49.208	-6.0
11:17:49.217	-6.2
11:17:49.229	-1.9
11:17:49.241	-2.9
11:17:49.253	-2.9
11:17:49.262	-4.3
11:17:49.274	-4.7
11:17:49.286	-6.3
11:17:49.295	-8.7
11:17:49.307	-9.7
11:17:49.319	-13.4
11:17:49.327	-14.8
11:17:49.339	-20.0
11:17:49.352	-21.3
11:17:49.364	-21.4
11:17:49.372	-22.5
11:17:49.385	-20.9
11:17:49.397	-20.5
11:17:49.405	-20.0
11:17:49.417	-19.8
11:17:49.429	-17.2
11:17:49.438	-18.9
11:17:49.450	-19.4
11:17:49.462	-18.4
11:17:49.470	-19.9
11:17:49.483	-18.5
11:17:49.495	-20.8
11:17:49.507	-21.5
11:17:49.515	-21.6
11:17:49.528	-19.4
11:17:49.540	-21.8
11:17:49.548	-24.1
11:17:49.561	-24.4
11:17:49.573	-24.8
11:17:49.581	-24.1
11:17:49.593	-24.6
11:17:49.606	-24.0
11:17:49.614	-25.1
11:17:49.626	-24.5
11:17:49.638	-27.8
11:17:49.651	-29.9
11:17:49.659	-27.1
11:17:49.671	-26.8
11:17:49.684	-26.6
11:17:49.692	-26.0
11:17:49.704	-24.3
11:17:49.716	-24.8
11:17:49.724	-24.5
11:17:49.736	-26.1
11:17:49.748	-26.0
11:17:49.761	-23.0
11:17:49.769	-23.4
11:17:49.781	-22.9
11:17:49.793	-25.6
11:17:49.802	-26.7
11:17:49.814	-29.5
11:17:49.826	-30.6
11:17:49.834	-28.6
11:17:49.847	-27.8
11:17:49.859	-25.9
11:17:49.867	-25.7
11:17:49.879	-25.9
11:17:49.892	-26.1
11:17:49.900	-23.6
11:17:49.912	-20.9
11:17:49.924	-18.2
11:17:49.937	-16.5
11:17:49.945	-17.8
11:17:49.957	-17.3
11:17:49.969	-15.7
11:17:49.982	-15.2
11:17:49.990	-12.6
11:17:50.002	-11.1
11:17:50.014	-10.9
11:17:50.023	-12.2
11:17:50.035	-14.3
11:17:50.047	-12.8
11:17:50.059	-12.6
11:17:50.068	-12.7
11:17:50.080	-13.3
11:17:50.092	-13.6
11:17:50.100	-15.0
11:17:50.113	-15.4
11:17:50.125	-14.0
11:17:50.133	-13.2
11:17:50.146	-10.2
11:17:50.159	-10.8
11:17:50.167	-9.6
11:17:50.179	-9.0
11:17:50.192	-9.6
11:17:50.200	-9.5
11:17:50.212	-9.4
11:17:50.224	-8.6
11:17:50.237	-8.6
11:17:50.245	-8.5
11:17:50.257	-11.1
11:17:50.269	-10.3
11:17:50.278	-10.2
11:17:50.290	-9.9
11:17:50.302	-9.2
11:17:50.314	-8.0
11:17:50.323	-7.6
11:17:50.335	-6.8
11:17:50.347	-6.3
11:17:50.355	-6.5
11:17:50.368	-3.7
11:17:50.380	-4.2
11:17:50.388	-3.4
11:17:50.400	-1.3
11:17:50.413	0.1
11:17:50.421	1.3
11:17:50.433	3.4
11:17:50.445	3.7
11:17:50.454	3.1
11:17:50.466	5.4
11:17:50.478	4.7
11:17:50.490	6.6
11:17:50.499	8.3
11:17:50.511	9.1
11:17:50.523	8.7
11:17:50.531	8.1
11:17:50.544	8.9
11:17:50.556	8.2
11:17:50.564	11.1
11:17:50.577	10.6
11:17:50.589	10.9
11:17:50.597	11.1
11:17:50.609	9.4
11:17:50.621	8.9
11:17:50.634	9.6
11:17:50.642	9.7
11:17:50.654	8.9
11:17:50.666	9.3
11:17:50.675	9.5
11:17:50.687	9.8
11:17:50.699	10.9
11:17:50.707	11.6
11:17:50.720	11.2
11:17:50.732	10.3
11:17:50.744	9.9
11:17:50.752	11.1
11:17:50.765	12.7
11:17:50.777	13.5
11:17:50.785	12.2
11:17:50.797	11.6
11:17:50.810	10.9
11:17:50.818	11.3
11:17:50.830	12.6
11:17:50.843	12.4
11:17:50.851	12.7
11:17:50.863	13.0
11:17:50.875	11.9
11:17:50.884	12.6
11:17:50.896	11.9
11:17:50.908	12.3
11:17:50.921	12.5
11:17:50.929	11.6
11:17:50.941	12.7
11:17:50.953	13.1
11:17:50.961	13.1
11:17:50.974	13.9
11:17:50.986	13.7
11:17:50.998	15.0
11:17:51.006	16.2
11:17:51.019	18.2
11:17:51.031	21.4
11:17:51.039	21.9
11:17:51.052	20.5
11:17:51.064	22.0
11:17:51.072	22.9
11:17:51.084	24.2
11:17:51.097	24.6
11:17:51.105	22.2
11:17:51.117	22.0
11:17:51.129	20.9
11:17:51.138	18.0
11:17:51.150	17.2
11:17:51.162	18.6
11:17:51.174	19.5
11:17:51.183	20.7
11:17:51.195	17.7
11:17:51.207	19.1
11:17:51.215	19.8
11:17:51.228	20.0
11:17:51.240	19.2
11:17:51.248	19.9
11:17:51.260	20.4
11:17:51.273	19.2
11:17:51.285	18.5
11:17:51.293	16.7
11:17:51.305	17.5
11:17:51.318	17.2
11:17:51.326	17.7
11:17:51.338	16.4
11:17:51.350	18.2
11:17:51.359	17.8
11:17:51.371	16.5
11:17:51.383	18.8
11:17:51.391	17.7
11:17:51.404	17.8
11:17:51.416	17.0
11:17:51.428	16.5
11:17:51.436	15.7
11:17:51.449	17.7
11:17:51.461	15.6
11:17:51.469	16.2
11:17:51.481	16.3
11:17:51.494	14.3
11:17:51.502	13.9
11:17:51.514	13.9
11:17:51.527	14.6
11:17:51.535	14.2
11:17:51.547	13.3
11:17:51.559	12.1
11:17:51.572	12.9
11:17:51.580	12.7
11:17:51.592	12.5
11:17:51.604	12.2
11:17:51.613	13.2
11:17:51.625	12.5
11:17:51.637	11.3
11:17:51.645	10.7
11:17:51.658	10.1
11:17:51.670	10.5
11:17:51.682	9.6
11:17:51.690	7.0
11:17:51.703	7.2
11:17:51.715	6.9
11:17:51.723	5.6
11:17:51.735	5.8
11:17:51.748	8.8
11:17:51.756	8.7
11:17:51.768	9.6
11:17:51.780	8.3
11:17:51.789	9.2
11:17:51.801	8.8
11:17:51.813	8.3
11:17:51.821	7.9
11:17:51.834	7.2
11:17:51.846	7.9
11:17:51.858	2.9
11:17:51.866	2.7
11:17:51.879	0.9
11:17:51.891	0.6
11:17:51.899	-2.2
11:17:51.912	-1.9
11:17:51.924	-3.0
11:17:51.936	-3.6
11:17:51.944	-5.9
11:17:51.957	-9.6
11:17:51.969	-9.8
11:17:51.981	-11.3
11:17:51.989	-12.1
11:17:52.002	-14.1
11:17:52.014	-14.1
11:17:52.022	-14.9
11:17:52.034	-16.4
11:17:52.047	-16.7
11:17:52.055	-15.0
11:17:52.067	-14.9
11:17:52.080	-14.4
11:17:52.088	-15.2
11:17:52.100	-15.7
11:17:52.112	-15.5
11:17:52.121	-16.2
11:17:52.133	-16.0
11:17:52.145	-15.7
11:17:52.157	-16.6
11:17:52.166	-17.4
11:17:52.178	-16.1
11:17:52.190	-15.4
11:17:52.198	-15.6
11:17:52.211	-15.3
11:17:52.223	-16.8
11:17:52.235	-17.1
11:17:52.244	-17.0
11:17:52.256	-16.8
11:17:52.268	-14.9
11:17:52.276	-14.9
11:17:52.288	-14.9
11:17:52.301	-16.2
11:17:52.309	-16.1
11:17:52.321	-14.8
11:17:52.333	-12.3
11:17:52.342	-12.7
11:17:52.354	-14.1
11:17:52.366	-13.2
11:17:52.374	-15.9
11:17:52.387	-17.1
11:17:52.399	-17.8
11:17:52.411	-18.5
11:17:52.419	-18.9
11:17:52.432	-20.0
11:17:52.444	-22.6
11:17:52.452	-21.6
11:17:52.465	-19.4
11:17:52.477	-20.2
11:17:52.485	-15.6
11:17:52.497	-16.4
11:17:52.509	-14.3
11:17:52.518	-13.5
11:17:52.530	-14.2
11:17:52.542	-13.3
11:17:52.555	-12.9
11:17:52.563	-12.5
11:17:52.575	-12.0
11:17:52.587	-12.5
11:17:52.595	-16.5
11:17:52.608	-13.9
11:17:52.620	-16.4
11:17:52.628	-15.9
11:17:52.641	-15.3
11:17:52.653	-14.7
11:17:52.665	-14.2
11:17:52.673	-14.1
11:17:52.686	-14.7
11:17:52.698	-13.9
11:17:52.706	-13.5
11:17:52.718	-13.1
11:17:52.731	-12.9
11:17:52.739	-13.0
11:17:52.751	-10.1
11:17:52.763	-10.0
11:17:52.772	-8.7
11:17:52.784	-7.0
11:17:52.796	-8.7
11:17:52.804	-7.9
11:17:52.817	-9.9
11:17:52.829	-9.7
11:17:52.841	-8.8
11:17:52.850	-8.1
11:17:52.862	-9.6
11:17:52.874	-10.1
11:17:52.882	-8.8
11:17:52.895	-10.8
11:17:52.907	-8.7
11:17:52.919	-9.4
11:17:52.927	-6.5
11:17:52.940	-7.4
11:17:52.952	-6.1
11:17:52.960	-6.6
11:17:52.972	-6.2
11:17:52.985	-4.5
11:17:52.993	-5.8
11:17:53.005	-5.5
11:17:53.018	-6.5
11:17:53.026	-4.1
11:17:53.038	-5.4
11:17:53.050	-3.2
11:17:53.058	-3.7
11:17:53.071	-5.6
11:17:53.083	-3.5
11:17:53.096	-5.5
11:17:53.103	-5.9
11:17:53.116	-5.1
11:17:53.128	-4.8
11:17:53.136	-6.5
11:17:53.149	-5.5
11:17:53.161	-7.6
11:17:53.169	-7.6
11:17:53.181	-4.0
11:17:53.194	-6.7
11:17:53.206	-4.8
11:17:53.214	-3.2
11:17:53.226	-2.8
11:17:53.239	-0.9
11:17:53.247	-2.1
11:17:53.259	-1.8
11:17:53.271	-1.7
11:17:53.279	-1.7
11:17:53.292	-1.4
11:17:53.304	-1.4
11:17:53.312	-2.0
11:17:53.324	-2.0
11:17:53.337	-2.1
11:17:53.349	-3.0
11:17:53.357	0.3
11:17:53.370	3.2
11:17:53.382	5.6
11:17:53.390	7.2
11:17:53.402	5.4
11:17:53.415	7.8
11:17:53.423	7.4
11:17:53.435	8.5
11:17:53.447	9.5
11:17:53.456	10.9
11:17:53.468	9.7
11:17:53.480	7.5
11:17:53.492	6.1
11:17:53.501	3.7
11:17:53.513	4.1
11:17:53.525	2.9
11:17:53.533	2.6
11:17:53.546	2.3
11:17:53.558	2.5
11:17:53.566	-0.5
11:17:53.578	-1.4
11:17:53.591	-0.4
11:17:53.603	-1.7
11:17:53.611	-1.6
11:17:53.623	-2.0
11:17:53.636	-2.6
11:17:53.644	-1.9
11:17:53.656	-4.0
11:17:53.668	-5.4
11:17:53.677	-5.3
11:17:53.689	-2.8
11:17:53.701	-4.4
11:17:53.709	-2.5
11:17:53.722	-1.4
11:17:53.734	0.4
11:17:53.742	0.0
11:17:53.754	-0.6
11:17:53.767	2.1
11:17:53.779	3.0
11:17:53.787	3.8
11:17:53.799	2.5
11:17:53.812	4.0
11:17:53.820	3.5
11:17:53.832	4.0
11:17:53.845	3.3
11:17:53.857	3.7
11:17:53.865	6.3
11:17:53.877	6.1
11:17:53.890	5.7
11:17:53.898	7.6
11:17:53.910	9.0
11:17:53.923	8.3
11:17:53.931	9.3
11:17:53.943	8.9
11:17:53.955	8.9
11:17:53.963	8.4
11:17:53.976	9.1
11:17:53.988	9.1
11:17:54.000	10.0
11:17:54.008	10.5
11:17:54.021	10.1
11:17:54.033	10.2
11:17:54.041	9.8
11:17:54.054	10.3
11:17:54.066	12.2
11:17:54.078	11.8
11:17:54.086	10.2
11:17:54.099	9.2
11:17:54.107	7.6
11:17:54.119	4.8
11:17:54.131	4.4
11:17:54.144	6.2
11:17:54.152	6.3
11:17:54.164	6.6
11:17:54.176	5.3
11:17:54.189	5.4
11:17:54.197	4.2
11:17:54.209	6.1
11:17:54.221	9.9
11:17:54.230	12.6
11:17:54.242	13.2
11:17:54.254	13.9
11:17:54.262	15.6
11:17:54.275	16.0
11:17:54.287	18.9
11:17:54.295	22.9
11:17:54.307	23.8
11:17:54.320	23.5
11:17:54.332	21.1
11:17:54.340	21.4
11:17:54.352	23.8
11:17:54.365	23.9
11:17:54.373	24.8
11:17:54.385	27.0
11:17:54.397	26.0
11:17:54.406	25.4
11:17:54.418	28.8
11:17:54.430	31.2
11:17:54.438	32.8
11:17:54.451	33.2
11:17:54.463	34.1
11:17:54.475	33.8
11:17:54.484	32.7
11:17:54.496	32.3
11:17:54.508	31.3
11:17:54.516	30.7
11:17:54.529	29.0
11:17:54.541	27.6
11:17:54.549	28.8
11:17:54.561	29.3
11:17:54.574	26.8
11:17:54.586	27.6
11:17:54.594	28.2
11:17:54.606	26.9
11:17:54.619	27.7
11:17:54.627	29.2
11:17:54.639	30.2
11:17:54.651	28.6
11:17:54.660	26.7
11:17:54.672	28.2
11:17:54.684	27.7
11:17:54.692	26.2
11:17:54.705	26.8
11:17:54.717	26.2
11:17:54.725	26.2
11:17:54.737	25.6
11:17:54.750	25.1
11:17:54.762	25.8
11:17:54.770	27.2
11:17:54.782	25.7
11:17:54.795	26.3
11:17:54.803	27.9
11:17:54.815	27.6
11:17:54.827	28.8
11:17:54.840	29.8
11:17:54.848	30.0
11:17:54.860	30.1
11:17:54.872	32.0
11:17:54.881	32.3
11:17:54.893	31.8
11:17:54.905	32.1
11:17:54.913	31.5
11:17:54.926	30.2
11:17:54.938	29.0
11:17:54.946	27.9
11:17:54.959	28.5
11:17:54.971	27.4
11:17:54.979	23.9
11:17:54.991	23.7
11:17:55.004	24.9
11:17:55.016	24.5
11:17:55.024	24.0
11:17:55.036	24.4
11:17:55.049	24.7
11:17:55.057	23.9
11:17:55.069	23.3
11:17:55.081	23.7
11:17:55.090	26.7
11:17:55.102	25.3
11:17:55.114	22.5
11:17:55.126	22.6
11:17:55.135	20.1
11:17:55.147	20.8
11:17:55.159	19.3
11:17:55.167	17.7
11:17:55.180	17.3
11:17:55.192	14.7
11:17:55.200	14.4
11:17:55.212	13.8
11:17:55.225	14.1
11:17:55.233	12.1
11:17:55.245	12.2
11:17:55.257	9.5
11:17:55.270	10.4
11:17:55.278	11.8
11:17:55.290	12.0
11:17:55.302	13.8
11:17:55.311	11.7
11:17:55.323	14.1
11:17:55.335	15.0
11:17:55.343	15.5
11:17:55.356	15.0
11:17:55.368	17.0
11:17:55.376	17.8
11:17:55.389	15.9
11:17:55.401	13.6
11:17:55.413	13.2
11:17:55.421	12.8
11:17:55.433	9.4
11:17:55.446	9.0
11:17:55.454	7.9
11:17:55.466	7.6
11:17:55.479	3.4
11:17:55.487	1.1
11:17:55.499	0.8
11:17:55.511	-0.5
11:17:55.524	-2.1
11:17:55.532	-3.9
11:17:55.544	-3.6
11:17:55.556	-4.0
11:17:55.565	-4.7
11:17:55.577	-5.6
11:17:55.589	-5.2
11:17:55.597	-4.3
11:17:55.610	-5.1
11:17:55.622	-5.6
11:17:55.630	-6.4
11:17:55.642	-6.3
11:17:55.655	-8.4
11:17:55.663	-11.1
11:17:55.675	-11.5
11:17:55.687	-11.1
11:17:55.700	-13.1
11:17:55.708	-16.9
11:17:55.720	-17.7
11:17:55.732	-18.4
11:17:55.741	-17.7
11:17:55.753	-18.1
11:17:55.765	-17.7
11:17:55.778	-18.5
11:17:55.786	-18.5
11:17:55.798	-18.9
11:17:55.810	-15.7
11:17:55.818	-15.4
11:17:55.831	-15.5
11:17:55.843	-15.4
11:17:55.851	-16.4
11:17:55.863	-16.1
11:17:55.876	-16.9
11:17:55.884	-17.0
11:17:55.896	-16.7
11:17:55.909	-15.3
11:17:55.921	-16.7
11:17:55.929	-16.5
11:17:55.941	-15.4
11:17:55.954	-15.1
11:17:55.962	-13.7
11:17:55.974	-14.2
11:17:55.986	-14.7
11:17:55.999	-14.1
11:17:56.007	-14.2
11:17:56.020	-15.7
11:17:56.032	-15.9
11:17:56.041	-15.0
11:17:56.053	-15.1
11:17:56.065	-15.6
11:17:56.077	-20.5
11:17:56.086	-21.0
11:17:56.098	-20.7
11:17:56.110	-20.9
11:17:56.118	-22.4
11:17:56.131	-23.0
11:17:56.143	-23.1
11:17:56.151	-22.7
11:17:56.163	-23.5
11:17:56.176	-24.1
11:17:56.184	-19.1
11:17:56.195	-18.2
11:17:56.208	-19.4
11:17:56.216	-19.8
11:17:56.228	-19.4
11:17:56.240	-19.6
11:17:56.253	-19.2
11:17:56.261	-19.1
11:17:56.273	-18.7
11:17:56.285	-14.3
11:17:56.294	-16.5
11:17:56.306	-15.6
11:17:56.318	-12.7
11:17:56.327	-12.7
11:17:56.339	-11.8
11:17:56.351	-9.3
11:17:56.359	-9.7
11:17:56.371	-10.5
11:17:56.384	-9.1
11:17:56.396	-11.7
11:17:56.404	-9.1
11:17:56.416	-10.7
11:17:56.429	-10.7
11:17:56.437	-9.2
11:17:56.449	-8.2
11:17:56.462	-9.1
11:17:56.470	-7.9
11:17:56.482	-5.7
11:17:56.494	-6.1
11:17:56.507	-6.6
11:17:56.515	-6.8
11:17:56.527	-5.8
11:17:56.539	-6.9
11:17:56.548	-6.4
11:17:56.560	-5.3
11:17:56.572	-3.1
11:17:56.580	-2.2
11:17:56.593	-2.8
11:17:56.605	-0.8
11:17:56.613	1.7
11:17:56.625	2.2
11:17:56.638	1.4
11:17:56.646	5.1
11:17:56.658	6.1
11:17:56.670	5.2
11:17:56.683	4.0
11:17:56.691	4.7
11:17:56.703	7.3
11:17:56.715	7.9
11:17:56.724	7.5
11:17:56.736	7.0
11:17:56.748	9.4
11:17:56.761	8.6
11:17:56.769	11.1
11:17:56.781	11.6
11:17:56.793	12.8
11:17:56.802	13.4
11:17:56.815	12.2
11:17:56.827	9.8
11:17:56.835	10.6
11:17:56.847	12.2
11:17:56.860	12.8
11:17:56.868	11.6
11:17:56.880	9.4
11:17:56.892	9.2
11:17:56.901	10.0
11:17:56.913	11.1
11:17:56.925	11.3
11:17:56.938	12.8
11:17:56.946	11.2
11:17:56.958	10.8
11:17:56.970	9.4
11:17:56.978	9.3
11:17:56.991	10.0
11:17:57.003	11.5
11:17:57.011	10.9
11:17:57.024	10.3
11:17:57.036	9.1
11:17:57.048	10.3
11:17:57.056	13.8
11:17:57.069	12.7
11:17:57.081	14.3
11:17:57.089	15.3
11:17:57.101	16.0
11:17:57.114	16.0
11:17:57.122	16.2
11:17:57.134	15.7
11:17:57.146	18.8
11:17:57.155	16.0
11:17:57.167	13.4
11:17:57.179	12.6
11:17:57.191	13.5
11:17:57.200	14.8
11:17:57.212	13.1
11:17:57.224	14.1
11:17:57.232	12.9
11:17:57.245	15.4
11:17:57.257	15.3
11:17:57.265	17.9
11:17:57.277	20.5
11:17:57.290	24.1
11:17:57.298	23.5
11:17:57.310	21.6
11:17:57.323	22.8
11:17:57.335	21.1
11:17:57.343	21.9
11:17:57.355	20.6
11:17:57.368	19.3
11:17:57.376	19.9
11:17:57.388	20.3
11:17:57.400	20.2
11:17:57.408	19.9
11:17:57.421	21.4
11:17:57.433	21.1
11:17:57.445	22.5
11:17:57.454	22.3
11:17:57.466	22.7
11:17:57.478	23.1
11:17:57.486	22.1
11:17:57.499	20.1
11:17:57.511	19.6
11:17:57.519	21.7
11:17:57.531	21.6
11:17:57.544	22.1
11:17:57.552	21.8
11:17:57.564	28.6
11:17:57.576	28.4
11:17:57.585	28.0
11:17:57.597	28.7
11:17:57.609	28.8
11:17:57.621	27.7
11:17:57.630	25.4
11:17:57.642	25.5
11:17:57.654	25.3
11:17:57.662	24.1
11:17:57.675	18.0
11:17:57.687	18.2
11:17:57.699	17.8
11:17:57.707	17.2
11:17:57.720	16.6
11:17:57.732	17.5
11:17:57.740	17.6
11:17:57.752	18.0
11:17:57.765	18.0
11:17:57.773	18.5
11:17:57.785	16.9
11:17:57.797	15.8
11:17:57.806	18.2
11:17:57.818	17.4
11:17:57.830	16.4
11:17:57.838	15.2
11:17:57.851	14.8
11:17:57.863	14.5
11:17:57.875	14.9
11:17:57.883	17.1
11:17:57.896	18.5
11:17:57.908	18.1
11:17:57.920	17.3
11:17:57.928	17.6
11:17:57.941	18.3
11:17:57.953	18.8
11:17:57.961	20.6
11:17:57.973	19.8
11:17:57.986	19.1
11:17:57.998	17.6
11:17:58.006	18.3
11:17:58.019	18.3
11:17:58.031	17.0
11:17:58.039	16.7
11:17:58.051	16.9
11:17:58.064	18.7
11:17:58.072	17.9
11:17:58.084	18.0
11:17:58.096	17.9
11:17:58.105	18.9
11:17:58.117	19.0
11:17:58.129	20.9
11:17:58.137	22.4
11:17:58.150	24.9
11:17:58.162	26.1
11:17:58.174	25.1
11:17:58.183	25.0
11:17:58.195	25.7
11:17:58.207	26.0
11:17:58.215	24.2
11:17:58.228	24.3
11:17:58.240	21.6
11:17:58.248	20.5
11:17:58.260	19.0
11:17:58.273	19.8
11:17:58.281	20.1
11:17:58.293	20.1
11:17:58.305	20.8
11:17:58.318	20.3
11:17:58.326	20.6
11:17:58.338	19.4
11:17:58.350	20.4
11:17:58.359	19.5
11:17:58.371	18.8
11:17:58.383	17.0
11:17:58.391	14.9
11:17:58.404	14.0
11:17:58.416	11.3
11:17:58.428	9.3
11:17:58.436	10.4
11:17:58.449	9.9
11:17:58.461	10.3
11:17:58.469	12.5
11:17:58.481	11.7
11:17:58.494	13.2
11:17:58.502	14.0
11:17:58.514	13.0
11:17:58.527	15.0
11:17:58.535	16.3
11:17:58.547	14.2
11:17:58.559	15.4
11:17:58.567	15.2
11:17:58.580	13.6
11:17:58.592	14.4
11:17:58.604	12.4
11:17:58.613	13.3
11:17:58.625	16.8
11:17:58.637	16.3
11:17:58.645	16.7
11:17:58.658	17.7
11:17:58.670	18.0
11:17:58.682	17.0
11:17:58.690	15.9
11:17:58.703	17.0
11:17:58.715	18.1
11:17:58.723	16.3
11:17:58.735	14.8
11:17:58.748	15.9
11:17:58.756	16.7
11:17:58.768	15.9
11:17:58.780	14.1
11:17:58.789	14.9
11:17:58.801	14.4
11:17:58.813	14.2
11:17:58.821	12.7
11:17:58.834	13.2
11:17:58.846	13.3
11:17:58.858	11.2
11:17:58.866	10.8
11:17:58.879	10.8
11:17:58.891	12.5
11:17:58.899	12.9
11:17:58.911	14.6
11:17:58.924	15.8
11:17:58.932	16.2
11:17:58.944	15.7
11:17:58.956	16.3
11:17:58.969	16.4
11:17:58.977	14.7
11:17:58.989	18.3
11:17:59.001	17.8
11:17:59.010	18.3
11:17:59.022	17.4
11:17:59.034	15.0
11:17:59.042	16.3
11:17:59.055	16.7
11:17:59.067	14.2
11:17:59.075	13.8
11:17:59.087	15.2
11:17:59.100	11.3
11:17:59.112	11.8
11:17:59.120	11.6
11:17:59.133	11.6
11:17:59.145	11.8
11:17:59.153	10.3
11:17:59.165	9.3
11:17:59.178	9.0
11:17:59.186	9.1
11:17:59.198	9.5
11:17:59.210	11.4
11:17:59.219	10.7
11:17:59.231	9.5
11:17:59.243	9.2
11:17:59.255	9.2
11:17:59.264	8.9
11:17:59.276	10.0
11:17:59.288	9.6
11:17:59.296	9.8
11:17:59.309	9.3
11:17:59.321	7.1
11:17:59.329	5.5
11:17:59.341	5.3
11:17:59.354	6.6
11:17:59.366	8.6
11:17:59.374	10.5
11:17:59.386	11.5
11:17:59.399	12.0
11:17:59.407	12.6
11:17:59.419	14.0
11:17:59.431	14.6
11:17:59.440	18.4
11:17:59.452	18.0
11:17:59.464	17.5
11:17:59.472	15.5
11:17:59.485	14.2
11:17:59.497	13.5
11:17:59.505	15.0
11:17:59.517	14.9
11:17:59.530	15.5
11:17:59.542	16.0
11:17:59.550	13.2
11:17:59.562	14.5
11:17:59.575	14.5
11:17:59.583	15.2
11:17:59.595	15.8
11:17:59.608	15.0
11:17:59.620	12.7
11:17:59.628	13.5
11:17:59.640	11.9
11:17:59.653	10.9
11:17:59.661	12.4
11:17:59.673	11.6
11:17:59.685	13.9
11:17:59.694	12.6
11:17:59.706	12.9
11:17:59.718	13.4
11:17:59.726	15.8
11:17:59.739	14.0
11:17:59.751	12.6
11:17:59.759	14.0
11:17:59.771	13.6
11:17:59.784	12.1
11:17:59.796	9.5
11:17:59.804	10.7
11:17:59.817	9.0
11:17:59.829	7.7
11:17:59.837	6.0
11:17:59.849	6.9
11:17:59.862	8.7
11:17:59.870	8.2
11:17:59.882	7.0
11:17:59.894	8.9
11:17:59.907	9.1
11:17:59.915	7.9
11:17:59.927	11.8
11:17:59.940	13.5
11:17:59.952	15.6
11:17:59.960	16.1
11:17:59.972	15.2
11:17:59.985	14.7
11:17:59.993	15.2
11:18:00.005	14.7
11:18:00.017	13.2
11:18:00.026	14.1
11:18:00.038	10.7
11:18:00.050	8.9
11:18:00.058	7.8
11:18:00.071	8.1
11:18:00.083	10.0
11:18:00.095	10.1
11:18:00.104	8.6
11:18:00.116	9.3
11:18:00.128	10.4
11:18:00.136	10.2
11:18:00.149	10.9
11:18:00.160	11.2
11:18:00.169	10.5
11:18:00.181	11.4
11:18:00.193	8.3
11:18:00.202	8.6
11:18:00.214	8.6
11:18:00.226	7.5
11:18:00.238	8.6
11:18:00.247	7.5
11:18:00.259	7.0
11:18:00.271	8.5
11:18:00.279	10.1
11:18:00.292	8.6
11:18:00.304	10.7
11:18:00.312	8.5
11:18:00.325	9.6
11:18:00.337	10.4
11:18:00.349	10.1
11:18:00.358	10.3
11:18:00.370	10.9
11:18:00.382	10.8
11:18:00.390	9.5
11:18:00.403	8.9
11:18:00.415	7.6
11:18:00.423	8.5
11:18:00.435	8.3
11:18:00.448	5.9
11:18:00.456	4.4
11:18:00.468	5.9
11:18:00.480	5.2
11:18:00.489	4.4
11:18:00.501	4.6
11:18:00.513	5.9
11:18:00.526	6.3
11:18:00.534	5.8
11:18:00.546	6.5
11:18:00.558	7.9
11:18:00.566	8.5
11:18:00.579	8.0
11:18:00.591	7.1
11:18:00.603	7.1
11:18:00.612	5.0
11:18:00.624	5.0
11:18:00.636	5.0
11:18:00.644	2.5
11:18:00.657	1.4
11:18:00.668	1.4
11:18:00.676	1.2
11:18:00.689	-0.5
11:18:00.701	-0.3
11:18:00.709	-2.4
11:18:00.722	-1.0
11:18:00.734	-3.0
11:18:00.742	-2.1
11:18:00.754	4.9
11:18:00.766	5.6
11:18:00.779	5.3
11:18:00.787	4.3
11:18:00.799	3.9
11:18:00.812	5.6
11:18:00.820	7.0
11:18:00.832	5.3
11:18:00.844	6.0
11:18:00.852	3.3
11:18:00.865	-1.7
11:18:00.877	-3.1
11:18:00.889	-2.0
11:18:00.897	-2.9
11:18:00.910	-3.3
11:18:00.922	-5.4
11:18:00.930	-6.4
11:18:00.943	-6.1
11:18:00.955	-8.1
11:18:00.963	-9.2
11:18:00.975	-7.5
11:18:00.988	-8.1
11:18:00.996	-10.4
11:18:01.008	-9.8
11:18:01.020	-10.3
11:18:01.033	-11.8
11:18:01.041	-12.9
11:18:01.053	-14.9
11:18:01.065	-15.2
11:18:01.074	-14.9
11:18:01.086	-16.9
11:18:01.098	-17.2
11:18:01.106	-17.1
11:18:01.119	-18.4
11:18:01.131	-18.2
11:18:01.139	-18.4
11:18:01.151	-18.7
11:18:01.164	-14.9
11:18:01.176	-14.0
11:18:01.184	-13.6
11:18:01.196	-13.8
11:18:01.209	-15.1
11:18:01.217	-15.1
11:18:01.229	-15.0
11:18:01.241	-15.3
11:18:01.250	-15.6
11:18:01.262	-13.6
11:18:01.274	-17.6
11:18:01.286	-17.3
11:18:01.295	-18.9
11:18:01.307	-20.5
11:18:01.319	-21.4
11:18:01.327	-22.3
11:18:01.340	-22.7
11:18:01.352	-22.8
11:18:01.360	-24.3
11:18:01.373	-25.6
11:18:01.385	-25.2
11:18:01.393	-26.9
11:18:01.406	-26.1
11:18:01.418	-24.8
11:18:01.426	-22.7
11:18:01.438	-23.5
11:18:01.451	-23.6
11:18:01.463	-25.2
11:18:01.471	-25.4
11:18:01.483	-27.1
11:18:01.496	-25.9
11:18:01.504	-23.1
11:18:01.516	-25.3
11:18:01.528	-26.9
11:18:01.541	-28.0
11:18:01.549	-27.6
11:18:01.561	-27.2
11:18:01.573	-25.8
11:18:01.582	-23.5
11:18:01.594	-22.9
11:18:01.606	-22.8
11:18:01.614	-25.6
11:18:01.627	-23.5
11:18:01.639	-23.9
11:18:01.647	-23.0
11:18:01.659	-23.6
11:18:01.672	-23.9
11:18:01.680	-22.1
11:18:01.692	-22.3
11:18:01.704	-22.7
11:18:01.717	-25.1
11:18:01.725	-25.9
11:18:01.737	-25.7
11:18:01.750	-24.2
11:18:01.758	-24.3
11:18:01.770	-23.9
11:18:01.782	-24.7
11:18:01.790	-26.2
11:18:01.803	-26.5
11:18:01.815	-24.9
11:18:01.828	-22.7
11:18:01.836	-22.8
11:18:01.848	-22.5
11:18:01.860	-20.9
11:18:01.873	-21.7
11:18:01.881	-20.8
11:18:01.893	-18.7
11:18:01.905	-19.5
11:18:01.914	-19.8
11:18:01.926	-19.6
11:18:01.938	-19.6
11:18:01.946	-17.8
11:18:01.959	-17.0
11:18:01.971	-18.2
11:18:01.979	-17.6
11:18:01.992	-17.9
11:18:02.004	-17.9
11:18:02.016	-17.0
11:18:02.024	-17.1
11:18:02.036	-16.3
11:18:02.049	-14.8
11:18:02.057	-15.9
11:18:02.069	-15.4
11:18:02.082	-14.6
11:18:02.090	-12.7
11:18:02.102	-10.3
11:18:02.114	-10.9
11:18:02.122	-10.2
11:18:02.135	-7.5
11:18:02.147	-6.9
11:18:02.159	-7.5
11:18:02.168	-7.4
11:18:02.180	-6.7
11:18:02.192	-6.3
11:18:02.200	-6.0
11:18:02.213	-8.6
11:18:02.225	-8.1
11:18:02.233	-7.5
11:18:02.245	-7.8
11:18:02.258	-9.1
11:18:02.270	-8.5
11:18:02.278	-7.3
11:18:02.290	-7.6
11:18:02.303	-7.6
11:18:02.311	-8.1
11:18:02.323	-7.7
11:18:02.335	-4.8
11:18:02.344	-4.9
11:18:02.356	-5.5
11:18:02.368	-3.3
11:18:02.376	-4.4
11:18:02.389	-3.8
11:18:02.401	-4.1
11:18:02.409	-4.0
11:18:02.421	-3.7
11:18:02.434	-2.5
11:18:02.446	-5.1
11:18:02.454	-4.4
11:18:02.466	-4.4
11:18:02.479	-4.8
11:18:02.487	-3.0
11:18:02.499	-2.2
11:18:02.512	-2.5
11:18:02.524	-0.7
11:18:02.532	-1.3
11:18:02.544	2.9
11:18:02.557	2.8
11:18:02.565	2.3
11:18:02.577	3.7
11:18:02.589	3.7
11:18:02.598	2.2
11:18:02.610	1.9
11:18:02.622	3.5
11:18:02.630	2.8
11:18:02.643	2.1
11:18:02.655	-2.5
11:18:02.663	-0.7
11:18:02.675	0.4
11:18:02.688	1.8
11:18:02.700	1.1
11:18:02.708	1.9
11:18:02.720	1.8
11:18:02.733	1.1
11:18:02.741	0.5
11:18:02.753	2.1
11:18:02.765	4.7
11:18:02.774	3.2
11:18:02.786	0.3
11:18:02.798	-2.5
11:18:02.810	-3.2
11:18:02.819	-2.4
11:18:02.831	-3.1
11:18:02.843	-3.7
11:18:02.851	-3.4
11:18:02.864	-2.0
11:18:02.876	-4.0
11:18:02.884	-3.5
11:18:02.896	-2.0
11:18:02.909	-2.9
11:18:02.917	-3.6
11:18:02.929	-1.8
11:18:02.941	-2.9
11:18:02.954	-3.3
11:18:02.962	-3.6
11:18:02.974	-5.8
11:18:02.987	-5.1
11:18:02.995	-6.7
11:18:03.007	-5.4
11:18:03.019	-4.3
11:18:03.027	-4.3
11:18:03.040	-7.3
11:18:03.052	-6.5
11:18:03.060	-6.5
11:18:03.072	-5.5
11:18:03.085	-6.2
11:18:03.097	-5.1
11:18:03.105	-5.1
11:18:03.118	-5.2
11:18:03.130	-5.1
11:18:03.138	-2.1
11:18:03.150	-1.6
11:18:03.163	-0.2
11:18:03.171	-0.4
11:18:03.183	-0.4
11:18:03.195	1.9
11:18:03.208	0.4
11:18:03.216	2.5
11:18:03.228	3.0
11:18:03.240	2.1
11:18:03.249	1.3
11:18:03.261	1.4
11:18:03.273	-1.0
11:18:03.281	1.6
11:18:03.294	0.6
11:18:03.306	-0.5
11:18:03.314	0.0
11:18:03.326	-2.0
11:18:03.339	-3.0
11:18:03.347	-3.0
11:18:03.359	-4.5
11:18:03.371	-4.1
11:18:03.384	-2.7
11:18:03.392	-4.9
11:18:03.404	-4.1
11:18:03.417	-4.7
11:18:03.425	-6.1
11:18:03.437	-5.2
11:18:03.449	-5.6
11:18:03.461	-5.1
11:18:03.470	-3.8
11:18:03.482	-1.3
11:18:03.494	-0.1
11:18:03.502	2.2
11:18:03.515	2.7
11:18:03.527	3.4
11:18:03.535	5.0
11:18:03.548	5.7
11:18:03.560	5.5
11:18:03.568	6.8
11:18:03.580	8.7
11:18:03.593	6.5
11:18:03.601	7.3
11:18:03.613	6.7
11:18:03.625	8.8
11:18:03.638	10.4
11:18:03.646	11.9
11:18:03.658	12.9
11:18:03.670	15.7
11:18:03.679	17.3
11:18:03.691	17.0
11:18:03.703	16.9
11:18:03.711	16.6
11:18:03.724	17.0
11:18:03.736	15.2
11:18:03.748	14.3
11:18:03.756	14.0
11:18:03.769	14.3
11:18:03.781	14.0
11:18:03.789	13.3
11:18:03.801	13.4
11:18:03.814	16.2
11:18:03.822	16.0
11:18:03.834	14.8
11:18:03.847	15.5
11:18:03.860	17.0
11:18:03.867	17.0
11:18:03.880	18.0
11:18:03.893	18.6
11:18:03.901	19.4
11:18:03.913	18.2
11:18:03.925	18.3
11:18:03.937	18.6
11:18:03.946	20.4
11:18:03.958	21.3
11:18:03.970	21.6
11:18:03.978	20.4
11:18:03.991	23.1
11:18:04.003	22.5
11:18:04.011	22.6
11:18:04.023	26.1
11:18:04.036	23.5
11:18:04.044	23.6
11:18:04.056	23.0
11:18:04.069	19.8
11:18:04.081	19.7
11:18:04.089	22.1
11:18:04.101	17.7
11:18:04.114	18.2
11:18:04.122	18.0
11:18:04.134	15.6
11:18:04.146	16.8
11:18:04.155	18.4
11:18:04.167	17.5
11:18:04.179	18.8
11:18:04.191	19.6
11:18:04.200	20.5
11:18:04.212	24.1
11:18:04.224	23.6
11:18:04.232	22.6
11:18:04.245	22.5
11:18:04.257	23.6
11:18:04.265	24.2
11:18:04.277	25.8
11:18:04.290	26.8
11:18:04.298	25.7
11:18:04.310	22.9
11:18:04.322	21.9
11:18:04.331	21.5
11:18:04.343	22.0
11:18:04.355	22.6
11:18:04.367	20.9
11:18:04.375	19.6
11:18:04.387	20.7
11:18:04.399	21.1
11:18:04.408	23.3
11:18:04.420	23.5
11:18:04.432	22.1
11:18:04.444	22.2
11:18:04.453	23.2
11:18:04.465	24.6
11:18:04.477	24.4
11:18:04.485	24.1
11:18:04.498	21.5
11:18:04.510	19.9
11:18:04.518	16.8
11:18:04.530	16.6
11:18:04.543	16.2
11:18:04.551	15.7
11:18:04.563	14.0
11:18:04.577	11.4
11:18:04.585	12.2
11:18:04.597	11.3
11:18:04.609	11.9
11:18:04.622	13.1
11:18:04.630	11.5
11:18:04.642	10.7
11:18:04.654	10.9
11:18:04.662	10.2
11:18:04.675	9.7
11:18:04.687	10.6
11:18:04.695	10.6
11:18:04.708	11.1
11:18:04.720	10.8
11:18:04.732	9.8
11:18:04.740	12.5
11:18:04.753	14.0
11:18:04.765	14.3
11:18:04.773	14.6
11:18:04.785	17.7
11:18:04.797	18.0
11:18:04.805	19.5
11:18:04.817	20.7
11:18:04.830	20.2
11:18:04.838	17.7
11:18:04.850	15.0
11:18:04.862	15.7
11:18:04.875	13.9
11:18:04.883	12.8
11:18:04.895	8.7
11:18:04.907	6.4
11:18:04.916	4.2
11:18:04.928	1.0
11:18:04.940	0.6
11:18:04.948	2.2
11:18:04.961	3.6
11:18:04.973	0.8
11:18:04.981	1.1
11:18:04.993	1.9
11:18:05.006	1.0
11:18:05.018	0.8
11:18:05.026	0.2
11:18:05.038	-0.1
11:18:05.051	0.0
11:18:05.059	-0.1
11:18:05.071	-2.7
11:18:05.084	-3.0
11:18:05.092	-3.0
11:18:05.104	-3.9
11:18:05.116	-3.5
11:18:05.129	-4.6
11:18:05.137	-6.5
11:18:05.149	-6.7
11:18:05.161	-7.9
11:18:05.169	-9.9
11:18:05.182	-7.7
11:18:05.194	-7.8
11:18:05.202	-9.8
11:18:05.215	-9.6
11:18:05.227	-9.1
11:18:05.235	-9.0
11:18:05.247	-8.7
11:18:05.260	-9.2
11:18:05.268	-9.0
11:18:05.280	-8.0
11:18:05.292	-10.2
11:18:05.305	-10.6
11:18:05.313	-10.3
11:18:05.325	-12.5
11:18:05.337	-14.5
11:18:05.346	-15.8
11:18:05.358	-17.1
11:18:05.370	-16.4
11:18:05.382	-17.5
11:18:05.391	-19.4
11:18:05.403	-19.0
11:18:05.415	-19.3
11:18:05.423	-19.0
11:18:05.436	-17.6
11:18:05.448	-16.6
11:18:05.456	-14.2
11:18:05.468	-14.7
11:18:05.481	-16.1
11:18:05.489	-15.8
11:18:05.501	-14.0
11:18:05.513	-14.6
11:18:05.522	-14.9
11:18:05.534	-14.8
11:18:05.547	-15.0
11:18:05.559	-14.6
11:18:05.567	-14.3
11:18:05.580	-11.5
11:18:05.592	-10.3
11:18:05.600	-10.1
11:18:05.613	-10.0
11:18:05.625	-10.3
11:18:05.633	-9.9
11:18:05.646	-10.1
11:18:05.658	-8.9
11:18:05.670	-6.7
11:18:05.678	-6.3
11:18:05.691	-6.6
11:18:05.703	-5.2
11:18:05.711	-4.1
11:18:05.723	-3.7
11:18:05.736	-3.2
11:18:05.744	-1.5
11:18:05.756	-0.1
11:18:05.769	1.6
11:18:05.777	0.2
11:18:05.789	-1.6
11:18:05.801	-1.6
11:18:05.813	-3.4
11:18:05.822	-2.9
11:18:05.834	-2.7
11:18:05.846	0.6
11:18:05.854	0.2
11:18:05.867	-0.4
11:18:05.879	-1.7
11:18:05.887	-1.6
11:18:05.899	0.2
11:18:05.912	0.7
11:18:05.920	2.7
11:18:05.932	2.9
11:18:05.944	3.3
11:18:05.953	2.4
11:18:05.965	2.8
11:18:05.977	2.5
11:18:05.989	2.8
11:18:05.998	2.5
11:18:06.010	2.7
11:18:06.022	3.0
11:18:06.030	3.7
11:18:06.043	2.3
11:18:06.055	2.5
11:18:06.067	2.2
11:18:06.075	2.0
11:18:06.088	2.9
11:18:06.100	3.9
11:18:06.112	5.4
11:18:06.121	5.8
11:18:06.133	5.7
11:18:06.145	5.9
11:18:06.153	8.5
11:18:06.165	10.9
11:18:06.177	9.4
11:18:06.185	10.5
11:18:06.198	12.2
11:18:06.210	12.6
11:18:06.218	13.5
11:18:06.230	13.5
11:18:06.243	13.5
11:18:06.251	12.9
11:18:06.263	13.0
11:18:06.276	10.5
11:18:06.288	12.0
11:18:06.296	11.2
11:18:06.308	12.3
11:18:06.321	11.3
11:18:06.329	10.7
11:18:06.341	13.4
11:18:06.353	14.4
11:18:06.366	16.4
11:18:06.374	16.3
11:18:06.386	20.8
11:18:06.398	20.5
11:18:06.407	20.5
11:18:06.419	19.3
11:18:06.431	23.3
11:18:06.439	24.2
11:18:06.452	21.8
11:18:06.464	22.5
11:18:06.472	20.8
11:18:06.484	21.1
11:18:06.497	18.7
11:18:06.505	20.7
11:18:06.517	22.7
11:18:06.529	24.2
11:18:06.542	20.5
11:18:06.550	20.0
11:18:06.562	19.2
11:18:06.574	19.5
11:18:06.583	22.2
11:18:06.595	22.6
11:18:06.607	22.1
11:18:06.615	23.4
11:18:06.628	22.9
11:18:06.640	21.2
11:18:06.652	21.1
11:18:06.660	22.5
11:18:06.673	25.5
11:18:06.685	26.7
11:18:06.693	24.2
11:18:06.706	26.0
11:18:06.718	25.0
11:18:06.726	22.5
11:18:06.738	22.5
11:18:06.751	21.0
11:18:06.759	21.5
11:18:06.771	21.3
11:18:06.783	19.0
11:18:06.796	16.3
11:18:06.804	18.3
11:18:06.816	15.0
11:18:06.828	18.1
11:18:06.836	19.0
11:18:06.849	21.2
11:18:06.861	24.2
11:18:06.869	26.1
11:18:06.882	25.5
11:18:06.894	26.4
11:18:06.902	29.6
11:18:06.914	26.3
11:18:06.927	30.4
11:18:06.939	28.4
11:18:06.947	27.8
11:18:06.959	28.0
11:18:06.972	26.3
11:18:06.980	24.0
11:18:06.992	24.2
11:18:07.004	23.2
11:18:07.013	20.4
11:18:07.025	21.9
11:18:07.037	19.7
11:18:07.049	20.1
11:18:07.059	20.9
11:18:07.070	18.0
11:18:07.083	17.9
11:18:07.091	17.1
11:18:07.104	16.6
11:18:07.116	18.0
11:18:07.124	20.3
11:18:07.136	20.3
11:18:07.149	20.2
11:18:07.157	20.3
11:18:07.169	19.6
11:18:07.182	20.8
11:18:07.190	21.4
11:18:07.202	23.6
11:18:07.214	23.0
11:18:07.227	21.0
11:18:07.234	19.4
11:18:07.246	20.7
11:18:07.258	19.2
11:18:07.267	17.5
11:18:07.279	18.6
11:18:07.291	17.6
11:18:07.304	17.8
11:18:07.312	17.3
11:18:07.324	18.0
11:18:07.336	19.4
11:18:07.345	20.6
11:18:07.357	19.9
11:18:07.369	21.2
11:18:07.377	22.2
11:18:07.390	20.1
11:18:07.402	19.3
11:18:07.410	17.3
11:18:07.422	17.6
11:18:07.435	17.6
11:18:07.443	17.1
11:18:07.455	16.5
11:18:07.467	16.3
11:18:07.480	14.2
11:18:07.488	13.8
11:18:07.500	15.6
11:18:07.512	15.8
11:18:07.521	17.0
11:18:07.533	15.5
11:18:07.545	13.7
11:18:07.553	13.3
11:18:07.566	14.0
11:18:07.578	13.5
11:18:07.590	11.8
11:18:07.598	10.9
11:18:07.611	11.7
11:18:07.623	11.3
11:18:07.631	11.1
11:18:07.643	11.4
11:18:07.656	10.4
11:18:07.664	9.4
11:18:07.676	7.3
11:18:07.688	8.0
11:18:07.697	10.0
11:18:07.709	11.2
11:18:07.721	7.9
11:18:07.733	7.1
11:18:07.742	6.6
11:18:07.754	8.3
11:18:07.766	10.5
11:18:07.774	13.0
11:18:07.787	12.9
11:18:07.799	12.1
11:18:07.807	12.1
11:18:07.820	11.2
11:18:07.832	13.0
11:18:07.844	14.1
11:18:07.852	14.8
11:18:07.865	12.2
11:18:07.877	13.7
11:18:07.885	11.7
11:18:07.897	12.5
11:18:07.910	13.1
11:18:07.922	13.3
11:18:07.930	13.6
11:18:07.942	13.0
11:18:07.956	13.2
11:18:07.964	15.2
11:18:07.976	16.4
11:18:07.988	16.1
11:18:07.997	16.5
11:18:08.009	14.5
11:18:08.021	14.0
11:18:08.033	15.0
11:18:08.042	14.9
11:18:08.054	13.6
11:18:08.066	13.0
11:18:08.074	10.4
11:18:08.087	10.0
11:18:08.099	8.4
11:18:08.107	7.5
11:18:08.119	7.8
11:18:08.132	6.9
11:18:08.140	6.3
11:18:08.152	5.1
11:18:08.165	8.7
11:18:08.173	8.7
11:18:08.185	9.5
11:18:08.197	7.4
11:18:08.209	7.5
11:18:08.218	8.7
11:18:08.230	8.8
11:18:08.242	8.8
11:18:08.250	9.1
11:18:08.263	9.7
11:18:08.275	6.1
11:18:08.287	6.0
11:18:08.296	6.3
11:18:08.308	8.3
11:18:08.320	8.6
11:18:08.328	8.9
11:18:08.341	7.0
11:18:08.353	5.1
11:18:08.361	3.4
11:18:08.373	2.5
11:18:08.386	4.0
11:18:08.394	3.0
11:18:08.406	-0.8
11:18:08.418	-3.1
11:18:08.427	-3.0
11:18:08.439	-3.9
11:18:08.451	-3.5
11:18:08.463	-1.9
11:18:08.472	-1.9
11:18:08.484	-2.0
11:18:08.496	-4.5
11:18:08.504	-5.1
11:18:08.517	-4.4
11:18:08.529	-3.5
11:18:08.537	-6.0
11:18:08.549	-7.1
11:18:08.562	-6.5
11:18:08.574	-6.5
11:18:08.582	-8.1
11:18:08.594	-8.4
11:18:08.607	-9.7
11:18:08.615	-10.4
11:18:08.627	-9.5
11:18:08.639	-9.9
11:18:08.648	-10.5
11:18:08.660	-11.8
11:18:08.672	-10.6
11:18:08.680	-11.0
11:18:08.693	-7.8
11:18:08.705	-7.8
11:18:08.717	-5.9
11:18:08.725	-6.7
11:18:08.738	-8.5
11:18:08.750	-9.0
11:18:08.758	-11.5
11:18:08.771	-11.9
11:18:08.783	-14.4
11:18:08.791	-15.3
11:18:08.803	-20.0
11:18:08.816	-21.2
11:18:08.824	-21.2
11:18:08.836	-20.2
11:18:08.848	-20.5
11:18:08.861	-20.7
11:18:08.869	-16.2
11:18:08.881	-16.1
11:18:08.893	-17.6
11:18:08.902	-18.2
11:18:08.914	-17.2
11:18:08.926	-17.8
11:18:08.934	-19.3
11:18:08.947	-19.7
11:18:08.959	-17.2
11:18:08.971	-17.9
11:18:08.979	-20.6
11:18:08.992	-20.1
11:18:09.004	-18.9
11:18:09.012	-20.6
11:18:09.024	-18.4
11:18:09.037	-17.1
11:18:09.045	-14.7
11:18:09.057	-15.9
11:18:09.069	-17.5
11:18:09.078	-17.1
11:18:09.090	-17.5
11:18:09.102	-19.0
11:18:09.110	-18.7
11:18:09.123	-17.2
11:18:09.135	-17.9
11:18:09.147	-18.4
11:18:09.156	-21.1
11:18:09.168	-19.0
11:18:09.180	-19.0
11:18:09.188	-18.8
11:18:09.200	-18.2
11:18:09.213	-17.4
11:18:09.225	-18.0
11:18:09.233	-16.6
11:18:09.245	-17.8
11:18:09.258	-17.8
11:18:09.266	-18.0
11:18:09.278	-19.3
11:18:09.291	-20.5
11:18:09.299	-19.1
11:18:09.311	-17.9
11:18:09.323	-16.0
11:18:09.332	-14.9
11:18:09.344	-16.3
11:18:09.356	-14.3
11:18:09.364	-13.8
11:18:09.377	-12.9
11:18:09.389	-13.3
11:18:09.401	-10.9
11:18:09.409	-11.4
11:18:09.422	-12.7
11:18:09.434	-11.0
11:18:09.442	-8.5
11:18:09.455	-7.2
11:18:09.467	-6.5
11:18:09.475	-6.6
11:18:09.487	-5.0
11:18:09.500	-2.3
11:18:09.512	-2.0
11:18:09.520	-2.9
11:18:09.532	-0.9
11:18:09.545	-3.4
11:18:09.553	-4.7
11:18:09.565	-4.1
11:18:09.577	-5.4
11:18:09.586	-3.4
11:18:09.598	-2.9
11:18:09.610	-2.9
11:18:09.618	-2.0
11:18:09.631	-0.5
11:18:09.643	2.2
11:18:09.655	2.9
11:18:09.663	4.5
11:18:09.676	5.3
11:18:09.688	6.2
11:18:09.696	5.2
11:18:09.708	3.4
11:18:09.721	4.4
11:18:09.729	5.2
11:18:09.741	6.2
11:18:09.753	5.2
11:18:09.762	7.1
11:18:09.774	5.9
11:18:09.786	4.7
11:18:09.794	6.1
11:18:09.807	6.5
11:18:09.819	8.6
11:18:09.831	7.9
11:18:09.839	5.6
11:18:09.852	5.3
11:18:09.864	4.8
11:18:09.872	4.1
11:18:09.885	4.0
11:18:09.897	7.4
11:18:09.909	6.6
11:18:09.917	6.1
11:18:09.929	7.5
11:18:09.942	7.9
11:18:09.954	10.3
11:18:09.962	9.8
11:18:09.975	10.1
11:18:09.983	9.8
11:18:09.995	11.0
11:18:10.007	8.7
11:18:10.015	6.6
11:18:10.028	10.5
11:18:10.040	11.9
11:18:10.052	13.8
11:18:10.061	12.5
11:18:10.073	14.5
11:18:10.085	14.2
11:18:10.093	15.4
11:18:10.106	14.8
11:18:10.118	15.5
11:18:10.130	17.0
11:18:10.138	15.7
11:18:10.151	15.0
11:18:10.163	13.9
11:18:10.171	13.9
11:18:10.183	14.9
11:18:10.196	15.9
11:18:10.208	15.1
11:18:10.216	18.2
11:18:10.228	16.2
11:18:10.241	15.5
11:18:10.249	14.9
11:18:10.261	13.8
11:18:10.273	12.0
11:18:10.282	12.5
11:18:10.294	10.9
11:18:10.306	9.2
11:18:10.314	9.9
11:18:10.327	7.2
11:18:10.339	9.4
11:18:10.347	12.5
11:18:10.359	12.6
11:18:10.372	10.6
11:18:10.384	12.0
11:18:10.392	13.2
11:18:10.405	13.7
11:18:10.417	16.2
11:18:10.425	14.3
11:18:10.437	13.8
11:18:10.450	13.2
11:18:10.458	12.6
11:18:10.470	13.0
11:18:10.482	13.9
11:18:10.495	13.8
11:18:10.503	13.1
11:18:10.515	12.4
11:18:10.527	13.4
11:18:10.536	13.3
11:18:10.548	14.5
11:18:10.560	13.9
11:18:10.568	14.1
11:18:10.581	13.8
11:18:10.593	15.3
11:18:10.601	15.5
11:18:10.613	15.9
11:18:10.626	15.5
11:18:10.638	13.3
11:18:10.646	16.6
11:18:10.658	14.8
11:18:10.671	17.8
11:18:10.679	19.2
11:18:10.691	19.6
11:18:10.703	20.7
11:18:10.712	19.9
11:18:10.724	21.6
11:18:10.736	21.9
11:18:10.744	20.5
11:18:10.757	17.6
11:18:10.769	17.7
11:18:10.781	15.2
11:18:10.789	11.4
11:18:10.802	10.4
11:18:10.814	9.6
11:18:10.822	9.3
11:18:10.834	7.5
11:18:10.847	7.6
11:18:10.855	8.9
11:18:10.867	9.5
11:18:10.880	11.9
11:18:10.892	15.5
11:18:10.900	16.1
11:18:10.912	17.9
11:18:10.925	17.7
11:18:10.933	19.6
11:18:10.945	18.6
11:18:10.957	19.3
11:18:10.966	19.5
11:18:10.978	21.1
11:18:10.990	18.9
11:18:10.998	14.7
11:18:11.011	16.5
11:18:11.023	16.3
11:18:11.031	16.5
11:18:11.043	16.1
11:18:11.056	17.8
11:18:11.068	14.9
11:18:11.076	15.0
11:18:11.088	14.3
11:18:11.101	14.1
11:18:11.109	14.5
11:18:11.121	14.0
11:18:11.133	10.6
11:18:11.146	9.5
11:18:11.154	8.1
11:18:11.166	7.1
11:18:11.179	7.9
11:18:11.187	11.2
11:18:11.199	10.8
11:18:11.211	12.8
11:18:11.220	13.7
11:18:11.232	13.5
11:18:11.244	16.4
11:18:11.252	15.5
11:18:11.265	15.0
11:18:11.277	14.3
11:18:11.285	15.5
11:18:11.297	12.4
11:18:11.310	11.5
11:18:11.322	9.9
11:18:11.330	10.1
11:18:11.342	10.1
11:18:11.355	8.8
11:18:11.363	10.3
11:18:11.375	13.8
11:18:11.388	13.0
11:18:11.396	12.5
11:18:11.408	10.6
11:18:11.421	11.1
11:18:11.433	10.6
11:18:11.441	10.7
11:18:11.453	9.8
11:18:11.466	12.6
11:18:11.474	10.7
11:18:11.486	8.6
11:18:11.498	10.8
11:18:11.507	12.7
11:18:11.519	12.7
11:18:11.531	11.8
11:18:11.539	11.8
11:18:11.552	10.1
11:18:11.564	10.3
11:18:11.576	8.5
11:18:11.584	9.3
11:18:11.597	8.6
11:18:11.609	7.3
11:18:11.617	5.6
11:18:11.629	6.7
11:18:11.642	6.5
11:18:11.650	7.3
11:18:11.662	7.9
11:18:11.675	7.8
11:18:11.683	7.7
11:18:11.695	6.2
11:18:11.707	5.0
11:18:11.715	4.8
11:18:11.728	3.3
11:18:11.740	2.9
11:18:11.752	2.5
11:18:11.760	3.0
11:18:11.773	1.3
11:18:11.785	1.7
11:18:11.793	0.0
11:18:11.805	0.5
11:18:11.818	0.8
11:18:11.830	-0.7
11:18:11.838	-0.5
11:18:11.851	-2.4
11:18:11.863	-2.1
11:18:11.871	-3.8
11:18:11.883	-4.6
11:18:11.896	-6.7
11:18:11.904	-6.3
11:18:11.916	-6.8
11:18:11.928	-8.5
11:18:11.937	-9.3
11:18:11.949	-9.9
11:18:11.961	-9.5
11:18:11.973	-10.8
11:18:11.982	-12.3
11:18:11.994	-11.3
11:18:12.006	-11.6
11:18:12.014	-14.1
11:18:12.027	-13.6
11:18:12.039	-14.8
11:18:12.051	-15.2
11:18:12.059	-15.6
11:18:12.072	-15.3
11:18:12.084	-15.1
11:18:12.092	-14.5
11:18:12.105	-14.1
11:18:12.117	-14.1
11:18:12.129	-13.0
11:18:12.137	-13.7
11:18:12.149	-10.3
11:18:12.162	-10.4
11:18:12.170	-10.8
11:18:12.182	-11.4
11:18:12.195	-11.3
11:18:12.203	-11.9
11:18:12.215	-14.4
11:18:12.227	-14.1
11:18:12.235	-15.2
11:18:12.248	-16.5
11:18:12.260	-19.1
11:18:12.268	-19.7
11:18:12.281	-19.5
11:18:12.293	-21.3
11:18:12.305	-20.0
11:18:12.313	-20.4
11:18:12.326	-19.1
11:18:12.338	-20.0
11:18:12.346	-20.5
11:18:12.359	-19.7
11:18:12.371	-20.2
11:18:12.379	-19.3
11:18:12.391	-21.3
11:18:12.404	-21.6
11:18:12.416	-22.4
11:18:12.424	-22.7
11:18:12.436	-23.7
11:18:12.449	-22.6
11:18:12.457	-21.9
11:18:12.469	-22.0
11:18:12.482	-20.5
11:18:12.490	-21.1
11:18:12.502	-18.1
11:18:12.514	-17.7
11:18:12.523	-18.7
11:18:12.535	-18.0
11:18:12.547	-19.2
11:18:12.560	-21.2
11:18:12.568	-19.9
11:18:12.580	-18.8
11:18:12.592	-19.3
11:18:12.600	-19.3
11:18:12.613	-21.3
11:18:12.625	-20.4
11:18:12.633	-20.4
11:18:12.645	-19.0
11:18:12.658	-17.2
11:18:12.666	-14.3
11:18:12.678	-13.6
11:18:12.690	-14.8
11:18:12.703	-15.6
11:18:12.711	-14.3
11:18:12.723	-11.7
11:18:12.735	-13.5
11:18:12.744	-10.9
11:18:12.756	-12.4
11:18:12.768	-13.0
11:18:12.776	-14.9
11:18:12.789	-11.3
11:18:12.801	-11.6
11:18:12.813	-11.0
11:18:12.821	-11.4
11:18:12.834	-11.9
11:18:12.846	-10.2
11:18:12.854	-12.1
11:18:12.867	-10.5
11:18:12.879	-9.5
11:18:12.887	-9.9
11:18:12.899	-13.9
11:18:12.912	-10.8
11:18:12.920	-10.4
11:18:12.932	-7.6
11:18:12.944	-8.7
11:18:12.953	-8.4
11:18:12.965	-7.6
11:18:12.977	-8.7
11:18:12.989	-7.3
11:18:12.998	-6.0
11:18:13.010	-6.9
11:18:13.022	-7.5
11:18:13.030	-7.0
11:18:13.043	-5.9
11:18:13.055	-5.4
11:18:13.067	-4.0
11:18:13.075	-2.3
11:18:13.088	-0.3
11:18:13.100	-0.7
11:18:13.108	1.8
11:18:13.121	2.3
11:18:13.133	1.4
11:18:13.141	0.1
11:18:13.153	-2.1
11:18:13.166	-0.3
11:18:13.174	1.0
11:18:13.186	-1.1
11:18:13.198	-0.9
11:18:13.207	-0.8
11:18:13.219	-1.6
11:18:13.231	-0.3
11:18:13.243	1.0
11:18:13.252	3.8
11:18:13.264	4.0
11:18:13.276	3.7
11:18:13.284	3.4
11:18:13.297	5.3
11:18:13.309	6.0
11:18:13.317	7.8
11:18:13.329	9.5
11:18:13.342	9.3
11:18:13.354	9.2
11:18:13.362	9.9
11:18:13.374	10.7
11:18:13.387	10.7
11:18:13.395	10.0
11:18:13.407	9.1
11:18:13.420	7.5
11:18:13.428	5.3
11:18:13.440	3.1
11:18:13.452	2.9
11:18:13.460	2.5
11:18:13.473	3.3
11:18:13.485	3.3
11:18:13.497	4.0
11:18:13.505	4.3
11:18:13.518	4.9
11:18:13.530	9.8
11:18:13.538	11.1
11:18:13.551	11.2
11:18:13.563	12.7
11:18:13.571	12.9
11:18:13.583	11.6
11:18:13.596	11.4
11:18:13.604	11.3
11:18:13.616	10.6
11:18:13.628	9.6
11:18:13.636	6.0
11:18:13.649	6.3
11:18:13.661	6.9
11:18:13.673	8.0
11:18:13.682	8.6
11:18:13.694	9.7
11:18:13.706	10.3
11:18:13.714	9.8
11:18:13.727	11.8
11:18:13.739	12.4
11:18:13.751	9.9
11:18:13.759	9.3
11:18:13.772	11.3
11:18:13.784	8.3
11:18:13.792	7.3
11:18:13.804	5.2
11:18:13.817	6.3
11:18:13.825	5.0
11:18:13.837	5.3
11:18:13.849	6.2
11:18:13.858	7.6
11:18:13.870	6.6
11:18:13.882	4.4
11:18:13.890	4.8
11:18:13.903	4.6
11:18:13.915	5.4
11:18:13.927	3.5
11:18:13.935	5.8
11:18:13.948	5.6
11:18:13.960	7.8
11:18:13.968	8.0
11:18:13.980	8.9
11:18:13.993	9.5
11:18:14.005	11.2
11:18:14.013	12.9
11:18:14.025	13.5
11:18:14.038	15.6
11:18:14.050	13.8
11:18:14.058	13.1
11:18:14.071	9.5
11:18:14.083	8.8
11:18:14.091	10.3
11:18:14.103	9.3
11:18:14.116	8.2
11:18:14.124	8.0
11:18:14.136	8.2
11:18:14.148	6.8
11:18:14.157	9.4
11:18:14.169	7.7
11:18:14.181	8.8
11:18:14.189	12.7
11:18:14.202	11.5
11:18:14.214	13.0
11:18:14.226	15.0
11:18:14.234	14.7
11:18:14.247	14.0
11:18:14.259	12.8
11:18:14.267	12.1
11:18:14.279	14.8
11:18:14.292	13.8
11:18:14.300	11.6
11:18:14.312	12.4
11:18:14.324	12.0
11:18:14.337	11.0
11:18:14.345	11.3
11:18:14.357	11.7
11:18:14.369	12.4
11:18:14.378	11.2
11:18:14.390	10.2
11:18:14.402	11.3
11:18:14.410	10.9
11:18:14.423	10.3
11:18:14.435	10.0
11:18:14.443	9.7
11:18:14.456	8.9
11:18:14.468	9.5
11:18:14.480	9.4
11:18:14.488	12.7
11:18:14.501	14.2
11:18:14.513	13.1
11:18:14.521	14.1
11:18:14.533	14.6
11:18:14.546	14.2
11:18:14.554	14.5
11:18:14.566	16.4
11:18:14.578	15.9
11:18:14.586	16.4
11:18:14.599	15.6
11:18:14.611	13.9
11:18:14.623	14.8
11:18:14.632	13.9
11:18:14.644	14.4
11:18:14.656	13.4
11:18:14.664	11.4
11:18:14.677	9.9
11:18:14.689	8.0
11:18:14.697	6.9
11:18:14.709	5.0
11:18:14.722	4.4
11:18:14.734	3.2
11:18:14.742	2.6
11:18:14.754	1.7
11:18:14.767	2.4
11:18:14.775	2.1
11:18:14.787	2.0
11:18:14.799	4.9
11:18:14.808	6.0
11:18:14.820	6.1
11:18:14.832	7.8
11:18:14.840	10.1
11:18:14.853	11.5
11:18:14.865	12.6
11:18:14.873	13.2
11:18:14.885	14.0
11:18:14.898	14.4
11:18:14.910	14.6
11:18:14.918	13.6
11:18:14.930	13.9
11:18:14.943	13.0
11:18:14.951	12.4
11:18:14.963	11.8
11:18:14.975	10.2
11:18:14.988	10.8
11:18:14.996	11.2
11:18:15.008	9.4
11:18:15.021	7.7
11:18:15.029	8.5
11:18:15.041	6.1
11:18:15.053	5.6
11:18:15.061	4.6
11:18:15.074	5.5
11:18:15.086	2.9
11:18:15.094	1.4
11:18:15.107	2.0
11:18:15.119	2.1
11:18:15.127	4.1
11:18:15.139	3.2
11:18:15.152	4.9
11:18:15.164	4.0
11:18:15.172	3.8
11:18:15.184	2.2
11:18:15.197	3.4
11:18:15.205	2.3
11:18:15.217	0.7
11:18:15.229	-0.4
11:18:15.238	-3.6
11:18:15.250	-6.6
11:18:15.262	-8.9
11:18:15.274	-8.5
11:18:15.283	-9.3
11:18:15.295	-10.2
11:18:15.307	-10.5
11:18:15.315	-11.9
11:18:15.328	-12.1
11:18:15.340	-10.8
11:18:15.348	-10.0
11:18:15.360	-6.3
11:18:15.373	-5.4
11:18:15.381	-6.7
11:18:15.393	-6.7
11:18:15.405	-7.9
11:18:15.418	-7.2
11:18:15.426	-5.5
11:18:15.438	-7.1
11:18:15.451	-8.1
11:18:15.459	-9.7
11:18:15.471	-10.4
11:18:15.483	-7.7
11:18:15.491	-8.0
11:18:15.504	-7.9
11:18:15.516	-6.8
11:18:15.524	-6.7
11:18:15.537	-9.5
11:18:15.549	-9.7
11:18:15.557	-9.9
11:18:15.569	-9.8
11:18:15.582	-12.1
11:18:15.594	-17.2
11:18:15.602	-15.2
11:18:15.614	-14.9
11:18:15.627	-13.2
11:18:15.635	-14.2
11:18:15.647	-11.7
11:18:15.659	-9.5
11:18:15.672	-10.4
11:18:15.680	-9.9
11:18:15.692	-11.4
11:18:15.704	-8.4
11:18:15.713	-10.5
11:18:15.725	-10.4
11:18:15.737	-13.1
11:18:15.745	-12.9
11:18:15.758	-13.5
11:18:15.770	-15.4
11:18:15.782	-13.8
11:18:15.790	-14.9
11:18:15.803	-12.7
11:18:15.815	-14.3
11:18:15.823	-13.4
11:18:15.835	-14.2
11:18:15.848	-12.4
11:18:15.856	-12.5
11:18:15.868	-13.8
11:18:15.880	-13.1
11:18:15.893	-13.9
11:18:15.901	-13.0
11:18:15.913	-12.5
11:18:15.926	-13.3
11:18:15.934	-14.4
11:18:15.946	-15.1
11:18:15.958	-12.7
11:18:15.970	-13.3
11:18:15.979	-13.8
11:18:15.991	-13.4
11:18:16.003	-13.5
11:18:16.011	-13.2
11:18:16.024	-14.1
11:18:16.036	-14.5
11:18:16.044	-14.5
11:18:16.057	-15.9
11:18:16.069	-19.3
11:18:16.077	-17.0
11:18:16.089	-15.2
11:18:16.102	-17.3
11:18:16.110	-17.7
11:18:16.122	-18.0
11:18:16.135	-17.6
11:18:16.147	-15.1
11:18:16.155	-14.6
11:18:16.167	-11.6
11:18:16.180	-12.6
11:18:16.188	-15.7
11:18:16.200	-16.0
11:18:16.212	-12.9
11:18:16.221	-11.2
11:18:16.233	-10.7
11:18:16.245	-9.7
11:18:16.257	-10.6
11:18:16.266	-6.9
11:18:16.278	-8.9
11:18:16.290	-6.4
11:18:16.298	-3.7
11:18:16.311	-2.4
11:18:16.323	-2.3
11:18:16.331	-2.7
11:18:16.343	-0.9
11:18:16.356	-0.7
11:18:16.364	2.5
11:18:16.376	-0.6
11:18:16.388	3.0
11:18:16.401	4.8
11:18:16.409	4.7
11:18:16.421	4.6
11:18:16.433	4.2
11:18:16.442	5.4
11:18:16.454	6.9
11:18:16.466	8.0
11:18:16.474	7.3
11:18:16.487	9.3
11:18:16.499	8.2
11:18:16.507	6.8
11:18:16.519	7.4
11:18:16.532	9.2
11:18:16.544	11.2
11:18:16.552	11.4
11:18:16.565	10.3
11:18:16.577	11.3
11:18:16.585	11.1
11:18:16.597	11.1
11:18:16.610	11.2
11:18:16.618	10.3
11:18:16.630	12.7
11:18:16.642	11.9
11:18:16.655	11.3
11:18:16.663	12.2
11:18:16.675	12.3
11:18:16.687	11.6
11:18:16.696	11.8
11:18:16.708	10.6
11:18:16.720	9.7
11:18:16.728	15.6
11:18:16.741	13.0
11:18:16.753	14.1
11:18:16.761	13.9
11:18:16.773	12.7
11:18:16.786	13.5
11:18:16.794	12.8
11:18:16.806	14.7
11:18:16.818	17.4
11:18:16.831	18.9
11:18:16.839	14.6
11:18:16.851	15.6
11:18:16.863	16.1
11:18:16.872	17.5
11:18:16.884	19.3
11:18:16.896	18.7
11:18:16.908	19.2
11:18:16.917	16.3
11:18:16.929	18.1
11:18:16.941	18.7
11:18:16.949	17.4
11:18:16.962	17.9
11:18:16.974	16.0
11:18:16.982	15.3
11:18:16.994	14.4
11:18:17.007	13.1
11:18:17.015	13.7
11:18:17.027	15.7
11:18:17.040	13.3
11:18:17.048	12.1
11:18:17.060	14.2
11:18:17.072	14.0
11:18:17.085	16.9
11:18:17.093	16.3
11:18:17.105	16.7
11:18:17.117	17.5
11:18:17.126	18.5
11:18:17.138	17.1
11:18:17.150	15.8
11:18:17.158	17.2
11:18:17.171	16.1
11:18:17.183	16.5
11:18:17.195	14.1
11:18:17.203	14.9
11:18:17.216	15.3
11:18:17.228	16.4
11:18:17.236	16.1
11:18:17.248	17.7
11:18:17.261	18.5
11:18:17.269	17.8
11:18:17.281	15.9
11:18:17.293	15.2
11:18:17.302	15.4
11:18:17.314	16.8
11:18:17.326	16.4
11:18:17.338	13.5
11:18:17.347	11.3
11:18:17.359	10.8
11:18:17.371	10.0
11:18:17.379	9.3
11:18:17.392	11.9
11:18:17.404	11.7
11:18:17.412	12.7
11:18:17.424	10.9
11:18:17.437	8.7
11:18:17.445	10.2
11:18:17.457	11.1
11:18:17.469	11.2
11:18:17.478	10.6
11:18:17.490	11.9
11:18:17.503	10.9
11:18:17.516	12.3
11:18:17.524	10.3
11:18:17.536	9.9
11:18:17.548	10.8
11:18:17.557	10.7
11:18:17.569	11.6
11:18:17.581	10.3
11:18:17.593	11.1
11:18:17.602	9.9
11:18:17.614	9.8
11:18:17.626	9.7
11:18:17.634	12.8
11:18:17.647	12.6
11:18:17.659	14.8
11:18:17.667	16.8
11:18:17.679	17.5
11:18:17.692	17.9
11:18:17.700	18.5
11:18:17.712	22.1
11:18:17.724	21.8
11:18:17.733	20.5
11:18:17.745	18.8
11:18:17.757	17.9
11:18:17.769	16.2
11:18:17.778	15.5
11:18:17.790	12.0
11:18:17.802	11.5
11:18:17.814	12.0
11:18:17.823	9.1
11:18:17.835	10.3
11:18:17.847	11.4
11:18:17.855	11.1
11:18:17.868	13.2
11:18:17.880	14.0
11:18:17.891	13.6
11:18:17.900	15.3
11:18:17.912	15.4
11:18:17.924	14.4
11:18:17.932	12.6
11:18:17.945	11.3
11:18:17.953	9.9
11:18:17.965	11.6
11:18:17.977	11.7
11:18:17.990	11.1
11:18:17.998	11.1
11:18:18.010	12.9
11:18:18.023	13.4
11:18:18.031	14.2
11:18:18.043	16.0
11:18:18.055	15.6
11:18:18.068	16.6
11:18:18.076	15.1
11:18:18.088	13.7
11:18:18.100	14.7
11:18:18.109	13.2
11:18:18.121	10.7
11:18:18.133	12.3
11:18:18.141	11.5
11:18:18.154	10.8
11:18:18.166	12.4
11:18:18.178	11.5
11:18:18.186	10.5
11:18:18.199	10.7
11:18:18.211	12.5
11:18:18.219	14.0
11:18:18.231	15.6
11:18:18.244	12.3
11:18:18.252	12.2
11:18:18.264	11.9
11:18:18.276	10.5
11:18:18.285	9.8
11:18:18.297	9.5
11:18:18.309	8.3
11:18:18.321	4.6
11:18:18.330	2.5
11:18:18.342	0.7
11:18:18.355	1.3
11:18:18.363	0.5
11:18:18.376	-0.2
11:18:18.388	2.2
11:18:18.396	1.5
11:18:18.408	1.3
11:18:18.421	-0.3
11:18:18.429	0.0
11:18:18.441	-0.8
11:18:18.453	-1.3
11:18:18.466	-1.8
11:18:18.474	-2.0
11:18:18.486	-4.2
11:18:18.498	-6.5
11:18:18.506	-6.9
11:18:18.518	-7.6
11:18:18.531	-6.4
11:18:18.539	-7.0
11:18:18.551	-6.5
11:18:18.563	-6.4
11:18:18.576	-6.1
11:18:18.584	-6.4
11:18:18.596	-4.6
11:18:18.608	-4.8
11:18:18.617	-4.5
11:18:18.629	-4.1
11:18:18.641	-6.6
11:18:18.649	-7.1
11:18:18.662	-7.1
11:18:18.674	-8.4
11:18:18.682	-10.3
11:18:18.694	-11.5
11:18:18.707	-12.4
11:18:18.715	-13.2
11:18:18.727	-12.6
11:18:18.739	-15.2
11:18:18.752	-14.2
11:18:18.760	-13.9
11:18:18.772	-16.7
11:18:18.784	-16.9
11:18:18.793	-16.3
11:18:18.805	-16.3
11:18:18.817	-13.9
11:18:18.829	-14.8
11:18:18.838	-16.2
11:18:18.850	-14.1
11:18:18.862	-14.2
11:18:18.870	-14.6
11:18:18.883	-13.6
11:18:18.895	-14.2
11:18:18.903	-11.9
11:18:18.915	-12.3
11:18:18.928	-14.1
11:18:18.936	-14.5
11:18:18.948	-15.4
11:18:18.960	-16.0
11:18:18.969	-16.1
11:18:18.981	-16.5
11:18:18.993	-15.2
11:18:19.006	-12.9
11:18:19.014	-14.8
11:18:19.026	-13.8
11:18:19.038	-13.2
11:18:19.047	-13.3
11:18:19.059	-12.6
11:18:19.071	-10.6
11:18:19.079	-10.5
11:18:19.092	-10.9
11:18:19.104	-11.2
11:18:19.116	-11.9
11:18:19.124	-10.9
11:18:19.137	-11.2
11:18:19.149	-10.8
11:18:19.157	-10.5
11:18:19.169	-9.5
11:18:19.182	-10.4
11:18:19.190	-7.4
11:18:19.202	-6.5
11:18:19.214	-5.9
11:18:19.223	-5.0
11:18:19.235	-5.6
11:18:19.247	-1.8
11:18:19.259	-1.9
11:18:19.268	0.2
11:18:19.280	1.5
11:18:19.293	1.2
11:18:19.301	1.5
11:18:19.314	2.0
11:18:19.326	4.5
11:18:19.334	5.1
11:18:19.346	5.1
11:18:19.359	2.2
11:18:19.367	3.6
11:18:19.379	3.1
11:18:19.391	2.9
11:18:19.400	5.4
11:18:19.412	4.8
11:18:19.424	5.4
11:18:19.436	4.3
11:18:19.445	5.9
11:18:19.457	6.9
11:18:19.469	8.1
11:18:19.477	5.2
11:18:19.490	5.4
11:18:19.502	5.7
11:18:19.514	5.5
11:18:19.522	6.7
11:18:19.535	5.9
11:18:19.547	7.0
11:18:19.555	6.0
11:18:19.567	8.1
11:18:19.580	8.7
11:18:19.588	11.4
11:18:19.600	11.9
11:18:19.613	12.2
11:18:19.621	12.9
11:18:19.633	12.2
11:18:19.645	15.2
11:18:19.654	14.2
11:18:19.666	13.2
11:18:19.678	12.2
11:18:19.690	10.8
11:18:19.699	10.7
11:18:19.711	11.9
11:18:19.723	11.3
11:18:19.731	9.6
11:18:19.744	13.7
11:18:19.756	11.2
11:18:19.768	11.4
11:18:19.776	10.9
11:18:19.789	11.0
11:18:19.801	12.5
11:18:19.813	13.4
11:18:19.821	12.4
11:18:19.834	12.5
11:18:19.846	12.5
11:18:19.854	9.0
11:18:19.866	10.6
11:18:19.879	10.2
11:18:19.887	12.0
11:18:19.899	12.1
11:18:19.911	10.7
11:18:19.920	10.1
11:18:19.932	10.9
11:18:19.944	11.4
11:18:19.952	12.0
11:18:19.965	12.1
11:18:19.977	11.5
11:18:19.989	11.8
11:18:19.997	11.9
11:18:20.010	12.7
11:18:20.022	13.2
11:18:20.030	13.0
11:18:20.042	13.2
11:18:20.055	13.6
11:18:20.063	13.7
11:18:20.075	13.4
11:18:20.088	14.1
11:18:20.100	14.5
11:18:20.108	13.2
11:18:20.120	12.4
11:18:20.133	12.4
11:18:20.141	12.5
11:18:20.153	11.5
11:18:20.165	10.9
11:18:20.174	11.5
11:18:20.186	10.3
11:18:20.198	9.9
11:18:20.206	10.6
11:18:20.219	10.2
11:18:20.231	10.4
11:18:20.243	10.3
11:18:20.251	10.9
11:18:20.264	10.8
11:18:20.276	10.8
11:18:20.284	12.4
11:18:20.296	13.4
11:18:20.309	13.3
11:18:20.317	12.2
11:18:20.329	13.1
11:18:20.341	10.6
11:18:20.350	10.5
11:18:20.362	9.1
11:18:20.374	8.3
11:18:20.386	9.6
11:18:20.395	5.6
11:18:20.407	4.7
11:18:20.419	3.4
11:18:20.427	1.7
11:18:20.440	1.2
11:18:20.452	1.0
11:18:20.460	0.3
11:18:20.472	1.1
11:18:20.485	0.9
11:18:20.497	-1.7
11:18:20.505	-1.2
11:18:20.518	-1.9
11:18:20.530	-2.0
11:18:20.538	-1.3
11:18:20.550	-1.2
11:18:20.563	-1.6
11:18:20.571	-0.9
11:18:20.583	-3.2
11:18:20.595	-1.7
11:18:20.604	-2.4
11:18:20.616	-2.0
11:18:20.628	-3.4
11:18:20.636	-1.6
11:18:20.649	-3.2
11:18:20.661	-4.1
11:18:20.673	-3.4
11:18:20.681	-5.4
11:18:20.694	-5.5
11:18:20.706	-5.1
11:18:20.714	-4.9
11:18:20.726	-4.2
11:18:20.739	-2.9
11:18:20.751	-4.2
11:18:20.759	-2.8
11:18:20.771	-2.7
11:18:20.784	-3.6
11:18:20.792	-1.8
11:18:20.804	-1.8
11:18:20.816	-3.6
11:18:20.825	-2.9
11:18:20.837	-4.3
11:18:20.849	-5.2
11:18:20.857	-7.9
11:18:20.870	-9.7
11:18:20.882	-10.7
11:18:20.890	-10.9
11:18:20.902	-12.0
11:18:20.915	-12.3
11:18:20.927	-14.1
11:18:20.935	-15.4
11:18:20.947	-15.9
11:18:20.960	-15.0
11:18:20.968	-14.3
11:18:20.980	-12.1
11:18:20.993	-12.1
11:18:21.001	-11.5
11:18:21.013	-12.0
11:18:21.025	-10.6
11:18:21.038	-9.6
11:18:21.046	-6.7
11:18:21.058	-6.7
11:18:21.070	-6.8
11:18:21.078	-7.7
11:18:21.091	-8.0
11:18:21.103	-7.5
11:18:21.111	-5.8
11:18:21.124	-5.3
11:18:21.136	-6.1
11:18:21.144	-6.6
11:18:21.156	-8.6
11:18:21.169	-8.3
11:18:21.181	-8.8
11:18:21.189	-8.3
11:18:21.201	-8.7
11:18:21.214	-9.6
11:18:21.222	-11.6
11:18:21.234	-12.4
11:18:21.246	-12.0
11:18:21.255	-11.3
11:18:21.267	-10.5
11:18:21.279	-11.5
11:18:21.287	-13.6
11:18:21.300	-13.8
11:18:21.312	-15.2
11:18:21.320	-14.5
11:18:21.332	-14.8
11:18:21.345	-14.8
11:18:21.357	-15.3
11:18:21.365	-14.3
11:18:21.377	-13.9
11:18:21.390	-12.1
11:18:21.398	-9.7
11:18:21.410	-8.8
11:18:21.422	-7.0
11:18:21.435	-3.1
11:18:21.443	-1.8
11:18:21.455	-1.0
11:18:21.467	-1.2
11:18:21.476	-2.9
11:18:21.488	-4.9
11:18:21.500	-5.8
11:18:21.508	-5.4
11:18:21.521	-5.5
11:18:21.533	-6.4
11:18:21.541	-9.9
11:18:21.554	-9.5
11:18:21.566	-9.7
11:18:21.574	-9.9
11:18:21.586	-10.0
11:18:21.599	-8.0
11:18:21.611	-8.2
11:18:21.619	-8.5
11:18:21.631	-8.1
11:18:21.644	-7.0
11:18:21.652	-7.4
11:18:21.664	-8.2
11:18:21.676	-7.6
11:18:21.689	-7.5
11:18:21.697	-6.7
11:18:21.709	-8.8
11:18:21.721	-8.0
11:18:21.730	-7.0
11:18:21.742	-6.4
11:18:21.754	-6.6
11:18:21.762	-5.8
11:18:21.775	-5.6
11:18:21.787	-5.3
11:18:21.795	-5.3
11:18:21.807	-5.3
11:18:21.820	-2.8
11:18:21.828	-4.9
11:18:21.840	-3.8
11:18:21.852	-5.1
11:18:21.865	-4.9
11:18:21.873	-5.2
11:18:21.885	-6.2
11:18:21.897	-6.5
11:18:21.906	-4.1
11:18:21.918	-4.6
11:18:21.930	-4.0
11:18:21.938	-1.3
11:18:21.951	-2.6
11:18:21.963	-1.7
11:18:21.975	-2.0
11:18:21.983	0.3
11:18:21.996	1.3
11:18:22.008	1.7
11:18:22.020	0.4
11:18:22.029	0.1
11:18:22.041	-2.3
11:18:22.053	-2.8
11:18:22.061	-3.9
11:18:22.074	-4.2
11:18:22.086	-3.4
11:18:22.094	-6.7
11:18:22.106	-3.0
11:18:22.119	-2.3
11:18:22.127	-1.2
11:18:22.139	-0.5
11:18:22.151	2.7
11:18:22.164	2.8
11:18:22.172	3.7
11:18:22.184	4.5
11:18:22.196	3.5
11:18:22.205	5.9
11:18:22.217	3.0
11:18:22.229	1.9
11:18:22.238	-0.3
11:18:22.250	2.5
11:18:22.262	-1.0
11:18:22.270	-1.3
11:18:22.282	-0.2
11:18:22.295	0.3
11:18:22.307	1.8
11:18:22.315	1.8
11:18:22.328	0.6
11:18:22.340	1.0
11:18:22.348	2.7
11:18:22.360	-0.9
11:18:22.372	0.9
11:18:22.381	1.7
11:18:22.393	0.2
11:18:22.405	-1.3
11:18:22.417	-1.3
11:18:22.426	-1.0
11:18:22.438	0.1
11:18:22.450	0.1
11:18:22.458	0.2
11:18:22.471	1.2
11:18:22.483	2.3
11:18:22.491	3.1
11:18:22.504	5.4
11:18:22.516	9.0
11:18:22.524	10.0
11:18:22.536	9.4
11:18:22.549	7.6
11:18:22.557	8.9
11:18:22.569	6.6
11:18:22.581	7.2
11:18:22.594	5.9
11:18:22.602	4.0
11:18:22.614	3.2
11:18:22.626	0.9
11:18:22.635	-1.2
11:18:22.647	-2.4
11:18:22.659	-1.0
11:18:22.671	-2.0
11:18:22.680	0.1
11:18:22.692	1.0
11:18:22.704	0.5
11:18:22.712	0.9
11:18:22.725	1.3
11:18:22.737	1.2
11:18:22.745	3.2
11:18:22.757	4.0
11:18:22.770	3.1
11:18:22.778	3.7
11:18:22.790	4.2
11:18:22.802	3.8
11:18:22.811	4.8
11:18:22.823	6.2
11:18:22.835	6.8
11:18:22.848	8.4
11:18:22.856	8.2
11:18:22.868	11.7
11:18:22.880	14.6
11:18:22.888	15.6
11:18:22.901	17.9
11:18:22.913	19.2
11:18:22.921	19.3
11:18:22.934	20.7
11:18:22.947	21.6
11:18:22.959	22.3
11:18:22.967	22.7
11:18:22.979	20.0
11:18:22.992	20.9
11:18:23.000	20.8
11:18:23.013	18.5
11:18:23.025	16.7
11:18:23.033	19.1
11:18:23.045	17.7
11:18:23.057	16.7
11:18:23.065	15.7
11:18:23.078	15.9
11:18:23.090	18.0
11:18:23.102	16.8
11:18:23.110	17.3
11:18:23.123	18.4
11:18:23.135	20.7
11:18:23.143	20.1
11:18:23.156	21.3
11:18:23.168	22.6
11:18:23.176	22.6
11:18:23.188	21.9
11:18:23.201	20.2
11:18:23.209	19.3
11:18:23.221	17.9
11:18:23.233	16.3
11:18:23.242	14.9
11:18:23.254	14.0
11:18:23.266	13.6
11:18:23.278	12.4
11:18:23.287	16.1
11:18:23.299	15.7
11:18:23.311	17.8
11:18:23.319	17.8
11:18:23.332	18.3
11:18:23.344	20.2
11:18:23.356	22.1
11:18:23.364	24.8
11:18:23.377	24.0
11:18:23.389	23.4
11:18:23.397	21.4
11:18:23.409	22.3
11:18:23.422	20.2
11:18:23.430	22.3
11:18:23.442	24.1
11:18:23.455	22.6
11:18:23.463	21.8
11:18:23.475	19.9
11:18:23.487	22.1
11:18:23.495	21.2
11:18:23.508	21.8
11:18:23.520	20.4
11:18:23.532	23.6
11:18:23.540	23.2
11:18:23.553	21.5
11:18:23.565	24.5
11:18:23.573	24.7
11:18:23.586	23.7
11:18:23.598	22.0
11:18:23.610	22.9
11:18:23.618	19.6
11:18:23.631	21.1
11:18:23.643	17.6
11:18:23.651	18.6
11:18:23.663	18.6
11:18:23.676	17.1
11:18:23.684	18.1
11:18:23.696	18.6
11:18:23.708	18.7
11:18:23.717	18.6
11:18:23.729	21.6
11:18:23.741	19.6
11:18:23.753	21.0
11:18:23.762	18.5
11:18:23.774	21.1
11:18:23.786	19.3
11:18:23.794	17.0
11:18:23.807	18.1
11:18:23.819	17.2
11:18:23.831	18.4
11:18:23.839	14.4
11:18:23.852	16.3
11:18:23.864	14.6
11:18:23.872	13.6
11:18:23.884	11.2
11:18:23.897	12.4
11:18:23.905	13.3
11:18:23.917	11.4
11:18:23.929	13.0
11:18:23.942	12.2
11:18:23.950	13.6
11:18:23.962	12.7
11:18:23.974	14.0
11:18:23.983	14.5
11:18:23.995	14.2
11:18:24.007	12.6
11:18:24.015	13.1
11:18:24.028	14.7
11:18:24.040	13.5
11:18:24.048	14.1
11:18:24.061	16.7
11:18:24.073	18.3
11:18:24.085	17.1
11:18:24.093	17.6
11:18:24.106	18.2
11:18:24.118	22.5
11:18:24.126	21.4
11:18:24.138	20.6
11:18:24.151	23.0
11:18:24.159	23.9
11:18:24.171	21.8
11:18:24.183	19.3
11:18:24.192	21.3
11:18:24.204	25.3
11:18:24.216	25.1
11:18:24.228	22.6
11:18:24.237	24.3
11:18:24.249	25.1
11:18:24.261	22.7
11:18:24.269	22.5
11:18:24.282	22.2
11:18:24.294	24.3
11:18:24.302	23.9
11:18:24.314	20.5
11:18:24.327	21.5
11:18:24.339	22.4
11:18:24.347	22.8
11:18:24.359	21.6
11:18:24.372	23.9
11:18:24.380	23.5
11:18:24.392	24.9
11:18:24.404	24.7
11:18:24.413	23.3
11:18:24.425	23.2
11:18:24.437	23.4
11:18:24.445	25.0
11:18:24.458	24.6
11:18:24.470	24.7
11:18:24.479	23.9
11:18:24.491	24.2
11:18:24.503	24.5
11:18:24.515	25.1
11:18:24.523	25.9
11:18:24.535	28.4
11:18:24.548	28.2
11:18:24.556	27.1
11:18:24.568	28.4
11:18:24.581	30.4
11:18:24.593	28.9
11:18:24.601	32.3
11:18:24.613	32.2
11:18:24.626	32.3
11:18:24.634	33.9
11:18:24.646	34.2
11:18:24.658	34.4
11:18:24.667	34.8
11:18:24.679	33.0
11:18:24.691	31.2
11:18:24.699	31.5
11:18:24.712	29.0
11:18:24.723	30.3
11:18:24.732	31.4
11:18:24.744	29.6
11:18:24.756	27.7
11:18:24.768	28.2
11:18:24.777	26.3
11:18:24.789	26.8
11:18:24.801	27.3
11:18:24.809	30.3
11:18:24.822	29.2
11:18:24.834	32.3
11:18:24.842	30.8
11:18:24.855	31.1
11:18:24.867	32.2
11:18:24.880	29.7
11:18:24.887	29.9
11:18:24.900	29.5
11:18:24.913	28.6
11:18:24.921	25.1
11:18:24.933	22.6
11:18:24.946	18.1
11:18:24.954	16.4
11:18:24.966	16.5
11:18:24.978	14.2
11:18:24.987	17.5
11:18:24.999	16.4
11:18:25.011	14.6
11:18:25.023	15.1
11:18:25.032	15.3
11:18:25.044	16.8
11:18:25.056	15.1
11:18:25.064	16.7
11:18:25.077	15.9
11:18:25.089	16.8
11:18:25.097	14.1
11:18:25.109	15.0
11:18:25.122	15.5
11:18:25.130	15.0
11:18:25.142	14.1
11:18:25.154	14.5
11:18:25.163	15.2
11:18:25.175	14.6
11:18:25.187	14.4
11:18:25.199	13.4
11:18:25.208	12.1
11:18:25.220	12.8
11:18:25.232	14.4
11:18:25.240	14.3
11:18:25.253	14.7
11:18:25.265	13.1
11:18:25.277	13.0
11:18:25.285	15.5
11:18:25.298	16.3
11:18:25.310	16.6
11:18:25.318	17.1
11:18:25.330	15.8
11:18:25.343	12.6
11:18:25.351	11.1
11:18:25.363	10.9
11:18:25.376	11.7
11:18:25.384	15.5
11:18:25.396	12.6
11:18:25.408	13.2
11:18:25.416	12.9
11:18:25.429	13.6
11:18:25.441	13.4
11:18:25.453	15.3
11:18:25.461	16.8
11:18:25.474	16.5
11:18:25.486	16.6
11:18:25.494	12.3
11:18:25.507	13.5
11:18:25.519	12.3
11:18:25.531	12.5
11:18:25.539	11.6
11:18:25.552	12.6
11:18:25.564	13.1
11:18:25.572	12.3
11:18:25.584	14.1
11:18:25.597	14.5
11:18:25.605	15.0
11:18:25.617	15.2
11:18:25.629	14.6
11:18:25.638	13.4
11:18:25.650	15.0
11:18:25.662	14.1
11:18:25.670	14.8
11:18:25.683	16.0
11:18:25.695	15.0
11:18:25.707	14.5
11:18:25.715	14.9
11:18:25.728	13.5
11:18:25.740	15.3
11:18:25.752	15.4
11:18:25.760	16.3
11:18:25.773	17.7
11:18:25.785	16.4
11:18:25.793	16.4
11:18:25.805	16.8
11:18:25.818	17.0
11:18:25.826	18.1
11:18:25.838	17.1
11:18:25.851	15.9
11:18:25.863	16.9
11:18:25.871	16.4
11:18:25.883	15.5
11:18:25.896	15.7
11:18:25.904	15.2
11:18:25.916	14.5
11:18:25.928	14.7
11:18:25.936	14.5
11:18:25.948	16.6
11:18:25.960	15.7
11:18:25.970	19.6
11:18:25.982	17.7
11:18:25.994	18.3
11:18:26.006	17.7
11:18:26.015	16.9
11:18:26.027	17.6
11:18:26.039	19.2
11:18:26.047	18.7
11:18:26.060	18.0
11:18:26.072	21.4
11:18:26.080	16.8
11:18:26.092	18.7
11:18:26.105	17.6
11:18:26.113	18.1
11:18:26.125	17.9
11:18:26.137	17.5
11:18:26.150	14.6
11:18:26.158	13.0
11:18:26.170	12.0
11:18:26.182	7.5
11:18:26.191	8.8
11:18:26.203	5.9
11:18:26.215	4.4
11:18:26.223	3.3
11:18:26.236	4.0
11:18:26.248	2.7
11:18:26.260	1.6
11:18:26.268	0.3
11:18:26.281	-1.2
11:18:26.293	-1.2
11:18:26.301	-3.2
11:18:26.314	-2.1
11:18:26.326	-2.7
11:18:26.334	-2.8
11:18:26.346	-2.4
11:18:26.359	-2.9
11:18:26.367	-1.4
11:18:26.379	-1.3
11:18:26.391	-0.6
11:18:26.400	1.5
11:18:26.412	2.1
11:18:26.424	0.6
11:18:26.436	1.1
11:18:26.445	1.0
11:18:26.457	-1.5
11:18:26.469	-2.2
11:18:26.477	-3.1
11:18:26.490	-3.1
11:18:26.502	-4.4
11:18:26.514	-7.5
11:18:26.522	-9.7
11:18:26.535	-9.1
11:18:26.547	-8.5
11:18:26.555	-9.1
11:18:26.568	-7.8
11:18:26.580	-8.1
11:18:26.588	-8.7
11:18:26.600	-9.8
11:18:26.612	-6.7
11:18:26.621	-6.3
11:18:26.633	-4.7
11:18:26.645	-5.4
11:18:26.653	-7.9
11:18:26.666	-8.1
11:18:26.678	-9.3
11:18:26.690	-9.6
11:18:26.699	-9.7
11:18:26.711	-9.0
11:18:26.723	-12.4
11:18:26.731	-11.3
11:18:26.743	-13.4
11:18:26.756	-12.5
11:18:26.764	-11.2
11:18:26.776	-11.1
11:18:26.789	-10.9
11:18:26.801	-9.0
11:18:26.809	-8.3
11:18:26.821	-9.2
11:18:26.834	-8.9
11:18:26.842	-9.8
11:18:26.854	-9.1
11:18:26.866	-9.6
11:18:26.875	-9.1
11:18:26.887	-9.4
11:18:26.899	-10.6
11:18:26.907	-11.6
11:18:26.920	-13.8
11:18:26.932	-14.6
11:18:26.944	-14.6
11:18:26.952	-15.7
11:18:26.965	-14.0
11:18:26.977	-13.1
11:18:26.985	-12.5
11:18:26.997	-13.2
11:18:27.010	-12.9
11:18:27.018	-13.6
11:18:27.030	-14.2
11:18:27.042	-10.6
11:18:27.051	-7.3
11:18:27.063	-5.5
11:18:27.075	-8.5
11:18:27.083	-8.0
11:18:27.096	-9.0
11:18:27.108	-3.3
11:18:27.120	-2.0
11:18:27.128	0.0
11:18:27.141	3.3
11:18:27.153	4.2
11:18:27.161	1.1
11:18:27.173	1.5
11:18:27.186	3.2
11:18:27.198	1.3
11:18:27.206	3.0
11:18:27.218	-0.8
11:18:27.231	-0.6
11:18:27.239	-1.2
11:18:27.251	-1.3
11:18:27.264	-3.0
11:18:27.272	-2.1
11:18:27.284	-2.1
11:18:27.296	0.7
11:18:27.304	2.9
11:18:27.317	4.2
11:18:27.329	3.0
11:18:27.337	2.8
11:18:27.349	2.7
11:18:27.362	2.4
11:18:27.374	2.2
11:18:27.382	3.0
11:18:27.395	5.1
11:18:27.407	4.5
11:18:27.415	3.4
11:18:27.427	2.9
11:18:27.440	4.2
11:18:27.452	5.1
11:18:27.460	5.7
11:18:27.472	5.8
11:18:27.485	6.8
11:18:27.493	6.1
11:18:27.505	4.5
11:18:27.518	2.9
11:18:27.526	3.8
11:18:27.538	3.2
11:18:27.550	1.4
11:18:27.558	2.6
11:18:27.571	2.7
11:18:27.583	3.3
11:18:27.591	1.8
11:18:27.604	3.7
11:18:27.616	3.8
11:18:27.628	4.7
11:18:27.636	3.2
11:18:27.649	5.2
11:18:27.661	7.2
11:18:27.669	7.4
11:18:27.681	8.8
11:18:27.694	8.0
11:18:27.702	9.5
11:18:27.714	8.0
11:18:27.726	8.5
11:18:27.739	10.9
11:18:27.747	14.9
11:18:27.759	14.2
11:18:27.771	15.6
11:18:27.784	14.4
11:18:27.792	14.3
11:18:27.804	15.3
11:18:27.816	17.2
11:18:27.825	18.4
11:18:27.837	19.1
11:18:27.849	17.1
11:18:27.857	18.3
11:18:27.870	17.2
11:18:27.882	16.5
11:18:27.890	19.4
11:18:27.902	19.1
11:18:27.915	18.8
11:18:27.927	16.8
11:18:27.935	17.2
11:18:27.948	18.4
11:18:27.960	21.1
11:18:27.968	17.2
11:18:27.980	18.5
11:18:27.993	17.7
11:18:28.001	15.7
11:18:28.013	15.9
11:18:28.025	15.9
11:18:28.033	16.6
11:18:28.046	17.1
11:18:28.058	17.2
11:18:28.070	17.4
11:18:28.079	17.6
11:18:28.091	20.1
11:18:28.103	21.0
11:18:28.111	21.3
11:18:28.124	20.8
11:18:28.136	23.6
11:18:28.144	25.3
11:18:28.156	25.1
11:18:28.169	24.7
11:18:28.181	23.7
11:18:28.189	23.6
11:18:28.201	21.7
11:18:28.214	21.8
11:18:28.222	22.0
11:18:28.234	22.6
11:18:28.246	20.3
11:18:28.255	19.5
11:18:28.267	21.4
11:18:28.279	20.2
11:18:28.287	18.8
11:18:28.300	18.6
11:18:28.312	19.1
11:18:28.320	18.9
11:18:28.332	18.7
11:18:28.345	19.8
11:18:28.357	22.3
11:18:28.365	21.3
11:18:28.377	19.9
11:18:28.390	19.7
11:18:28.398	20.7
11:18:28.410	22.9
11:18:28.423	22.2
11:18:28.435	22.9
11:18:28.443	23.0
11:18:28.455	24.2
11:18:28.468	22.5
11:18:28.476	23.7
11:18:28.488	24.9
11:18:28.500	26.4
11:18:28.508	26.7
11:18:28.521	25.3
11:18:28.533	24.5
11:18:28.541	23.9
11:18:28.554	23.6
11:18:28.566	22.7
11:18:28.574	23.2
11:18:28.586	24.8
11:18:28.599	22.9
11:18:28.611	22.2
11:18:28.619	23.2
11:18:28.631	22.9
11:18:28.644	23.4
11:18:28.652	23.3
11:18:28.664	24.5
11:18:28.676	23.1
11:18:28.685	21.2
11:18:28.697	19.1
11:18:28.709	19.9
11:18:28.721	21.3
11:18:28.730	18.8
11:18:28.742	18.2
11:18:28.754	17.3
11:18:28.762	17.7
11:18:28.775	16.9
11:18:28.787	18.4
11:18:28.795	19.0
11:18:28.807	19.2
11:18:28.820	18.5
11:18:28.828	17.8
11:18:28.840	18.9
11:18:28.852	18.5
11:18:28.865	19.8
11:18:28.873	18.6
11:18:28.885	17.3
11:18:28.897	13.2
11:18:28.906	14.5
11:18:28.918	14.9
11:18:28.930	15.4
11:18:28.938	14.9
11:18:28.951	16.5
11:18:28.963	18.5
11:18:28.971	16.8
11:18:28.984	17.3
11:18:28.996	18.1
11:18:29.004	21.9
11:18:29.016	20.0
11:18:29.029	18.1
11:18:29.041	15.4
11:18:29.049	13.9
11:18:29.061	11.6
11:18:29.074	11.8
11:18:29.082	12.9
11:18:29.094	14.1
11:18:29.106	13.6
11:18:29.119	12.8
11:18:29.127	13.5
11:18:29.139	14.2
11:18:29.151	14.6
11:18:29.160	14.9
11:18:29.172	14.1
11:18:29.184	12.8
11:18:29.192	14.3
11:18:29.205	12.9
11:18:29.217	12.2
11:18:29.225	13.5
11:18:29.238	12.9
11:18:29.250	12.2
11:18:29.258	12.4
11:18:29.270	12.7
11:18:29.282	14.4
11:18:29.295	14.3
11:18:29.303	10.4
11:18:29.315	10.0
11:18:29.327	11.7
11:18:29.336	10.2
11:18:29.348	9.4
11:18:29.360	9.5
11:18:29.372	10.8
11:18:29.381	8.9
11:18:29.393	7.8
11:18:29.405	6.2
11:18:29.413	7.8
11:18:29.426	8.5
11:18:29.438	7.5
11:18:29.446	7.5
11:18:29.458	8.6
11:18:29.471	7.4
11:18:29.479	6.4
11:18:29.491	8.0
11:18:29.504	9.2
11:18:29.512	10.8
11:18:29.524	9.8
11:18:29.537	10.6
11:18:29.549	10.9
11:18:29.557	9.8
11:18:29.569	10.5
11:18:29.581	10.8
11:18:29.590	11.2
11:18:29.602	11.3
11:18:29.614	10.3
11:18:29.622	11.1
11:18:29.635	10.7
11:18:29.647	9.4
11:18:29.655	11.9
11:18:29.667	12.7
11:18:29.680	11.6
11:18:29.692	11.8
11:18:29.704	10.1
11:18:29.712	10.5
11:18:29.725	10.4
11:18:29.733	8.8
11:18:29.745	11.0
11:18:29.757	10.9
11:18:29.766	9.0
11:18:29.778	9.0
11:18:29.790	8.3
11:18:29.802	10.9
11:18:29.811	13.2
11:18:29.823	12.8
11:18:29.835	14.9
11:18:29.847	15.3
11:18:29.856	12.2
11:18:29.868	13.6
11:18:29.880	13.0
11:18:29.888	11.7
11:18:29.901	13.6
11:18:29.913	9.7
11:18:29.921	8.3
11:18:29.934	9.0
11:18:29.946	6.7
11:18:29.954	5.9
11:18:29.966	9.0
11:18:29.979	8.8
11:18:29.991	8.4
11:18:29.999	8.1
11:18:30.011	9.4
11:18:30.024	11.2
11:18:30.032	11.5
11:18:30.044	11.2
11:18:30.057	10.3
11:18:30.065	12.6
11:18:30.077	12.1
11:18:30.089	12.2
11:18:30.102	12.5
11:18:30.110	13.0
11:18:30.122	9.7
11:18:30.134	10.9
11:18:30.143	12.8
11:18:30.155	11.7
11:18:30.167	12.6
11:18:30.175	10.1
11:18:30.188	9.9
11:18:30.200	9.6
11:18:30.208	9.8
11:18:30.220	9.9
11:18:30.233	9.4
11:18:30.241	7.5
11:18:30.254	5.5
11:18:30.266	4.3
11:18:30.278	2.8
11:18:30.287	4.7
11:18:30.299	4.0
11:18:30.311	4.0
11:18:30.319	2.1
11:18:30.332	2.2
11:18:30.344	2.4
11:18:30.356	2.0
11:18:30.364	1.1
11:18:30.377	2.2
11:18:30.389	1.5
11:18:30.397	-0.1
11:18:30.409	-1.7
11:18:30.422	-4.9
11:18:30.430	-6.9
11:18:30.442	-7.8
11:18:30.454	-8.0
11:18:30.463	-8.2
11:18:30.475	-8.7
11:18:30.487	-7.7
11:18:30.495	-7.1
11:18:30.508	-7.7
11:18:30.520	-7.9
11:18:30.532	-7.9
11:18:30.540	-6.7
11:18:30.553	-7.6
11:18:30.565	-8.0
11:18:30.573	-7.3
11:18:30.585	-8.2
11:18:30.598	-10.3
11:18:30.606	-12.0
11:18:30.618	-12.6
11:18:30.630	-12.9
11:18:30.643	-12.1
11:18:30.651	-13.1
11:18:30.663	-14.9
11:18:30.676	-16.1
11:18:30.684	-16.0
11:18:30.696	-15.0
11:18:30.708	-16.2
11:18:30.716	-16.1
11:18:30.729	-16.6
11:18:30.741	-17.1
11:18:30.749	-17.4
11:18:30.762	-17.0
11:18:30.774	-13.1
11:18:30.786	-13.2
11:18:30.794	-14.7
11:18:30.807	-16.2
11:18:30.819	-14.9
11:18:30.827	-14.7
11:18:30.839	-13.8
11:18:30.852	-14.1
11:18:30.860	-13.7
11:18:30.872	-12.9
11:18:30.884	-16.7
11:18:30.893	-16.4
11:18:30.905	-16.7
11:18:30.917	-16.6
11:18:30.925	-18.8
11:18:30.938	-18.3
11:18:30.950	-19.5
11:18:30.962	-20.4
11:18:30.970	-18.0
11:18:30.983	-18.9
11:18:30.995	-17.1
11:18:31.003	-16.8
11:18:31.015	-16.2
11:18:31.028	-14.7
11:18:31.040	-13.6
11:18:31.048	-14.8
11:18:31.060	-15.8
11:18:31.073	-14.9
11:18:31.081	-21.2
11:18:31.093	-21.9
11:18:31.105	-22.9
11:18:31.114	-22.8
11:18:31.126	-23.7
11:18:31.138	-25.2
11:18:31.146	-25.7
11:18:31.159	-25.2
11:18:31.171	-24.7
11:18:31.179	-25.7
11:18:31.191	-23.9
11:18:31.204	-23.1
11:18:31.216	-23.0
11:18:31.224	-22.4
11:18:31.236	-19.3
11:18:31.249	-18.6
11:18:31.257	-17.1
11:18:31.269	-16.2
11:18:31.282	-14.8
11:18:31.294	-13.7
11:18:31.302	-12.3
11:18:31.314	-10.2
11:18:31.327	-10.1
11:18:31.335	-8.2
11:18:31.347	-9.5
11:18:31.359	-8.4
11:18:31.368	-8.2
11:18:31.380	-8.3
11:18:31.392	-8.7
11:18:31.400	-6.7
11:18:31.413	-4.8
11:18:31.425	-5.0
11:18:31.433	-3.1
11:18:31.445	-4.2
11:18:31.458	-4.2
11:18:31.470	-3.7
11:18:31.478	-3.6
11:18:31.490	-2.5
11:18:31.503	-2.8
11:18:31.511	-2.1
11:18:31.523	-2.3
11:18:31.535	-1.5
11:18:31.544	-2.0
11:18:31.556	-0.5
11:18:31.568	-0.9
11:18:31.577	-0.8
11:18:31.589	-0.6
11:18:31.601	-0.3
11:18:31.613	1.0
11:18:31.621	-0.4
11:18:31.634	2.5
11:18:31.646	3.1
11:18:31.654	3.4
11:18:31.667	3.8
11:18:31.679	6.8
11:18:31.687	6.9
11:18:31.699	8.0
11:18:31.711	11.0
11:18:31.724	14.4
11:18:31.732	15.5
11:18:31.744	14.0
11:18:31.757	14.0
11:18:31.769	16.3
11:18:31.777	15.3
11:18:31.789	14.9
11:18:31.802	15.8
11:18:31.810	16.6
11:18:31.822	15.3
11:18:31.834	15.4
11:18:31.843	15.8
11:18:31.855	14.6
11:18:31.867	14.4
11:18:31.875	13.9
11:18:31.888	17.1
11:18:31.900	15.5
11:18:31.912	15.1
11:18:31.920	16.1
11:18:31.933	15.5
11:18:31.945	14.6
11:18:31.953	15.6
11:18:31.965	15.9
11:18:31.978	16.4
11:18:31.986	17.5
11:18:31.998	14.9
11:18:32.010	16.8
11:18:32.023	17.7
11:18:32.031	19.2
11:18:32.043	19.5
11:18:32.056	19.1
11:18:32.064	19.0
11:18:32.076	19.5
11:18:32.088	21.5
11:18:32.096	21.3
11:18:32.109	22.3
11:18:32.121	23.6
11:18:32.129	24.1
11:18:32.142	21.8
11:18:32.154	22.3
11:18:32.162	21.9
11:18:32.174	22.8
11:18:32.187	24.3
11:18:32.199	22.9
11:18:32.207	21.8
11:18:32.219	20.6
11:18:32.232	18.7
11:18:32.240	17.7
11:18:32.252	18.2
11:18:32.264	17.5
11:18:32.277	17.2
11:18:32.285	15.0
11:18:32.297	13.4
11:18:32.309	12.6
11:18:32.318	14.2
11:18:32.330	15.2
11:18:32.342	14.7
11:18:32.350	15.2
11:18:32.363	15.1
11:18:32.375	14.8
11:18:32.383	15.1
11:18:32.395	16.1
11:18:32.408	15.7
11:18:32.416	15.7
11:18:32.428	13.6
11:18:32.440	14.3
11:18:32.453	12.9
11:18:32.461	10.7
11:18:32.473	9.7
11:18:32.486	10.2
11:18:32.494	9.1
11:18:32.506	8.5
11:18:32.518	8.4
11:18:32.526	8.9
11:18:32.539	6.9
11:18:32.551	5.0
11:18:32.563	9.4
11:18:32.571	10.6
11:18:32.584	10.5
11:18:32.596	10.0
11:18:32.604	10.7
11:18:32.617	10.7
11:18:32.629	13.7
11:18:32.637	14.1
11:18:32.649	16.7
11:18:32.662	17.6
11:18:32.670	14.7
11:18:32.682	17.2
11:18:32.694	16.9
11:18:32.707	17.3
11:18:32.715	18.2
11:18:32.727	19.9
11:18:32.739	18.3
11:18:32.748	17.8
11:18:32.760	17.5
11:18:32.772	17.0
11:18:32.780	14.6
11:18:32.793	11.2
11:18:32.805	11.0
11:18:32.813	11.7
11:18:32.825	10.9
11:18:32.838	9.2
11:18:32.846	9.3
11:18:32.858	9.7
11:18:32.870	9.7
11:18:32.883	8.5
11:18:32.891	9.8
11:18:32.903	11.3
11:18:32.915	10.8
11:18:32.924	11.4
11:18:32.936	10.8
11:18:32.948	11.0
11:18:32.960	9.7
11:18:32.969	10.4
11:18:32.981	9.3
11:18:32.993	11.3
11:18:33.001	11.2
11:18:33.014	10.1
11:18:33.026	9.8
11:18:33.034	7.7
11:18:33.047	10.2
11:18:33.059	11.3
11:18:33.067	11.2
11:18:33.079	9.3
11:18:33.092	8.4
11:18:33.100	7.5
11:18:33.112	8.5
11:18:33.124	10.2
11:18:33.137	10.9
11:18:33.145	10.9
11:18:33.157	8.2
11:18:33.169	7.3
11:18:33.177	8.7
11:18:33.190	9.4
11:18:33.202	10.6
11:18:33.214	9.7
11:18:33.223	9.2
11:18:33.235	9.7
11:18:33.247	9.6
11:18:33.255	9.8
11:18:33.268	10.6
11:18:33.280	10.1
11:18:33.288	9.8
11:18:33.300	8.1
11:18:33.313	7.9
11:18:33.321	9.2
11:18:33.333	9.9
11:18:33.345	7.9
11:18:33.354	9.8
11:18:33.366	12.2
11:18:33.378	10.9
11:18:33.390	10.7
11:18:33.399	9.5
11:18:33.411	11.4
11:18:33.423	11.9
11:18:33.431	12.9
11:18:33.444	12.4
11:18:33.456	12.5
11:18:33.464	9.7
11:18:33.476	6.2
11:18:33.489	5.3
11:18:33.497	2.9
11:18:33.509	1.6
11:18:33.521	0.6
11:18:33.534	-0.3
11:18:33.542	-4.8
11:18:33.554	-5.3
11:18:33.567	-6.0
11:18:33.575	-5.1
11:18:33.587	-4.5
11:18:33.599	-4.3
11:18:33.607	-3.9
11:18:33.620	-4.2
11:18:33.632	-5.9
11:18:33.644	-8.9
11:18:33.653	-5.6
11:18:33.666	-7.2
11:18:33.678	-5.6
11:18:33.686	-7.4
11:18:33.699	-9.0
11:18:33.711	-7.8
11:18:33.719	-7.0
11:18:33.732	-7.7
11:18:33.744	-8.1
11:18:33.752	-5.3
11:18:33.764	-8.1
11:18:33.776	-10.0
11:18:33.789	-13.0
11:18:33.797	-13.0
11:18:33.809	-11.3
11:18:33.821	-12.7
11:18:33.834	-11.1
11:18:33.842	-10.1
11:18:33.854	-10.8
11:18:33.867	-11.8
11:18:33.875	-10.4
11:18:33.887	-8.2
11:18:33.899	-8.1
11:18:33.907	-6.1
11:18:33.920	-8.1
11:18:33.932	-6.5
11:18:33.944	-8.9
11:18:33.952	-8.5
11:18:33.965	-9.0
11:18:33.977	-9.4
11:18:33.985	-11.2
11:18:33.997	-12.0
11:18:34.010	-12.4
11:18:34.018	-13.1
11:18:34.030	-12.4
11:18:34.043	-15.3
11:18:34.051	-16.0
11:18:34.063	-17.5
11:18:34.075	-19.1
11:18:34.083	-20.0
11:18:34.096	-19.8
11:18:34.108	-19.3
11:18:34.120	-19.5
11:18:34.129	-20.3
11:18:34.141	-20.1
11:18:34.153	-16.3
11:18:34.161	-16.3
11:18:34.174	-18.0
11:18:34.186	-16.8
11:18:34.198	-16.0
11:18:34.206	-16.2
11:18:34.219	-17.6
11:18:34.231	-17.4
11:18:34.239	-18.2
11:18:34.251	-21.4
11:18:34.264	-25.0
11:18:34.272	-25.0
11:18:34.284	-23.2
11:18:34.296	-22.3
11:18:34.305	-23.2
11:18:34.317	-24.1
11:18:34.329	-23.7
11:18:34.337	-21.9
11:18:34.350	-23.1
11:18:34.362	-20.0
11:18:34.374	-19.4
11:18:34.382	-19.3
11:18:34.395	-20.8
11:18:34.407	-21.9
11:18:34.415	-20.4
11:18:34.427	-19.3
11:18:34.440	-17.2
11:18:34.448	-19.0
11:18:34.460	-18.6
11:18:34.472	-19.1
11:18:34.485	-18.2
11:18:34.493	-17.8
11:18:34.505	-16.8
11:18:34.518	-14.8
11:18:34.526	-11.9
11:18:34.538	-11.7
11:18:34.550	-11.4
11:18:34.559	-11.5
11:18:34.571	-9.5
11:18:34.583	-9.7
11:18:34.591	-11.3
11:18:34.604	-10.0
11:18:34.616	-9.8
11:18:34.628	-9.7
11:18:34.636	-13.4
11:18:34.649	-13.8
11:18:34.661	-14.8
11:18:34.669	-14.0
11:18:34.681	-13.4
11:18:34.694	-11.8
11:18:34.702	-10.7
11:18:34.714	-10.6
11:18:34.727	-9.2
11:18:34.735	-8.8
11:18:34.747	-8.5
11:18:34.759	-7.4
11:18:34.767	-8.2
11:18:34.779	-7.6
11:18:34.791	-10.0
11:18:34.804	-10.8
11:18:34.812	-9.2
11:18:34.824	-8.6
11:18:34.837	-8.3
11:18:34.845	-8.3
11:18:34.857	-7.0
11:18:34.869	-7.5
11:18:34.881	-7.5
11:18:34.890	-7.5
11:18:34.902	-3.9
11:18:34.914	-4.8
11:18:34.922	-5.3
11:18:34.935	-6.9
11:18:34.947	-7.7
11:18:34.955	-8.1
11:18:34.967	-7.9
11:18:34.980	-7.0
11:18:34.988	-7.0
11:18:35.000	-6.8
11:18:35.012	-10.7
11:18:35.021	-9.3
11:18:35.033	-8.4
11:18:35.045	-7.3
11:18:35.057	-7.7
11:18:35.066	-8.0
11:18:35.078	-8.3
11:18:35.090	-6.9
11:18:35.098	-5.5
11:18:35.111	-7.5
11:18:35.123	-7.1
11:18:35.135	-9.5
11:18:35.144	-13.4
11:18:35.156	-13.9
11:18:35.168	-15.5
11:18:35.176	-16.6
11:18:35.189	-20.9
11:18:35.201	-25.1
11:18:35.209	-28.0
11:18:35.221	-27.5
11:18:35.234	-31.5
11:18:35.242	-32.0
11:18:35.254	-31.0
11:18:35.267	-33.7
11:18:35.275	-33.1
11:18:35.287	-35.2
11:18:35.300	-32.7
11:18:35.312	-30.4
11:18:35.321	-29.9
11:18:35.333	-29.8
11:18:35.345	-26.6
11:18:35.353	-25.0
11:18:35.366	-25.1
11:18:35.378	-24.2
11:18:35.386	-25.2
11:18:35.398	-22.9
11:18:35.411	-22.0
11:18:35.419	-22.9
11:18:35.431	-20.6
11:18:35.443	-21.9
11:18:35.456	-21.3
11:18:35.464	-21.8
11:18:35.476	-21.2
11:18:35.488	-20.7
11:18:35.497	-18.8
11:18:35.509	-18.0
11:18:35.520	-18.2
11:18:35.529	-17.2
11:18:35.541	-19.5
11:18:35.553	-15.6
11:18:35.565	-14.5
11:18:35.574	-14.6
11:18:35.586	-15.5
11:18:35.598	-15.1
11:18:35.606	-13.4
11:18:35.619	-12.7
11:18:35.631	-11.6
11:18:35.643	-13.3
11:18:35.651	-13.1
11:18:35.664	-16.0
11:18:35.676	-16.2
11:18:35.684	-12.3
11:18:35.696	-12.5
11:18:35.709	-10.6
11:18:35.717	-12.5
11:18:35.729	-14.0
11:18:35.741	-14.7
11:18:35.754	-13.3
11:18:35.762	-12.1
11:18:35.774	-11.1
11:18:35.786	-11.1
11:18:35.795	-11.9
11:18:35.807	-10.3
11:18:35.819	-12.6
11:18:35.827	-13.6
11:18:35.840	-12.5
11:18:35.852	-12.4
11:18:35.864	-12.2
11:18:35.873	-10.2
11:18:35.886	-10.1
11:18:35.898	-8.8
11:18:35.906	-12.0
11:18:35.919	-11.7
11:18:35.931	-9.3
11:18:35.939	-8.9
11:18:35.951	-7.5
11:18:35.964	-6.1
11:18:35.972	-4.7
11:18:35.984	-6.6
11:18:35.996	-6.9
11:18:36.005	-7.6
11:18:36.017	-8.3
11:18:36.029	-6.1
11:18:36.041	-7.5
11:18:36.049	-5.8
11:18:36.061	-7.5
11:18:36.073	-7.6
11:18:36.082	-9.7
11:18:36.094	-10.7
11:18:36.106	-9.8
11:18:36.118	-10.1
11:18:36.127	-9.6
11:18:36.139	-11.1
11:18:36.151	-10.3
11:18:36.159	-9.9
11:18:36.172	-8.4
11:18:36.184	-9.1
11:18:36.192	-9.2
11:18:36.204	-8.0
11:18:36.217	-7.0
11:18:36.225	-6.8
11:18:36.237	-6.9
11:18:36.249	-7.1
11:18:36.258	-6.8
11:18:36.270	-5.9
11:18:36.282	-6.6
11:18:36.295	-7.7
11:18:36.303	-6.8
11:18:36.315	-6.5
11:18:36.327	-7.4
11:18:36.335	-8.8
11:18:36.348	-6.0
11:18:36.360	-5.4
11:18:36.368	-2.9
11:18:36.381	-4.7
11:18:36.393	-5.0
11:18:36.405	-3.4
11:18:36.413	-2.5
11:18:36.426	-2.0
11:18:36.438	-4.4
11:18:36.446	-2.7
11:18:36.458	-3.1
11:18:36.471	-2.7
11:18:36.479	-6.6
11:18:36.491	-4.6
11:18:36.503	-2.0
11:18:36.511	-2.0
11:18:36.524	-3.7
11:18:36.536	-3.3
11:18:36.548	0.9
11:18:36.558	0.9
11:18:36.570	2.8
11:18:36.582	4.0
11:18:36.590	5.4
11:18:36.603	5.2
11:18:36.615	1.9
11:18:36.623	2.7
11:18:36.635	5.2
11:18:36.648	8.5
11:18:36.656	9.2
11:18:36.668	12.7
11:18:36.680	13.9
11:18:36.689	13.3
11:18:36.701	14.7
11:18:36.713	19.3
11:18:36.725	23.9
11:18:36.734	24.7
11:18:36.746	26.4
11:18:36.758	28.9
11:18:36.766	28.3
11:18:36.779	28.2
11:18:36.791	28.7
11:18:36.803	28.7
11:18:36.811	29.4
11:18:36.824	26.6
11:18:36.836	27.0
11:18:36.844	27.3
11:18:36.856	25.7
11:18:36.869	21.6
11:18:36.877	21.4
11:18:36.889	21.0
11:18:36.902	20.2
11:18:36.910	20.1
11:18:36.922	19.6
11:18:36.934	21.1
11:18:36.942	20.8
11:18:36.955	21.5
11:18:36.967	22.2
11:18:36.979	21.1
11:18:36.987	22.7
11:18:37.000	22.5
11:18:37.012	21.4
11:18:37.020	22.4
11:18:37.032	23.1
11:18:37.044	22.3
11:18:37.056	22.0
11:18:37.065	22.5
11:18:37.077	22.5
11:18:37.089	24.2
11:18:37.097	24.0
11:18:37.110	21.8
11:18:37.122	22.5
11:18:37.130	20.8
11:18:37.142	20.7
11:18:37.155	17.3
11:18:37.163	16.4
11:18:37.175	15.4
11:18:37.187	15.9
11:18:37.196	15.1
11:18:37.208	15.9
11:18:37.220	18.7
11:18:37.233	18.7
11:18:37.241	21.5
11:18:37.253	20.9
11:18:37.266	21.7
11:18:37.274	20.9
11:18:37.286	20.8
11:18:37.298	21.2
11:18:37.307	21.8
11:18:37.319	20.6
11:18:37.331	20.4
11:18:37.339	20.3
11:18:37.352	19.0
11:18:37.364	19.8
11:18:37.376	22.3
11:18:37.384	23.5
11:18:37.397	22.9
11:18:37.409	22.8
11:18:37.417	22.8
11:18:37.429	22.4
11:18:37.442	20.4
11:18:37.450	18.6
11:18:37.462	18.2
11:18:37.474	17.3
11:18:37.487	15.4
11:18:37.495	13.6
11:18:37.507	14.9
11:18:37.520	13.6
11:18:37.528	13.6
11:18:37.540	12.7
11:18:37.552	13.4
11:18:37.560	15.3
11:18:37.573	13.5
11:18:37.585	13.4
11:18:37.593	12.7
11:18:37.606	15.3
11:18:37.618	12.6
11:18:37.630	14.7
11:18:37.638	12.9
11:18:37.651	11.8
11:18:37.663	9.0
11:18:37.671	7.9
11:18:37.683	7.7
11:18:37.696	6.6
11:18:37.704	6.7
11:18:37.716	2.1
11:18:37.728	1.5
11:18:37.741	-0.8
11:18:37.749	-2.0
11:18:37.761	-2.4
11:18:37.773	-1.1
11:18:37.782	-1.5
11:18:37.794	-0.5
11:18:37.806	-0.5
11:18:37.818	-0.8
11:18:37.827	0.3
11:18:37.839	0.9
11:18:37.847	1.2
11:18:37.859	1.5
11:18:37.872	1.1
11:18:37.884	2.1
11:18:37.892	2.0
11:18:37.904	0.5
11:18:37.917	-1.8
11:18:37.925	-3.4
11:18:37.937	-3.5
11:18:37.949	-4.7
11:18:37.962	-6.9
11:18:37.970	-7.0
11:18:37.982	-6.8
11:18:37.994	-8.6
11:18:38.003	-10.0
11:18:38.015	-10.8
11:18:38.027	-9.7
11:18:38.039	-6.9
11:18:38.048	-7.2
11:18:38.060	-5.8
11:18:38.072	-4.8
11:18:38.081	-4.7
11:18:38.093	-4.9
11:18:38.105	-5.7
11:18:38.113	-5.9
11:18:38.126	-5.4
11:18:38.138	-6.0
11:18:38.146	-9.2
11:18:38.158	-9.9
11:18:38.171	-9.8
11:18:38.179	-11.0
11:18:38.191	-11.7
11:18:38.203	-9.9
11:18:38.216	-6.7
11:18:38.224	-7.5
11:18:38.236	-6.0
11:18:38.248	-5.4
11:18:38.257	-3.0
11:18:38.269	-2.5
11:18:38.281	-2.5
11:18:38.289	-2.1
11:18:38.302	-1.1
11:18:38.314	-1.9
11:18:38.326	-5.3
11:18:38.334	-4.1
11:18:38.347	-1.9
11:18:38.359	-1.4
11:18:38.367	-1.8
11:18:38.379	-1.5
11:18:38.392	-1.0
11:18:38.400	-0.4
11:18:38.412	0.4
11:18:38.424	1.6
11:18:38.433	4.3
11:18:38.445	4.5
11:18:38.457	3.8
11:18:38.469	4.9
11:18:38.478	4.2
11:18:38.490	6.1
11:18:38.502	5.8
11:18:38.510	7.3
11:18:38.523	8.4
11:18:38.535	9.0
11:18:38.543	8.4
11:18:38.555	11.0
11:18:38.568	10.3
11:18:38.576	9.4
11:18:38.588	10.1
11:18:38.600	11.3
11:18:38.610	14.7
11:18:38.622	15.6
11:18:38.634	13.8
11:18:38.646	13.1
11:18:38.655	13.2
11:18:38.667	11.9
11:18:38.679	11.9
11:18:38.687	13.6
11:18:38.700	14.3
11:18:38.712	14.1
11:18:38.724	12.2
11:18:38.733	12.0
11:18:38.745	14.4
11:18:38.757	14.5
11:18:38.765	15.5
11:18:38.777	16.1
11:18:38.790	16.4
11:18:38.798	17.8
11:18:38.810	20.8
11:18:38.823	19.3
11:18:38.831	19.7
11:18:38.843	19.2
11:18:38.855	19.4
11:18:38.863	19.8
11:18:38.876	22.9
11:18:38.888	22.9
11:18:38.900	23.9
11:18:38.909	23.7
11:18:38.921	21.2
11:18:38.933	22.2
11:18:38.941	21.5
11:18:38.954	21.7
11:18:38.966	20.0
11:18:38.978	21.5
11:18:38.986	19.6
11:18:38.999	18.7
11:18:39.011	19.3
11:18:39.019	17.5
11:18:39.031	17.2
11:18:39.044	17.8
11:18:39.052	18.7
11:18:39.064	18.7
11:18:39.076	20.3
11:18:39.085	19.6
11:18:39.097	19.5
11:18:39.109	19.8
11:18:39.117	19.1
11:18:39.130	21.0
11:18:39.142	21.3
11:18:39.154	20.4
11:18:39.162	19.7
11:18:39.175	20.5
11:18:39.187	20.0
11:18:39.195	19.3
11:18:39.207	19.3
11:18:39.220	20.7
11:18:39.228	23.5
11:18:39.240	23.0
11:18:39.253	24.4
11:18:39.261	24.5
11:18:39.273	23.7
11:18:39.285	23.0
11:18:39.298	23.7
11:18:39.306	23.4
11:18:39.318	23.9
11:18:39.330	24.9
11:18:39.338	21.1
11:18:39.351	22.8
11:18:39.363	21.1
11:18:39.371	20.5
11:18:39.384	22.6
11:18:39.396	21.6
11:18:39.408	21.3
11:18:39.416	22.3
11:18:39.429	23.1
11:18:39.441	21.0
11:18:39.449	20.9
11:18:39.461	18.6
11:18:39.474	20.7
11:18:39.482	21.6
11:18:39.494	21.0
11:18:39.506	22.5
11:18:39.515	21.0
11:18:39.527	19.9
11:18:39.539	17.9
11:18:39.547	18.5
11:18:39.560	19.9
11:18:39.572	20.5
11:18:39.584	18.4
11:18:39.592	18.6
11:18:39.605	18.1
11:18:39.617	17.9
11:18:39.629	19.0
11:18:39.637	18.5
11:18:39.650	19.4
11:18:39.662	18.3
11:18:39.670	17.6
11:18:39.682	17.5
11:18:39.695	17.8
11:18:39.707	18.0
11:18:39.715	18.0
11:18:39.728	18.6
11:18:39.740	19.0
11:18:39.748	21.4
11:18:39.760	20.5
11:18:39.772	24.4
11:18:39.781	25.6
11:18:39.793	25.4
11:18:39.805	25.9
11:18:39.814	25.1
11:18:39.826	24.6
11:18:39.838	24.9
11:18:39.846	23.2
11:18:39.858	21.2
11:18:39.871	22.4
11:18:39.883	21.8
11:18:39.891	21.5
11:18:39.904	21.9
11:18:39.916	22.0
11:18:39.924	21.3
11:18:39.936	22.0
11:18:39.949	20.4
11:18:39.961	22.0
11:18:39.969	23.1
11:18:39.981	21.9
11:18:39.994	19.1
11:18:40.002	16.3
11:18:40.014	18.6
11:18:40.026	17.1
11:18:40.035	17.9
11:18:40.047	16.7
11:18:40.059	16.9
11:18:40.067	18.3
11:18:40.080	17.2
11:18:40.092	16.8
11:18:40.100	16.9
11:18:40.112	18.2
11:18:40.125	15.7
11:18:40.137	16.3
11:18:40.145	16.6
11:18:40.157	18.2
11:18:40.170	18.2
11:18:40.178	15.4
11:18:40.190	16.5
11:18:40.202	15.7
11:18:40.211	16.7
11:18:40.223	19.5
11:18:40.235	19.1
11:18:40.247	18.8
11:18:40.256	19.5
11:18:40.268	17.8
11:18:40.280	18.4
11:18:40.288	19.2
11:18:40.301	18.2
11:18:40.313	18.0
11:18:40.321	16.7
11:18:40.333	15.0
11:18:40.346	15.2
11:18:40.354	16.0
11:18:40.366	14.7
11:18:40.379	15.0
11:18:40.391	13.5
11:18:40.399	14.3
11:18:40.411	14.5
11:18:40.424	14.9
11:18:40.432	15.3
11:18:40.444	14.7
11:18:40.457	12.8
11:18:40.465	12.2
11:18:40.477	13.3
11:18:40.489	14.0
11:18:40.497	15.9
11:18:40.510	14.3
11:18:40.522	14.3
11:18:40.530	17.8
11:18:40.542	16.3
11:18:40.555	17.9
11:18:40.567	19.3
11:18:40.575	20.4
11:18:40.588	19.0
11:18:40.600	18.1
11:18:40.608	16.4
11:18:40.620	16.1
11:18:40.633	16.3
11:18:40.645	14.0
11:18:40.653	15.2
11:18:40.665	12.2
11:18:40.678	11.9
11:18:40.686	10.7
11:18:40.698	9.7
11:18:40.710	10.0
11:18:40.719	10.3
11:18:40.731	12.3
11:18:40.743	10.6
11:18:40.751	12.3
11:18:40.764	12.0
11:18:40.776	13.3
11:18:40.784	12.6
11:18:40.796	12.0
11:18:40.809	11.4
11:18:40.821	11.2
11:18:40.829	11.9
11:18:40.841	7.6
11:18:40.854	9.1
11:18:40.862	6.7
11:18:40.874	7.9
11:18:40.886	6.6
11:18:40.899	7.1
11:18:40.907	7.2
11:18:40.919	7.3
11:18:40.931	7.4
11:18:40.940	8.4
11:18:40.952	9.9
11:18:40.964	7.6
11:18:40.972	8.1
11:18:40.985	5.7
11:18:40.997	5.4
11:18:41.005	4.0
11:18:41.017	3.3
11:18:41.030	2.3
11:18:41.038	1.5
11:18:41.050	-1.3
11:18:41.063	-0.9
11:18:41.075	-0.5
11:18:41.083	-1.2
11:18:41.095	-0.3
11:18:41.108	-0.4
11:18:41.116	-1.3
11:18:41.128	-1.8
11:18:41.140	-0.8
11:18:41.149	-2.0
11:18:41.161	-3.1
11:18:41.173	-1.6
11:18:41.181	-3.3
11:18:41.194	-4.7
11:18:41.206	-6.8
11:18:41.218	-7.2
11:18:41.226	-5.1
11:18:41.239	-4.8
11:18:41.251	-5.2
11:18:41.259	-6.6
11:18:41.271	-4.9
11:18:41.284	-7.6
11:18:41.292	-5.9
11:18:41.304	-6.5
11:18:41.316	-5.4
11:18:41.329	-5.9
11:18:41.337	-7.2
11:18:41.349	-8.8
11:18:41.361	-9.7
11:18:41.370	-8.2
11:18:41.382	-11.4
11:18:41.394	-12.1
11:18:41.402	-13.1
11:18:41.415	-13.3
11:18:41.427	-13.3
11:18:41.435	-13.4
11:18:41.448	-12.9
11:18:41.460	-13.0
11:18:41.468	-12.9
11:18:41.480	-14.0
11:18:41.492	-12.6
11:18:41.505	-11.3
11:18:41.513	-11.1
11:18:41.525	-10.5
11:18:41.538	-10.0
11:18:41.546	-9.8
11:18:41.558	-11.8
11:18:41.570	-11.4
11:18:41.583	-10.3
11:18:41.591	-10.1
11:18:41.603	-10.9
11:18:41.615	-8.2
11:18:41.624	-9.0
11:18:41.636	-8.7
11:18:41.648	-9.7
11:18:41.656	-9.3
11:18:41.669	-9.5
11:18:41.681	-6.3
11:18:41.689	-7.7
11:18:41.701	-6.9
11:18:41.714	-6.9
11:18:41.722	-9.4
11:18:41.734	-8.9
11:18:41.746	-9.1
11:18:41.759	-7.7
11:18:41.767	-7.5
11:18:41.779	-5.6
11:18:41.791	-6.7
11:18:41.804	-5.1
11:18:41.812	-5.1
11:18:41.824	-4.3
11:18:41.836	-5.1
11:18:41.845	-3.3
11:18:41.857	-2.2
11:18:41.869	-3.9
11:18:41.882	-3.1
11:18:41.890	-2.7
11:18:41.902	-3.0
11:18:41.914	-2.6
11:18:41.923	-2.2
11:18:41.935	-2.3
11:18:41.947	-1.5
11:18:41.955	1.1
11:18:41.968	-0.7
11:18:41.980	1.1
11:18:41.988	1.6
11:18:42.000	2.1
11:18:42.013	2.8
11:18:42.021	3.4
11:18:42.033	3.4
11:18:42.045	5.1
11:18:42.058	6.0
11:18:42.066	3.1
11:18:42.078	4.4
11:18:42.090	3.9
11:18:42.099	3.5
11:18:42.111	4.5
11:18:42.123	4.3
11:18:42.131	5.4
11:18:42.144	7.1
11:18:42.156	7.8
11:18:42.168	8.5
11:18:42.176	9.8
11:18:42.189	10.5
11:18:42.201	11.3
11:18:42.209	11.3
11:18:42.222	10.1
11:18:42.234	8.9
11:18:42.242	8.0
11:18:42.254	5.6
11:18:42.266	4.8
11:18:42.275	4.3
11:18:42.287	3.6
11:18:42.299	2.6
11:18:42.312	3.0
11:18:42.320	5.4
11:18:42.332	4.4
11:18:42.344	6.2
11:18:42.352	5.2
11:18:42.365	7.6
11:18:42.377	8.6
11:18:42.385	8.6
11:18:42.398	10.4
11:18:42.410	12.2
11:18:42.418	12.3
11:18:42.430	10.2
11:18:42.443	11.1
11:18:42.451	10.1
11:18:42.463	12.0
11:18:42.475	11.8
11:18:42.488	12.6
11:18:42.496	13.7
11:18:42.508	13.5
11:18:42.520	14.1
11:18:42.529	15.3
11:18:42.541	16.7
11:18:42.553	16.4
11:18:42.565	17.9
11:18:42.574	16.5
11:18:42.586	16.5
11:18:42.598	15.8
11:18:42.606	14.2
11:18:42.619	12.7
11:18:42.631	10.9
11:18:42.639	9.1
11:18:42.652	8.6
11:18:42.664	9.1
11:18:42.672	7.8
11:18:42.684	7.6
11:18:42.696	8.2
11:18:42.705	7.3
11:18:42.717	7.9
11:18:42.729	9.0
11:18:42.741	10.5
11:18:42.750	11.1
11:18:42.762	10.6
11:18:42.774	10.7
11:18:42.782	10.3
11:18:42.795	12.5
11:18:42.807	12.1
11:18:42.819	13.1
11:18:42.828	13.2
11:18:42.840	13.0
11:18:42.852	12.8
11:18:42.860	11.1
11:18:42.873	11.4
11:18:42.885	12.0
11:18:42.893	11.6
11:18:42.905	11.6
11:18:42.918	11.9
11:18:42.926	12.4
11:18:42.938	12.6
11:18:42.950	12.2
11:18:42.959	11.3
11:18:42.971	13.8
11:18:42.983	14.5
11:18:42.995	14.4
11:18:43.004	17.9
11:18:43.016	16.0
11:18:43.028	15.6
11:18:43.036	13.7
11:18:43.050	13.9
11:18:43.061	14.0
11:18:43.070	15.4
11:18:43.082	12.9
11:18:43.095	11.7
11:18:43.103	11.2
11:18:43.115	8.2
11:18:43.127	9.0
11:18:43.139	8.9
11:18:43.147	12.1
11:18:43.159	11.2
11:18:43.172	12.3
11:18:43.180	14.9
11:18:43.192	15.8
11:18:43.204	15.5
11:18:43.213	16.4
11:18:43.225	17.0
11:18:43.237	17.2
11:18:43.249	17.7
11:18:43.258	14.6
11:18:43.270	16.5
11:18:43.282	15.6
11:18:43.290	11.0
11:18:43.303	10.4
11:18:43.315	10.3
11:18:43.323	9.3
11:18:43.335	9.4
11:18:43.348	8.7
11:18:43.356	7.7
11:18:43.368	8.5
11:18:43.380	6.4
11:18:43.389	6.6
11:18:43.401	7.2
11:18:43.413	7.4
11:18:43.425	8.2
11:18:43.434	8.1
11:18:43.446	7.1
11:18:43.458	5.8
11:18:43.466	8.0
11:18:43.479	6.8
11:18:43.491	9.5
11:18:43.503	9.4
11:18:43.511	10.4
11:18:43.524	10.4
11:18:43.536	8.8
11:18:43.544	9.1
11:18:43.557	11.0
11:18:43.569	10.5
11:18:43.577	8.2
11:18:43.589	9.9
11:18:43.602	5.7
11:18:43.610	3.1
11:18:43.622	1.6
11:18:43.634	2.5
11:18:43.642	2.3
11:18:43.655	0.6
11:18:43.668	-0.2
11:18:43.679	-0.2
11:18:43.688	-2.5
11:18:43.701	-3.8
11:18:43.713	-4.1
11:18:43.721	-4.3
11:18:43.734	-4.4
11:18:43.746	-7.2
11:18:43.754	-7.6
11:18:43.766	-8.5
11:18:43.779	-9.9
11:18:43.791	-11.0
11:18:43.799	-9.8
11:18:43.811	-9.3
11:18:43.824	-9.1
11:18:43.836	-8.5
11:18:43.844	-10.0
11:18:43.856	-7.1
11:18:43.869	-6.8
11:18:43.877	-4.8
11:18:43.889	-5.2
11:18:43.901	-4.7
11:18:43.910	-4.5
11:18:43.922	-7.4
11:18:43.934	-8.5
11:18:43.942	-8.7
11:18:43.955	-7.4
11:18:43.967	-9.8
11:18:43.979	-11.9
11:18:43.988	-14.0
11:18:44.000	-15.4
11:18:44.012	-16.1
11:18:44.020	-17.6
11:18:44.032	-18.2
11:18:44.044	-17.3
11:18:44.052	-17.7
11:18:44.064	-20.5
11:18:44.077	-21.4
11:18:44.089	-21.2
11:18:44.097	-21.0
11:18:44.110	-19.4
11:18:44.122	-19.1
11:18:44.130	-19.0
11:18:44.142	-17.6
11:18:44.155	-18.4
11:18:44.163	-19.4
11:18:44.175	-18.8
11:18:44.187	-19.9
11:18:44.196	-20.6
11:18:44.208	-21.1
11:18:44.220	-22.5
11:18:44.232	-22.0
11:18:44.241	-22.2
11:18:44.253	-23.4
11:18:44.265	-23.3
11:18:44.273	-23.6
11:18:44.286	-24.1
11:18:44.298	-22.2
11:18:44.306	-21.8
11:18:44.318	-22.1
11:18:44.331	-22.1
11:18:44.339	-23.0
11:18:44.351	-22.6
11:18:44.363	-21.4
11:18:44.372	-21.0
11:18:44.384	-19.5
11:18:44.396	-19.8
11:18:44.408	-20.3
11:18:44.417	-20.3
11:18:44.429	-19.6
11:18:44.441	-19.2
11:18:44.449	-19.0
11:18:44.462	-20.7
11:18:44.475	-19.8
11:18:44.487	-22.7
11:18:44.495	-25.1
11:18:44.508	-25.1
11:18:44.520	-26.4
11:18:44.528	-27.4
11:18:44.540	-28.0
11:18:44.553	-29.3
11:18:44.561	-29.8
11:18:44.573	-30.0
11:18:44.586	-31.5
11:18:44.594	-28.0
11:18:44.606	-26.9
11:18:44.618	-27.0
11:18:44.626	-26.2
11:18:44.639	-25.7
11:18:44.651	-24.5
11:18:44.663	-23.7
11:18:44.672	-22.3
11:18:44.684	-18.7
11:18:44.696	-17.1
11:18:44.704	-18.5
11:18:44.717	-18.2
11:18:44.729	-16.0
11:18:44.741	-12.8
11:18:44.749	-8.6
11:18:44.762	-6.8
11:18:44.774	-4.7
11:18:44.782	-3.1
11:18:44.794	-3.3
11:18:44.807	-3.8
11:18:44.815	-0.4
11:18:44.827	1.2
11:18:44.839	0.4
11:18:44.848	-0.3
11:18:44.860	-2.8
11:18:44.872	-2.1
11:18:44.880	-2.6
11:18:44.893	-1.5
11:18:44.904	-0.8
11:18:44.917	-0.8
11:18:44.925	-2.3
11:18:44.937	-4.8
11:18:44.949	-2.7
11:18:44.957	-5.0
11:18:44.970	-5.3
11:18:44.982	-9.1
11:18:44.990	-10.0
11:18:45.003	-11.9
11:18:45.015	-13.2
11:18:45.023	-15.0
11:18:45.035	-15.7
11:18:45.048	-15.8
11:18:45.060	-18.1
11:18:45.068	-16.4
11:18:45.080	-15.6
11:18:45.093	-15.4
11:18:45.101	-15.6
11:18:45.113	-16.4
11:18:45.126	-18.0
11:18:45.134	-17.4
11:18:45.146	-18.7
11:18:45.158	-16.0
11:18:45.171	-15.6
11:18:45.179	-16.0
11:18:45.191	-16.0
11:18:45.203	-14.7
11:18:45.211	-16.3
11:18:45.224	-16.2
11:18:45.236	-14.5
11:18:45.244	-14.4
11:18:45.256	-14.4
11:18:45.269	-16.5
11:18:45.277	-16.5
11:18:45.289	-16.4
11:18:45.302	-17.8
11:18:45.310	-18.1
11:18:45.322	-15.6
11:18:45.334	-15.0
11:18:45.347	-16.2
11:18:45.355	-15.3
11:18:45.367	-13.1
11:18:45.379	-12.3
11:18:45.388	-11.0
11:18:45.400	-11.7
11:18:45.412	-10.6
11:18:45.424	-10.3
11:18:45.433	-8.6
11:18:45.445	-9.5
11:18:45.457	-8.5
11:18:45.465	-9.1
11:18:45.478	-8.5
11:18:45.490	-6.6
11:18:45.498	-5.4
11:18:45.510	-4.1
11:18:45.523	-2.8
11:18:45.531	-2.7
11:18:45.543	-2.7
11:18:45.555	-1.0
11:18:45.564	1.5
11:18:45.576	2.6
11:18:45.588	5.1
11:18:45.600	7.6
11:18:45.609	8.9
11:18:45.621	11.3
11:18:45.633	12.4
11:18:45.645	15.5
11:18:45.654	18.2
11:18:45.666	18.2
11:18:45.678	17.7
11:18:45.686	20.7
11:18:45.699	19.9
11:18:45.711	19.2
11:18:45.723	18.9
11:18:45.731	20.8
11:18:45.744	20.6
11:18:45.756	21.7
11:18:45.764	19.3
11:18:45.777	22.4
11:18:45.789	22.4
11:18:45.797	21.1
11:18:45.809	19.5
11:18:45.822	20.3
11:18:45.831	20.6
11:18:45.843	18.0
11:18:45.855	19.7
11:18:45.864	17.7
11:18:45.876	17.9
11:18:45.888	16.3
11:18:45.900	15.1
11:18:45.909	13.7
11:18:45.921	15.2
11:18:45.933	13.6
11:18:45.941	12.3
11:18:45.954	12.4
11:18:45.965	11.0
11:18:45.973	9.5
11:18:45.986	9.7
11:18:45.998	8.8
11:18:46.010	10.5
11:18:46.018	12.3
11:18:46.031	11.2
11:18:46.043	12.5
11:18:46.051	13.2
11:18:46.063	12.8
11:18:46.076	13.1
11:18:46.084	15.5
11:18:46.096	17.5
11:18:46.108	19.9
11:18:46.117	20.9
11:18:46.129	20.7
11:18:46.141	21.4
11:18:46.153	20.6
11:18:46.162	21.7
11:18:46.174	23.4
11:18:46.186	24.1
11:18:46.194	24.3
11:18:46.207	23.0
11:18:46.219	23.2
11:18:46.227	22.9
11:18:46.239	23.9
11:18:46.252	23.6
11:18:46.260	23.9
11:18:46.272	22.4
11:18:46.285	20.6
11:18:46.294	20.9
11:18:46.306	20.1
11:18:46.318	20.7
11:18:46.331	19.1
11:18:46.339	18.9
11:18:46.351	22.0
11:18:46.363	21.7
11:18:46.371	21.4
11:18:46.384	21.7
11:18:46.396	22.8
11:18:46.408	21.6
11:18:46.416	22.0
11:18:46.429	22.1
11:18:46.441	21.1
11:18:46.449	21.0
11:18:46.462	17.0
11:18:46.474	18.1
11:18:46.482	17.8
11:18:46.494	17.8
11:18:46.506	19.1
11:18:46.515	19.8
11:18:46.527	18.6
11:18:46.539	18.3
11:18:46.547	19.2
11:18:46.560	19.2
11:18:46.572	19.2
11:18:46.584	18.6
11:18:46.592	17.8
11:18:46.605	16.7
11:18:46.617	16.9
11:18:46.625	17.4
11:18:46.638	18.2
11:18:46.650	18.3
11:18:46.662	18.1
11:18:46.670	17.1
11:18:46.683	19.7
11:18:46.695	22.9
11:18:46.703	23.0
11:18:46.715	24.2
11:18:46.728	21.5
11:18:46.736	19.8
11:18:46.748	17.3
11:18:46.760	15.9
11:18:46.769	16.4
11:18:46.781	16.3
11:18:46.793	13.4
11:18:46.801	12.1
11:18:46.814	12.0
11:18:46.826	12.5
11:18:46.838	12.9
11:18:46.846	13.3
11:18:46.859	17.1
11:18:46.871	17.9
11:18:46.879	17.3
11:18:46.891	19.0
11:18:46.904	18.9
11:18:46.912	17.3
11:18:46.924	17.1
11:18:46.937	16.6
11:18:46.945	16.3
11:18:46.957	16.7
11:18:46.969	15.7
11:18:46.982	14.9
11:18:46.990	14.0
11:18:47.002	14.6
11:18:47.014	14.1
11:18:47.022	13.1
11:18:47.035	13.3
11:18:47.047	13.5
11:18:47.055	13.0
11:18:47.067	12.2
11:18:47.080	10.4
11:18:47.092	10.9
11:18:47.101	11.6
11:18:47.113	9.7
11:18:47.125	11.1
11:18:47.133	10.6
11:18:47.145	9.2
11:18:47.158	9.2
11:18:47.166	9.2
11:18:47.178	7.7
11:18:47.190	8.2
11:18:47.199	5.7
11:18:47.211	3.1
11:18:47.223	2.4
11:18:47.231	0.5
11:18:47.244	0.2
11:18:47.256	0.5
11:18:47.268	-3.2
11:18:47.276	-3.6
11:18:47.289	-2.3
11:18:47.301	-3.9
11:18:47.309	-3.6
11:18:47.321	-2.9
11:18:47.334	-3.8
11:18:47.346	-4.5
11:18:47.354	-5.7
11:18:47.366	-7.4
11:18:47.379	-6.6
11:18:47.387	-8.4
11:18:47.399	-9.7
11:18:47.411	-9.4
11:18:47.420	-11.1
11:18:47.432	-11.6
11:18:47.444	-11.8
11:18:47.452	-11.7
11:18:47.465	-11.7
11:18:47.477	-11.3
11:18:47.485	-11.0
11:18:47.497	-10.6
11:18:47.510	-9.7
11:18:47.522	-8.6
11:18:47.530	-7.8
11:18:47.542	-8.6
11:18:47.555	-9.2
11:18:47.563	-9.0
11:18:47.575	-8.4
11:18:47.588	-7.6
11:18:47.596	-8.0
11:18:47.608	-7.6
11:18:47.620	-9.2
11:18:47.633	-9.8
11:18:47.645	-10.2
11:18:47.653	-10.3
11:18:47.665	-9.7
11:18:47.674	-9.6
11:18:47.686	-10.2
11:18:47.698	-10.9
11:18:47.710	-12.3
11:18:47.719	-14.2
11:18:47.731	-11.2
11:18:47.743	-12.0
11:18:47.751	-12.4
11:18:47.764	-12.7
11:18:47.776	-14.3
11:18:47.784	-14.9
11:18:47.796	-12.7
11:18:47.809	-13.1
11:18:47.821	-13.6
11:18:47.829	-13.4
11:18:47.841	-17.6
11:18:47.854	-18.0
11:18:47.862	-16.7
11:18:47.874	-16.5
11:18:47.886	-16.3
11:18:47.895	-18.6
11:18:47.907	-20.6
11:18:47.919	-21.5
11:18:47.931	-20.1
11:18:47.940	-18.7
11:18:47.952	-18.3
11:18:47.964	-19.8
11:18:47.972	-19.9
11:18:47.985	-19.0
11:18:47.997	-19.1
11:18:48.006	-16.6
11:18:48.017	-16.9
11:18:48.030	-14.9
11:18:48.038	-13.9
11:18:48.050	-12.7
11:18:48.063	-10.9
11:18:48.075	-6.5
11:18:48.083	-8.0
11:18:48.095	-7.1
11:18:48.108	-5.9
11:18:48.116	-6.3
11:18:48.128	-5.5
11:18:48.140	-3.8
11:18:48.149	-2.8
11:18:48.161	-0.6
11:18:48.173	1.7
11:18:48.181	-0.3
11:18:48.194	5.0
11:18:48.206	6.3
11:18:48.214	6.7
11:18:48.226	8.3
11:18:48.239	8.8
11:18:48.251	7.3
11:18:48.259	7.6
11:18:48.271	5.1
11:18:48.284	4.7
11:18:48.292	8.0
11:18:48.304	4.4
11:18:48.316	4.3
11:18:48.329	5.2
11:18:48.337	5.0
11:18:48.349	4.9
11:18:48.361	5.6
11:18:48.370	6.1
11:18:48.382	5.7
11:18:48.394	4.0
11:18:48.402	4.3
11:18:48.415	5.4
11:18:48.427	5.1
11:18:48.435	5.8
11:18:48.447	6.7
11:18:48.460	8.1
11:18:48.468	9.2
11:18:48.480	8.3
11:18:48.492	9.2
11:18:48.505	10.5
11:18:48.513	9.2
11:18:48.525	9.3
11:18:48.538	11.5
11:18:48.546	10.8
11:18:48.558	9.7
11:18:48.570	11.1
11:18:48.583	12.0
11:18:48.591	12.6
11:18:48.603	12.7
11:18:48.615	15.1
11:18:48.624	14.5
11:18:48.636	14.9
11:18:48.648	12.9
11:18:48.656	15.3
11:18:48.669	18.3
11:18:48.681	15.3
11:18:48.689	14.7
11:18:48.701	16.2
11:18:48.714	15.1
11:18:48.722	14.3
11:18:48.734	13.4
11:18:48.746	14.4
11:18:48.759	14.0
11:18:48.767	13.5
11:18:48.779	12.2
11:18:48.791	14.6
11:18:48.800	13.5
11:18:48.812	12.8
11:18:48.824	14.5
11:18:48.832	13.7
11:18:48.845	14.9
11:18:48.857	16.4
11:18:48.865	17.2
11:18:48.877	16.1
11:18:48.890	15.3
11:18:48.902	14.9
11:18:48.910	16.2
11:18:48.922	15.8
11:18:48.935	18.4
11:18:48.943	19.8
11:18:48.955	18.8
11:18:48.967	16.6
11:18:48.976	16.5
11:18:48.988	16.5
11:18:49.000	16.9
11:18:49.013	17.4
11:18:49.021	19.2
11:18:49.033	20.1
11:18:49.045	20.1
11:18:49.053	19.7
11:18:49.066	22.2
11:18:49.078	24.3
11:18:49.086	26.6
11:18:49.099	27.7
11:18:49.111	27.8
11:18:49.119	28.4
11:18:49.131	28.5
11:18:49.144	28.6
11:18:49.152	26.7
11:18:49.164	27.4
11:18:49.177	24.6
11:18:49.189	23.2
11:18:49.197	21.9
11:18:49.209	21.2
11:18:49.222	22.9
11:18:49.230	23.5
11:18:49.242	22.4
11:18:49.254	21.8
11:18:49.267	21.7
11:18:49.275	21.0
11:18:49.287	22.6
11:18:49.299	22.2
11:18:49.308	21.8
11:18:49.320	21.8
11:18:49.332	20.9
11:18:49.340	22.2
11:18:49.353	21.8
11:18:49.365	22.1
11:18:49.373	25.0
11:18:49.385	23.5
11:18:49.398	24.7
11:18:49.406	26.0
11:18:49.418	26.4
11:18:49.430	26.8
11:18:49.443	25.7
11:18:49.451	22.9
11:18:49.463	23.8
11:18:49.475	25.0
11:18:49.484	21.8
11:18:49.496	22.6
11:18:49.508	21.8
11:18:49.517	20.7
11:18:49.529	19.1
11:18:49.541	18.2
11:18:49.553	18.8
11:18:49.565	18.5
11:18:49.574	14.4
11:18:49.586	13.2
11:18:49.598	13.4
11:18:49.606	13.5
11:18:49.619	12.7
11:18:49.631	12.3
11:18:49.639	14.6
11:18:49.652	13.9
11:18:49.664	15.2
11:18:49.672	15.2
11:18:49.684	17.5
11:18:49.697	17.2
11:18:49.705	16.4
11:18:49.717	15.2
11:18:49.729	16.2
11:18:49.742	16.0
11:18:49.750	14.4
11:18:49.762	14.1
11:18:49.774	11.7
11:18:49.783	12.8
11:18:49.795	13.6
11:18:49.807	12.6
11:18:49.815	13.5
11:18:49.828	13.0
11:18:49.840	11.1
11:18:49.852	11.5
11:18:49.860	11.3
11:18:49.873	11.9
11:18:49.885	10.9
11:18:49.893	8.3
11:18:49.905	7.3
11:18:49.918	7.1
11:18:49.926	7.2
11:18:49.938	7.6
11:18:49.950	7.3
11:18:49.959	6.6
11:18:49.971	7.1
11:18:49.983	8.2
11:18:49.996	8.9
11:18:50.004	9.6
11:18:50.016	8.3
11:18:50.028	8.9
11:18:50.036	8.8
11:18:50.049	11.1
11:18:50.061	13.0
11:18:50.070	13.7
11:18:50.082	12.4
11:18:50.094	11.1
11:18:50.102	11.3
11:18:50.115	10.5
11:18:50.127	12.2
11:18:50.135	14.4
11:18:50.147	13.9
11:18:50.160	11.8
11:18:50.172	10.0
11:18:50.180	9.4
11:18:50.193	10.5
11:18:50.205	10.4
11:18:50.213	11.7
11:18:50.225	11.7
11:18:50.237	10.7
11:18:50.250	8.0
11:18:50.258	7.0
11:18:50.270	6.5
11:18:50.282	7.1
11:18:50.291	6.9
11:18:50.303	5.8
11:18:50.315	6.4
11:18:50.323	4.9
11:18:50.336	6.2
11:18:50.348	7.4
11:18:50.356	7.0
11:18:50.369	9.0
11:18:50.381	8.2
11:18:50.389	8.8
11:18:50.401	9.4
11:18:50.414	9.9
11:18:50.426	10.4
11:18:50.434	9.8
11:18:50.446	8.5
11:18:50.459	7.1
11:18:50.467	8.0
11:18:50.479	7.3
11:18:50.491	7.9
11:18:50.504	7.8
11:18:50.512	7.4
11:18:50.524	7.3
11:18:50.536	5.6
11:18:50.545	6.1
11:18:50.557	6.1
11:18:50.569	7.1
11:18:50.577	6.2
11:18:50.590	5.0
11:18:50.602	6.2
11:18:50.610	4.5
11:18:50.622	2.6
11:18:50.635	5.2
11:18:50.643	6.9
11:18:50.655	6.9
11:18:50.667	6.7
11:18:50.680	5.5
11:18:50.688	6.7
11:18:50.700	7.2
11:18:50.712	4.8
11:18:50.721	4.5
11:18:50.733	5.7
11:18:50.745	2.2
11:18:50.753	-1.0
11:18:50.766	-1.4
11:18:50.778	-1.6
11:18:50.786	-3.9
11:18:50.798	-5.0
11:18:50.811	-6.3
11:18:50.823	-5.9
11:18:50.831	-7.0
11:18:50.844	-8.9
11:18:50.856	-9.4
11:18:50.864	-8.6
11:18:50.876	-9.0
11:18:50.889	-9.0
11:18:50.897	-8.6
11:18:50.909	-9.1
11:18:50.921	-8.3
11:18:50.934	-10.8
11:18:50.942	-11.1
11:18:50.954	-10.3
11:18:50.966	-11.4
11:18:50.975	-13.2
11:18:50.987	-13.8
11:18:50.999	-13.7
11:18:51.007	-13.4
11:18:51.020	-14.5
11:18:51.032	-14.0
11:18:51.040	-12.9
11:18:51.052	-13.5
11:18:51.065	-14.6
11:18:51.073	-15.2
11:18:51.085	-14.3
11:18:51.097	-13.7
11:18:51.110	-15.6
11:18:51.118	-16.1
11:18:51.130	-15.6
11:18:51.142	-18.0
11:18:51.151	-19.6
11:18:51.163	-19.8
11:18:51.175	-20.2
11:18:51.188	-18.7
11:18:51.196	-18.3
11:18:51.208	-20.2
11:18:51.220	-20.9
11:18:51.228	-20.0
11:18:51.241	-22.2
11:18:51.253	-21.7
11:18:51.261	-21.0
11:18:51.273	-19.9
11:18:51.286	-19.6
11:18:51.294	-18.8
11:18:51.306	-20.6
11:18:51.319	-20.0
11:18:51.327	-19.4
11:18:51.339	-21.7
11:18:51.351	-20.7
11:18:51.364	-21.2
11:18:51.372	-22.6
11:18:51.384	-23.1
11:18:51.396	-23.1
11:18:51.405	-26.2
11:18:51.417	-25.7
11:18:51.429	-25.8
11:18:51.437	-25.9
11:18:51.450	-23.5
11:18:51.462	-23.1
11:18:51.474	-22.3
11:18:51.483	-19.4
11:18:51.495	-18.0
11:18:51.507	-19.2
11:18:51.515	-18.1
11:18:51.528	-16.1
11:18:51.540	-15.7
11:18:51.552	-15.7
11:18:51.560	-16.4
11:18:51.573	-15.7
11:18:51.585	-17.0
11:18:51.593	-18.7
11:18:51.606	-18.4
11:18:51.618	-17.2
11:18:51.626	-16.6
11:18:51.638	-16.5
11:18:51.650	-14.7
11:18:51.663	-12.8
11:18:51.671	-12.0
11:18:51.683	-10.3
11:18:51.691	-8.1
11:18:51.704	-5.3
11:18:51.716	-5.2
11:18:51.724	-3.8
11:18:51.736	-2.9
11:18:51.749	-0.5
11:18:51.761	-2.0
11:18:51.773	-1.0
11:18:51.781	0.4
11:18:51.794	0.7
11:18:51.806	1.8
11:18:51.814	1.9
11:18:51.827	1.5
11:18:51.839	2.2
11:18:51.847	3.0
11:18:51.860	0.4
11:18:51.872	2.3
11:18:51.880	1.9
11:18:51.892	0.6
11:18:51.905	0.6
11:18:51.917	0.4
11:18:51.925	-0.5
11:18:51.937	0.9
11:18:51.950	2.2
11:18:51.958	1.9
11:18:51.970	3.1
11:18:51.982	4.0
11:18:51.991	5.0
11:18:52.003	6.1
11:18:52.015	5.9
11:18:52.023	7.5
11:18:52.036	11.1
11:18:52.048	10.9
11:18:52.056	9.0
11:18:52.068	10.2
11:18:52.081	11.6
11:18:52.093	10.2
11:18:52.101	9.6
11:18:52.113	10.4
11:18:52.126	9.2
11:18:52.134	7.9
11:18:52.146	6.8
11:18:52.158	6.9
11:18:52.171	8.3
11:18:52.179	8.3
11:18:52.191	7.4
11:18:52.204	8.7
11:18:52.212	9.6
11:18:52.224	10.0
11:18:52.236	12.9
11:18:52.244	13.6
11:18:52.257	13.7
11:18:52.269	14.4
11:18:52.277	13.9
11:18:52.289	13.9
11:18:52.302	14.4
11:18:52.310	16.2
11:18:52.322	16.2
11:18:52.334	16.5
11:18:52.347	13.3
11:18:52.355	13.7
11:18:52.367	13.0
11:18:52.380	14.3
11:18:52.388	18.0
11:18:52.400	18.7
11:18:52.412	21.4
11:18:52.425	21.1
11:18:52.433	22.7
11:18:52.445	22.7
11:18:52.457	25.1
11:18:52.466	24.2
11:18:52.478	24.3
11:18:52.490	22.7
11:18:52.498	20.5
11:18:52.511	19.2
11:18:52.523	15.3
11:18:52.531	13.9
11:18:52.543	13.3
11:18:52.556	14.2
11:18:52.564	12.3
11:18:52.576	13.1
11:18:52.588	14.3
11:18:52.601	14.1
11:18:52.609	15.2
11:18:52.621	16.3
11:18:52.633	17.3
11:18:52.642	16.3
11:18:52.654	12.3
11:18:52.666	10.2
11:18:52.674	11.3
11:18:52.687	9.7
11:18:52.699	10.1
11:18:52.707	11.0
11:18:52.719	8.7
11:18:52.732	8.1
11:18:52.744	8.5
11:18:52.752	11.7
11:18:52.764	14.2
11:18:52.777	14.4
11:18:52.785	13.4
11:18:52.797	13.9
11:18:52.809	11.2
11:18:52.818	10.8
11:18:52.830	13.0
11:18:52.842	14.7
11:18:52.855	13.5
11:18:52.863	12.3
11:18:52.875	13.8
11:18:52.887	12.9
11:18:52.895	14.4
11:18:52.908	14.7
11:18:52.920	14.9
11:18:52.928	14.8
11:18:52.941	12.5
11:18:52.953	12.8
11:18:52.961	13.0
11:18:52.973	12.7
11:18:52.986	10.8
11:18:52.994	12.7
11:18:53.006	12.2
11:18:53.018	11.5
11:18:53.031	12.2
11:18:53.039	12.3
11:18:53.051	14.4
11:18:53.063	12.3
11:18:53.072	12.9
11:18:53.084	14.5
11:18:53.096	14.1
11:18:53.108	12.9
11:18:53.117	13.2
11:18:53.129	14.4
11:18:53.141	15.1
11:18:53.149	16.6
11:18:53.162	14.0
11:18:53.174	14.4
11:18:53.182	13.4
11:18:53.194	10.3
11:18:53.207	11.1
11:18:53.215	11.8
11:18:53.227	12.4
11:18:53.240	11.0
11:18:53.248	11.6
11:18:53.260	10.1
11:18:53.272	12.0
11:18:53.284	12.6
11:18:53.293	13.5
11:18:53.305	15.0
11:18:53.317	14.3
11:18:53.325	13.3
11:18:53.338	12.6
11:18:53.350	13.8
11:18:53.358	12.1
11:18:53.371	11.1
11:18:53.383	8.9
11:18:53.395	7.6
11:18:53.403	6.6
11:18:53.416	5.5
11:18:53.428	6.4
11:18:53.436	6.9
11:18:53.449	6.4
11:18:53.461	4.8
11:18:53.469	4.5
11:18:53.481	4.7
11:18:53.494	5.5
11:18:53.502	5.0
11:18:53.514	4.1
11:18:53.526	3.1
11:18:53.539	3.1
11:18:53.547	2.6
11:18:53.559	3.1
11:18:53.571	3.6
11:18:53.580	2.6
11:18:53.592	1.3
11:18:53.604	1.8
11:18:53.612	3.2
11:18:53.625	3.3
11:18:53.637	2.9
11:18:53.645	0.9
11:18:53.657	0.4
11:18:53.670	0.1
11:18:53.682	-0.3
11:18:53.690	0.5
11:18:53.702	0.2
11:18:53.715	-1.5
11:18:53.727	-4.4
11:18:53.735	-3.4
11:18:53.747	-3.6
11:18:53.760	-3.0
11:18:53.768	-2.0
11:18:53.780	-3.2
11:18:53.792	0.5
11:18:53.801	1.4
11:18:53.813	2.3
11:18:53.825	2.0
11:18:53.837	3.1
11:18:53.846	2.8
11:18:53.858	2.6
11:18:53.871	0.6
11:18:53.879	-1.2
11:18:53.891	-2.2
11:18:53.903	-8.4
11:18:53.912	-10.7
11:18:53.924	-11.2
11:18:53.936	-11.0
11:18:53.944	-10.6
11:18:53.957	-10.2
11:18:53.969	-9.8
11:18:53.977	-8.6
11:18:53.989	-8.6
11:18:54.002	-9.5
11:18:54.014	-8.2
11:18:54.022	-8.2
11:18:54.034	-9.7
11:18:54.047	-8.9
11:18:54.055	-10.5
11:18:54.067	-12.7
11:18:54.079	-13.2
11:18:54.092	-12.0
11:18:54.100	-13.6
11:18:54.112	-8.6
11:18:54.124	-10.5
11:18:54.133	-10.4
11:18:54.145	-10.3
11:18:54.157	-13.8
11:18:54.165	-14.1
11:18:54.178	-15.7
11:18:54.190	-17.9
11:18:54.198	-19.4
11:18:54.210	-17.2
11:18:54.223	-21.6
11:18:54.231	-20.3
11:18:54.243	-22.1
11:18:54.256	-23.1
11:18:54.268	-21.9
11:18:54.276	-21.9
11:18:54.288	-21.1
11:18:54.301	-20.6
11:18:54.309	-20.6
11:18:54.321	-23.2
11:18:54.333	-24.6
11:18:54.346	-26.5
11:18:54.354	-25.7
11:18:54.366	-25.1
11:18:54.378	-25.6
11:18:54.387	-25.1
11:18:54.399	-25.9
11:18:54.411	-27.1
11:18:54.419	-27.0
11:18:54.432	-24.7
11:18:54.444	-23.5
11:18:54.452	-22.1
11:18:54.464	-21.9
11:18:54.477	-20.6
11:18:54.485	-19.0
11:18:54.497	-18.8
11:18:54.509	-17.0
11:18:54.522	-12.6
11:18:54.530	-9.9
11:18:54.542	-9.2
11:18:54.555	-6.2
11:18:54.563	-3.8
11:18:54.575	-4.9
11:18:54.588	-4.7
11:18:54.596	-3.8
11:18:54.608	-3.8
11:18:54.620	-3.9
11:18:54.629	-2.6
11:18:54.641	-4.9
11:18:54.653	-5.4
11:18:54.665	-7.1
11:18:54.674	-7.4
11:18:54.686	-4.7
11:18:54.698	-3.7
11:18:54.707	-3.0
11:18:54.719	-3.1
11:18:54.731	-0.9
11:18:54.739	-3.6
11:18:54.751	-2.5
11:18:54.764	-1.8
11:18:54.776	-2.2
11:18:54.784	-2.0
11:18:54.796	-0.9
11:18:54.809	-0.5
11:18:54.817	-0.6
11:18:54.829	1.1
11:18:54.841	0.2
11:18:54.850	0.1
11:18:54.862	0.5
11:18:54.874	2.5
11:18:54.882	4.1
11:18:54.895	3.9
11:18:54.907	3.0
11:18:54.915	1.9
11:18:54.927	0.5
11:18:54.940	0.4
11:18:54.952	1.7
11:18:54.960	2.5
11:18:54.972	2.2
11:18:54.985	3.3
11:18:54.993	4.0
11:18:55.005	4.7
11:18:55.017	5.2
11:18:55.030	6.2
11:18:55.038	7.3
11:18:55.050	8.1
11:18:55.063	8.7
11:18:55.071	11.7
11:18:55.083	11.9
11:18:55.095	10.1
11:18:55.104	10.3
11:18:55.116	8.9
11:18:55.128	10.2
11:18:55.136	10.9
11:18:55.149	12.0
11:18:55.161	12.5
11:18:55.169	12.1
11:18:55.181	10.8
11:18:55.194	11.9
11:18:55.206	10.7
11:18:55.214	9.9
11:18:55.226	12.0
11:18:55.239	9.8
11:18:55.247	9.4
11:18:55.259	10.6
11:18:55.271	9.4
11:18:55.280	9.0
11:18:55.292	9.4
11:18:55.304	9.4
11:18:55.316	8.5
11:18:55.325	8.8
11:18:55.337	7.3
11:18:55.349	8.8
11:18:55.357	10.1
11:18:55.370	10.6
11:18:55.382	11.8
11:18:55.390	12.6
11:18:55.402	12.2
11:18:55.415	12.0
11:18:55.423	13.0
11:18:55.435	13.9
11:18:55.447	16.7
11:18:55.460	19.2
11:18:55.468	18.2
11:18:55.480	16.6
11:18:55.492	16.8
11:18:55.501	15.6
11:18:55.513	15.5
11:18:55.525	16.6
11:18:55.537	17.1
11:18:55.546	16.8
11:18:55.558	15.0
11:18:55.570	12.9
11:18:55.578	13.2
11:18:55.591	14.2
11:18:55.603	13.8
11:18:55.615	14.3
11:18:55.624	13.2
11:18:55.636	13.0
11:18:55.648	12.6
11:18:55.656	12.5
11:18:55.669	12.5
11:18:55.681	14.3
11:18:55.689	17.7
11:18:55.702	17.6
11:18:55.714	18.5
11:18:55.722	18.0
11:18:55.734	19.1
11:18:55.747	18.1
11:18:55.759	17.9
11:18:55.767	19.4
11:18:55.780	19.5
11:18:55.792	17.6
11:18:55.800	14.1
11:18:55.812	13.5
11:18:55.825	12.6
11:18:55.833	13.2
11:18:55.845	11.9
11:18:55.857	11.0
11:18:55.865	12.0
11:18:55.878	11.5
11:18:55.890	13.0
11:18:55.898	12.6
11:18:55.911	12.8
11:18:55.923	12.5
11:18:55.935	13.0
11:18:55.943	15.0
11:18:55.956	17.7
11:18:55.968	19.0
11:18:55.976	20.0
11:18:55.988	18.9
11:18:56.001	17.6
11:18:56.013	18.5
11:18:56.021	19.3
11:18:56.033	21.7
11:18:56.046	21.4
11:18:56.054	18.3
11:18:56.066	16.5
11:18:56.078	16.7
11:18:56.087	15.6
11:18:56.099	14.9
11:18:56.111	14.7
11:18:56.119	12.3
11:18:56.132	11.9
11:18:56.144	8.5
11:18:56.152	7.8
11:18:56.164	10.8
11:18:56.177	10.6
11:18:56.189	9.3
11:18:56.197	9.1
11:18:56.209	9.4
11:18:56.222	8.2
11:18:56.230	12.4
11:18:56.242	11.0
11:18:56.255	12.6
11:18:56.267	13.0
11:18:56.275	10.4
11:18:56.287	9.7
11:18:56.300	9.3
11:18:56.308	7.8
11:18:56.320	7.1
11:18:56.332	8.9
11:18:56.341	7.4
11:18:56.353	8.4
11:18:56.365	5.4
11:18:56.373	3.8
11:18:56.386	2.6
11:18:56.398	3.4
11:18:56.406	3.8
11:18:56.418	4.4
11:18:56.431	5.7
11:18:56.443	4.6
11:18:56.451	3.6
11:18:56.463	2.1
11:18:56.476	1.8
11:18:56.484	2.0
11:18:56.496	6.2
11:18:56.508	3.6
11:18:56.517	4.5
11:18:56.529	2.1
11:18:56.541	0.1
11:18:56.549	-0.8
11:18:56.562	-2.7
11:18:56.574	-3.9
11:18:56.586	-3.3
11:18:56.594	-4.5
11:18:56.607	-8.9
11:18:56.619	-8.6
11:18:56.627	-10.9
11:18:56.640	-9.9
11:18:56.652	-11.6
11:18:56.660	-11.7
11:18:56.672	-12.5
11:18:56.685	-11.3
11:18:56.697	-11.5
11:18:56.705	-11.4
11:18:56.717	-12.2
11:18:56.730	-13.2
11:18:56.738	-16.9
11:18:56.750	-16.5
11:18:56.762	-15.7
11:18:56.771	-17.9
11:18:56.783	-17.8
11:18:56.795	-19.5
11:18:56.803	-21.6
11:18:56.816	-22.9
11:18:56.828	-22.5
11:18:56.836	-23.9
11:18:56.848	-21.7
11:18:56.861	-23.6
11:18:56.873	-23.9
11:18:56.881	-21.3
11:18:56.893	-22.0
11:18:56.906	-22.5
11:18:56.914	-21.1
11:18:56.926	-21.2
11:18:56.938	-23.1
11:18:56.951	-20.1
11:18:56.959	-19.4
11:18:56.971	-17.0
11:18:56.983	-18.3
11:18:56.992	-19.3
11:18:57.004	-18.4
11:18:57.016	-17.9
11:18:57.024	-17.8
11:18:57.037	-15.9
11:18:57.049	-14.3
11:18:57.057	-14.1
11:18:57.069	-12.5
11:18:57.082	-13.0
11:18:57.090	-9.3
11:18:57.102	-9.7
11:18:57.114	-9.1
11:18:57.127	-9.3
11:18:57.135	-9.8
11:18:57.147	-11.3
11:18:57.160	-11.5
11:18:57.168	-12.1
11:18:57.180	-12.0
11:18:57.192	-13.0
11:18:57.200	-14.8
11:18:57.213	-13.3
11:18:57.225	-13.2
11:18:57.237	-13.5
11:18:57.245	-13.4
11:18:57.258	-13.8
11:18:57.270	-12.4
11:18:57.278	-12.4
11:18:57.291	-12.5
11:18:57.303	-12.1
11:18:57.311	-12.1
11:18:57.323	-13.2
11:18:57.336	-15.6
11:18:57.344	-12.5
11:18:57.356	-10.9
11:18:57.368	-8.9
11:18:57.381	-9.5
11:18:57.389	-9.0
11:18:57.401	-10.6
11:18:57.413	-9.2
11:18:57.422	-8.6
11:18:57.434	-7.9
11:18:57.446	-6.3
11:18:57.454	-6.4
11:18:57.467	-7.0
11:18:57.479	-7.1
11:18:57.487	-7.0
11:18:57.499	-5.9
11:18:57.512	-5.2
11:18:57.524	-6.7
11:18:57.532	-5.4
11:18:57.544	-4.9
11:18:57.557	-4.0
11:18:57.565	-4.9
11:18:57.577	-3.9
11:18:57.589	-4.7
11:18:57.598	-4.0
11:18:57.610	-6.3
11:18:57.622	-5.0
11:18:57.635	-5.4
11:18:57.643	-6.9
11:18:57.655	-6.2
11:18:57.667	-7.7
11:18:57.675	-6.3
11:18:57.688	-6.8
11:18:57.700	-4.6
11:18:57.713	-4.8
11:18:57.721	-4.1
11:18:57.733	-4.0
11:18:57.745	-2.5
11:18:57.754	-1.5
11:18:57.766	-1.9
11:18:57.778	-1.0
11:18:57.786	-2.4
11:18:57.799	-2.1
11:18:57.811	-2.0
11:18:57.819	-1.2
11:18:57.831	-0.2
11:18:57.844	0.0
11:18:57.856	1.2
11:18:57.864	0.9
11:18:57.876	3.2
11:18:57.889	3.9
11:18:57.897	3.9
11:18:57.909	2.3
11:18:57.921	1.4
11:18:57.934	0.7
11:18:57.942	-0.4
11:18:57.954	-1.5
11:18:57.966	-3.3
11:18:57.975	-3.5
11:18:57.987	-5.3
11:18:57.999	-4.8
11:18:58.007	-5.2
11:18:58.020	-3.0
11:18:58.032	-3.1
11:18:58.040	-3.3
11:18:58.053	-1.8
11:18:58.065	-1.0
11:18:58.073	0.1
11:18:58.085	1.1
11:18:58.097	3.6
11:18:58.110	2.4
11:18:58.118	2.9
11:18:58.130	2.6
11:18:58.142	3.0
11:18:58.151	3.6
11:18:58.163	2.6
11:18:58.175	1.4
11:18:58.188	2.3
11:18:58.196	1.8
11:18:58.208	-0.9
11:18:58.220	1.4
11:18:58.229	2.8
11:18:58.241	3.4
11:18:58.253	4.4
11:18:58.261	5.1
11:18:58.274	6.9
11:18:58.286	9.1
11:18:58.294	9.3
11:18:58.307	11.0
11:18:58.319	11.8
11:18:58.327	12.0
11:18:58.339	12.8
11:18:58.352	13.9
11:18:58.364	13.9
11:18:58.372	12.9
11:18:58.384	13.9
11:18:58.397	14.4
11:18:58.405	13.8
11:18:58.417	12.9
11:18:58.429	13.0
11:18:58.438	13.3
11:18:58.450	14.4
11:18:58.462	13.6
11:18:58.470	14.8
11:18:58.483	15.5
11:18:58.495	15.7
11:18:58.507	15.0
11:18:58.515	16.2
11:18:58.528	16.2
11:18:58.540	16.1
11:18:58.548	14.6
11:18:58.560	13.2
11:18:58.573	12.4
11:18:58.581	10.8
11:18:58.593	13.0
11:18:58.605	10.7
11:18:58.618	11.3
11:18:58.626	10.3
11:18:58.638	10.8
11:18:58.651	10.5
11:18:58.659	12.1
11:18:58.671	13.7
11:18:58.683	13.4
11:18:58.691	15.0
11:18:58.704	14.8
11:18:58.716	16.8
11:18:58.724	17.4
11:18:58.737	17.0
11:18:58.749	17.1
11:18:58.757	17.2
11:18:58.769	18.1
11:18:58.782	16.4
11:18:58.794	18.2
11:18:58.802	16.8
11:18:58.814	15.2
11:18:58.827	13.1
11:18:58.835	11.1
11:18:58.847	11.5
11:18:58.859	12.3
11:18:58.872	12.0
11:18:58.880	9.7
11:18:58.892	10.6
11:18:58.904	11.1
11:18:58.913	13.4
11:18:58.925	13.2
11:18:58.937	13.2
11:18:58.945	16.6
11:18:58.958	17.3
11:18:58.970	15.5
11:18:58.978	17.1
11:18:58.990	19.6
11:18:59.003	19.8
11:18:59.011	20.0
11:18:59.023	18.5
11:18:59.036	20.9
11:18:59.048	21.5
11:18:59.056	19.9
11:18:59.068	20.1
11:18:59.081	20.4
11:18:59.089	20.0
11:18:59.101	19.8
11:18:59.113	19.9
11:18:59.122	19.4
11:18:59.134	19.4
11:18:59.146	18.2
11:18:59.158	19.7
11:18:59.167	18.9
11:18:59.179	20.5
11:18:59.191	21.4
11:18:59.199	22.1
11:18:59.212	23.2
11:18:59.224	22.2
11:18:59.232	22.4
11:18:59.244	23.4
11:18:59.257	23.7
11:18:59.265	23.0
11:18:59.277	26.1
11:18:59.289	26.1
11:18:59.302	25.0
11:18:59.310	24.5
11:18:59.322	22.6
11:18:59.335	22.3
11:18:59.343	22.5
11:18:59.355	21.9
11:18:59.367	21.0
11:18:59.375	22.2
11:18:59.388	19.3
11:18:59.400	18.0
11:18:59.408	19.9
11:18:59.421	20.0
11:18:59.433	20.3
11:18:59.445	18.7
11:18:59.453	17.7
11:18:59.466	16.9
11:18:59.478	16.1
11:18:59.490	14.9
11:18:59.498	18.4
11:18:59.511	17.3
11:18:59.523	16.9
11:18:59.531	14.7
11:18:59.543	14.7
11:18:59.556	15.8
11:18:59.564	15.0
11:18:59.576	17.4
11:18:59.588	17.9
11:18:59.601	16.8
11:18:59.609	11.4
11:18:59.621	12.4
11:18:59.633	11.8
11:18:59.642	13.4
11:18:59.654	13.1
11:18:59.666	12.4
11:18:59.674	12.9
11:18:59.687	10.0
11:18:59.699	12.5
11:18:59.707	13.8
11:18:59.720	16.6
11:18:59.732	15.3
11:18:59.740	13.8
11:18:59.753	13.5
11:18:59.765	13.2
11:18:59.777	14.1
11:18:59.785	14.7
11:18:59.798	15.7
11:18:59.810	12.3
11:18:59.818	12.5
11:18:59.830	10.5
11:18:59.843	10.2
11:18:59.855	12.7
11:18:59.863	10.2
11:18:59.876	6.4
11:18:59.888	4.4
11:18:59.896	1.4
11:18:59.908	-1.0
11:18:59.921	-1.5
11:18:59.929	-4.1
11:18:59.941	-4.6
11:18:59.953	-6.2
11:18:59.962	-9.7
11:18:59.974	-6.7
11:18:59.986	-3.3
11:18:59.994	-1.5
11:19:00.007	-1.8
11:19:00.019	-1.2
11:19:00.031	0.0
11:19:00.039	-1.1
11:19:00.052	-2.0
11:19:00.064	-0.9
11:19:00.072	-1.1
11:19:00.084	-7.6
11:19:00.097	-8.4
11:19:00.109	-10.6
11:19:00.117	-9.5
11:19:00.129	-10.6
11:19:00.142	-12.6
11:19:00.150	-12.3
11:19:00.162	-13.1
11:19:00.174	-12.4
11:19:00.183	-13.9
11:19:00.195	-9.7
11:19:00.207	-10.0
11:19:00.215	-9.3
11:19:00.228	-10.1
11:19:00.240	-11.9
11:19:00.248	-11.0
11:19:00.260	-9.5
11:19:00.273	-7.4
11:19:00.285	-9.0
11:19:00.293	-7.5
11:19:00.305	-8.3
11:19:00.318	-9.2
11:19:00.326	-10.8
11:19:00.338	-10.7
11:19:00.350	-8.8
11:19:00.359	-11.2
11:19:00.371	-10.8
11:19:00.383	-12.3
11:19:00.391	-12.8
11:19:00.404	-13.7
11:19:00.416	-12.8
11:19:00.428	-13.8
11:19:00.437	-13.7
11:19:00.449	-12.7
11:19:00.461	-12.8
11:19:00.469	-10.8
11:19:00.482	-12.5
11:19:00.494	-12.1
11:19:00.502	-10.9
11:19:00.514	-9.6
11:19:00.527	-8.4
11:19:00.539	-8.0
11:19:00.547	-7.5
11:19:00.559	-8.0
11:19:00.572	-8.9
11:19:00.580	-8.6
11:19:00.592	-6.4
11:19:00.604	-6.2
11:19:00.613	-4.8
11:19:00.625	-4.9
11:19:00.637	-5.6
11:19:00.645	-5.2
11:19:00.658	-4.6
11:19:00.670	-2.5
11:19:00.678	-0.5
11:19:00.690	1.4
11:19:00.703	1.0
11:19:00.715	4.8
11:19:00.723	3.7
11:19:00.735	4.6
11:19:00.748	5.2
11:19:00.756	8.0
11:19:00.768	10.5
11:19:00.780	11.2
11:19:00.793	11.7
11:19:00.801	11.7
11:19:00.813	12.5
11:19:00.826	9.6
11:19:00.834	11.3
11:19:00.846	12.0
11:19:00.858	12.3
11:19:00.867	11.7
11:19:00.879	10.8
11:19:00.891	10.5
11:19:00.899	10.3
11:19:00.912	10.7
11:19:00.924	9.2
11:19:00.932	9.9
11:19:00.945	10.3
11:19:00.957	10.5
11:19:00.969	10.5
11:19:00.977	10.0
11:19:00.990	9.6
11:19:01.002	9.9
11:19:01.010	10.4
11:19:01.023	8.2
11:19:01.035	8.7
11:19:01.043	9.0
11:19:01.055	7.5
11:19:01.068	9.3
11:19:01.080	8.7
11:19:01.088	8.3
11:19:01.100	10.1
11:19:01.113	10.0
11:19:01.121	10.0
11:19:01.133	11.0
11:19:01.145	12.6
11:19:01.154	11.8
11:19:01.166	14.4
11:19:01.178	12.5
11:19:01.186	14.8
11:19:01.199	18.9
11:19:01.211	17.4
11:19:01.223	16.5
11:19:01.231	17.3
11:19:01.244	17.2
11:19:01.256	17.2
11:19:01.264	17.7
11:19:01.277	15.2
11:19:01.289	14.2
11:19:01.297	13.5
11:19:01.309	11.0
11:19:01.321	12.6
11:19:01.330	13.1
11:19:01.342	12.6
11:19:01.354	13.9
11:19:01.366	12.8
11:19:01.375	12.5
11:19:01.387	13.0
11:19:01.399	15.5
11:19:01.407	14.2
11:19:01.420	14.3
11:19:01.432	14.9
11:19:01.441	16.2
11:19:01.452	16.5
11:19:01.465	16.6
11:19:01.477	16.6
11:19:01.485	18.7
11:19:01.498	20.1
11:19:01.510	19.5
11:19:01.522	22.0
11:19:01.530	21.7
11:19:01.543	20.6
11:19:01.555	19.4
11:19:01.563	18.6
11:19:01.575	22.8
11:19:01.588	22.7
11:19:01.596	20.6
11:19:01.608	20.3
11:19:01.620	19.9
11:19:01.629	17.1
11:19:01.641	16.6
11:19:01.653	16.9
11:19:01.661	17.1
11:19:01.674	17.6
11:19:01.686	13.5
11:19:01.698	17.5
11:19:01.706	19.4
11:19:01.719	20.4
11:19:01.731	19.6
11:19:01.739	19.2
11:19:01.751	19.5
11:19:01.764	20.6
11:19:01.776	20.7
11:19:01.784	21.1
11:19:01.796	20.3
11:19:01.809	16.8
11:19:01.817	16.0
11:19:01.829	15.2
11:19:01.841	14.8
11:19:01.850	16.9
11:19:01.862	15.9
11:19:01.874	18.3
11:19:01.882	18.6
11:19:01.895	18.1
11:19:01.907	18.0
11:19:01.915	17.6
11:19:01.927	18.2
11:19:01.940	17.1
11:19:01.952	19.5
11:19:01.960	17.0
11:19:01.972	19.6
11:19:01.985	16.7
11:19:01.993	17.5
11:19:02.005	17.7
11:19:02.018	19.3
11:19:02.030	19.0
11:19:02.038	18.8
11:19:02.050	20.3
11:19:02.063	18.8
11:19:02.071	21.4
11:19:02.083	20.0
11:19:02.095	18.0
11:19:02.104	16.0
11:19:02.116	15.2
11:19:02.128	15.2
11:19:02.136	18.9
11:19:02.149	18.4
11:19:02.161	18.5
11:19:02.169	17.8
11:19:02.181	18.1
11:19:02.194	17.2
11:19:02.206	19.3
11:19:02.214	19.8
11:19:02.226	21.2
11:19:02.239	18.3
11:19:02.247	15.9
11:19:02.259	14.6
11:19:02.271	13.8
11:19:02.280	14.9
11:19:02.292	14.1
11:19:02.304	14.8
11:19:02.312	12.9
11:19:02.325	12.7
11:19:02.337	12.4
11:19:02.349	15.3
11:19:02.357	15.4
11:19:02.370	17.4
11:19:02.382	16.9
11:19:02.390	20.4
11:19:02.402	20.9
11:19:02.415	20.0
11:19:02.423	21.9
11:19:02.436	23.9
11:19:02.448	24.8
11:19:02.460	24.5
11:19:02.468	23.9
11:19:02.480	25.1
11:19:02.493	24.7
11:19:02.501	21.9
11:19:02.513	21.8
11:19:02.525	22.6
11:19:02.533	21.5
11:19:02.546	19.7
11:19:02.558	17.9
11:19:02.566	16.5
11:19:02.579	18.1
11:19:02.591	16.0
11:19:02.599	15.6
11:19:02.611	15.1
11:19:02.624	14.1
11:19:02.636	13.4
11:19:02.644	11.9
11:19:02.656	13.1
11:19:02.669	12.1
11:19:02.677	11.5
11:19:02.689	10.0
11:19:02.701	9.1
11:19:02.714	10.7
11:19:02.722	9.3
11:19:02.734	10.2
11:19:02.746	10.8
11:19:02.755	13.7
11:19:02.767	10.6
11:19:02.779	11.9
11:19:02.787	10.6
11:19:02.800	9.4
11:19:02.812	10.0
11:19:02.820	8.4
11:19:02.833	9.8
11:19:02.845	8.2
11:19:02.853	7.3
11:19:02.865	5.1
11:19:02.877	6.4
11:19:02.890	6.1
11:19:02.898	8.9
11:19:02.910	9.3
11:19:02.923	7.0
11:19:02.931	6.3
11:19:02.943	4.1
11:19:02.955	5.8
11:19:02.964	5.9
11:19:02.976	6.4
11:19:02.988	6.0
11:19:03.000	5.1
11:19:03.009	2.8
11:19:03.021	3.3
11:19:03.033	5.8
11:19:03.041	4.8
11:19:03.054	5.1
11:19:03.066	2.7
11:19:03.074	3.4
11:19:03.086	2.6
11:19:03.099	2.9
11:19:03.107	3.9
11:19:03.119	3.3
11:19:03.131	2.0
11:19:03.144	0.4
11:19:03.152	1.1
11:19:03.164	1.0
11:19:03.176	-0.6
11:19:03.185	-1.7
11:19:03.197	-2.4
11:19:03.209	-2.6
11:19:03.217	-3.7
11:19:03.230	-0.9
11:19:03.242	-1.8
11:19:03.250	-1.2
11:19:03.262	-0.9
11:19:03.275	-0.1
11:19:03.287	1.4
11:19:03.295	0.2
11:19:03.307	-0.1
11:19:03.320	-1.1
11:19:03.328	-1.1
11:19:03.340	-4.1
11:19:03.353	-1.6
11:19:03.361	-3.2
11:19:03.373	-2.6
11:19:03.385	-2.2
11:19:03.398	-2.4
11:19:03.406	-2.5
11:19:03.418	-3.3
11:19:03.430	-4.4
11:19:03.439	-6.0
11:19:03.451	-4.4
11:19:03.463	-7.5
11:19:03.471	-9.1
11:19:03.484	-9.8
11:19:03.496	-11.8
11:19:03.508	-13.6
11:19:03.516	-12.6
11:19:03.529	-13.0
11:19:03.541	-14.1
11:19:03.549	-13.8
11:19:03.562	-17.0
11:19:03.574	-16.7
11:19:03.582	-15.9
11:19:03.594	-17.8
11:19:03.606	-17.7
11:19:03.619	-18.2
11:19:03.627	-18.8
11:19:03.639	-18.6
11:19:03.651	-17.1
11:19:03.660	-17.8
11:19:03.672	-17.1
11:19:03.684	-16.9
11:19:03.696	-15.2
11:19:03.705	-14.5
11:19:03.717	-16.8
11:19:03.729	-16.4
11:19:03.737	-18.3
11:19:03.750	-19.3
11:19:03.762	-19.2
11:19:03.770	-16.5
11:19:03.783	-15.9
11:19:03.795	-15.2
11:19:03.803	-17.7
11:19:03.815	-18.4
11:19:03.828	-17.0
11:19:03.836	-15.1
11:19:03.848	-14.5
11:19:03.860	-14.5
11:19:03.873	-14.5
11:19:03.881	-16.0
11:19:03.893	-14.5
11:19:03.905	-14.8
11:19:03.914	-12.7
11:19:03.926	-11.3
11:19:03.938	-12.9
11:19:03.951	-14.2
11:19:03.959	-13.9
11:19:03.971	-12.8
11:19:03.983	-12.9
11:19:03.992	-11.9
11:19:04.004	-12.1
11:19:04.016	-9.8
11:19:04.024	-10.2
11:19:04.037	-11.0
11:19:04.049	-8.8
11:19:04.057	-8.0
11:19:04.069	-9.0
11:19:04.082	-7.2
11:19:04.090	-6.1
11:19:04.102	-5.5
11:19:04.115	-4.6
11:19:04.127	-5.7
11:19:04.135	-2.4
11:19:04.147	-0.9
11:19:04.160	0.0
11:19:04.168	0.6
11:19:04.180	1.9
11:19:04.192	2.1
11:19:04.201	2.4
11:19:04.213	2.1
11:19:04.225	2.1
11:19:04.233	1.6
11:19:04.246	0.2
11:19:04.258	1.4
11:19:04.270	2.2
11:19:04.278	2.2
11:19:04.291	5.7
11:19:04.303	5.5
11:19:04.311	6.2
11:19:04.323	7.7
11:19:04.336	8.0
11:19:04.344	7.3
11:19:04.356	9.0
11:19:04.368	8.3
11:19:04.381	9.7
11:19:04.389	11.1
11:19:04.401	8.9
11:19:04.414	10.4
11:19:04.422	10.6
11:19:04.434	10.5
11:19:04.446	12.3
11:19:04.454	15.3
11:19:04.467	13.7
11:19:04.479	15.1
11:19:04.487	13.9
11:19:04.499	14.5
11:19:04.512	16.8
11:19:04.520	16.7
11:19:04.532	19.3
11:19:04.545	17.9
11:19:04.557	16.7
11:19:04.565	15.3
11:19:04.577	16.8
11:19:04.590	17.0
11:19:04.597	19.1
11:19:04.610	18.4
11:19:04.622	17.7
11:19:04.634	17.8
11:19:04.642	15.5
11:19:04.655	15.6
11:19:04.667	15.2
11:19:04.675	15.9
11:19:04.687	13.8
11:19:04.700	11.6
11:19:04.708	9.9
11:19:04.720	10.8
11:19:04.732	10.5
11:19:04.741	10.7
11:19:04.753	9.2
11:19:04.765	11.5
11:19:04.774	11.4
11:19:04.787	12.0
11:19:04.799	12.1
11:19:04.811	11.5
11:19:04.819	11.5
11:19:04.832	13.3
11:19:04.844	14.7
11:19:04.852	15.7
11:19:04.865	18.1
11:19:04.877	19.0
11:19:04.885	19.1
11:19:04.897	17.4
11:19:04.910	18.4
11:19:04.922	22.4
11:19:04.930	23.0
11:19:04.942	21.1
11:19:04.955	18.2
11:19:04.963	16.1
11:19:04.975	15.9
11:19:04.987	17.1
11:19:04.996	17.4
11:19:05.008	18.6
11:19:05.020	18.6
11:19:05.028	15.4
11:19:05.041	16.2
11:19:05.053	16.6
11:19:05.065	18.8
11:19:05.073	21.3
11:19:05.086	21.0
11:19:05.098	18.2
11:19:05.106	17.8
11:19:05.118	17.0
11:19:05.131	17.7
11:19:05.139	18.1
11:19:05.151	18.5
11:19:05.163	18.6
11:19:05.172	19.9
11:19:05.184	18.1
11:19:05.196	17.8
11:19:05.208	17.9
11:19:05.217	18.0
11:19:05.229	19.4
11:19:05.241	18.5
11:19:05.249	19.3
11:19:05.262	19.4
11:19:05.274	19.4
11:19:05.282	16.8
11:19:05.295	18.4
11:19:05.307	19.1
11:19:05.319	19.6
11:19:05.327	19.8
11:19:05.339	19.3
11:19:05.352	20.3
11:19:05.360	20.4
11:19:05.372	18.7
11:19:05.385	18.1
11:19:05.393	20.5
11:19:05.405	19.8
11:19:05.417	18.2
11:19:05.425	18.5
11:19:05.437	18.0
11:19:05.449	17.4
11:19:05.462	15.7
11:19:05.470	15.0
11:19:05.482	15.5
11:19:05.494	14.4
11:19:05.503	13.6
11:19:05.515	11.9
11:19:05.527	12.9
11:19:05.539	11.5
11:19:05.548	12.4
11:19:05.560	12.0
11:19:05.572	12.5
11:19:05.580	13.1
11:19:05.593	13.0
11:19:05.605	13.8
11:19:05.617	13.5
11:19:05.625	14.2
11:19:05.638	15.1
11:19:05.650	15.9
11:19:05.658	15.1
11:19:05.671	14.9
11:19:05.683	14.4
11:19:05.691	13.7
11:19:05.703	12.1
11:19:05.716	11.2
11:19:05.724	12.1
11:19:05.736	10.4
11:19:05.748	8.3
11:19:05.757	8.7
11:19:05.769	8.1
11:19:05.781	8.3
11:19:05.793	9.3
11:19:05.802	8.1
11:19:05.814	9.0
11:19:05.826	8.5
11:19:05.834	6.1
11:19:05.847	8.1
11:19:05.859	9.4
11:19:05.872	7.5
11:19:05.880	8.1
11:19:05.893	7.7
11:19:05.905	8.4
11:19:05.913	10.6
11:19:05.925	10.8
11:19:05.938	13.0
11:19:05.946	13.4
11:19:05.958	12.6
11:19:05.970	10.6
11:19:05.979	9.6
11:19:05.991	10.0
11:19:06.003	9.1
11:19:06.011	8.2
11:19:06.024	5.2
11:19:06.036	4.4
11:19:06.048	1.4
11:19:06.056	4.7
11:19:06.069	4.0
11:19:06.081	4.8
11:19:06.089	4.5
11:19:06.101	3.1
11:19:06.114	4.6
11:19:06.122	3.1
11:19:06.134	5.0
11:19:06.146	5.6
11:19:06.155	5.2
11:19:06.167	2.9
11:19:06.179	3.8
11:19:06.192	2.9
11:19:06.200	4.2
11:19:06.212	3.0
11:19:06.224	1.0
11:19:06.232	0.4
11:19:06.245	0.0
11:19:06.257	-2.2
11:19:06.265	-1.2
11:19:06.278	-2.7
11:19:06.290	-3.9
11:19:06.302	-4.3
11:19:06.310	-6.4
11:19:06.323	-6.6
11:19:06.335	-6.0
11:19:06.343	-5.6
11:19:06.355	-6.0
11:19:06.368	-4.6
11:19:06.376	-5.0
11:19:06.388	-6.1
11:19:06.400	-5.9
11:19:06.409	-6.3
11:19:06.421	-3.7
11:19:06.433	-2.7
11:19:06.441	-3.4
11:19:06.454	-4.2
11:19:06.466	-4.5
11:19:06.478	-6.8
11:19:06.486	-7.8
11:19:06.499	-6.1
11:19:06.511	-6.9
11:19:06.519	-7.5
11:19:06.531	-10.7
11:19:06.544	-9.9
11:19:06.556	-8.4
11:19:06.564	-7.5
11:19:06.576	-9.0
11:19:06.589	-9.6
11:19:06.597	-9.6
11:19:06.609	-11.5
11:19:06.621	-14.2
11:19:06.630	-14.8
11:19:06.642	-15.1
11:19:06.654	-17.7
11:19:06.662	-20.5
11:19:06.675	-21.8
11:19:06.687	-23.2
11:19:06.695	-22.5
11:19:06.707	-23.1
11:19:06.720	-24.5
11:19:06.732	-23.2
11:19:06.740	-23.5
11:19:06.753	-21.6
11:19:06.765	-22.5
11:19:06.773	-21.3
11:19:06.785	-22.9
11:19:06.798	-22.0
11:19:06.806	-22.5
11:19:06.818	-23.4
11:19:06.830	-25.2
11:19:06.843	-25.6
11:19:06.851	-26.3
11:19:06.863	-27.9
11:19:06.875	-27.0
11:19:06.884	-30.0
11:19:06.896	-28.9
11:19:06.908	-28.7
11:19:06.916	-29.0
11:19:06.929	-28.6
11:19:06.941	-26.8
11:19:06.949	-25.4
11:19:06.961	-23.2
11:19:06.974	-25.2
11:19:06.986	-25.6
11:19:06.994	-24.1
11:19:07.007	-24.4
11:19:07.019	-25.9
11:19:07.027	-25.8
11:19:07.039	-26.5
11:19:07.051	-29.3
11:19:07.060	-31.5
11:19:07.072	-34.5
11:19:07.084	-33.9
11:19:07.092	-33.9
11:19:07.105	-33.2
11:19:07.117	-32.7
11:19:07.129	-29.7
11:19:07.137	-29.4
11:19:07.150	-30.5
11:19:07.162	-27.9
11:19:07.170	-28.3
11:19:07.182	-26.8
11:19:07.195	-25.7
11:19:07.203	-27.0
11:19:07.215	-28.6
11:19:07.228	-29.5
11:19:07.240	-32.7
11:19:07.248	-33.6
11:19:07.260	-30.9
11:19:07.273	-30.7
11:19:07.281	-28.8
11:19:07.293	-27.8
11:19:07.305	-27.2
11:19:07.314	-25.7
11:19:07.326	-25.2
11:19:07.338	-27.8
11:19:07.346	-26.1
11:19:07.359	-25.0
11:19:07.371	-26.7
11:19:07.379	-25.7
11:19:07.391	-24.4
11:19:07.404	-24.6
11:19:07.416	-24.2
11:19:07.424	-26.1
11:19:07.437	-26.7
11:19:07.449	-22.2
11:19:07.461	-21.8
11:19:07.469	-22.5
11:19:07.482	-21.1
11:19:07.494	-18.5
11:19:07.502	-20.1
11:19:07.514	-19.9
11:19:07.527	-19.8
11:19:07.539	-15.2
11:19:07.547	-12.1
11:19:07.560	-11.4
11:19:07.572	-10.7
11:19:07.580	-9.6
11:19:07.592	-9.0
11:19:07.605	-12.0
11:19:07.613	-11.4
11:19:07.625	-12.2
11:19:07.638	-13.6
11:19:07.646	-15.1
11:19:07.658	-16.7
11:19:07.670	-18.6
11:19:07.678	-19.1
11:19:07.691	-18.8
11:19:07.703	-18.9
11:19:07.715	-19.4
11:19:07.723	-19.0
11:19:07.736	-16.8
11:19:07.748	-12.1
11:19:07.756	-12.5
11:19:07.768	-9.9
11:19:07.781	-9.5
11:19:07.793	-8.1
11:19:07.801	-7.1
11:19:07.813	-4.4
11:19:07.826	-2.2
11:19:07.834	-0.9
11:19:07.846	-2.0
11:19:07.858	-5.3
11:19:07.867	-4.0
11:19:07.879	-4.0
11:19:07.891	-0.9
11:19:07.899	1.5
11:19:07.912	1.8
11:19:07.924	-0.4
11:19:07.932	0.9
11:19:07.944	1.0
11:19:07.957	3.1
11:19:07.969	4.7
11:19:07.977	5.6
11:19:07.989	7.1
11:19:08.002	7.4
11:19:08.010	8.2
11:19:08.022	10.0
11:19:08.035	11.6
11:19:08.043	12.5
11:19:08.055	12.6
11:19:08.067	13.8
11:19:08.076	15.5
11:19:08.088	16.5
11:19:08.100	17.3
11:19:08.113	18.3
11:19:08.121	18.1
11:19:08.133	18.2
11:19:08.145	19.1
11:19:08.153	19.2
11:19:08.166	21.2
11:19:08.178	20.4
11:19:08.186	19.9
11:19:08.198	19.8
11:19:08.210	18.2
11:19:08.222	16.3
11:19:08.230	16.8
11:19:08.243	17.1
11:19:08.255	17.2
11:19:08.263	16.7
11:19:08.276	16.9
11:19:08.288	16.2
11:19:08.296	15.8
11:19:08.308	15.7
11:19:08.321	15.9
11:19:08.329	16.3
11:19:08.341	16.0
11:19:08.353	16.0
11:19:08.362	15.4
11:19:08.374	16.1
11:19:08.386	13.1
11:19:08.398	13.7
11:19:08.407	13.7
11:19:08.419	14.7
11:19:08.431	14.3
11:19:08.439	14.4
11:19:08.452	12.5
11:19:08.464	10.7
11:19:08.476	10.3
11:19:08.484	9.5
11:19:08.497	10.6
11:19:08.509	9.6
11:19:08.517	9.2
11:19:08.529	8.2
11:19:08.542	8.5
11:19:08.550	7.9
11:19:08.562	7.2
11:19:08.574	9.3
11:19:08.583	9.4
11:19:08.595	7.3
11:19:08.607	5.3
11:19:08.615	4.9
11:19:08.628	4.7
11:19:08.640	2.7
11:19:08.653	2.0
11:19:08.661	0.7
11:19:08.673	2.1
11:19:08.685	-0.4
11:19:08.694	-3.2
11:19:08.707	-3.4
11:19:08.719	-2.4
11:19:08.727	-2.4
11:19:08.739	-4.8
11:19:08.752	-5.1
11:19:08.764	-7.1
11:19:08.772	-6.3
11:19:08.784	-9.0
11:19:08.797	-9.0
11:19:08.805	-7.5
11:19:08.817	-6.9
11:19:08.829	-6.7
11:19:08.838	-8.2
11:19:08.850	-7.0
11:19:08.862	-7.0
11:19:08.870	-4.6
11:19:08.883	-4.7
11:19:08.895	-3.0
11:19:08.907	-4.8
11:19:08.915	-3.1
11:19:08.928	-4.2
11:19:08.940	-3.0
11:19:08.948	-1.5
11:19:08.960	-0.6
11:19:08.972	1.1
11:19:08.980	0.2
11:19:08.993	0.4
11:19:09.005	-0.4
11:19:09.013	2.2
11:19:09.025	0.2
11:19:09.038	1.1
11:19:09.050	-1.7
11:19:09.058	-2.2
11:19:09.070	-2.9
11:19:09.083	-4.9
11:19:09.091	-4.6
11:19:09.103	-5.6
11:19:09.116	-6.2
11:19:09.124	-7.4
11:19:09.136	-6.6
11:19:09.148	-6.0
11:19:09.161	-4.9
11:19:09.169	-3.8
11:19:09.181	-4.0
11:19:09.193	-2.6
11:19:09.201	-4.8
11:19:09.214	-4.3
11:19:09.226	-3.7
11:19:09.234	-3.5
11:19:09.247	-4.9
11:19:09.259	-5.4
11:19:09.267	-4.6
11:19:09.279	-5.6
11:19:09.292	-5.2
11:19:09.300	-5.7
11:19:09.312	-4.6
11:19:09.324	-5.0
11:19:09.337	-3.8
11:19:09.345	-4.3
11:19:09.357	-0.9
11:19:09.369	-0.7
11:19:09.378	-1.3
11:19:09.390	-0.7
11:19:09.402	-1.9
11:19:09.414	0.1
11:19:09.423	1.4
11:19:09.435	2.2
11:19:09.447	0.7
11:19:09.455	1.8
11:19:09.468	1.2
11:19:09.480	1.5
11:19:09.488	3.0
11:19:09.500	4.4
11:19:09.513	6.4
11:19:09.521	4.3
11:19:09.533	5.8
11:19:09.546	5.6
11:19:09.554	4.8
11:19:09.566	6.1
11:19:09.578	5.3
11:19:09.591	5.8
11:19:09.599	5.5
11:19:09.611	5.8
11:19:09.623	5.8
11:19:09.632	8.1
11:19:09.644	7.4
11:19:09.656	8.7
11:19:09.668	11.3
11:19:09.677	10.6
11:19:09.689	10.9
11:19:09.701	12.4
11:19:09.713	11.5
11:19:09.722	8.7
11:19:09.734	7.9
11:19:09.746	5.5
11:19:09.754	4.7
11:19:09.767	3.0
11:19:09.779	2.2
11:19:09.787	2.8
11:19:09.800	2.1
11:19:09.812	0.5
11:19:09.820	2.0
11:19:09.832	3.7
11:19:09.845	4.2
11:19:09.853	6.4
11:19:09.865	7.2
11:19:09.877	9.3
11:19:09.890	8.5
11:19:09.898	8.2
11:19:09.910	10.2
11:19:09.922	11.4
11:19:09.931	11.7
11:19:09.943	12.4
11:19:09.955	14.1
11:19:09.963	15.2
11:19:09.976	18.4
11:19:09.988	21.3
11:19:09.996	25.9
11:19:10.008	27.2
11:19:10.021	29.2
11:19:10.033	31.0
11:19:10.041	33.1
11:19:10.053	36.4
11:19:10.066	38.0
11:19:10.074	39.8
11:19:10.086	38.4
11:19:10.098	37.0
11:19:10.107	35.5
11:19:10.119	35.1
11:19:10.131	34.4
11:19:10.143	34.6
11:19:10.152	34.0
11:19:10.164	34.7
11:19:10.176	33.1
11:19:10.184	31.1
11:19:10.197	29.4
11:19:10.209	28.6
11:19:10.217	28.2
11:19:10.229	30.1
11:19:10.242	29.9
11:19:10.250	28.7
11:19:10.262	31.3
11:19:10.275	28.5
11:19:10.283	29.3
11:19:10.295	31.0
11:19:10.307	31.8
11:19:10.320	33.4
11:19:10.328	32.4
11:19:10.340	31.8
11:19:10.352	31.9
11:19:10.361	31.4
11:19:10.373	29.4
11:19:10.385	29.7
11:19:10.397	29.8
11:19:10.406	27.3
11:19:10.418	26.9
11:19:10.430	25.5
11:19:10.438	26.5
11:19:10.451	26.6
11:19:10.463	27.7
11:19:10.471	28.9
11:19:10.484	27.1
11:19:10.496	27.9
11:19:10.504	27.9
11:19:10.516	29.0
11:19:10.528	28.9
11:19:10.537	27.3
11:19:10.549	26.6
11:19:10.561	25.6
11:19:10.573	23.8
11:19:10.582	24.2
11:19:10.594	25.7
11:19:10.606	23.8
11:19:10.615	23.8
11:19:10.627	23.5
11:19:10.639	23.1
11:19:10.647	24.6
11:19:10.660	24.6
11:19:10.672	23.6
11:19:10.684	23.4
11:19:10.692	21.2
11:19:10.705	19.8
11:19:10.717	19.9
11:19:10.725	18.9
11:19:10.737	17.2
11:19:10.750	18.3
11:19:10.758	18.4
11:19:10.770	17.9
11:19:10.782	19.1
11:19:10.791	20.4
11:19:10.803	20.2
11:19:10.815	21.2
11:19:10.828	20.6
11:19:10.836	19.7
11:19:10.848	20.6
11:19:10.860	19.5
11:19:10.868	19.1
11:19:10.881	19.7
11:19:10.893	18.5
11:19:10.901	17.8
11:19:10.913	18.7
11:19:10.926	18.0
11:19:10.934	18.6
11:19:10.946	20.4
11:19:10.959	22.8
11:19:10.971	24.4
11:19:10.979	26.5
11:19:10.991	27.4
11:19:11.004	28.4
11:19:11.012	27.4
11:19:11.024	27.1
11:19:11.036	26.6
11:19:11.045	26.8
11:19:11.057	25.7
11:19:11.069	24.3
11:19:11.081	23.6
11:19:11.090	21.4
11:19:11.102	22.3
11:19:11.114	20.6
11:19:11.122	20.5
11:19:11.135	21.5
11:19:11.147	21.0
11:19:11.155	19.7
11:19:11.168	21.1
11:19:11.180	22.3
11:19:11.188	22.6
11:19:11.200	21.6
11:19:11.212	20.7
11:19:11.221	21.7
11:19:11.233	23.5
11:19:11.245	21.7
11:19:11.257	20.8
11:19:11.266	21.7
11:19:11.278	20.1
11:19:11.290	19.0
11:19:11.299	18.5
11:19:11.311	20.0
11:19:11.323	20.6
11:19:11.335	21.8
11:19:11.344	20.9
11:19:11.356	20.7
11:19:11.368	23.0
11:19:11.376	23.4
11:19:11.389	24.3
11:19:11.401	25.0
11:19:11.413	25.2
11:19:11.421	24.3
11:19:11.434	24.0
11:19:11.446	22.2
11:19:11.454	20.5
11:19:11.466	19.9
11:19:11.479	19.7
11:19:11.487	18.2
11:19:11.500	16.5
11:19:11.512	14.3
11:19:11.520	13.0
11:19:11.532	12.2
11:19:11.544	11.1
11:19:11.557	10.8
11:19:11.565	9.6
11:19:11.578	8.4
11:19:11.586	5.7
11:19:11.598	5.9
11:19:11.610	6.7
11:19:11.623	4.8
11:19:11.631	4.9
11:19:11.643	4.6
11:19:11.655	3.8
11:19:11.668	3.2
11:19:11.676	5.1
11:19:11.688	6.0
11:19:11.700	6.6
11:19:11.709	5.0
11:19:11.721	2.1
11:19:11.733	1.8
11:19:11.741	0.1
11:19:11.754	0.7
11:19:11.766	-2.3
11:19:11.774	-3.0
11:19:11.787	-4.8
11:19:11.799	-5.6
11:19:11.811	-7.0
11:19:11.819	-7.2
11:19:11.832	-7.6
11:19:11.844	-9.4
11:19:11.852	-10.3
11:19:11.864	-12.9
11:19:11.877	-12.0
11:19:11.885	-13.1
11:19:11.897	-15.9
11:19:11.909	-14.6
11:19:11.918	-13.5
11:19:11.930	-14.2
11:19:11.942	-14.0
11:19:11.954	-12.1
11:19:11.963	-12.8
11:19:11.975	-13.8
11:19:11.987	-14.4
11:19:11.995	-14.6
11:19:12.008	-13.8
11:19:12.020	-15.1
11:19:12.028	-17.1
11:19:12.040	-18.5
11:19:12.053	-18.3
11:19:12.065	-21.1
11:19:12.073	-20.8
11:19:12.085	-20.9
11:19:12.098	-24.1
11:19:12.106	-24.6
11:19:12.118	-25.8
11:19:12.130	-27.4
11:19:12.139	-27.1
11:19:12.151	-26.5
11:19:12.163	-28.0
11:19:12.171	-24.9
11:19:12.184	-25.8
11:19:12.196	-24.0
11:19:12.204	-21.7
11:19:12.217	-21.7
11:19:12.229	-20.3
11:19:12.241	-20.8
11:19:12.249	-21.2
11:19:12.261	-20.7
11:19:12.274	-19.5
11:19:12.282	-21.9
11:19:12.294	-19.9
11:19:12.307	-22.0
11:19:12.319	-23.5
11:19:12.327	-23.8
11:19:12.339	-23.7
11:19:12.352	-23.2
11:19:12.360	-23.8
11:19:12.372	-24.8
11:19:12.384	-26.2
11:19:12.393	-25.2
11:19:12.405	-25.2
11:19:12.417	-24.3
11:19:12.425	-22.8
11:19:12.438	-21.7
11:19:12.450	-22.4
11:19:12.458	-22.8
11:19:12.470	-23.0
11:19:12.483	-21.4
11:19:12.495	-18.4
11:19:12.503	-16.4
11:19:12.515	-15.5
11:19:12.528	-13.8
11:19:12.536	-13.0
11:19:12.548	-12.6
11:19:12.560	-9.5
11:19:12.569	-6.8
11:19:12.581	-4.5
11:19:12.593	-4.0
11:19:12.606	-4.4
11:19:12.614	-4.3
11:19:12.626	-3.7
11:19:12.638	-5.3
11:19:12.647	-3.3
11:19:12.659	-2.5
11:19:12.671	-2.8
11:19:12.679	-3.5
11:19:12.692	-3.7
11:19:12.704	-2.7
11:19:12.712	-0.9
11:19:12.724	-2.5
11:19:12.737	-1.1
11:19:12.749	1.7
11:19:12.757	-1.2
11:19:12.769	-1.2
11:19:12.782	-1.1
11:19:12.790	-1.6
11:19:12.802	-1.4
11:19:12.814	-1.3
11:19:12.823	-2.3
11:19:12.835	-1.2
11:19:12.847	-2.8
11:19:12.856	-3.2
11:19:12.868	-0.4
11:19:12.880	0.9
11:19:12.892	1.1
11:19:12.900	2.8
11:19:12.913	2.5
11:19:12.925	1.9
11:19:12.933	3.1
11:19:12.945	3.2
11:19:12.958	4.0
11:19:12.966	3.1
11:19:12.978	3.0
11:19:12.991	3.6
11:19:13.003	4.2
11:19:13.011	5.4
11:19:13.023	6.5
11:19:13.036	7.4
11:19:13.044	6.1
11:19:13.056	7.0
11:19:13.068	7.3
11:19:13.077	7.5
11:19:13.089	8.9
11:19:13.101	8.4
11:19:13.109	8.6
11:19:13.122	9.1
11:19:13.134	11.2
11:19:13.142	12.3
11:19:13.154	15.1
11:19:13.167	16.8
11:19:13.179	18.0
11:19:13.187	18.2
11:19:13.199	18.6
11:19:13.212	18.4
11:19:13.220	18.1
11:19:13.232	20.7
11:19:13.245	19.7
11:19:13.257	21.0
11:19:13.265	19.5
11:19:13.277	20.2
11:19:13.290	17.7
11:19:13.298	17.1
11:19:13.310	16.4
11:19:13.322	18.3
11:19:13.331	18.6
11:19:13.343	15.2
11:19:13.355	17.9
11:19:13.363	16.5
11:19:13.376	18.6
11:19:13.388	18.6
11:19:13.400	19.7
11:19:13.408	22.0
11:19:13.421	22.7
11:19:13.433	22.2
11:19:13.442	21.8
11:19:13.453	22.5
11:19:13.466	20.9
11:19:13.478	24.6
11:19:13.486	22.4
11:19:13.498	20.7
11:19:13.511	20.1
11:19:13.519	21.3
11:19:13.531	20.8
11:19:13.543	19.4
11:19:13.556	21.3
11:19:13.564	21.2
11:19:13.576	19.6
11:19:13.589	16.2
11:19:13.597	16.5
11:19:13.609	20.4
11:19:13.621	20.4
11:19:13.630	19.2
11:19:13.642	20.0
11:19:13.654	21.6
11:19:13.662	21.0
11:19:13.675	20.9
11:19:13.687	21.9
11:19:13.695	22.2
11:19:13.707	23.1
11:19:13.720	19.4
11:19:13.732	21.1
11:19:13.740	19.4
11:19:13.752	18.6
11:19:13.765	18.5
11:19:13.773	20.3
11:19:13.785	18.7
11:19:13.797	19.4
11:19:13.806	19.1
11:19:13.818	18.0
11:19:13.830	19.5
11:19:13.838	18.8
11:19:13.851	22.0
11:19:13.863	22.8
11:19:13.875	23.7
11:19:13.883	21.8
11:19:13.896	23.7
11:19:13.908	22.9
11:19:13.916	25.6
11:19:13.928	25.7
11:19:13.940	23.8
11:19:13.948	23.7
11:19:13.961	22.9
11:19:13.973	22.2
11:19:13.985	22.0
11:19:13.993	21.0
11:19:14.006	20.7
11:19:14.018	21.4
11:19:14.026	20.4
11:19:14.039	21.3
11:19:14.051	22.4
11:19:14.059	22.7
11:19:14.071	21.9
11:19:14.084	21.7
11:19:14.092	21.4
11:19:14.104	21.4
11:19:14.116	22.2
11:19:14.125	20.4
11:19:14.137	18.2
11:19:14.149	16.2
11:19:14.162	16.9
11:19:14.170	18.0
11:19:14.182	19.7
11:19:14.194	20.3
11:19:14.203	19.5
11:19:14.215	19.0
11:19:14.227	18.3
11:19:14.239	18.9
11:19:14.248	18.7
11:19:14.260	18.8
11:19:14.272	18.0
11:19:14.280	16.3
11:19:14.293	14.7
11:19:14.305	14.5
11:19:14.313	15.2
11:19:14.325	16.3
11:19:14.338	14.8
11:19:14.346	14.7
11:19:14.358	16.2
11:19:14.370	17.4
11:19:14.379	18.2
11:19:14.391	17.7
11:19:14.403	18.3
11:19:14.415	17.5
11:19:14.424	16.9
11:19:14.436	16.8
11:19:14.448	19.3
11:19:14.456	19.0
11:19:14.469	17.1
11:19:14.481	17.5
11:19:14.489	15.3
11:19:14.501	15.7
11:19:14.514	16.4
11:19:14.526	17.4
11:19:14.534	15.0
11:19:14.546	17.4
11:19:14.559	17.8
11:19:14.567	17.6
11:19:14.579	18.6
11:19:14.592	16.9
11:19:14.600	16.3
11:19:14.612	17.4
11:19:14.624	15.6
11:19:14.633	13.4
11:19:14.645	14.6
11:19:14.657	9.4
11:19:14.670	8.3
11:19:14.678	7.0
11:19:14.690	6.6
11:19:14.702	6.5
11:19:14.710	6.9
11:19:14.723	5.0
11:19:14.735	4.3
11:19:14.743	5.2
11:19:14.756	4.4
11:19:14.768	6.8
11:19:14.776	4.3
11:19:14.788	3.6
11:19:14.801	1.0
11:19:14.813	0.2
11:19:14.821	-1.3
11:19:14.833	-1.3
11:19:14.846	-2.9
11:19:14.854	-4.5
11:19:14.866	-4.1
11:19:14.878	-4.5
11:19:14.887	-5.3
11:19:14.899	-5.5
11:19:14.911	-3.3
11:19:14.923	-2.9
11:19:14.932	-2.2
11:19:14.944	-3.9
11:19:14.956	-1.4
11:19:14.964	-0.8
11:19:14.977	-1.7
11:19:14.989	-4.6
11:19:14.997	-3.5
11:19:15.009	-2.2
11:19:15.022	-4.4
11:19:15.030	-4.2
11:19:15.042	-5.5
11:19:15.054	-1.7
11:19:15.063	-4.7
11:19:15.075	-5.6
11:19:15.087	-6.6
11:19:15.100	-5.2
11:19:15.108	-7.2
11:19:15.120	-8.3
11:19:15.132	-8.8
11:19:15.140	-9.5
11:19:15.153	-8.6
11:19:15.165	-12.1
11:19:15.177	-9.7
11:19:15.185	-10.9
11:19:15.198	-10.3
11:19:15.210	-11.3
11:19:15.218	-13.2
11:19:15.231	-13.5
11:19:15.243	-14.2
11:19:15.251	-16.0
11:19:15.263	-17.7
11:19:15.276	-18.6
11:19:15.284	-20.9
11:19:15.296	-19.8
11:19:15.308	-21.5
11:19:15.317	-20.5
11:19:15.329	-19.2
11:19:15.341	-19.8
11:19:15.353	-18.4
11:19:15.362	-17.3
11:19:15.374	-18.5
11:19:15.386	-17.7
11:19:15.399	-16.7
11:19:15.407	-19.2
11:19:15.419	-18.8
11:19:15.431	-19.8
11:19:15.439	-15.7
11:19:15.452	-16.1
11:19:15.464	-17.1
11:19:15.476	-18.0
11:19:15.484	-16.7
11:19:15.497	-17.6
11:19:15.509	-17.1
11:19:15.517	-11.8
11:19:15.529	-10.6
11:19:15.538	-9.6
11:19:15.550	-13.4
11:19:15.562	-12.3
11:19:15.574	-11.0
11:19:15.583	-10.4
11:19:15.595	-8.9
11:19:15.608	-8.0
11:19:15.616	-9.1
11:19:15.628	-10.4
11:19:15.641	-8.6
11:19:15.653	-9.1
11:19:15.661	-6.8
11:19:15.674	-7.1
11:19:15.686	-6.9
11:19:15.694	-6.3
11:19:15.706	-6.0
11:19:15.719	-5.7
11:19:15.727	-4.5
11:19:15.739	-3.0
11:19:15.751	-4.4
11:19:15.760	-4.3
11:19:15.772	-5.0
11:19:15.784	-2.9
11:19:15.796	-1.0
11:19:15.805	0.0
11:19:15.817	0.3
11:19:15.829	2.2
11:19:15.837	2.0
11:19:15.850	0.3
11:19:15.862	0.8
11:19:15.870	2.1
11:19:15.882	1.6
11:19:15.895	3.0
11:19:15.907	1.3
11:19:15.915	1.4
11:19:15.927	2.3
11:19:15.940	1.5
11:19:15.948	1.4
11:19:15.960	2.2
11:19:15.972	3.4
11:19:15.981	4.3
11:19:15.993	6.8
11:19:16.005	6.3
11:19:16.013	7.5
11:19:16.026	8.1
11:19:16.038	7.2
11:19:16.046	8.3
11:19:16.058	8.5
11:19:16.071	9.4
11:19:16.083	8.9
11:19:16.091	6.8
11:19:16.103	7.0
11:19:16.116	7.3
11:19:16.124	8.1
11:19:16.136	9.2
11:19:16.149	11.6
11:19:16.161	12.8
11:19:16.169	13.0
11:19:16.181	13.1
11:19:16.194	13.5
11:19:16.202	15.3
11:19:16.214	16.0
11:19:16.226	17.3
11:19:16.235	18.6
11:19:16.247	18.7
11:19:16.259	18.2
11:19:16.267	16.9
11:19:16.280	18.7
11:19:16.292	18.8
11:19:16.300	20.1
11:19:16.312	20.7
11:19:16.325	19.8
11:19:16.337	17.5
11:19:16.345	15.3
11:19:16.357	15.2
11:19:16.370	14.8
11:19:16.378	14.1
11:19:16.390	14.2
11:19:16.403	14.6
11:19:16.411	14.8
11:19:16.423	13.6
11:19:16.435	12.6
11:19:16.447	14.4
11:19:16.456	17.5
11:19:16.468	17.3
11:19:16.480	17.2
11:19:16.488	18.8
11:19:16.501	18.8
11:19:16.513	18.8
11:19:16.521	18.3
11:19:16.534	19.8
11:19:16.546	19.7
11:19:16.554	18.4
11:19:16.566	16.1
11:19:16.579	18.8
11:19:16.591	20.3
11:19:16.599	21.3
11:19:16.611	20.2
11:19:16.624	20.5
11:19:16.632	20.8
11:19:16.644	21.0
11:19:16.656	25.0
11:19:16.664	25.4
11:19:16.677	25.7
11:19:16.689	23.4
11:19:16.697	21.7
11:19:16.710	19.8
11:19:16.722	20.2
11:19:16.734	19.7
11:19:16.742	18.4
11:19:16.755	18.2
11:19:16.767	15.7
11:19:16.775	17.1
11:19:16.787	16.9
11:19:16.800	15.8
11:19:16.808	15.9
11:19:16.820	18.1
11:19:16.832	18.1
11:19:16.845	20.0
11:19:16.853	21.2
11:19:16.865	20.3
11:19:16.877	21.1
11:19:16.886	20.1
11:19:16.898	20.0
11:19:16.910	19.8
11:19:16.918	20.1
11:19:16.931	16.8
11:19:16.943	16.3
11:19:16.951	12.5
11:19:16.963	10.6
11:19:16.976	11.9
11:19:16.984	10.2
11:19:16.996	10.9
11:19:17.008	10.4
11:19:17.021	10.9
11:19:17.029	12.1
11:19:17.041	13.7
11:19:17.054	13.2
11:19:17.062	15.1
11:19:17.074	17.4
11:19:17.086	17.1
11:19:17.099	18.2
11:19:17.107	16.9
11:19:17.119	17.6
11:19:17.131	15.8
11:19:17.139	15.7
11:19:17.152	15.7
11:19:17.164	17.0
11:19:17.172	18.3
11:19:17.185	16.6
11:19:17.197	16.7
11:19:17.205	15.8
11:19:17.217	16.4
11:19:17.230	18.4
11:19:17.238	20.1
11:19:17.250	19.5
11:19:17.262	19.4
11:19:17.275	19.1
11:19:17.283	16.5
11:19:17.295	17.2
11:19:17.307	16.8
11:19:17.316	18.1
11:19:17.328	16.0
11:19:17.340	13.3
11:19:17.348	11.3
11:19:17.361	10.4
11:19:17.373	9.0
11:19:17.385	8.2
11:19:17.393	8.3
11:19:17.406	5.6
11:19:17.418	3.1
11:19:17.426	0.6
11:19:17.438	0.7
11:19:17.451	0.6
11:19:17.459	1.4
11:19:17.471	0.5
11:19:17.484	-1.6
11:19:17.492	-2.4
11:19:17.504	-2.6
11:19:17.516	-2.6
11:19:17.529	-1.8
11:19:17.537	-3.2
11:19:17.549	-5.1
11:19:17.561	-7.3
11:19:17.569	-8.8
11:19:17.582	-10.2
11:19:17.594	-7.0
11:19:17.606	-7.9
11:19:17.615	-8.4
11:19:17.627	-8.2
11:19:17.639	-9.3
11:19:17.647	-7.3
11:19:17.660	-6.9
11:19:17.672	-6.3
11:19:17.680	-5.1
11:19:17.692	-5.5
11:19:17.705	-7.2
11:19:17.717	-7.1
11:19:17.725	-8.7
11:19:17.737	-9.2
11:19:17.750	-7.3
11:19:17.758	-9.4
11:19:17.770	-7.4
11:19:17.782	-9.4
11:19:17.791	-9.2
11:19:17.803	-8.8
11:19:17.815	-8.3
11:19:17.827	-9.4
11:19:17.836	-6.8
11:19:17.848	-8.1
11:19:17.860	-10.3
11:19:17.869	-10.4
11:19:17.881	-13.6
11:19:17.893	-13.3
11:19:17.901	-13.5
11:19:17.913	-13.6
11:19:17.926	-16.2
11:19:17.934	-14.6
11:19:17.946	-18.1
11:19:17.959	-17.5
11:19:17.967	-15.4
11:19:17.979	-15.6
11:19:17.991	-16.2
11:19:18.004	-14.4
11:19:18.012	-16.9
11:19:18.024	-17.9
11:19:18.036	-16.4
11:19:18.045	-17.1
11:19:18.057	-15.7
11:19:18.069	-16.8
11:19:18.081	-19.7
11:19:18.090	-19.8
11:19:18.102	-18.7
11:19:18.114	-20.4
11:19:18.122	-17.8
11:19:18.135	-17.3
11:19:18.147	-19.2
11:19:18.155	-20.8
11:19:18.167	-23.1
11:19:18.180	-22.1
11:19:18.188	-22.3
11:19:18.200	-19.5
11:19:18.212	-19.2
11:19:18.221	-18.5
11:19:18.233	-21.3
11:19:18.245	-22.0
11:19:18.257	-21.6
11:19:18.266	-20.8
11:19:18.278	-19.6
11:19:18.290	-20.2
11:19:18.298	-20.3
11:19:18.311	-21.5
11:19:18.323	-22.3
11:19:18.331	-23.8
11:19:18.343	-21.8
11:19:18.356	-21.5
11:19:18.368	-20.9
11:19:18.376	-21.5
11:19:18.388	-20.3
11:19:18.401	-18.3
11:19:18.409	-17.5
11:19:18.421	-18.8
11:19:18.434	-17.9
11:19:18.442	-16.1
11:19:18.454	-14.9
11:19:18.466	-14.0
11:19:18.474	-13.8
11:19:18.487	-15.3
11:19:18.499	-13.6
11:19:18.511	-13.1
11:19:18.520	-11.5
11:19:18.532	-9.3
11:19:18.544	-8.5
11:19:18.552	-6.8
11:19:18.565	-8.3
11:19:18.577	-8.0
11:19:18.585	-7.1
11:19:18.597	-5.6
11:19:18.610	-7.0
11:19:18.618	-7.3
11:19:18.630	-8.3
11:19:18.642	-8.4
11:19:18.655	-9.0
11:19:18.663	-10.5
11:19:18.675	-10.0
11:19:18.687	-8.9
11:19:18.696	-8.2
11:19:18.708	-7.1
11:19:18.720	-7.7
11:19:18.728	-8.7
11:19:18.741	-8.1
11:19:18.753	-9.1
11:19:18.765	-4.8
11:19:18.773	-3.8
11:19:18.786	-3.0
11:19:18.798	-2.6
11:19:18.806	-3.1
11:19:18.818	-0.5
11:19:18.831	-0.1
11:19:18.839	0.7
11:19:18.851	1.6
11:19:18.863	2.4
11:19:18.872	1.5
11:19:18.884	1.9
11:19:18.896	2.6
11:19:18.904	1.7
11:19:18.917	2.6
11:19:18.930	1.3
11:19:18.942	4.6
11:19:18.950	5.6
11:19:18.963	8.6
11:19:18.975	9.1
11:19:18.983	7.1
11:19:18.996	9.6
11:19:19.008	9.1
11:19:19.020	10.3
11:19:19.028	10.0
11:19:19.041	8.7
11:19:19.053	5.9
11:19:19.061	5.9
11:19:19.073	3.1
11:19:19.086	3.5
11:19:19.094	6.2
11:19:19.106	4.0
11:19:19.118	4.3
11:19:19.127	3.7
11:19:19.139	4.2
11:19:19.151	4.6
11:19:19.159	4.1
11:19:19.172	3.2
11:19:19.184	2.4
11:19:19.196	1.0
11:19:19.204	-2.0
11:19:19.217	-1.0
11:19:19.229	-3.2
11:19:19.237	-3.3
11:19:19.249	-5.1
11:19:19.262	-4.4
11:19:19.270	-5.0
11:19:19.282	-6.3
11:19:19.294	-6.0
11:19:19.307	-7.5
11:19:19.315	-6.4
11:19:19.327	-10.2
11:19:19.339	-12.7
11:19:19.352	-14.1
11:19:19.360	-14.7
11:19:19.372	-16.2
11:19:19.385	-16.1
11:19:19.393	-15.1
11:19:19.405	-15.7
11:19:19.417	-14.5
11:19:19.426	-16.1
11:19:19.438	-13.6
11:19:19.450	-10.2
11:19:19.458	-9.2
11:19:19.470	-9.0
11:19:19.483	-7.0
11:19:19.491	-5.7
11:19:19.503	-4.3
11:19:19.516	-3.8
11:19:19.524	-3.5
11:19:19.536	-1.7
11:19:19.548	-1.7
11:19:19.557	1.6
11:19:19.569	2.0
11:19:19.581	2.3
11:19:19.593	1.7
11:19:19.602	3.1
11:19:19.614	4.3
11:19:19.626	3.6
11:19:19.638	5.2
11:19:19.647	4.4
11:19:19.659	5.6
11:19:19.671	4.2
11:19:19.679	3.4
11:19:19.692	4.5
11:19:19.704	3.7
11:19:19.712	1.9
11:19:19.725	-1.6
11:19:19.737	-1.3
11:19:19.749	-2.3
11:19:19.757	-2.8
11:19:19.770	-5.2
11:19:19.782	-7.0
11:19:19.790	-9.5
11:19:19.802	-11.7
11:19:19.815	-12.4
11:19:19.823	-13.9
11:19:19.835	-13.4
11:19:19.847	-14.7
11:19:19.856	-12.5
11:19:19.868	-13.5
11:19:19.880	-14.2
11:19:19.888	-15.1
11:19:19.901	-12.3
11:19:19.913	-11.8
11:19:19.925	-10.7
11:19:19.933	-10.3
11:19:19.946	-11.6
11:19:19.958	-11.4
11:19:19.966	-14.8
11:19:19.978	-13.5
11:19:19.991	-13.3
11:19:20.003	-13.6
11:19:20.011	-12.7
11:19:20.023	-13.5
11:19:20.036	-14.1
11:19:20.044	-12.9
11:19:20.056	-12.2
11:19:20.068	-11.6
11:19:20.077	-9.6
11:19:20.089	-10.8
11:19:20.101	-10.0
11:19:20.109	-9.7
11:19:20.122	-11.8
11:19:20.134	-10.5
11:19:20.142	-9.1
11:19:20.154	-8.6
11:19:20.167	-7.3
11:19:20.179	-8.3
11:19:20.187	-9.8
11:19:20.200	-9.1
11:19:20.212	-9.0
11:19:20.220	-8.0
11:19:20.232	-6.7
11:19:20.245	-4.7
11:19:20.253	-5.5
11:19:20.265	-7.3
11:19:20.277	-4.4
11:19:20.290	-3.2
11:19:20.298	-4.4
11:19:20.310	-5.9
11:19:20.322	-6.2
11:19:20.331	-4.8
11:19:20.343	-5.1
11:19:20.355	-6.8
11:19:20.363	-6.5
11:19:20.376	-3.6
11:19:20.388	-6.6
11:19:20.396	-4.4
11:19:20.408	-2.2
11:19:20.421	0.3
11:19:20.433	1.6
11:19:20.441	1.9
11:19:20.453	1.3
11:19:20.466	3.9
11:19:20.474	4.3
11:19:20.486	2.9
11:19:20.498	4.8
11:19:20.507	1.7
11:19:20.519	-0.5
11:19:20.531	-0.5
11:19:20.540	-0.1
11:19:20.552	-1.6
11:19:20.564	1.1
11:19:20.576	1.4
11:19:20.585	0.7
11:19:20.597	0.1
11:19:20.609	-0.4
11:19:20.617	3.0
11:19:20.630	3.7
11:19:20.642	4.4
11:19:20.650	6.9
11:19:20.662	6.3
11:19:20.675	4.9
11:19:20.687	3.5
11:19:20.695	4.8
11:19:20.708	6.0
11:19:20.720	4.9
11:19:20.728	4.3
11:19:20.740	5.0
11:19:20.753	3.6
11:19:20.761	1.1
11:19:20.773	3.6
11:19:20.785	6.4
11:19:20.794	5.1
11:19:20.806	4.6
11:19:20.818	4.2
11:19:20.826	4.0
11:19:20.839	2.9
11:19:20.851	2.1
11:19:20.863	2.5
11:19:20.871	2.8
11:19:20.884	4.9
11:19:20.895	2.6
11:19:20.904	5.4
11:19:20.916	7.7
11:19:20.928	8.4
11:19:20.940	11.9
11:19:20.949	11.8
11:19:20.961	12.8
11:19:20.973	15.4
11:19:20.981	12.5
11:19:20.994	8.1
11:19:21.006	7.2
11:19:21.014	9.9
11:19:21.026	5.9
11:19:21.039	5.8
11:19:21.047	2.1
11:19:21.059	1.3
11:19:21.071	0.7
11:19:21.080	-2.4
11:19:21.092	-0.5
11:19:21.104	1.4
11:19:21.117	0.9
11:19:21.125	-5.3
11:19:21.137	-6.3
11:19:21.149	-9.2
11:19:21.157	-9.6
11:19:21.170	-10.7
11:19:21.182	-9.4
11:19:21.190	-9.4
11:19:21.203	-11.6
11:19:21.215	-14.1
11:19:21.227	-15.8
11:19:21.235	-13.6
11:19:21.248	-14.1
11:19:21.260	-14.0
11:19:21.268	-14.4
11:19:21.280	-13.9
11:19:21.293	-15.6
11:19:21.301	-15.0
11:19:21.313	-14.4
11:19:21.325	-14.6
11:19:21.334	-16.8
11:19:21.346	-20.6
11:19:21.358	-19.8
11:19:21.370	-20.8
11:19:21.379	-20.7
11:19:21.391	-22.8
11:19:21.403	-21.4
11:19:21.415	-21.9
11:19:21.424	-21.8
11:19:21.436	-19.5
11:19:21.448	-17.6
11:19:21.456	-15.5
11:19:21.469	-14.1
11:19:21.481	-11.4
11:19:21.489	-9.5
11:19:21.501	-5.7
11:19:21.510	-8.7
11:19:21.522	-6.7
11:19:21.534	-4.4
11:19:21.546	-5.5
11:19:21.559	-2.5
11:19:21.567	-1.2
11:19:21.579	1.3
11:19:21.591	2.1
11:19:21.600	0.9
11:19:21.612	2.4
11:19:21.624	4.1
11:19:21.632	2.0
11:19:21.645	-0.4
11:19:21.657	0.6
11:19:21.669	-0.9
11:19:21.677	2.3
11:19:21.690	-0.5
11:19:21.702	-2.3
11:19:21.710	-0.5
11:19:21.723	-1.3
11:19:21.735	-0.2
11:19:21.743	-0.8
11:19:21.755	1.5
11:19:21.768	1.5
11:19:21.776	4.2
11:19:21.788	2.0
11:19:21.800	2.6
11:19:21.809	2.9
11:19:21.821	3.7
11:19:21.833	4.4
11:19:21.845	3.8
11:19:21.854	7.5
11:19:21.866	6.7
11:19:21.878	7.6
11:19:21.886	7.2
11:19:21.899	7.8
11:19:21.911	9.8
11:19:21.923	11.9
11:19:21.931	10.8
11:19:21.944	7.8
11:19:21.956	8.3
11:19:21.964	6.4
11:19:21.976	8.2
11:19:21.989	6.2
11:19:21.997	6.5
11:19:22.009	5.4
11:19:22.021	9.0
11:19:22.030	8.4
11:19:22.042	7.6
11:19:22.054	9.8
11:19:22.062	11.5
11:19:22.075	12.0
11:19:22.087	12.6
11:19:22.099	14.6
11:19:22.107	14.4
11:19:22.120	14.9
11:19:22.132	11.2
11:19:22.140	13.0
11:19:22.153	13.1
11:19:22.165	14.5
11:19:22.173	14.3
11:19:22.185	14.9
11:19:22.199	13.0
11:19:22.211	14.2
11:19:22.219	14.8
11:19:22.231	15.1
11:19:22.244	14.4
11:19:22.252	14.4
11:19:22.264	14.3
11:19:22.276	14.0
11:19:22.285	13.8
11:19:22.297	15.6
11:19:22.309	15.1
11:19:22.317	14.5
11:19:22.330	10.8
11:19:22.342	9.4
11:19:22.354	11.0
11:19:22.362	9.3
11:19:22.375	9.6
11:19:22.387	8.0
11:19:22.395	8.6
11:19:22.407	3.4
11:19:22.420	5.7
11:19:22.428	5.2
11:19:22.440	7.1
11:19:22.452	8.0
11:19:22.461	8.0
11:19:22.473	8.0
11:19:22.485	9.3
11:19:22.497	12.6
11:19:22.506	13.5
11:19:22.518	17.0
11:19:22.530	17.1
11:19:22.539	15.6
11:19:22.551	15.7
11:19:22.563	18.6
11:19:22.571	18.7
11:19:22.583	20.0
11:19:22.596	20.8
11:19:22.608	19.8
11:19:22.616	19.7
11:19:22.629	18.5
11:19:22.641	16.0
11:19:22.649	19.1
11:19:22.661	19.6
11:19:22.674	17.1
11:19:22.682	14.3
11:19:22.694	14.1
11:19:22.706	14.6
11:19:22.714	14.9
11:19:22.727	15.9
11:19:22.739	17.0
11:19:22.747	20.0
11:19:22.760	19.3
11:19:22.772	20.4
11:19:22.784	22.1
11:19:22.792	24.9
11:19:22.805	28.2
11:19:22.817	27.3
11:19:22.825	26.7
11:19:22.837	24.4
11:19:22.850	26.4
11:19:22.862	27.0
11:19:22.870	27.4
11:19:22.882	27.1
11:19:22.895	26.0
11:19:22.903	27.7
11:19:22.915	23.7
11:19:22.927	25.3
11:19:22.936	29.2
11:19:22.948	32.7
11:19:22.960	31.7
11:19:22.968	29.5
11:19:22.981	29.1
11:19:22.993	30.4
11:19:23.001	31.8
11:19:23.013	29.4
11:19:23.026	29.8
11:19:23.038	29.0
11:19:23.046	26.8
11:19:23.058	24.4
11:19:23.071	25.0
11:19:23.079	27.3
11:19:23.091	29.0
11:19:23.103	28.6
11:19:23.112	26.7
11:19:23.124	27.1
11:19:23.136	29.6
11:19:23.149	30.0
11:19:23.157	28.7
11:19:23.169	31.9
11:19:23.181	30.7
11:19:23.189	31.2
11:19:23.202	28.8
11:19:23.214	30.0
11:19:23.222	31.3
11:19:23.235	32.6
11:19:23.247	32.0
11:19:23.255	31.2
11:19:23.267	32.1
11:19:23.280	29.6
11:19:23.292	29.3
11:19:23.300	27.8
11:19:23.313	29.0
11:19:23.325	27.7
11:19:23.337	28.6
11:19:23.345	28.2
11:19:23.358	27.2
11:19:23.370	27.3
11:19:23.378	28.4
11:19:23.390	28.6
11:19:23.403	28.9
11:19:23.411	28.9
11:19:23.423	28.7
11:19:23.435	27.6
11:19:23.444	26.3
11:19:23.456	27.4
11:19:23.468	28.8
11:19:23.480	31.7
11:19:23.489	28.6
11:19:23.501	27.3
11:19:23.513	30.5
11:19:23.522	30.9
11:19:23.534	31.3
11:19:23.546	34.4
11:19:23.554	33.1
11:19:23.566	30.1
11:19:23.579	27.8
11:19:23.591	24.7
11:19:23.599	25.1
11:19:23.611	25.7
11:19:23.624	21.4
11:19:23.632	19.7
11:19:23.644	19.1
11:19:23.656	17.1
11:19:23.665	19.5
11:19:23.677	23.9
11:19:23.689	25.3
11:19:23.697	26.4
11:19:23.710	25.8
11:19:23.722	26.5
11:19:23.730	27.7
11:19:23.742	30.0
11:19:23.755	29.9
11:19:23.767	31.0
11:19:23.775	31.6
11:19:23.788	28.2
11:19:23.800	29.9
11:19:23.808	29.0
11:19:23.820	28.4
11:19:23.833	26.1
11:19:23.845	24.7
11:19:23.853	22.8
11:19:23.865	21.3
11:19:23.878	20.4
11:19:23.886	18.4
11:19:23.898	19.3
11:19:23.910	17.9
11:19:23.919	19.3
11:19:23.931	21.5
11:19:23.943	22.4
11:19:23.951	23.2
11:19:23.964	25.4
11:19:23.976	28.0
11:19:23.984	27.7
11:19:23.997	29.5
11:19:24.009	28.1
11:19:24.021	29.3
11:19:24.029	27.7
11:19:24.042	28.1
11:19:24.054	29.0
11:19:24.062	29.1
11:19:24.074	26.8
11:19:24.087	25.3
11:19:24.095	25.6
11:19:24.107	24.7
11:19:24.119	25.8
11:19:24.132	23.6
11:19:24.140	23.4
11:19:24.152	22.1
11:19:24.164	20.5
11:19:24.173	21.1
11:19:24.185	22.6
11:19:24.197	22.4
11:19:24.205	22.7
11:19:24.218	21.6
11:19:24.230	21.2
11:19:24.238	19.4
11:19:24.251	19.6
11:19:24.263	19.7
11:19:24.275	20.6
11:19:24.283	18.7
11:19:24.296	18.1
11:19:24.308	17.9
11:19:24.316	16.1
11:19:24.328	15.7
11:19:24.341	13.9
11:19:24.349	15.1
11:19:24.361	14.0
11:19:24.373	11.9
11:19:24.382	11.3
11:19:24.394	11.6
11:19:24.406	10.5
11:19:24.418	9.5
11:19:24.427	8.6
11:19:24.439	7.5
11:19:24.451	8.2
11:19:24.459	7.0
11:19:24.472	5.7
11:19:24.484	6.2
11:19:24.492	3.6
11:19:24.505	2.0
11:19:24.517	0.4
11:19:24.529	-2.0
11:19:24.537	-1.8
11:19:24.550	-1.8
11:19:24.562	-2.0
11:19:24.570	-2.9
11:19:24.582	0.5
11:19:24.595	-2.0
11:19:24.603	-0.5
11:19:24.615	-0.3
11:19:24.627	2.5
11:19:24.636	2.8
11:19:24.648	1.4
11:19:24.660	1.4
11:19:24.668	-0.1
11:19:24.681	-0.6
11:19:24.693	-4.4
11:19:24.705	-2.7
11:19:24.713	-3.9
11:19:24.726	-3.7
11:19:24.738	-7.5
11:19:24.746	-7.3
11:19:24.758	-5.6
11:19:24.771	-5.9
11:19:24.783	-5.5
11:19:24.791	-3.1
11:19:24.803	-2.8
11:19:24.816	-3.1
11:19:24.824	-2.7
11:19:24.836	-1.3
11:19:24.848	-0.1
11:19:24.857	2.5
11:19:24.869	2.1
11:19:24.881	-0.2
11:19:24.890	-1.1
11:19:24.902	-3.6
11:19:24.914	-4.1
11:19:24.922	-4.2
11:19:24.934	-5.1
11:19:24.947	-7.8
11:19:24.959	-8.6
11:19:24.967	-11.3
11:19:24.980	-12.1
11:19:24.992	-10.7
11:19:25.000	-11.6
11:19:25.012	-11.6
11:19:25.025	-8.7
11:19:25.033	-9.0
11:19:25.045	-9.3
11:19:25.057	-8.2
11:19:25.070	-7.8
11:19:25.078	-7.5
11:19:25.090	-8.2
11:19:25.102	-7.7
11:19:25.111	-4.5
11:19:25.123	-4.2
11:19:25.136	-8.6
11:19:25.143	-7.5
11:19:25.156	-7.3
11:19:25.168	-4.7
11:19:25.176	-3.3
11:19:25.188	-4.2
11:19:25.201	-2.0
11:19:25.213	-2.0
11:19:25.221	-3.7
11:19:25.233	-2.9
11:19:25.246	-2.1
11:19:25.254	-3.1
11:19:25.266	-2.4
11:19:25.278	-5.4
11:19:25.287	-6.2
11:19:25.299	-2.3
11:19:25.311	-3.5
11:19:25.319	-2.5
11:19:25.332	0.9
11:19:25.344	2.7
11:19:25.352	4.3
11:19:25.364	6.5
11:19:25.377	8.4
11:19:25.389	10.6
11:19:25.401	12.8
11:19:25.409	12.4
11:19:25.422	15.0
11:19:25.434	15.1
11:19:25.442	13.5
11:19:25.455	12.6
11:19:25.467	13.1
11:19:25.475	13.5
11:19:25.487	13.2
11:19:25.500	12.9
11:19:25.512	11.5
11:19:25.520	13.4
11:19:25.532	11.6
11:19:25.545	10.2
11:19:25.553	10.9
11:19:25.565	14.1
11:19:25.577	14.9
11:19:25.586	13.6
11:19:25.598	13.9
11:19:25.610	14.6
11:19:25.618	15.1
11:19:25.631	13.6
11:19:25.643	15.6
11:19:25.651	16.4
11:19:25.663	16.3
11:19:25.676	13.5
11:19:25.688	13.8
11:19:25.696	15.9
11:19:25.708	16.0
11:19:25.721	18.2
11:19:25.729	16.5
11:19:25.741	15.7
11:19:25.754	17.5
11:19:25.766	20.1
11:19:25.774	21.2
11:19:25.786	19.8
11:19:25.798	21.1
11:19:25.807	19.6
11:19:25.819	19.2
11:19:25.831	17.2
11:19:25.839	18.4
11:19:25.852	19.5
11:19:25.864	17.4
11:19:25.872	17.8
11:19:25.884	18.1
11:19:25.897	19.7
11:19:25.905	20.5
11:19:25.917	22.2
11:19:25.930	21.5
11:19:25.942	23.1
11:19:25.950	23.8
11:19:25.962	25.1
11:19:25.975	24.8
11:19:25.983	21.3
11:19:25.995	19.5
11:19:26.007	19.5
11:19:26.016	17.4
11:19:26.028	17.4
11:19:26.040	18.5
11:19:26.053	17.6
11:19:26.061	18.0
11:19:26.073	19.1
11:19:26.085	19.2
11:19:26.094	22.1
11:19:26.106	23.1
11:19:26.118	23.4
11:19:26.126	23.0
11:19:26.139	23.3
11:19:26.151	23.0
11:19:26.159	21.6
11:19:26.171	23.2
11:19:26.184	20.3
11:19:26.196	20.7
11:19:26.204	19.4
11:19:26.216	19.3
11:19:26.229	20.1
11:19:26.237	21.9
11:19:26.249	19.4
11:19:26.261	19.9
11:19:26.270	18.6
11:19:26.282	17.1
11:19:26.294	17.1
11:19:26.302	16.3
11:19:26.315	15.9
11:19:26.327	15.1
11:19:26.339	15.9
11:19:26.347	14.4
11:19:26.360	15.9
11:19:26.372	16.5
11:19:26.380	18.0
11:19:26.392	19.2
11:19:26.405	19.4
11:19:26.413	20.4
11:19:26.425	23.0
11:19:26.437	23.3
11:19:26.450	22.7
11:19:26.458	24.0
11:19:26.470	24.3
11:19:26.483	25.0
11:19:26.491	28.1
11:19:26.503	26.8
11:19:26.515	27.4
11:19:26.523	26.7
11:19:26.536	24.6
11:19:26.548	24.3
11:19:26.556	26.2
11:19:26.568	25.2
11:19:26.581	26.6
11:19:26.589	26.7
11:19:26.601	24.2
11:19:26.614	22.9
11:19:26.626	21.3
11:19:26.634	22.2
11:19:26.646	23.3
11:19:26.659	24.5
11:19:26.667	22.3
11:19:26.679	22.0
11:19:26.691	20.3
11:19:26.704	22.8
11:19:26.712	21.0
11:19:26.724	22.1
11:19:26.736	24.1
11:19:26.745	24.2
11:19:26.757	22.6
11:19:26.769	21.6
11:19:26.777	22.1
11:19:26.790	22.4
11:19:26.802	22.3
11:19:26.810	18.4
11:19:26.822	22.1
11:19:26.835	21.3
11:19:26.843	20.8
11:19:26.855	20.5
11:19:26.867	20.5
11:19:26.880	20.7
11:19:26.888	19.2
11:19:26.900	18.7
11:19:26.912	17.2
11:19:26.921	15.8
11:19:26.933	15.5
11:19:26.945	16.2
11:19:26.953	12.8
11:19:26.966	11.1
11:19:26.978	11.9
11:19:26.990	12.3
11:19:26.999	13.7
11:19:27.011	15.2
11:19:27.023	16.0
11:19:27.031	17.7
11:19:27.044	16.2
11:19:27.056	15.5
11:19:27.064	17.7
11:19:27.076	18.4
11:19:27.089	19.7
11:19:27.097	17.7
11:19:27.109	16.4
11:19:27.121	15.8
11:19:27.134	15.6
11:19:27.142	15.5
11:19:27.154	15.8
11:19:27.166	16.7
11:19:27.175	16.2
11:19:27.187	17.5
11:19:27.199	18.2
11:19:27.207	20.2
11:19:27.220	19.0
11:19:27.232	17.4
11:19:27.240	19.9
11:19:27.252	20.3
11:19:27.265	20.1
11:19:27.273	19.6
11:19:27.285	17.6
11:19:27.297	16.1
11:19:27.310	12.1
11:19:27.322	12.3
11:19:27.330	12.6
11:19:27.342	15.6
11:19:27.355	13.1
11:19:27.363	11.5
11:19:27.375	11.4
11:19:27.388	12.0
11:19:27.396	13.6
11:19:27.408	12.9
11:19:27.420	15.2
11:19:27.432	13.0
11:19:27.441	13.4
11:19:27.453	10.3
11:19:27.465	11.0
11:19:27.473	12.3
11:19:27.486	12.5
11:19:27.494	9.4
11:19:27.506	8.9
11:19:27.518	13.1
11:19:27.531	12.5
11:19:27.539	17.3
11:19:27.551	16.6
11:19:27.564	16.2
11:19:27.572	14.1
11:19:27.584	14.6
11:19:27.596	13.1
11:19:27.609	15.5
11:19:27.617	16.8
11:19:27.629	13.1
11:19:27.641	12.9
11:19:27.650	8.8
11:19:27.662	8.2
11:19:27.674	9.0
11:19:27.686	10.8
11:19:27.695	10.1
11:19:27.707	10.2
11:19:27.719	11.5
11:19:27.727	10.7
11:19:27.740	10.5
11:19:27.752	9.7
11:19:27.760	10.5
11:19:27.772	13.0
11:19:27.785	13.5
11:19:27.793	11.1
11:19:27.805	9.8
11:19:27.817	10.0
11:19:27.826	8.3
11:19:27.838	10.3
11:19:27.850	9.3
11:19:27.863	9.7
11:19:27.871	8.1
11:19:27.883	7.1
11:19:27.895	6.6
11:19:27.903	7.6
11:19:27.916	6.2
11:19:27.928	6.9
11:19:27.936	6.3
11:19:27.948	3.0
11:19:27.961	4.9
11:19:27.973	4.2
11:19:27.981	4.3
11:19:27.993	3.8
11:19:28.006	2.0
11:19:28.014	3.5
11:19:28.026	2.1
11:19:28.038	0.3
11:19:28.047	1.6
11:19:28.059	2.3
11:19:28.071	-0.5
11:19:28.079	3.4
11:19:28.092	3.0
11:19:28.104	4.3
11:19:28.116	3.3
11:19:28.125	4.2
11:19:28.137	6.6
11:19:28.149	7.2
11:19:28.157	5.8
11:19:28.170	4.8
11:19:28.182	4.3
11:19:28.190	-0.8
11:19:28.202	-1.4
11:19:28.215	-4.0
11:19:28.223	-4.2
11:19:28.235	-8.3
11:19:28.247	-8.7
11:19:28.260	-11.2
11:19:28.268	-12.8
11:19:28.280	-12.3
11:19:28.292	-13.6
11:19:28.301	-15.2
11:19:28.313	-15.2
11:19:28.325	-16.8
11:19:28.333	-16.0
11:19:28.346	-17.2
11:19:28.358	-19.4
11:19:28.371	-18.8
11:19:28.379	-18.8
11:19:28.391	-20.8
11:19:28.403	-18.5
11:19:28.411	-17.4
11:19:28.424	-18.1
11:19:28.436	-17.3
11:19:28.444	-15.9
11:19:28.457	-15.4
11:19:28.469	-14.9
11:19:28.477	-14.5
11:19:28.489	-15.8
11:19:28.502	-14.0
11:19:28.510	-16.4
11:19:28.522	-17.1
11:19:28.535	-17.8
11:19:28.547	-17.1
11:19:28.555	-20.2
11:19:28.567	-20.5
11:19:28.579	-20.4
11:19:28.588	-23.0
11:19:28.600	-22.5
11:19:28.612	-23.9
11:19:28.625	-22.9
11:19:28.633	-23.7
11:19:28.645	-24.6
11:19:28.657	-25.1
11:19:28.665	-25.2
11:19:28.678	-26.0
11:19:28.690	-27.4
11:19:28.698	-25.6
11:19:28.710	-27.0
11:19:28.723	-28.7
11:19:28.731	-28.1
11:19:28.743	-28.7
11:19:28.755	-29.2
11:19:28.764	-30.8
11:19:28.776	-30.8
11:19:28.788	-29.7
11:19:28.801	-29.5
11:19:28.809	-30.0
11:19:28.821	-28.1
11:19:28.833	-24.5
11:19:28.841	-25.6
11:19:28.854	-24.6
11:19:28.866	-23.4
11:19:28.874	-22.0
11:19:28.887	-21.5
11:19:28.899	-20.5
11:19:28.911	-18.5
11:19:28.919	-16.7
11:19:28.932	-18.3
11:19:28.944	-20.3
11:19:28.952	-18.9
11:19:28.964	-18.4
11:19:28.977	-18.0
11:19:28.985	-19.0
11:19:28.997	-16.5
11:19:29.009	-17.2
11:19:29.018	-17.6
11:19:29.030	-19.2
11:19:29.042	-17.3
11:19:29.054	-15.3
11:19:29.063	-14.6
11:19:29.075	-12.6
11:19:29.087	-12.2
11:19:29.095	-10.8
11:19:29.108	-10.0
11:19:29.120	-7.2
11:19:29.128	-4.7
11:19:29.141	-1.7
11:19:29.153	-1.0
11:19:29.161	-0.5
11:19:29.173	0.5
11:19:29.185	1.7
11:19:29.194	2.8
11:19:29.206	3.8
11:19:29.218	3.3
11:19:29.231	3.3
11:19:29.239	2.8
11:19:29.251	2.6
11:19:29.263	3.0
11:19:29.271	2.8
11:19:29.284	1.5
11:19:29.296	1.1
11:19:29.308	2.1
11:19:29.316	4.1
11:19:29.329	4.1
11:19:29.341	5.2
11:19:29.349	3.9
11:19:29.361	4.0
11:19:29.374	4.7
11:19:29.382	6.8
11:19:29.394	7.9
11:19:29.407	8.8
11:19:29.415	8.5
11:19:29.427	6.9
11:19:29.439	7.7
11:19:29.447	8.5
11:19:29.460	11.9
11:19:29.472	11.0
11:19:29.484	11.8
11:19:29.493	11.0
11:19:29.505	12.1
11:19:29.517	11.5
11:19:29.529	12.6
11:19:29.538	13.0
11:19:29.550	13.2
11:19:29.562	13.2
11:19:29.570	12.0
11:19:29.583	13.7
11:19:29.595	13.6
11:19:29.607	13.8
11:19:29.615	12.7
11:19:29.628	12.6
11:19:29.640	11.1
11:19:29.648	12.3
11:19:29.661	12.5
11:19:29.673	11.1
11:19:29.681	11.3
11:19:29.693	11.6
11:19:29.706	12.1
11:19:29.714	12.5
11:19:29.726	13.9
11:19:29.739	15.0
11:19:29.747	16.6
11:19:29.759	16.3
11:19:29.771	16.2
11:19:29.784	18.4
11:19:29.792	18.7
11:19:29.804	17.8
11:19:29.816	16.9
11:19:29.825	15.6
11:19:29.837	13.1
11:19:29.849	15.1
11:19:29.857	18.8
11:19:29.870	18.8
11:19:29.882	18.4
11:19:29.894	14.7
11:19:29.902	14.6
11:19:29.915	14.9
11:19:29.927	15.6
11:19:29.935	17.1
11:19:29.948	20.4
11:19:29.960	19.0
11:19:29.968	15.7
11:19:29.980	15.7
11:19:29.993	15.7
11:19:30.001	19.5
11:19:30.013	19.7
11:19:30.025	19.5
11:19:30.038	19.6
11:19:30.046	19.7
11:19:30.058	18.3
11:19:30.070	16.8
11:19:30.079	17.0
11:19:30.091	16.8
11:19:30.103	18.0
11:19:30.111	15.0
11:19:30.124	14.1
11:19:30.136	15.0
11:19:30.144	13.5
11:19:30.156	12.4
11:19:30.169	11.0
11:19:30.181	11.4
11:19:30.189	10.2
11:19:30.201	11.2
11:19:30.214	10.1
11:19:30.222	11.3
11:19:30.234	11.7
11:19:30.246	10.4
11:19:30.255	12.3
11:19:30.267	12.0
11:19:30.279	13.3
11:19:30.292	13.0
11:19:30.300	12.7
11:19:30.312	10.5
11:19:30.324	11.2
11:19:30.332	12.2
11:19:30.345	12.2
11:19:30.357	12.1
11:19:30.365	11.0
11:19:30.377	11.8
11:19:30.390	11.9
11:19:30.398	11.7
11:19:30.410	11.3
11:19:30.423	11.8
11:19:30.431	7.7
11:19:30.443	5.2
11:19:30.455	3.7
11:19:30.468	7.3
11:19:30.476	6.1
11:19:30.488	4.1
11:19:30.500	2.6
11:19:30.508	4.4
11:19:30.521	4.3
11:19:30.533	5.2
11:19:30.545	7.5
11:19:30.554	7.4
11:19:30.566	6.8
11:19:30.578	3.2
11:19:30.586	4.5
11:19:30.599	6.8
11:19:30.611	8.2
11:19:30.619	7.5
11:19:30.631	8.6
11:19:30.644	6.8
11:19:30.652	8.9
11:19:30.664	9.0
11:19:30.676	9.3
11:19:30.685	7.2
11:19:30.697	6.8
11:19:30.709	6.3
11:19:30.721	6.7
11:19:30.730	5.4
11:19:30.742	4.7
11:19:30.754	4.8
11:19:30.762	3.4
11:19:30.775	2.9
11:19:30.787	3.9
11:19:30.795	5.1
11:19:30.807	5.8
11:19:30.820	5.6
11:19:30.832	4.2
11:19:30.840	3.6
11:19:30.852	2.2
11:19:30.865	3.1
11:19:30.873	2.2
11:19:30.885	4.7
11:19:30.898	3.8
11:19:30.906	3.8
11:19:30.918	1.5
11:19:30.931	-0.5
11:19:30.939	-1.2
11:19:30.951	-2.4
11:19:30.963	-1.8
11:19:30.976	-4.6
11:19:30.984	-5.7
11:19:30.996	-9.6
11:19:31.008	-10.0
11:19:31.017	-10.4
11:19:31.029	-9.1
11:19:31.041	-8.9
11:19:31.049	-9.9
11:19:31.062	-9.0
11:19:31.074	-7.2
11:19:31.082	-6.5
11:19:31.094	-7.2
11:19:31.107	-7.0
11:19:31.115	-7.6
11:19:31.127	-7.9
11:19:31.139	-9.4
11:19:31.152	-9.1
11:19:31.160	-9.5
11:19:31.172	-11.1
11:19:31.184	-14.8
11:19:31.193	-14.7
11:19:31.205	-14.6
11:19:31.217	-13.9
11:19:31.230	-14.1
11:19:31.238	-15.0
11:19:31.250	-14.4
11:19:31.262	-14.8
11:19:31.270	-15.4
11:19:31.283	-14.4
11:19:31.295	-14.1
11:19:31.307	-14.9
11:19:31.315	-15.5
11:19:31.328	-16.5
11:19:31.340	-16.2
11:19:31.348	-15.3
11:19:31.361	-13.2
11:19:31.373	-12.6
11:19:31.381	-11.6
11:19:31.393	-11.0
11:19:31.406	-12.0
11:19:31.414	-12.4
11:19:31.426	-12.2
11:19:31.438	-13.9
11:19:31.451	-15.8
11:19:31.459	-16.0
11:19:31.471	-19.1
11:19:31.483	-20.5
11:19:31.492	-21.7
11:19:31.504	-24.1
11:19:31.516	-23.7
11:19:31.528	-23.7
11:19:31.537	-23.5
11:19:31.549	-21.4
11:19:31.561	-19.9
11:19:31.569	-21.6
11:19:31.582	-21.2
11:19:31.594	-21.6
11:19:31.602	-21.6
11:19:31.614	-22.2
11:19:31.627	-21.9
11:19:31.635	-22.3
11:19:31.647	-22.5
11:19:31.659	-24.6
11:19:31.668	-25.5
11:19:31.680	-25.1
11:19:31.692	-26.9
11:19:31.704	-27.1
11:19:31.713	-26.5
11:19:31.725	-25.6
11:19:31.737	-28.0
11:19:31.745	-28.5
11:19:31.758	-28.5
11:19:31.770	-28.1
11:19:31.778	-27.6
11:19:31.790	-27.3
11:19:31.803	-26.7
11:19:31.815	-28.0
11:19:31.823	-28.1
11:19:31.836	-27.8
11:19:31.848	-25.7
11:19:31.856	-25.3
11:19:31.868	-24.4
11:19:31.881	-24.4
11:19:31.889	-25.5
11:19:31.901	-26.4
11:19:31.913	-26.3
11:19:31.922	-21.7
11:19:31.934	-22.8
11:19:31.947	-22.9
11:19:31.959	-21.3
11:19:31.967	-22.2
11:19:31.979	-23.1
11:19:31.992	-23.6
11:19:32.000	-22.4
11:19:32.012	-20.2
11:19:32.024	-19.5
11:19:32.033	-21.4
11:19:32.045	-19.4
11:19:32.057	-19.8
11:19:32.065	-20.4
11:19:32.078	-18.6
11:19:32.090	-17.3
11:19:32.102	-14.5
11:19:32.110	-14.6
11:19:32.123	-14.6
11:19:32.135	-16.5
11:19:32.143	-16.2
11:19:32.155	-17.4
11:19:32.168	-15.4
11:19:32.176	-15.6
11:19:32.188	-15.5
11:19:32.201	-16.2
11:19:32.213	-16.0
11:19:32.221	-15.1
11:19:32.233	-14.0
11:19:32.245	-11.8
11:19:32.254	-12.4
11:19:32.266	-11.1
11:19:32.278	-11.4
11:19:32.287	-11.2
11:19:32.299	-11.1
11:19:32.311	-10.5
11:19:32.319	-8.5
11:19:32.331	-9.1
11:19:32.344	-8.4
11:19:32.352	-7.6
11:19:32.364	-7.0
11:19:32.377	-6.9
11:19:32.389	-5.1
11:19:32.397	-5.4
11:19:32.409	-4.4
11:19:32.422	-3.9
11:19:32.430	-7.2
11:19:32.442	-6.0
11:19:32.454	-6.5
11:19:32.467	-7.9
11:19:32.475	-8.5
11:19:32.487	-5.3
11:19:32.499	-7.0
11:19:32.508	-5.6
11:19:32.520	-4.8
11:19:32.532	-4.9
11:19:32.540	-3.6
11:19:32.553	-3.7
11:19:32.565	-4.7
11:19:32.573	-2.9
11:19:32.585	0.1
11:19:32.598	-3.0
11:19:32.606	-2.7
11:19:32.618	-4.3
11:19:32.630	-4.8
11:19:32.643	-4.3
11:19:32.651	-4.2
11:19:32.663	-4.3
11:19:32.675	-4.3
11:19:32.684	-2.8
11:19:32.696	-4.5
11:19:32.708	-2.9
11:19:32.716	-1.7
11:19:32.729	-0.2
11:19:32.741	-0.4
11:19:32.753	0.8
11:19:32.761	2.7
11:19:32.774	4.3
11:19:32.786	6.1
11:19:32.794	3.7
11:19:32.806	5.1
11:19:32.819	5.5
11:19:32.827	7.9
11:19:32.839	11.2
11:19:32.852	12.2
11:19:32.860	11.5
11:19:32.872	10.9
11:19:32.884	10.8
11:19:32.897	10.5
11:19:32.905	14.8
11:19:32.917	13.0
11:19:32.929	13.5
11:19:32.938	10.1
11:19:32.950	6.4
11:19:32.962	8.0
11:19:32.970	7.4
11:19:32.983	4.8
11:19:32.995	3.0
11:19:33.003	1.2
11:19:33.015	-3.1
11:19:33.028	-4.6
11:19:33.036	-6.6
11:19:33.048	-7.6
11:19:33.060	-8.0
11:19:33.073	-10.4
11:19:33.081	-9.0
11:19:33.093	-8.5
11:19:33.105	-8.0
11:19:33.114	-8.9
11:19:33.126	-9.8
11:19:33.138	-9.6
11:19:33.150	-12.3
11:19:33.159	-11.5
11:19:33.171	-11.6
11:19:33.183	-13.3
11:19:33.191	-15.4
11:19:33.204	-14.9
11:19:33.216	-16.4
11:19:33.224	-16.2
11:19:33.236	-15.0
11:19:33.249	-12.4
11:19:33.257	-10.0
11:19:33.269	-8.1
11:19:33.281	-8.7
11:19:33.290	-8.0
11:19:33.302	-6.7
11:19:33.314	-6.2
11:19:33.327	-4.3
11:19:33.335	-4.2
11:19:33.347	-3.9
11:19:33.359	-6.1
11:19:33.368	-4.2
11:19:33.380	-5.3
11:19:33.392	-3.6
11:19:33.405	-3.4
11:19:33.413	-4.8
11:19:33.425	-3.5
11:19:33.437	-4.3
11:19:33.445	-3.6
11:19:33.458	-4.2
11:19:33.470	-4.7
11:19:33.482	-8.6
11:19:33.490	-10.0
11:19:33.503	-11.7
11:19:33.515	-9.8
11:19:33.523	-11.3
11:19:33.535	-13.8
11:19:33.548	-14.3
11:19:33.556	-13.1
11:19:33.568	-14.2
11:19:33.580	-14.0
11:19:33.589	-11.7
11:19:33.601	-11.4
11:19:33.613	-11.4
11:19:33.625	-12.0
11:19:33.634	-11.6
11:19:33.646	-10.9
11:19:33.658	-10.5
11:19:33.666	-10.9
11:19:33.679	-9.5
11:19:33.691	-8.7
11:19:33.699	-7.9
11:19:33.711	-8.3
11:19:33.724	-7.2
11:19:33.736	-8.2
11:19:33.744	-3.0
11:19:33.756	-3.2
11:19:33.769	-3.3
11:19:33.777	-4.5
11:19:33.789	-4.7
11:19:33.801	-4.4
11:19:33.810	-5.9
11:19:33.822	-4.3
11:19:33.834	-1.1
11:19:33.842	0.1
11:19:33.855	-3.2
11:19:33.867	-2.3
11:19:33.879	-2.1
11:19:33.888	-1.9
11:19:33.900	-1.4
11:19:33.912	-1.1
11:19:33.920	0.2
11:19:33.933	0.2
11:19:33.945	-1.8
11:19:33.953	-3.4
11:19:33.965	-2.0
11:19:33.978	-1.0
11:19:33.986	-0.9
11:19:33.998	0.4
11:19:34.010	1.2
11:19:34.023	-0.3
11:19:34.031	-0.9
11:19:34.043	-1.6
11:19:34.055	-3.1
11:19:34.064	-0.8
11:19:34.076	-2.2
11:19:34.088	-2.8
11:19:34.096	-3.1
11:19:34.109	-3.4
11:19:34.121	-5.2
11:19:34.133	-3.7
11:19:34.141	-2.5
11:19:34.154	-1.2
11:19:34.166	-1.1
11:19:34.174	-1.6
11:19:34.186	-1.5
11:19:34.199	-2.7
11:19:34.207	-2.5
11:19:34.219	-2.4
11:19:34.231	-1.7
11:19:34.240	2.7
11:19:34.252	1.0
11:19:34.264	1.5
11:19:34.272	2.4
11:19:34.285	1.3
11:19:34.297	1.1
11:19:34.309	3.0
11:19:34.317	3.9
11:19:34.330	4.9
11:19:34.342	6.1
11:19:34.350	2.1
11:19:34.363	4.9
11:19:34.375	2.3
11:19:34.387	1.6
11:19:34.395	2.9
11:19:34.408	4.9
11:19:34.420	3.3
11:19:34.428	3.4
11:19:34.440	3.2
11:19:34.453	2.4
11:19:34.461	2.3
11:19:34.473	-0.7
11:19:34.485	-0.2
11:19:34.494	0.5
11:19:34.506	2.1
11:19:34.518	0.5
11:19:34.526	0.3
11:19:34.540	0.3
11:19:34.551	0.4
11:19:34.563	1.7
11:19:34.572	1.0
11:19:34.585	2.7
11:19:34.597	3.2
11:19:34.605	3.0
11:19:34.617	2.1
11:19:34.629	1.7
11:19:34.638	3.4
11:19:34.650	5.9
11:19:34.662	3.4
11:19:34.674	3.3
11:19:34.683	3.1
11:19:34.695	2.3
11:19:34.707	2.8
11:19:34.715	2.8
11:19:34.728	2.7
11:19:34.740	3.7
11:19:34.748	3.1
11:19:34.761	0.4
11:19:34.773	2.0
11:19:34.781	2.6
11:19:34.793	3.5
11:19:34.805	6.6
11:19:34.818	6.5
11:19:34.826	8.7
11:19:34.838	8.6
11:19:34.850	7.2
11:19:34.859	9.0
11:19:34.871	9.9
11:19:34.883	12.0
11:19:34.891	11.7
11:19:34.904	11.4
11:19:34.916	11.2
11:19:34.924	12.6
11:19:34.937	10.8
11:19:34.949	10.5
11:19:34.957	12.7
11:19:34.969	11.1
11:19:34.982	12.7
11:19:34.994	12.8
11:19:35.002	13.5
11:19:35.014	15.4
11:19:35.027	15.2
11:19:35.035	15.2
11:19:35.047	16.1
11:19:35.059	17.6
11:19:35.072	17.3
11:19:35.080	19.7
11:19:35.092	19.3
11:19:35.104	19.5
11:19:35.113	21.1
11:19:35.125	22.1
11:19:35.137	22.9
11:19:35.145	23.8
11:19:35.158	25.4
11:19:35.170	28.2
11:19:35.178	28.6
11:19:35.190	29.9
11:19:35.203	30.4
11:19:35.211	30.4
11:19:35.223	31.6
11:19:35.235	30.3
11:19:35.248	29.1
11:19:35.256	28.7
11:19:35.268	29.8
11:19:35.280	26.9
11:19:35.293	27.4
11:19:35.301	25.6
11:19:35.313	24.9
11:19:35.325	24.2
11:19:35.334	22.5
11:19:35.346	23.1
11:19:35.358	25.1
11:19:35.370	25.8
11:19:35.379	26.1
11:19:35.391	26.5
11:19:35.403	27.7
11:19:35.411	28.5
11:19:35.424	29.9
11:19:35.436	30.7
11:19:35.444	30.1
11:19:35.457	29.8
11:19:35.469	27.9
11:19:35.477	28.3
11:19:35.489	27.2
11:19:35.502	27.0
11:19:35.510	26.3
11:19:35.522	27.6
11:19:35.535	28.1
11:19:35.547	29.1
11:19:35.555	30.5
11:19:35.567	32.0
11:19:35.580	32.3
11:19:35.588	32.0
11:19:35.600	32.9
11:19:35.613	36.4
11:19:35.621	35.9
11:19:35.633	33.3
11:19:35.645	35.0
11:19:35.658	34.3
11:19:35.666	35.0
11:19:35.678	34.8
11:19:35.690	36.7
11:19:35.699	36.4
11:19:35.711	35.5
11:19:35.723	32.2
11:19:35.731	33.9
11:19:35.743	35.6
11:19:35.755	34.5
11:19:35.763	35.1
11:19:35.776	33.2
11:19:35.788	32.3
11:19:35.800	30.3
11:19:35.808	30.6
11:19:35.821	30.4
11:19:35.833	30.3
11:19:35.841	29.5
11:19:35.853	28.1
11:19:35.866	26.7
11:19:35.874	24.3
11:19:35.886	24.6
11:19:35.899	23.4
11:19:35.907	22.8
11:19:35.919	21.7
11:19:35.931	20.9
11:19:35.944	21.0
11:19:35.952	19.9
11:19:35.964	20.2
11:19:35.976	20.3
11:19:35.985	20.9
11:19:35.997	19.3
11:19:36.009	19.4
11:19:36.017	18.9
11:19:36.030	19.1
11:19:36.042	19.4
11:19:36.054	18.6
11:19:36.062	18.9
11:19:36.075	17.2
11:19:36.087	14.1
11:19:36.095	14.4
11:19:36.107	14.0
11:19:36.120	14.0
11:19:36.128	13.6
11:19:36.140	12.2
11:19:36.152	10.9
11:19:36.161	10.6
11:19:36.173	9.0
11:19:36.185	9.2
11:19:36.193	10.2
11:19:36.206	9.7
11:19:36.218	9.2
11:19:36.230	9.0
11:19:36.238	9.4
11:19:36.251	9.7
11:19:36.263	9.7
11:19:36.271	8.8
11:19:36.283	9.4
11:19:36.296	9.1
11:19:36.308	9.6
11:19:36.316	10.9
11:19:36.330	10.4
11:19:36.342	8.3
11:19:36.350	6.9
11:19:36.362	5.7
11:19:36.375	4.1
11:19:36.383	5.5
11:19:36.395	5.0
11:19:36.406	5.0
11:19:36.415	5.8
11:19:36.427	3.1
11:19:36.439	3.2
11:19:36.447	7.3
11:19:36.460	7.4
11:19:36.472	6.6
11:19:36.484	8.8
11:19:36.492	8.0
11:19:36.505	7.2
11:19:36.517	4.9
11:19:36.525	1.4
11:19:36.537	3.1
11:19:36.550	2.1
11:19:36.558	-1.0
11:19:36.570	-1.3
11:19:36.583	0.3
11:19:36.595	-2.3
11:19:36.603	-3.5
11:19:36.615	-4.2
11:19:36.628	-1.9
11:19:36.636	-0.8
11:19:36.648	-3.5
11:19:36.660	-3.1
11:19:36.669	-3.3
11:19:36.681	-3.8
11:19:36.693	-4.0
11:19:36.701	-2.6
11:19:36.714	-3.4
11:19:36.726	-2.1
11:19:36.738	-2.8
11:19:36.746	-3.2
11:19:36.759	-2.0
11:19:36.771	0.7
11:19:36.779	2.4
11:19:36.792	3.3
11:19:36.804	3.2
11:19:36.812	4.2
11:19:36.825	5.8
11:19:36.837	4.5
11:19:36.845	4.2
11:19:36.858	7.0
11:19:36.870	7.5
11:19:36.878	6.4
11:19:36.890	5.1
11:19:36.902	5.5
11:19:36.915	5.3
11:19:36.923	6.5
11:19:36.935	5.5
11:19:36.947	7.4
11:19:36.956	7.2
11:19:36.968	4.7
11:19:36.980	5.3
11:19:36.992	4.3
11:19:37.001	5.3
11:19:37.013	6.0
11:19:37.025	7.6
11:19:37.033	5.5
11:19:37.046	6.4
11:19:37.058	5.2
11:19:37.066	6.0
11:19:37.078	9.8
11:19:37.091	8.1
11:19:37.099	7.8
11:19:37.111	8.6
11:19:37.124	8.9
11:19:37.132	9.7
11:19:37.144	12.1
11:19:37.156	13.5
11:19:37.169	14.4
11:19:37.177	15.3
11:19:37.189	11.9
11:19:37.201	13.8
11:19:37.209	15.5
11:19:37.222	14.3
11:19:37.234	14.0
11:19:37.246	15.5
11:19:37.254	14.4
11:19:37.267	15.2
11:19:37.279	14.2
11:19:37.291	13.0
11:19:37.300	13.9
11:19:37.312	13.5
11:19:37.324	14.0
11:19:37.332	14.2
11:19:37.345	15.8
11:19:37.357	13.4
11:19:37.365	12.7
11:19:37.377	13.0
11:19:37.390	17.7
11:19:37.398	20.7
11:19:37.410	22.4
11:19:37.422	22.7
11:19:37.431	23.3
11:19:37.443	24.1
11:19:37.455	24.9
11:19:37.467	25.0
11:19:37.476	25.4
11:19:37.488	24.0
11:19:37.500	22.8
11:19:37.508	21.6
11:19:37.521	19.5
11:19:37.533	19.4
11:19:37.541	19.1
11:19:37.553	19.8
11:19:37.566	18.4
11:19:37.578	18.8
11:19:37.586	19.9
11:19:37.598	20.6
11:19:37.611	19.2
11:19:37.619	19.3
11:19:37.631	21.2
11:19:37.643	21.4
11:19:37.652	20.8
11:19:37.664	20.1
11:19:37.676	19.9
11:19:37.684	21.1
11:19:37.697	20.9
11:19:37.709	19.0
11:19:37.721	19.1
11:19:37.729	18.9
11:19:37.742	18.4
11:19:37.754	18.4
11:19:37.762	20.5
11:19:37.775	21.0
11:19:37.787	21.3
11:19:37.795	18.4
11:19:37.807	18.2
11:19:37.820	18.7
11:19:37.828	21.2
11:19:37.840	21.5
11:19:37.852	23.0
11:19:37.865	23.4
11:19:37.873	21.5
11:19:37.885	22.4
11:19:37.897	21.3
11:19:37.906	22.3
11:19:37.918	21.8
11:19:37.930	21.3
11:19:37.938	19.4
11:19:37.951	20.5
11:19:37.963	20.1
11:19:37.975	20.4
11:19:37.983	21.5
11:19:37.996	20.5
11:19:38.008	21.4
11:19:38.016	23.3
11:19:38.028	23.7
11:19:38.041	25.8
11:19:38.049	24.3
11:19:38.061	22.4
11:19:38.073	23.1
11:19:38.082	23.0
11:19:38.094	24.4
11:19:38.106	23.8
11:19:38.114	24.5
11:19:38.127	24.8
11:19:38.139	23.8
11:19:38.151	21.7
11:19:38.159	21.8
11:19:38.172	21.5
11:19:38.184	19.0
11:19:38.192	19.7
11:19:38.205	19.0
11:19:38.217	20.3
11:19:38.229	19.9
11:19:38.237	18.6
11:19:38.250	18.5
11:19:38.262	19.0
11:19:38.270	19.1
11:19:38.282	21.7
11:19:38.295	22.1
11:19:38.303	21.5
11:19:38.315	18.0
11:19:38.327	16.8
11:19:38.336	16.3
11:19:38.348	16.1
11:19:38.360	15.3
11:19:38.369	15.6
11:19:38.382	15.2
11:19:38.394	11.8
11:19:38.406	11.3
11:19:38.414	10.3
11:19:38.427	10.6
11:19:38.439	12.0
11:19:38.447	10.5
11:19:38.459	9.4
11:19:38.472	11.4
11:19:38.480	11.1
11:19:38.492	11.4
11:19:38.504	12.6
11:19:38.517	13.6
11:19:38.525	15.9
11:19:38.537	17.1
11:19:38.549	16.0
11:19:38.558	17.0
11:19:38.570	16.6
11:19:38.582	15.9
11:19:38.590	17.4
11:19:38.603	18.3
11:19:38.615	18.9
11:19:38.623	17.3
11:19:38.635	16.0
11:19:38.648	16.9
11:19:38.660	17.9
11:19:38.668	18.5
11:19:38.681	19.2
11:19:38.693	20.4
11:19:38.701	19.1
11:19:38.713	17.9
11:19:38.726	18.7
11:19:38.734	18.4
11:19:38.746	18.3
11:19:38.758	17.5
11:19:38.766	18.3
11:19:38.779	17.3
11:19:38.791	16.9
11:19:38.799	14.7
11:19:38.812	14.6
11:19:38.824	15.9
11:19:38.836	14.1
11:19:38.844	15.4
11:19:38.857	14.2
11:19:38.869	15.8
11:19:38.877	14.0
11:19:38.889	15.7
11:19:38.902	14.8
11:19:38.914	14.7
11:19:38.922	15.7
11:19:38.934	16.0
11:19:38.947	19.9
11:19:38.955	18.7
11:19:38.967	19.3
11:19:38.980	15.8
11:19:38.988	18.4
11:19:39.000	16.9
11:19:39.012	17.9
11:19:39.021	18.8
11:19:39.033	18.9
11:19:39.045	17.8
11:19:39.053	14.3
11:19:39.066	15.2
11:19:39.078	14.1
11:19:39.090	16.0
11:19:39.098	12.2
11:19:39.110	11.0
11:19:39.123	11.2
11:19:39.131	10.6
11:19:39.143	9.1
11:19:39.156	9.0
11:19:39.168	8.0
11:19:39.176	7.1
11:19:39.189	7.6
11:19:39.201	6.5
11:19:39.209	6.2
11:19:39.221	8.3
11:19:39.233	7.4
11:19:39.241	8.0
11:19:39.254	6.9
11:19:39.266	7.1
11:19:39.274	8.3
11:19:39.287	8.3
11:19:39.299	7.1
11:19:39.307	6.6
11:19:39.319	7.8
11:19:39.332	7.6
11:19:39.344	7.0
11:19:39.352	6.5
11:19:39.364	7.1
11:19:39.377	3.3
11:19:39.385	4.5
11:19:39.397	4.9
11:19:39.409	7.3
11:19:39.418	3.3
11:19:39.430	0.4
11:19:39.442	-2.1
11:19:39.454	-3.1
11:19:39.463	-4.7
11:19:39.475	-6.9
11:19:39.487	-4.8
11:19:39.499	-6.4
11:19:39.508	-6.4
11:19:39.520	-7.5
11:19:39.532	-6.6
11:19:39.540	-5.6
11:19:39.553	-6.5
11:19:39.565	-5.7
11:19:39.573	-6.1
11:19:39.585	-2.9
11:19:39.598	-3.9
11:19:39.606	-5.9
11:19:39.618	-8.5
11:19:39.631	-10.4
11:19:39.643	-5.7
11:19:39.651	-7.2
11:19:39.663	-6.2
11:19:39.675	-6.0
11:19:39.684	-4.2
11:19:39.696	-5.9
11:19:39.708	-4.3
11:19:39.717	-5.5
11:19:39.729	-2.1
11:19:39.741	-1.8
11:19:39.749	-2.0
11:19:39.762	-2.0
11:19:39.774	-1.8
11:19:39.786	-4.3
11:19:39.794	-6.5
11:19:39.807	-5.6
11:19:39.819	-6.5
11:19:39.827	-5.0
11:19:39.839	-8.1
11:19:39.852	-8.9
11:19:39.860	-12.6
11:19:39.872	-12.7
11:19:39.884	-13.8
11:19:39.897	-13.0
11:19:39.905	-12.0
11:19:39.917	-14.6
11:19:39.929	-14.9
11:19:39.938	-15.7
11:19:39.950	-14.1
11:19:39.962	-13.5
11:19:39.970	-12.1
11:19:39.983	-12.1
11:19:39.995	-11.4
11:19:40.003	-10.4
11:19:40.015	-12.1
11:19:40.028	-12.8
11:19:40.036	-14.6
11:19:40.048	-14.0
11:19:40.060	-15.0
11:19:40.073	-16.1
11:19:40.081	-16.2
11:19:40.093	-16.6
11:19:40.106	-18.7
11:19:40.114	-20.3
11:19:40.126	-18.2
11:19:40.138	-17.8
11:19:40.151	-17.4
11:19:40.159	-19.3
11:19:40.171	-20.0
11:19:40.183	-20.0
11:19:40.192	-21.1
11:19:40.204	-21.4
11:19:40.216	-22.1
11:19:40.224	-22.0
11:19:40.237	-22.3
11:19:40.249	-22.0
11:19:40.257	-21.6
11:19:40.269	-20.9
11:19:40.282	-20.7
11:19:40.290	-19.4
11:19:40.302	-19.2
11:19:40.314	-17.0
11:19:40.327	-14.4
11:19:40.335	-12.0
11:19:40.347	-11.9
11:19:40.360	-11.0
11:19:40.368	-9.6
11:19:40.380	-9.1
11:19:40.392	-9.0
11:19:40.400	-8.8
11:19:40.413	-5.9
11:19:40.425	-6.3
11:19:40.437	-7.3
11:19:40.445	-5.2
11:19:40.458	-6.2
11:19:40.470	-4.8
11:19:40.478	-4.8
11:19:40.490	-2.5
11:19:40.503	-0.5
11:19:40.511	-0.6
11:19:40.523	-1.8
11:19:40.536	-0.1
11:19:40.544	1.7
11:19:40.556	0.4
11:19:40.568	0.5
11:19:40.581	-0.7
11:19:40.589	0.6
11:19:40.601	0.2
11:19:40.613	-0.3
11:19:40.622	1.1
11:19:40.634	1.1
11:19:40.646	0.9
11:19:40.654	1.3
11:19:40.667	0.4
11:19:40.679	2.6
11:19:40.687	4.7
11:19:40.699	4.7
11:19:40.712	4.2
11:19:40.720	3.4
11:19:40.732	4.7
11:19:40.744	5.0
11:19:40.757	4.4
11:19:40.765	2.4
11:19:40.777	3.3
11:19:40.789	4.0
11:19:40.798	3.3
11:19:40.810	3.8
11:19:40.822	4.8
11:19:40.834	5.6
11:19:40.843	4.5
11:19:40.855	4.1
11:19:40.867	4.8
11:19:40.875	8.5
11:19:40.888	9.0
11:19:40.900	9.2
11:19:40.908	11.2
11:19:40.920	11.5
11:19:40.933	11.4
11:19:40.941	13.0
11:19:40.953	11.1
11:19:40.965	12.6
11:19:40.974	14.6
11:19:40.986	16.1
11:19:40.998	16.5
11:19:41.011	17.8
11:19:41.019	17.1
11:19:41.031	18.1
11:19:41.043	19.5
11:19:41.051	22.5
11:19:41.064	25.2
11:19:41.076	24.5
11:19:41.088	23.6
11:19:41.097	21.6
11:19:41.109	21.5
11:19:41.121	19.8
11:19:41.129	19.3
11:19:41.142	18.9
11:19:41.154	17.6
11:19:41.162	15.8
11:19:41.174	14.3
11:19:41.187	15.8
11:19:41.195	17.1
11:19:41.207	17.7
11:19:41.219	19.0
11:19:41.232	19.9
11:19:41.240	20.9
11:19:41.252	21.2
11:19:41.264	21.7
11:19:41.273	20.8
11:19:41.285	23.1
11:19:41.297	22.3
11:19:41.309	22.3
11:19:41.318	22.6
11:19:41.330	24.3
11:19:41.342	24.3
11:19:41.350	23.8
11:19:41.363	23.8
11:19:41.375	23.1
11:19:41.383	23.3
11:19:41.395	24.0
11:19:41.408	26.0
11:19:41.420	25.2
11:19:41.428	24.1
11:19:41.441	21.7
11:19:41.453	23.2
11:19:41.461	24.0
11:19:41.473	23.0
11:19:41.486	23.4
11:19:41.494	24.6
11:19:41.506	22.8
11:19:41.518	20.1
11:19:41.527	19.9
11:19:41.539	20.0
11:19:41.551	21.7
11:19:41.563	19.7
11:19:41.572	23.7
11:19:41.584	24.8
11:19:41.596	26.1
11:19:41.604	24.7
11:19:41.617	25.5
11:19:41.629	30.3
11:19:41.637	30.5
11:19:41.650	32.1
11:19:41.662	30.1
11:19:41.670	29.6
11:19:41.682	24.8
11:19:41.695	23.3
11:19:41.707	23.0
11:19:41.715	21.9
11:19:41.727	22.5
11:19:41.740	18.1
11:19:41.748	18.2
11:19:41.760	16.1
11:19:41.772	16.4
11:19:41.781	17.0
11:19:41.793	16.5
11:19:41.805	16.1
11:19:41.817	16.6
11:19:41.826	17.5
11:19:41.838	16.9
11:19:41.850	19.0
11:19:41.858	20.0
11:19:41.871	21.7
11:19:41.883	20.0
11:19:41.891	18.2
11:19:41.903	18.6
11:19:41.916	17.8
11:19:41.924	16.6
11:19:41.936	17.6
11:19:41.948	17.2
11:19:41.957	15.9
11:19:41.969	15.2
11:19:41.981	15.5
11:19:41.993	15.6
11:19:42.002	16.9
11:19:42.014	15.8
11:19:42.026	16.4
11:19:42.034	15.7
11:19:42.047	14.1
11:19:42.059	14.0
11:19:42.071	13.6
11:19:42.079	12.4
11:19:42.092	12.2
11:19:42.104	14.4
11:19:42.112	14.4
11:19:42.125	16.4
11:19:42.137	16.7
11:19:42.145	16.5
11:19:42.157	16.7
11:19:42.170	16.2
11:19:42.178	18.1
11:19:42.190	17.8
11:19:42.203	15.8
11:19:42.211	13.4
11:19:42.223	14.0
11:19:42.235	13.4
11:19:42.248	12.1
11:19:42.256	12.9
11:19:42.268	12.7
11:19:42.280	12.6
11:19:42.289	12.1
11:19:42.301	12.6
11:19:42.313	13.4
11:19:42.321	13.5
11:19:42.334	13.3
11:19:42.346	11.9
11:19:42.358	13.7
11:19:42.367	15.3
11:19:42.379	16.1
11:19:42.391	16.0
11:19:42.399	14.6
11:19:42.411	14.3
11:19:42.424	14.0
11:19:42.432	15.3
11:19:42.444	15.3
11:19:42.456	15.8
11:19:42.465	15.9
11:19:42.477	15.7
11:19:42.489	14.0
11:19:42.502	14.1
11:19:42.510	13.5
11:19:42.522	12.8
11:19:42.534	13.8
11:19:42.542	14.3
11:19:42.555	14.3
11:19:42.567	13.7
11:19:42.575	14.7
11:19:42.588	13.5
11:19:42.600	14.1
11:19:42.608	15.0
11:19:42.620	16.2
11:19:42.633	18.0
11:19:42.641	16.4
11:19:42.653	14.8
11:19:42.665	14.1
11:19:42.678	14.7
11:19:42.686	12.7
11:19:42.698	11.9
11:19:42.710	11.6
11:19:42.719	9.9
11:19:42.731	8.9
11:19:42.743	7.0
11:19:42.755	8.0
11:19:42.764	5.9
11:19:42.776	5.1
11:19:42.788	6.4
11:19:42.796	5.0
11:19:42.809	6.0
11:19:42.821	6.1
11:19:42.829	5.8
11:19:42.841	6.1
11:19:42.854	4.8
11:19:42.862	4.0
11:19:42.874	7.9
11:19:42.886	8.3
11:19:42.895	6.9
11:19:42.907	7.3
11:19:42.919	6.2
11:19:42.932	4.6
11:19:42.940	5.1
11:19:42.952	4.3
11:19:42.964	2.5
11:19:42.972	1.4
11:19:42.985	-1.7
11:19:42.997	-2.2
11:19:43.009	-4.1
11:19:43.018	-3.7
11:19:43.030	-5.1
11:19:43.042	-5.0
11:19:43.050	-3.0
11:19:43.063	-3.2
11:19:43.075	-0.9
11:19:43.083	-1.8
11:19:43.095	-2.8
11:19:43.108	-2.8
11:19:43.116	-3.2
11:19:43.128	-3.6
11:19:43.140	-4.8
11:19:43.149	-4.9
11:19:43.161	-8.1
11:19:43.173	-10.4
11:19:43.185	-11.5
11:19:43.194	-12.7
11:19:43.206	-11.7
11:19:43.218	-14.4
11:19:43.230	-14.1
11:19:43.239	-15.3
11:19:43.251	-15.3
11:19:43.263	-16.7
11:19:43.271	-18.3
11:19:43.284	-19.0
11:19:43.296	-19.1
11:19:43.304	-18.1
11:19:43.317	-19.9
11:19:43.329	-17.9
11:19:43.341	-16.8
11:19:43.349	-15.0
11:19:43.361	-14.9
11:19:43.374	-13.8
11:19:43.382	-14.6
11:19:43.394	-14.7
11:19:43.406	-15.6
11:19:43.415	-16.9
11:19:43.427	-17.4
11:19:43.439	-20.4
11:19:43.447	-24.4
11:19:43.460	-26.9
11:19:43.472	-29.2
11:19:43.484	-30.2
11:19:43.493	-31.1
11:19:43.505	-30.0
11:19:43.517	-31.2
11:19:43.525	-31.2
11:19:43.538	-30.7
11:19:43.550	-29.1
11:19:43.558	-28.0
11:19:43.570	-29.0
11:19:43.583	-27.2
11:19:43.591	-27.8
11:19:43.603	-28.9
11:19:43.615	-30.2
11:19:43.628	-30.3
11:19:43.636	-30.8
11:19:43.648	-31.3
11:19:43.660	-31.7
11:19:43.669	-31.6
11:19:43.681	-31.5
11:19:43.693	-31.9
11:19:43.701	-33.1
11:19:43.714	-32.3
11:19:43.726	-31.2
11:19:43.738	-29.8
11:19:43.746	-29.2
11:19:43.759	-28.5
11:19:43.771	-28.4
11:19:43.779	-27.9
11:19:43.791	-27.2
11:19:43.804	-26.7
11:19:43.812	-25.7
11:19:43.824	-25.3
11:19:43.837	-25.4
11:19:43.845	-25.8
11:19:43.857	-27.0
11:19:43.869	-27.7
11:19:43.878	-27.9
11:19:43.890	-28.0
11:19:43.902	-27.7
11:19:43.914	-29.1
11:19:43.923	-27.5
11:19:43.935	-25.8
11:19:43.947	-24.6
11:19:43.955	-24.5
11:19:43.968	-22.7
11:19:43.980	-20.6
11:19:43.992	-19.9
11:19:44.000	-18.2
11:19:44.013	-16.8
11:19:44.025	-15.0
11:19:44.033	-16.0
11:19:44.046	-14.2
11:19:44.058	-15.5
11:19:44.066	-15.2
11:19:44.078	-15.0
11:19:44.091	-14.3
11:19:44.099	-13.1
11:19:44.111	-13.5
11:19:44.123	-14.4
11:19:44.131	-13.2
11:19:44.144	-12.2
11:19:44.156	-13.1
11:19:44.168	-12.8
11:19:44.177	-12.3
11:19:44.189	-11.1
11:19:44.201	-12.9
11:19:44.209	-12.9
11:19:44.222	-11.5
11:19:44.234	-10.2
11:19:44.242	-10.1
11:19:44.254	-10.8
11:19:44.267	-9.9
11:19:44.279	-8.7
11:19:44.287	-7.6
11:19:44.299	-7.2
11:19:44.312	-4.1
11:19:44.320	-2.7
11:19:44.332	-4.1
11:19:44.344	-3.9
11:19:44.353	-3.5
11:19:44.365	-1.3
11:19:44.377	-0.6
11:19:44.385	-1.1
11:19:44.398	-1.0
11:19:44.410	-1.6
11:19:44.422	-2.8
11:19:44.431	-4.5
11:19:44.443	-3.8
11:19:44.455	-2.4
11:19:44.463	-1.9
11:19:44.475	-2.2
11:19:44.488	-2.3
11:19:44.496	1.2
11:19:44.508	2.9
11:19:44.520	5.1
11:19:44.529	5.0
11:19:44.541	7.5
11:19:44.553	8.1
11:19:44.561	8.4
11:19:44.574	9.8
11:19:44.586	10.9
11:19:44.598	9.9
11:19:44.606	8.6
11:19:44.619	7.5
11:19:44.631	6.9
11:19:44.639	7.1
11:19:44.651	6.5
11:19:44.664	5.9
11:19:44.676	4.2
11:19:44.684	3.2
11:19:44.697	2.6
11:19:44.709	3.0
11:19:44.717	1.2
11:19:44.729	-0.1
11:19:44.742	-2.1
11:19:44.750	0.2
11:19:44.762	-0.2
11:19:44.774	-1.6
11:19:44.783	-2.2
11:19:44.795	-4.8
11:19:44.807	-7.9
11:19:44.815	-7.3
11:19:44.829	-8.0
11:19:44.841	-8.6
11:19:44.853	-8.3
11:19:44.861	-12.6
11:19:44.874	-14.3
11:19:44.886	-15.5
11:19:44.894	-16.0
11:19:44.906	-17.1
11:19:44.919	-17.4
11:19:44.931	-18.3
11:19:44.939	-18.9
11:19:44.951	-20.4
11:19:44.964	-21.2
11:19:44.972	-20.1
11:19:44.984	-20.5
11:19:44.997	-18.6
11:19:45.005	-19.3
11:19:45.017	-17.1
11:19:45.029	-16.5
11:19:45.038	-17.6
11:19:45.050	-17.2
11:19:45.062	-15.1
11:19:45.070	-15.1
11:19:45.082	-14.9
11:19:45.095	-13.0
11:19:45.107	-13.3
11:19:45.115	-12.8
11:19:45.128	-13.5
11:19:45.140	-12.0
11:19:45.148	-9.6
11:19:45.160	-6.6
11:19:45.173	-5.5
11:19:45.181	-5.9
11:19:45.193	-5.7
11:19:45.205	-7.8
11:19:45.214	-7.0
11:19:45.226	-5.4
11:19:45.238	-4.5
11:19:45.250	-5.0
11:19:45.259	-7.4
11:19:45.271	-9.4
11:19:45.283	-10.5
11:19:45.291	-8.3
11:19:45.304	-8.6
11:19:45.316	-7.4
11:19:45.324	-8.1
11:19:45.336	-10.3
11:19:45.349	-10.5
11:19:45.361	-10.5
11:19:45.369	-9.5
11:19:45.381	-9.8
11:19:45.394	-9.1
11:19:45.406	-8.3
11:19:45.414	-8.6
11:19:45.426	-10.3
11:19:45.439	-9.9
11:19:45.447	-9.1
11:19:45.459	-8.3
11:19:45.471	-8.7
11:19:45.480	-8.2
11:19:45.492	-8.4
11:19:45.504	-8.8
11:19:45.512	-10.2
11:19:45.525	-10.9
11:19:45.537	-10.1
11:19:45.549	-10.1
11:19:45.558	-9.5
11:19:45.570	-10.6
11:19:45.582	-9.3
11:19:45.590	-8.6
11:19:45.603	-6.7
11:19:45.615	-5.6
11:19:45.623	-5.7
11:19:45.635	-5.0
11:19:45.647	-3.2
11:19:45.659	-2.8
11:19:45.668	-1.3
11:19:45.680	0.5
11:19:45.692	0.0
11:19:45.700	-0.2
11:19:45.713	0.2
11:19:45.725	-0.3
11:19:45.733	0.7
11:19:45.745	0.3
11:19:45.758	0.9
11:19:45.766	2.0
11:19:45.778	0.4
11:19:45.790	-0.8
11:19:45.799	0.4
11:19:45.811	-0.3
11:19:45.823	-0.7
11:19:45.836	0.0
11:19:45.844	0.2
11:19:45.856	2.3
11:19:45.868	1.7
11:19:45.877	0.8
11:19:45.889	4.3
11:19:45.901	4.5
11:19:45.914	6.6
11:19:45.922	8.3
11:19:45.934	9.3
11:19:45.946	10.1
11:19:45.954	11.8
11:19:45.967	11.3
11:19:45.979	12.9
11:19:45.987	14.3
11:19:46.000	13.4
11:19:46.012	14.3
11:19:46.020	12.7
11:19:46.032	14.3
11:19:46.045	15.2
11:19:46.053	17.8
11:19:46.065	16.9
11:19:46.077	18.0
11:19:46.090	16.8
11:19:46.098	16.9
11:19:46.110	16.2
11:19:46.122	18.3
11:19:46.131	21.2
11:19:46.143	20.7
11:19:46.155	19.0
11:19:46.163	17.2
11:19:46.176	18.7
11:19:46.188	20.2
11:19:46.200	23.0
11:19:46.208	24.3
11:19:46.221	24.9
11:19:46.233	23.8
11:19:46.241	22.7
11:19:46.253	22.8
11:19:46.266	23.2
11:19:46.274	22.6
11:19:46.286	21.6
11:19:46.298	23.8
11:19:46.307	22.9
11:19:46.319	22.8
11:19:46.331	24.5
11:19:46.343	24.8
11:19:46.352	25.8
11:19:46.364	25.0
11:19:46.376	28.1
11:19:46.384	29.8
11:19:46.397	29.5
11:19:46.409	27.8
11:19:46.417	28.9
11:19:46.429	29.5
11:19:46.442	29.6
11:19:46.450	30.1
11:19:46.462	28.6
11:19:46.474	29.9
11:19:46.483	29.0
11:19:46.495	27.4
11:19:46.507	28.1
11:19:46.520	26.7
11:19:46.528	24.2
11:19:46.540	23.4
11:19:46.552	22.6
11:19:46.561	20.3
11:19:46.573	19.9
11:19:46.585	18.6
11:19:46.597	17.6
11:19:46.606	16.6
11:19:46.618	17.1
11:19:46.630	17.6
11:19:46.638	18.4
11:19:46.651	18.5
11:19:46.663	20.5
11:19:46.671	23.7
11:19:46.683	24.0
11:19:46.696	25.0
11:19:46.704	23.7
11:19:46.716	25.0
11:19:46.728	26.9
11:19:46.737	27.5
11:19:46.749	28.2
11:19:46.761	27.0
11:19:46.773	25.3
11:19:46.782	23.9
11:19:46.794	25.7
11:19:46.806	25.1
11:19:46.814	25.3
11:19:46.827	27.0
11:19:46.839	24.0
11:19:46.851	25.5
11:19:46.859	25.2
11:19:46.872	27.0
11:19:46.884	26.6
11:19:46.892	26.3
11:19:46.904	25.6
11:19:46.917	27.5
11:19:46.925	29.1
11:19:46.937	27.6
11:19:46.950	27.4
11:19:46.958	25.6
11:19:46.970	23.9
11:19:46.982	22.1
11:19:46.990	22.0
11:19:47.003	22.2
11:19:47.015	21.5
11:19:47.027	19.5
11:19:47.035	17.4
11:19:47.048	17.6
11:19:47.060	19.6
11:19:47.068	21.0
11:19:47.081	23.1
11:19:47.093	23.5
11:19:47.101	23.0
11:19:47.113	24.1
11:19:47.126	22.8
11:19:47.134	22.6
11:19:47.146	24.8
11:19:47.158	25.2
11:19:47.171	22.0
11:19:47.183	20.1
11:19:47.191	19.9
11:19:47.204	19.6
11:19:47.216	20.9
11:19:47.224	18.6
11:19:47.236	19.2
11:19:47.249	18.7
11:19:47.257	16.8
11:19:47.269	15.9
11:19:47.281	15.9
11:19:47.290	15.4
11:19:47.302	15.4
11:19:47.314	15.7
11:19:47.326	13.5
11:19:47.335	13.4
11:19:47.347	13.0
11:19:47.355	9.7
11:19:47.367	8.9
11:19:47.380	6.1
11:19:47.388	6.6
11:19:47.400	4.9
11:19:47.412	1.7
11:19:47.425	0.3
11:19:47.433	-0.2
11:19:47.445	-1.6
11:19:47.457	-1.0
11:19:47.470	1.2
11:19:47.478	-0.3
11:19:47.490	0.4
11:19:47.502	-1.8
11:19:47.511	-0.5
11:19:47.523	-1.0
11:19:47.535	-1.8
11:19:47.543	-2.2
11:19:47.556	-1.9
11:19:47.568	-5.8
11:19:47.580	-6.6
11:19:47.588	-6.2
11:19:47.601	-6.0
11:19:47.613	-5.7
11:19:47.621	-7.2
11:19:47.634	-6.6
11:19:47.646	-8.1
11:19:47.654	-6.4
11:19:47.666	-6.1
11:19:47.679	-3.4
11:19:47.687	-4.6
11:19:47.699	-5.0
11:19:47.711	-6.1
11:19:47.720	-4.4
11:19:47.732	-5.1
11:19:47.744	-8.6
11:19:47.756	-9.3
11:19:47.765	-11.4
11:19:47.777	-14.5
11:19:47.789	-18.2
11:19:47.797	-18.1
11:19:47.810	-18.1
11:19:47.822	-18.5
11:19:47.834	-21.9
11:19:47.842	-21.6
11:19:47.855	-19.3
11:19:47.867	-19.4
11:19:47.875	-19.1
11:19:47.887	-18.9
11:19:47.900	-17.6
11:19:47.908	-17.4
11:19:47.920	-18.4
11:19:47.932	-18.0
11:19:47.941	-16.7
11:19:47.953	-15.9
11:19:47.965	-16.0
11:19:47.973	-14.4
11:19:47.986	-15.7
11:19:47.998	-15.3
11:19:48.010	-15.1
11:19:48.018	-16.5
11:19:48.031	-15.1
11:19:48.043	-16.2
11:19:48.051	-17.0
11:19:48.064	-17.4
11:19:48.076	-14.6
11:19:48.084	-14.6
11:19:48.096	-13.0
11:19:48.109	-10.5
11:19:48.121	-10.4
11:19:48.129	-9.7
11:19:48.141	-9.8
11:19:48.154	-10.6
11:19:48.162	-9.2
11:19:48.174	-8.5
11:19:48.186	-9.9
11:19:48.195	-8.7
11:19:48.207	-9.7
11:19:48.219	-11.2
11:19:48.227	-10.1
11:19:48.240	-9.7
11:19:48.252	-10.4
11:19:48.264	-7.9
11:19:48.272	-6.7
11:19:48.285	-6.2
11:19:48.297	-4.8
11:19:48.305	-4.5
11:19:48.317	-3.1
11:19:48.330	-0.2
11:19:48.338	3.9
11:19:48.350	7.3
11:19:48.362	8.9
11:19:48.371	10.0
11:19:48.383	10.1
11:19:48.395	9.4
11:19:48.403	10.0
11:19:48.416	10.5
11:19:48.428	9.6
11:19:48.440	9.0
11:19:48.448	5.4
11:19:48.461	4.9
11:19:48.473	6.4
11:19:48.481	7.3
11:19:48.494	8.8
11:19:48.506	9.8
11:19:48.519	8.6
11:19:48.527	9.4
11:19:48.540	10.6
11:19:48.552	8.9
11:19:48.560	9.6
11:19:48.572	9.3
11:19:48.585	8.5
11:19:48.593	8.7
11:19:48.605	8.1
11:19:48.617	9.9
11:19:48.626	10.3
11:19:48.638	9.9
11:19:48.650	11.1
11:19:48.658	16.1
11:19:48.671	16.8
11:19:48.683	17.7
11:19:48.695	19.6
11:19:48.703	19.3
11:19:48.716	19.9
11:19:48.728	18.9
11:19:48.736	24.2
11:19:48.748	27.2
11:19:48.761	27.0
11:19:48.773	25.2
11:19:48.781	25.8
11:19:48.793	26.1
11:19:48.806	27.1
11:19:48.814	26.2
11:19:48.826	25.9
11:19:48.838	27.5
11:19:48.847	23.6
11:19:48.859	23.6
11:19:48.871	24.2
11:19:48.879	25.2
11:19:48.892	25.8
11:19:48.904	26.0
11:19:48.912	25.3
11:19:48.924	26.8
11:19:48.937	29.9
11:19:48.949	30.1
11:19:48.957	29.6
11:19:48.969	30.1
11:19:48.982	30.1
11:19:48.990	27.8
11:19:49.002	27.2
11:19:49.014	27.8
11:19:49.023	26.5
11:19:49.035	27.2
11:19:49.047	25.2
11:19:49.055	24.3
11:19:49.068	26.1
11:19:49.080	24.3
11:19:49.092	23.2
11:19:49.100	24.2
11:19:49.113	23.9
11:19:49.125	24.0
11:19:49.133	24.9
11:19:49.146	25.0
11:19:49.158	24.7
11:19:49.170	22.9
11:19:49.178	20.9
11:19:49.191	22.0
11:19:49.203	22.3
11:19:49.211	22.8
11:19:49.223	27.0
11:19:49.236	26.1
11:19:49.248	24.2
11:19:49.256	24.8
11:19:49.268	25.2
11:19:49.281	26.0
11:19:49.289	25.3
11:19:49.301	23.9
11:19:49.313	23.8
11:19:49.322	25.0
11:19:49.334	20.1
11:19:49.346	19.6
11:19:49.354	22.0
11:19:49.367	20.1
11:19:49.379	19.2
11:19:49.391	20.0
11:19:49.399	22.3
11:19:49.412	22.7
11:19:49.424	23.3
11:19:49.432	22.7
11:19:49.444	26.8
11:19:49.457	27.0
11:19:49.465	26.5
11:19:49.477	28.7
11:19:49.489	29.7
11:19:49.502	30.5
11:19:49.510	27.6
11:19:49.522	27.6
11:19:49.534	26.8
11:19:49.543	27.2
11:19:49.555	24.3
11:19:49.567	26.5
11:19:49.575	28.3
11:19:49.588	27.5
11:19:49.600	26.2
11:19:49.608	24.9
11:19:49.621	27.6
11:19:49.633	27.8
11:19:49.641	29.1
11:19:49.653	27.3
11:19:49.666	26.0
11:19:49.678	25.0
11:19:49.686	21.9
11:19:49.698	24.0
11:19:49.711	26.6
11:19:49.719	27.0
11:19:49.731	24.6
11:19:49.743	23.0
11:19:49.756	21.9
11:19:49.764	23.1
11:19:49.776	24.7
11:19:49.788	23.7
11:19:49.797	25.7
11:19:49.809	21.8
11:19:49.821	18.6
11:19:49.829	17.1
11:19:49.842	17.8
11:19:49.854	18.2
11:19:49.862	18.0
11:19:49.874	16.3
11:19:49.887	15.4
11:19:49.895	14.4
11:19:49.907	10.7
11:19:49.919	10.5
11:19:49.932	11.1
11:19:49.940	13.8
11:19:49.952	15.4
11:19:49.964	15.5
11:19:49.973	15.5
11:19:49.985	15.2
11:19:49.997	14.2
11:19:50.005	14.8
11:19:50.018	16.4
11:19:50.030	17.4
11:19:50.042	17.0
11:19:50.050	13.8
11:19:50.063	13.4
11:19:50.075	13.1
11:19:50.083	13.0
11:19:50.096	14.7
11:19:50.108	14.6
11:19:50.116	13.4
11:19:50.128	12.8
11:19:50.141	12.0
11:19:50.149	12.0
11:19:50.161	11.1
11:19:50.173	10.0
11:19:50.186	9.9
11:19:50.194	10.2
11:19:50.206	8.1
11:19:50.218	9.6
11:19:50.227	10.4
11:19:50.239	9.3
11:19:50.251	8.4
11:19:50.259	6.6
11:19:50.272	8.6
11:19:50.284	9.7
11:19:50.292	10.0
11:19:50.305	8.6
11:19:50.317	8.4
11:19:50.325	6.3
11:19:50.337	4.6
11:19:50.350	6.3
11:19:50.362	7.0
11:19:50.370	7.5
11:19:50.382	5.7
11:19:50.395	3.3
11:19:50.403	1.1
11:19:50.415	0.6
11:19:50.427	0.1
11:19:50.440	0.5
11:19:50.448	1.3
11:19:50.460	3.4
11:19:50.472	2.6
11:19:50.481	3.4
11:19:50.493	2.0
11:19:50.505	1.1
11:19:50.513	0.2
11:19:50.526	1.7
11:19:50.538	0.5
11:19:50.546	-1.4
11:19:50.558	-0.4
11:19:50.571	-3.3
11:19:50.579	-4.8
11:19:50.591	-5.4
11:19:50.603	-4.6
11:19:50.616	-6.0
11:19:50.624	-5.1
11:19:50.636	-7.3
11:19:50.648	-8.3
11:19:50.657	-8.1
11:19:50.669	-11.5
11:19:50.681	-11.0
11:19:50.694	-11.9
11:19:50.702	-13.2
11:19:50.714	-14.8
11:19:50.726	-14.7
11:19:50.734	-17.6
11:19:50.747	-18.3
11:19:50.759	-15.4
11:19:50.767	-14.3
11:19:50.780	-14.9
11:19:50.792	-18.3
11:19:50.800	-16.0
11:19:50.812	-16.9
11:19:50.825	-17.5
11:19:50.833	-18.4
11:19:50.845	-14.3
11:19:50.858	-14.4
11:19:50.870	-17.8
11:19:50.878	-19.7
11:19:50.890	-19.8
11:19:50.903	-20.1
11:19:50.911	-23.7
11:19:50.923	-23.9
11:19:50.935	-24.4
11:19:50.944	-24.6
11:19:50.956	-29.3
11:19:50.968	-30.0
11:19:50.976	-30.0
11:19:50.989	-30.3
11:19:51.001	-29.3
11:19:51.013	-28.5
11:19:51.021	-28.0
11:19:51.034	-28.0
11:19:51.046	-26.3
11:19:51.054	-26.7
11:19:51.066	-24.5
11:19:51.079	-24.0
11:19:51.087	-23.0
11:19:51.099	-23.9
11:19:51.111	-25.7
11:19:51.124	-25.5
11:19:51.132	-24.8
11:19:51.144	-26.1
11:19:51.156	-27.9
11:19:51.169	-25.9
11:19:51.177	-27.0
11:19:51.189	-26.6
11:19:51.201	-27.2
11:19:51.210	-26.4
11:19:51.222	-25.5
11:19:51.234	-27.0
11:19:51.243	-28.9
11:19:51.255	-27.6
11:19:51.267	-27.2
11:19:51.275	-28.1
11:19:51.287	-28.4
11:19:51.300	-29.4
11:19:51.312	-29.9
11:19:51.320	-29.1
11:19:51.333	-28.8
11:19:51.345	-26.5
11:19:51.353	-23.8
11:19:51.365	-21.1
11:19:51.378	-19.9
11:19:51.386	-20.8
11:19:51.398	-18.5
11:19:51.410	-17.4
11:19:51.423	-14.8
11:19:51.431	-13.7
11:19:51.443	-11.9
11:19:51.455	-12.6
11:19:51.464	-12.2
11:19:51.476	-14.7
11:19:51.488	-11.8
11:19:51.496	-8.3
11:19:51.509	-8.0
11:19:51.521	-6.0
11:19:51.529	-6.5
11:19:51.541	-6.9
11:19:51.554	-7.1
11:19:51.562	-5.2
11:19:51.574	-4.6
11:19:51.586	-2.8
11:19:51.599	-4.6
11:19:51.607	-4.8
11:19:51.619	-3.7
11:19:51.631	-3.8
11:19:51.640	-2.7
11:19:51.652	-1.3
11:19:51.664	-0.6
11:19:51.676	-1.1
11:19:51.685	-0.3
11:19:51.697	-0.5
11:19:51.709	-0.2
11:19:51.717	0.2
11:19:51.730	-0.3
11:19:51.742	-1.7
11:19:51.750	-1.1
11:19:51.762	0.7
11:19:51.775	2.4
11:19:51.783	1.9
11:19:51.795	2.4
11:19:51.808	5.7
11:19:51.816	5.8
11:19:51.828	5.6
11:19:51.840	6.7
11:19:51.852	8.1
11:19:51.861	11.7
11:19:51.873	11.2
11:19:51.885	10.7
11:19:51.894	11.8
11:19:51.906	12.4
11:19:51.918	10.3
11:19:51.926	9.5
11:19:51.939	10.6
11:19:51.951	8.1
11:19:51.963	8.5
11:19:51.971	5.4
11:19:51.984	5.8
11:19:51.996	5.8
11:19:52.004	6.5
11:19:52.016	6.9
11:19:52.029	7.3
11:19:52.037	9.8
11:19:52.049	9.6
11:19:52.061	10.8
11:19:52.070	11.4
11:19:52.082	12.5
11:19:52.094	11.4
11:19:52.106	10.9
11:19:52.115	11.4
11:19:52.127	12.6
11:19:52.139	13.4
11:19:52.147	13.2
11:19:52.160	13.4
11:19:52.172	15.0
11:19:52.180	16.1
11:19:52.192	14.5
11:19:52.205	14.3
11:19:52.213	15.9
11:19:52.225	16.9
11:19:52.237	15.8
11:19:52.246	16.6
11:19:52.258	19.3
11:19:52.270	19.8
11:19:52.282	22.2
11:19:52.291	22.2
11:19:52.303	20.7
11:19:52.315	21.4
11:19:52.323	22.2
11:19:52.336	21.9
11:19:52.348	21.8
11:19:52.360	21.8
11:19:52.369	19.8
11:19:52.381	20.5
11:19:52.393	18.7
11:19:52.401	18.2
11:19:52.414	21.2
11:19:52.426	20.8
11:19:52.434	19.7
11:19:52.446	19.9
11:19:52.459	19.1
11:19:52.467	19.2
11:19:52.479	20.1
11:19:52.491	20.3
11:19:52.500	21.1
11:19:52.512	21.2
11:19:52.524	19.9
11:19:52.536	20.6
11:19:52.545	21.0
11:19:52.557	20.7
11:19:52.569	22.8
11:19:52.577	22.8
11:19:52.590	20.8
11:19:52.602	21.3
11:19:52.614	19.7
11:19:52.622	23.6
11:19:52.635	25.0
11:19:52.647	25.0
11:19:52.655	24.6
11:19:52.667	26.0
11:19:52.680	24.9
11:19:52.688	24.9
11:19:52.700	25.8
11:19:52.712	26.6
11:19:52.721	27.8
11:19:52.733	25.4
11:19:52.745	25.8
11:19:52.753	26.0
11:19:52.766	28.2
11:19:52.778	26.4
11:19:52.790	26.5
11:19:52.799	27.2
11:19:52.811	28.3
11:19:52.823	27.5
11:19:52.831	26.9
11:19:52.843	24.4
11:19:52.856	23.7
11:19:52.864	24.4
11:19:52.876	22.1
11:19:52.889	21.4
11:19:52.897	20.2
11:19:52.909	17.5
11:19:52.921	19.3
11:19:52.934	18.5
11:19:52.942	16.9
11:19:52.954	17.8
11:19:52.966	17.1
11:19:52.975	16.6
11:19:52.987	15.1
11:19:52.999	15.9
11:19:53.007	15.7
11:19:53.020	18.3
11:19:53.032	15.7
11:19:53.044	16.7
11:19:53.052	18.3
11:19:53.065	17.7
11:19:53.077	17.2
11:19:53.085	16.2
11:19:53.097	17.2
11:19:53.110	19.4
11:19:53.118	22.6
11:19:53.130	20.9
11:19:53.143	24.2
11:19:53.155	21.9
11:19:53.163	19.7
11:19:53.176	19.8
11:19:53.188	19.8
11:19:53.196	20.5
11:19:53.208	20.1
11:19:53.220	16.0
11:19:53.233	14.5
11:19:53.241	14.9
11:19:53.253	10.3
11:19:53.265	11.0
11:19:53.274	13.0
11:19:53.286	16.7
11:19:53.298	17.8
11:19:53.307	18.2
11:19:53.319	17.2
11:19:53.331	18.6
11:19:53.343	17.6
11:19:53.351	17.1
11:19:53.364	17.8
11:19:53.376	16.3
11:19:53.384	14.9
11:19:53.396	11.1
11:19:53.409	11.1
11:19:53.417	10.3
11:19:53.429	9.7
11:19:53.441	10.6
11:19:53.450	11.0
11:19:53.462	9.2
11:19:53.474	8.5
11:19:53.482	9.2
11:19:53.495	10.8
11:19:53.507	9.4
11:19:53.519	6.7
11:19:53.527	4.6
11:19:53.540	5.2
11:19:53.552	3.9
11:19:53.560	1.8
11:19:53.572	-0.2
11:19:53.585	-0.2
11:19:53.597	-0.5
11:19:53.605	-3.8
11:19:53.618	-4.4
11:19:53.630	-1.5
11:19:53.638	-2.1
11:19:53.650	-2.2
11:19:53.663	-0.8
11:19:53.671	-0.4
11:19:53.683	1.0
11:19:53.696	0.9
11:19:53.704	0.0
11:19:53.716	1.1
11:19:53.729	-0.1
11:19:53.737	-4.0
11:19:53.749	-2.8
11:19:53.761	-3.1
11:19:53.774	-5.4
11:19:53.782	-5.0
11:19:53.794	-4.6
11:19:53.806	-4.6
11:19:53.815	-5.8
11:19:53.827	-7.1
11:19:53.839	-7.3
11:19:53.847	-6.1
11:19:53.860	-6.0
11:19:53.872	-5.1
11:19:53.884	-5.4
11:19:53.892	-7.1
11:19:53.905	-7.4
11:19:53.917	-11.4
11:19:53.925	-11.3
11:19:53.937	-11.0
11:19:53.950	-12.0
11:19:53.958	-12.1
11:19:53.970	-15.6
11:19:53.982	-15.9
11:19:53.991	-18.3
11:19:54.003	-16.6
11:19:54.015	-17.5
11:19:54.027	-15.0
11:19:54.036	-17.8
11:19:54.048	-18.6
11:19:54.060	-16.3
11:19:54.068	-18.6
11:19:54.081	-18.3
11:19:54.093	-19.9
11:19:54.101	-17.7
11:19:54.113	-19.8
11:19:54.126	-20.0
11:19:54.134	-20.4
11:19:54.146	-16.3
11:19:54.158	-15.4
11:19:54.167	-15.7
11:19:54.179	-14.7
11:19:54.191	-12.9
11:19:54.204	-13.0
11:19:54.212	-16.4
11:19:54.224	-16.4
11:19:54.236	-16.7
11:19:54.244	-17.5
11:19:54.257	-19.5
11:19:54.270	-21.3
11:19:54.281	-22.2
11:19:54.290	-21.9
11:19:54.302	-21.3
11:19:54.314	-22.8
11:19:54.322	-21.6
11:19:54.335	-23.1
11:19:54.347	-23.3
11:19:54.355	-23.7
11:19:54.367	-23.9
11:19:54.380	-23.9
11:19:54.388	-25.0
11:19:54.400	-25.7
11:19:54.412	-28.1
11:19:54.421	-28.0
11:19:54.433	-27.5
11:19:54.445	-26.8
11:19:54.457	-26.7
11:19:54.466	-26.9
11:19:54.478	-26.2
11:19:54.490	-26.5
11:19:54.498	-27.0
11:19:54.511	-25.8
11:19:54.523	-23.7
11:19:54.535	-21.1
11:19:54.543	-17.2
11:19:54.556	-15.1
11:19:54.568	-12.4
11:19:54.576	-11.7
11:19:54.588	-12.4
11:19:54.601	-10.1
11:19:54.609	-9.8
11:19:54.621	-9.2
11:19:54.633	-8.8
11:19:54.642	-9.7
11:19:54.654	-12.5
11:19:54.666	-12.8
11:19:54.674	-13.8
11:19:54.687	-13.1
11:19:54.699	-13.5
11:19:54.711	-13.5
11:19:54.719	-9.6
11:19:54.732	-9.1
11:19:54.744	-6.0
11:19:54.752	-5.1
11:19:54.764	-6.0
11:19:54.777	-5.8
11:19:54.785	-5.9
11:19:54.797	-2.6
11:19:54.810	-0.1
11:19:54.818	-0.2
11:19:54.830	-0.5
11:19:54.842	-0.8
11:19:54.855	-3.0
11:19:54.863	-1.9
11:19:54.875	-0.5
11:19:54.887	0.5
11:19:54.896	0.4
11:19:54.908	-0.2
11:19:54.920	0.2
11:19:54.928	0.8
11:19:54.941	0.1
11:19:54.953	3.0
11:19:54.965	5.3
11:19:54.973	6.6
11:19:54.986	8.3
11:19:54.998	6.8
11:19:55.006	8.5
11:19:55.018	6.9
11:19:55.031	8.5
11:19:55.039	8.7
11:19:55.051	8.7
11:19:55.063	7.7
11:19:55.072	5.6
11:19:55.084	3.6
11:19:55.096	2.6
11:19:55.104	3.5
11:19:55.117	3.4
11:19:55.129	1.8
11:19:55.141	0.2
11:19:55.149	1.2
11:19:55.162	0.6
11:19:55.174	0.0
11:19:55.182	-0.8
11:19:55.195	-0.8
11:19:55.207	-3.5
11:19:55.219	-1.3
11:19:55.227	-1.6
11:19:55.240	-0.1
11:19:55.252	0.3
11:19:55.260	0.1
11:19:55.272	0.0
11:19:55.285	-1.4
11:19:55.293	-0.9
11:19:55.305	-1.6
11:19:55.317	0.6
11:19:55.330	-1.2
11:19:55.338	-2.5
11:19:55.350	-1.9
11:19:55.362	-3.4
11:19:55.371	-3.8
11:19:55.383	-5.0
11:19:55.395	-4.1
11:19:55.403	-5.0
11:19:55.416	-4.4
11:19:55.428	-4.4
11:19:55.440	-4.6
11:19:55.448	-4.6
11:19:55.461	-6.8
11:19:55.473	-6.3
11:19:55.481	-8.0
11:19:55.493	-6.9
11:19:55.506	-8.8
11:19:55.519	-8.1
11:19:55.527	-8.8
11:19:55.539	-8.9
11:19:55.552	-10.8
11:19:55.560	-11.9
11:19:55.573	-13.0
11:19:55.584	-13.3
11:19:55.593	-13.0
11:19:55.605	-11.9
11:19:55.617	-10.6
11:19:55.625	-12.0
11:19:55.638	-11.9
11:19:55.650	-14.4
11:19:55.658	-12.4
11:19:55.670	-11.8
11:19:55.683	-10.3
11:19:55.695	-10.3
11:19:55.703	-10.8
11:19:55.716	-13.0
11:19:55.728	-13.4
11:19:55.736	-14.5
11:19:55.748	-16.5
11:19:55.761	-15.0
11:19:55.769	-16.7
11:19:55.781	-15.6
11:19:55.793	-14.8
11:19:55.806	-17.1
11:19:55.814	-17.2
11:19:55.826	-17.9
11:19:55.838	-20.0
11:19:55.847	-20.8
11:19:55.859	-20.5
11:19:55.871	-22.0
11:19:55.879	-23.0
11:19:55.892	-25.1
11:19:55.904	-25.9
11:19:55.912	-24.1
11:19:55.924	-24.4
11:19:55.937	-24.3
11:19:55.949	-22.4
11:19:55.957	-21.5
11:19:55.969	-20.2
11:19:55.982	-20.4
11:19:55.990	-17.9
11:19:56.002	-17.2
11:19:56.014	-18.6
11:19:56.023	-20.5
11:19:56.035	-20.8
11:19:56.047	-18.8
11:19:56.055	-20.1
11:19:56.068	-20.5
11:19:56.080	-21.8
11:19:56.088	-20.5
11:19:56.100	-22.6
11:19:56.113	-22.3
11:19:56.125	-21.8
11:19:56.133	-20.7
11:19:56.145	-20.5
11:19:56.158	-22.7
11:19:56.166	-22.2
11:19:56.178	-20.7
11:19:56.191	-20.0
11:19:56.203	-20.6
11:19:56.211	-18.5
11:19:56.223	-19.4
11:19:56.236	-17.8
11:19:56.244	-17.5
11:19:56.256	-16.2
11:19:56.268	-13.2
11:19:56.277	-12.8
11:19:56.289	-11.8
11:19:56.301	-9.5
11:19:56.308	-5.4
11:19:56.321	-5.1
11:19:56.334	-3.8
11:19:56.341	-2.7
11:19:56.354	-0.4
11:19:56.367	-0.1
11:19:56.379	0.6
11:19:56.387	3.8
11:19:56.400	2.6
11:19:56.412	1.3
11:19:56.420	0.2
11:19:56.432	-0.4
11:19:56.445	0.7
11:19:56.457	1.7
11:19:56.465	0.8
11:19:56.477	1.9
11:19:56.490	-0.1
11:19:56.498	-3.2
11:19:56.510	-1.4
11:19:56.522	0.6
11:19:56.531	-0.4
11:19:56.543	-0.1
11:19:56.555	0.1
11:19:56.563	-0.8
11:19:56.576	0.8
11:19:56.588	1.4
11:19:56.596	3.0
11:19:56.608	4.8
11:19:56.621	5.2
11:19:56.633	4.4
11:19:56.641	4.7
11:19:56.653	5.6
11:19:56.666	4.7
11:19:56.674	3.2
11:19:56.686	3.7
11:19:56.698	1.7
11:19:56.707	0.0
11:19:56.719	-0.7
11:19:56.731	-2.8
11:19:56.739	-4.2
11:19:56.752	-5.1
11:19:56.764	-7.3
11:19:56.776	-6.9
11:19:56.785	-5.5
11:19:56.797	-7.8
11:19:56.809	-7.7
11:19:56.817	-8.1
11:19:56.830	-8.2
11:19:56.842	-4.1
11:19:56.850	-3.0
11:19:56.862	-2.0
11:19:56.875	1.2
11:19:56.887	1.5
11:19:56.895	2.3
11:19:56.907	3.2
11:19:56.919	4.1
11:19:56.927	7.3
11:19:56.940	9.6
11:19:56.952	8.6
11:19:56.960	8.3
11:19:56.972	8.8
11:19:56.985	8.3
11:19:56.993	10.3
11:19:57.005	9.7
11:19:57.017	9.8
11:19:57.026	10.4
11:19:57.038	10.1
11:19:57.050	9.3
11:19:57.063	9.3
11:19:57.071	8.1
11:19:57.083	7.3
11:19:57.095	6.5
11:19:57.104	5.2
11:19:57.116	5.1
11:19:57.128	5.9
11:19:57.140	4.7
11:19:57.149	5.2
11:19:57.161	3.4
11:19:57.173	4.3
11:19:57.181	5.6
11:19:57.194	6.7
11:19:57.206	3.8
11:19:57.214	3.7
11:19:57.226	2.8
11:19:57.239	0.9
11:19:57.247	5.8
11:19:57.259	3.3
11:19:57.271	2.3
11:19:57.284	-2.3
11:19:57.292	-1.1
11:19:57.304	-2.4
11:19:57.316	1.2
11:19:57.325	2.1
11:19:57.337	2.7
11:19:57.349	3.8
11:19:57.361	-1.4
11:19:57.370	-0.2
11:19:57.382	1.7
11:19:57.394	3.4
11:19:57.402	1.4
11:19:57.415	4.4
11:19:57.427	7.0
11:19:57.439	5.0
11:19:57.447	4.6
11:19:57.460	5.5
11:19:57.472	9.9
11:19:57.480	9.9
11:19:57.493	10.7
11:19:57.505	10.5
11:19:57.513	12.0
11:19:57.525	7.4
11:19:57.538	4.5
11:19:57.546	4.8
11:19:57.558	5.9
11:19:57.570	5.9
11:19:57.579	1.3
11:19:57.591	1.7
11:19:57.603	0.6
11:19:57.615	-0.3
11:19:57.624	0.5
11:19:57.636	4.2
11:19:57.648	3.0
11:19:57.657	4.8
11:19:57.669	4.7
11:19:57.681	4.1
11:19:57.689	5.7
11:19:57.702	5.3
11:19:57.714	5.9
11:19:57.726	8.0
11:19:57.734	8.9
11:19:57.747	8.4
11:19:57.759	11.0
11:19:57.767	9.2
11:19:57.779	9.2
11:19:57.792	10.3
11:19:57.800	10.4
11:19:57.812	12.0
11:19:57.824	13.1
11:19:57.833	12.8
11:19:57.845	11.7
11:19:57.857	11.3
11:19:57.870	10.7
11:19:57.878	11.4
11:19:57.890	12.0
11:19:57.902	10.4
11:19:57.910	14.8
11:19:57.923	15.6
11:19:57.935	15.3
11:19:57.943	16.9
11:19:57.956	16.3
11:19:57.968	17.7
11:19:57.976	17.3
11:19:57.988	18.0
11:19:58.001	19.4
11:19:58.009	21.4
11:19:58.021	17.3
11:19:58.033	19.3
11:19:58.046	19.6
11:19:58.054	20.6
11:19:58.066	22.9
11:19:58.078	24.3
11:19:58.087	27.3
11:19:58.099	27.7
11:19:58.111	27.1
11:19:58.123	27.3
11:19:58.132	28.9
11:19:58.144	25.2
11:19:58.156	25.6
11:19:58.164	23.8
11:19:58.177	23.1
11:19:58.189	23.0
11:19:58.197	20.0
11:19:58.209	21.1
11:19:58.222	21.7
11:19:58.230	21.7
11:19:58.242	21.2
11:19:58.254	27.1
11:19:58.263	27.3
11:19:58.275	28.5
11:19:58.287	28.4
11:19:58.299	28.1
11:19:58.308	29.9
11:19:58.320	29.2
11:19:58.332	26.8
11:19:58.340	26.4
11:19:58.353	24.6
11:19:58.365	20.0
11:19:58.377	19.5
11:19:58.386	20.0
11:19:58.398	20.2
11:19:58.410	19.4
11:19:58.418	18.3
11:19:58.431	19.2
11:19:58.443	21.9
11:19:58.451	21.0
11:19:58.463	24.3
11:19:58.476	28.1
11:19:58.484	29.1
11:19:58.496	29.5
11:19:58.508	31.0
11:19:58.516	31.9
11:19:58.529	32.3
11:19:58.541	33.7
11:19:58.553	33.7
11:19:58.562	36.1
11:19:58.574	34.5
11:19:58.586	31.6
11:19:58.594	32.2
11:19:58.607	32.8
11:19:58.619	31.7
11:19:58.627	30.6
11:19:58.639	31.3
11:19:58.652	28.9
11:19:58.660	27.6
11:19:58.672	25.4
11:19:58.684	26.2
11:19:58.697	25.2
11:19:58.705	26.0
11:19:58.717	24.4
11:19:58.729	24.7
11:19:58.738	25.9
11:19:58.750	27.8
11:19:58.762	28.4
11:19:58.770	29.7
11:19:58.783	30.4
11:19:58.795	30.5
11:19:58.807	31.4
11:19:58.815	29.7
11:19:58.828	29.1
11:19:58.840	28.3
11:19:58.848	26.9
11:19:58.861	23.1
11:19:58.873	25.7
11:19:58.881	25.1
11:19:58.893	24.7
11:19:58.906	22.8
11:19:58.914	22.1
11:19:58.926	20.0
11:19:58.938	19.8
11:19:58.946	20.4
11:19:58.959	19.8
11:19:58.971	20.8
11:19:58.983	16.8
11:19:58.991	19.0
11:19:59.004	19.3
11:19:59.017	20.3
11:19:59.024	18.5
11:19:59.037	19.0
11:19:59.049	19.0
11:19:59.061	16.6
11:19:59.069	17.2
11:19:59.082	17.3
11:19:59.094	14.8
11:19:59.106	12.4
11:19:59.114	12.9
11:19:59.127	12.5
11:19:59.139	14.1
11:19:59.147	17.0
11:19:59.159	15.4
11:19:59.172	15.1
11:19:59.180	17.1
11:19:59.192	14.5
11:19:59.204	15.2
11:19:59.213	13.6
11:19:59.225	11.4
11:19:59.237	8.8
11:19:59.245	6.4
11:19:59.258	3.0
11:19:59.270	3.7
11:19:59.278	3.9
11:19:59.290	-0.8
11:19:59.303	-1.5
11:19:59.315	-1.9
11:19:59.323	-1.3
11:19:59.336	1.3
11:19:59.348	1.6
11:19:59.360	0.8
11:19:59.368	1.9
11:19:59.381	2.0
11:19:59.393	1.4
11:19:59.401	-0.1
11:19:59.413	-2.3
11:19:59.426	-3.1
11:19:59.434	-4.7
11:19:59.446	-8.2
11:19:59.458	-8.6
11:19:59.466	-7.6
11:19:59.479	-9.1
11:19:59.491	-10.9
11:19:59.499	-11.3
11:19:59.512	-9.4
11:19:59.524	-7.8
11:19:59.536	-8.5
11:19:59.544	-11.0
11:19:59.557	-11.3
11:19:59.569	-11.4
11:19:59.577	-13.1
11:19:59.589	-14.6
11:19:59.602	-15.4
11:19:59.610	-17.3
11:19:59.622	-17.4
11:19:59.634	-16.7
11:19:59.647	-17.0
11:19:59.655	-14.5
11:19:59.667	-15.5
11:19:59.680	-17.5
11:19:59.689	-17.4
11:19:59.701	-17.4
11:19:59.713	-17.7
11:19:59.721	-15.8
11:19:59.734	-16.4
11:19:59.746	-17.1
11:19:59.754	-17.4
11:19:59.766	-18.6
11:19:59.779	-19.5
11:19:59.791	-17.3
11:19:59.799	-15.9
11:19:59.812	-15.4
11:19:59.824	-14.7
11:19:59.832	-14.3
11:19:59.844	-15.1
11:19:59.857	-15.3
11:19:59.865	-13.3
11:19:59.877	-13.4
11:19:59.889	-11.6
11:19:59.898	-12.6
11:19:59.910	-12.8
11:19:59.922	-12.5
11:19:59.930	-10.2
11:19:59.942	-11.3
11:19:59.955	-9.5
11:19:59.967	-8.5
11:19:59.975	-7.0
11:19:59.988	-5.4
11:20:00.000	-3.9
11:20:00.008	-0.8
11:20:00.020	-1.0
11:20:00.033	-0.8
11:20:00.045	-1.5
11:20:00.053	-1.4
11:20:00.065	-1.9
11:20:00.078	-2.1
11:20:00.086	-2.7
11:20:00.098	-3.3
11:20:00.110	-5.2
11:20:00.119	-5.8
11:20:00.131	-4.9
11:20:00.143	-4.8
11:20:00.151	-3.4
11:20:00.164	-2.9
11:20:00.176	-1.7
11:20:00.184	0.9
11:20:00.196	0.8
11:20:00.209	2.9
11:20:00.221	5.5
11:20:00.229	5.3
11:20:00.241	6.8
11:20:00.254	9.2
11:20:00.262	7.7
11:20:00.274	10.2
11:20:00.286	9.8
11:20:00.299	8.5
11:20:00.307	10.7
11:20:00.319	11.0
11:20:00.332	11.5
11:20:00.340	11.8
11:20:00.352	11.3
11:20:00.364	9.5
11:20:00.372	11.9
11:20:00.385	11.2
11:20:00.397	12.1
11:20:00.405	14.3
11:20:00.418	12.6
11:20:00.430	12.5
11:20:00.438	11.6
11:20:00.450	13.2
11:20:00.463	12.4
11:20:00.475	12.6
11:20:00.483	11.4
11:20:00.495	11.8
11:20:00.508	10.9
11:20:00.516	8.8
11:20:00.528	10.8
11:20:00.540	11.2
11:20:00.549	12.5
11:20:00.561	11.7
11:20:00.573	13.0
11:20:00.581	16.0
11:20:00.594	15.4
11:20:00.606	15.3
11:20:00.618	15.5
11:20:00.626	16.9
11:20:00.639	15.1
11:20:00.651	15.7
11:20:00.659	15.8
11:20:00.671	16.0
11:20:00.684	16.1
11:20:00.692	13.0
11:20:00.704	14.7
11:20:00.716	14.6
11:20:00.729	17.1
11:20:00.737	17.9
11:20:00.749	20.1
11:20:00.761	19.6
11:20:00.770	20.1
11:20:00.782	20.4
11:20:00.794	18.5
11:20:00.802	19.6
11:20:00.815	19.8
11:20:00.827	20.3
11:20:00.835	18.7
11:20:00.847	16.7
11:20:00.860	17.2
11:20:00.868	17.7
11:20:00.880	18.7
11:20:00.893	20.0
11:20:00.905	21.2
11:20:00.913	21.1
11:20:00.925	20.6
11:20:00.938	23.1
11:20:00.946	24.2
11:20:00.958	26.5
11:20:00.970	25.0
11:20:00.983	24.6
11:20:00.991	24.8
11:20:01.003	23.8
11:20:01.015	25.1
11:20:01.024	26.2
11:20:01.036	27.6
11:20:01.048	25.9
11:20:01.056	25.8
11:20:01.069	25.8
11:20:01.081	24.9
11:20:01.093	24.8
11:20:01.101	23.8
11:20:01.114	24.6
11:20:01.126	24.5
11:20:01.134	23.2
11:20:01.146	22.1
11:20:01.159	22.2
11:20:01.167	22.6
11:20:01.179	21.8
11:20:01.191	22.9
11:20:01.204	22.8
11:20:01.212	24.8
11:20:01.224	24.4
11:20:01.237	22.5
11:20:01.245	22.6
11:20:01.257	24.1
11:20:01.269	23.4
11:20:01.281	25.3
11:20:01.290	24.8
11:20:01.302	26.2
11:20:01.314	26.1
11:20:01.323	23.5
11:20:01.335	24.1
11:20:01.347	26.9
11:20:01.355	26.5
11:20:01.368	23.8
11:20:01.380	25.0
11:20:01.388	23.3
11:20:01.400	23.0
11:20:01.413	21.4
11:20:01.421	20.0
11:20:01.433	21.4
11:20:01.445	22.9
11:20:01.458	20.6
11:20:01.466	22.7
11:20:01.478	23.3
11:20:01.490	20.5
11:20:01.499	19.4
11:20:01.511	20.4
11:20:01.523	20.7
11:20:01.531	22.3
11:20:01.544	20.8
11:20:01.556	17.1
11:20:01.568	17.6
11:20:01.576	18.7
11:20:01.589	16.8
11:20:01.601	19.2
11:20:01.609	20.7
11:20:01.621	21.4
11:20:01.634	21.2
11:20:01.642	19.6
11:20:01.654	19.7
11:20:01.666	19.0
11:20:01.675	19.1
11:20:01.687	15.3
11:20:01.699	16.1
11:20:01.711	15.2
11:20:01.720	14.0
11:20:01.732	11.3
11:20:01.744	12.8
11:20:01.752	14.6
11:20:01.765	13.3
11:20:01.777	16.4
11:20:01.785	16.0
11:20:01.797	16.5
11:20:01.810	16.6
11:20:01.818	16.2
11:20:01.830	16.2
11:20:01.843	19.0
11:20:01.851	17.4
11:20:01.863	17.4
11:20:01.875	17.3
11:20:01.888	16.3
11:20:01.896	16.9
11:20:01.908	17.2
11:20:01.920	16.9
11:20:01.929	17.4
11:20:01.941	17.7
11:20:01.953	15.3
11:20:01.965	14.3
11:20:01.974	14.1
11:20:01.986	13.9
11:20:01.998	12.1
11:20:02.007	9.1
11:20:02.019	11.3
11:20:02.031	12.2
11:20:02.039	10.4
11:20:02.051	10.0
11:20:02.064	9.8
11:20:02.072	9.1
11:20:02.084	8.8
11:20:02.096	9.3
11:20:02.105	10.0
11:20:02.117	12.1
11:20:02.129	9.7
11:20:02.141	10.3
11:20:02.150	12.2
11:20:02.162	10.7
11:20:02.174	11.9
11:20:02.182	11.7
11:20:02.195	13.5
11:20:02.207	13.1
11:20:02.219	13.1
11:20:02.228	13.7
11:20:02.240	14.5
11:20:02.252	12.8
11:20:02.260	12.0
11:20:02.272	11.6
11:20:02.285	11.4
11:20:02.293	13.0
11:20:02.305	10.8
11:20:02.318	13.6
11:20:02.326	14.2
11:20:02.338	13.7
11:20:02.350	12.0
11:20:02.358	13.8
11:20:02.371	13.6
11:20:02.383	15.4
11:20:02.395	16.6
11:20:02.403	15.4
11:20:02.416	15.8
11:20:02.428	14.0
11:20:02.436	15.0
11:20:02.449	14.3
11:20:02.461	15.2
11:20:02.469	13.9
11:20:02.481	13.6
11:20:02.494	11.6
11:20:02.502	9.3
11:20:02.514	10.6
11:20:02.526	7.4
11:20:02.539	3.3
11:20:02.547	1.1
11:20:02.559	2.5
11:20:02.571	1.8
11:20:02.580	3.0
11:20:02.592	2.3
11:20:02.604	3.3
11:20:02.612	1.5
11:20:02.625	-0.7
11:20:02.637	-0.6
11:20:02.649	-0.1
11:20:02.657	-0.4
11:20:02.670	-3.1
11:20:02.682	-5.3
11:20:02.690	-5.8
11:20:02.702	-7.1
11:20:02.715	-8.5
11:20:02.723	-9.8
11:20:02.735	-8.5
11:20:02.747	-8.0
11:20:02.756	-7.1
11:20:02.768	-7.6
11:20:02.780	-7.1
11:20:02.788	-6.9
11:20:02.801	-12.3
11:20:02.813	-10.9
11:20:02.825	-11.0
11:20:02.833	-7.8
11:20:02.846	-9.0
11:20:02.858	-11.4
11:20:02.866	-12.8
11:20:02.879	-13.5
11:20:02.891	-14.4
11:20:02.903	-13.8
11:20:02.911	-12.7
11:20:02.924	-15.1
11:20:02.936	-16.2
11:20:02.944	-19.6
11:20:02.956	-21.1
11:20:02.969	-19.2
11:20:02.977	-19.2
11:20:02.989	-20.1
11:20:03.001	-20.6
11:20:03.010	-21.6
11:20:03.022	-19.5
11:20:03.034	-18.6
11:20:03.046	-19.1
11:20:03.055	-18.1
11:20:03.067	-18.3
11:20:03.079	-19.9
11:20:03.087	-19.3
11:20:03.100	-20.3
11:20:03.112	-21.8
11:20:03.124	-21.9
11:20:03.132	-22.0
11:20:03.145	-23.2
11:20:03.157	-22.6
11:20:03.165	-23.0
11:20:03.177	-22.4
11:20:03.190	-23.0
11:20:03.202	-23.8
11:20:03.210	-23.2
11:20:03.222	-22.0
11:20:03.235	-22.8
11:20:03.243	-24.7
11:20:03.255	-24.7
11:20:03.267	-25.5
11:20:03.276	-26.1
11:20:03.288	-27.9
11:20:03.300	-26.9
11:20:03.308	-28.7
11:20:03.322	-28.3
11:20:03.334	-28.9
11:20:03.342	-27.4
11:20:03.355	-25.4
11:20:03.367	-23.5
11:20:03.379	-24.5
11:20:03.387	-24.2
11:20:03.400	-22.5
11:20:03.412	-21.6
11:20:03.420	-18.4
11:20:03.432	-18.4
11:20:03.445	-18.1
11:20:03.453	-17.5
11:20:03.465	-15.6
11:20:03.477	-15.8
11:20:03.490	-14.8
11:20:03.498	-12.2
11:20:03.510	-11.9
11:20:03.522	-10.3
11:20:03.531	-9.7
11:20:03.543	-8.6
11:20:03.555	-6.4
11:20:03.563	-6.8
11:20:03.576	-8.5
11:20:03.588	-8.1
11:20:03.596	-6.4
11:20:03.608	-8.3
11:20:03.621	-6.4
11:20:03.633	-3.3
11:20:03.641	-1.7
11:20:03.653	-0.9
11:20:03.665	-1.3
11:20:03.674	-0.8
11:20:03.686	0.0
11:20:03.698	1.5
11:20:03.706	1.0
11:20:03.718	1.8
11:20:03.731	0.6
11:20:03.739	-2.2
11:20:03.751	-2.8
11:20:03.763	-2.5
11:20:03.772	-0.6
11:20:03.784	0.1
11:20:03.796	1.0
11:20:03.809	0.9
11:20:03.817	3.6
11:20:03.829	6.2
11:20:03.841	5.9
11:20:03.850	5.7
11:20:03.862	6.7
11:20:03.874	6.0
11:20:03.886	6.0
11:20:03.895	8.4
11:20:03.907	7.7
11:20:03.919	7.4
11:20:03.927	5.5
11:20:03.940	4.4
11:20:03.952	6.4
11:20:03.960	7.5
11:20:03.972	7.5
11:20:03.985	8.5
11:20:03.993	7.7
11:20:04.005	6.1
11:20:04.017	6.1
11:20:04.026	5.8
11:20:04.038	6.0
11:20:04.050	5.8
11:20:04.062	6.7
11:20:04.071	6.1
11:20:04.083	6.3
11:20:04.095	4.8
11:20:04.103	5.2
11:20:04.116	5.9
11:20:04.128	7.4
11:20:04.140	9.6
11:20:04.148	11.0
11:20:04.161	11.5
11:20:04.173	11.0
11:20:04.181	12.2
11:20:04.193	10.2
11:20:04.206	11.6
11:20:04.214	12.6
11:20:04.226	12.6
11:20:04.239	12.7
11:20:04.247	10.9
11:20:04.259	11.0
11:20:04.271	11.0
11:20:04.279	10.4
11:20:04.292	9.4
11:20:04.304	11.3
11:20:04.316	15.1
11:20:04.325	14.3
11:20:04.337	15.5
11:20:04.349	14.1
11:20:04.357	13.4
11:20:04.370	13.3
11:20:04.382	12.5
11:20:04.390	13.7
11:20:04.402	14.2
11:20:04.415	12.3
11:20:04.423	7.3
11:20:04.435	7.1
11:20:04.447	6.0
11:20:04.460	7.1
11:20:04.468	7.9
11:20:04.480	9.0
11:20:04.492	9.7
11:20:04.501	10.6
11:20:04.513	11.5
11:20:04.525	13.5
11:20:04.533	14.9
11:20:04.546	15.8
11:20:04.558	16.2
11:20:04.570	16.5
11:20:04.578	17.6
11:20:04.591	15.3
11:20:04.603	17.3
11:20:04.611	15.0
11:20:04.623	14.2
11:20:04.636	14.2
11:20:04.644	14.7
11:20:04.656	15.3
11:20:04.668	14.8
11:20:04.677	13.3
11:20:04.689	13.0
11:20:04.701	15.0
11:20:04.709	12.8
11:20:04.722	15.1
11:20:04.734	14.8
11:20:04.746	14.8
11:20:04.754	14.1
11:20:04.767	14.5
11:20:04.779	13.8
11:20:04.787	15.9
11:20:04.799	15.5
11:20:04.812	15.0
11:20:04.824	16.3
11:20:04.832	14.2
11:20:04.844	14.3
11:20:04.857	15.2
11:20:04.865	16.1
11:20:04.877	14.7
11:20:04.890	16.6
11:20:04.898	14.8
11:20:04.910	15.0
11:20:04.922	15.9
11:20:04.930	15.3
11:20:04.943	17.2
11:20:04.955	17.3
11:20:04.963	15.1
11:20:04.976	15.8
11:20:04.988	15.6
11:20:05.000	17.9
11:20:05.008	18.5
11:20:05.021	18.2
11:20:05.033	16.6
11:20:05.045	16.5
11:20:05.053	14.8
11:20:05.066	15.6
11:20:05.078	15.9
11:20:05.086	14.7
11:20:05.098	17.1
11:20:05.111	12.8
11:20:05.123	12.6
11:20:05.131	11.8
11:20:05.143	12.1
11:20:05.156	12.4
11:20:05.164	12.2
11:20:05.176	11.7
11:20:05.188	12.8
11:20:05.198	12.4
11:20:05.210	9.2
11:20:05.218	9.6
11:20:05.230	8.1
11:20:05.243	9.4
11:20:05.255	9.0
11:20:05.263	10.0
11:20:05.275	10.8
11:20:05.288	10.3
11:20:05.300	9.5
11:20:05.308	8.1
11:20:05.320	8.8
11:20:05.333	9.8
11:20:05.341	11.2
11:20:05.353	9.0
11:20:05.365	11.6
11:20:05.374	10.9
11:20:05.386	9.1
11:20:05.398	8.7
11:20:05.411	9.6
11:20:05.419	10.8
11:20:05.431	8.9
11:20:05.443	7.3
11:20:05.452	7.1
11:20:05.464	9.3
11:20:05.476	7.3
11:20:05.484	6.5
11:20:05.497	6.7
11:20:05.509	7.2
11:20:05.517	4.8
11:20:05.529	5.4
11:20:05.542	7.9
11:20:05.554	7.5
11:20:05.562	6.8
11:20:05.574	5.7
11:20:05.587	3.7
11:20:05.595	2.3
11:20:05.607	4.8
11:20:05.619	4.3
11:20:05.628	4.6
11:20:05.640	2.8
11:20:05.652	0.7
11:20:05.660	0.2
11:20:05.673	0.1
11:20:05.685	-2.6
11:20:05.693	-2.1
11:20:05.705	-1.9
11:20:05.718	-4.0
11:20:05.730	-6.6
11:20:05.738	-6.5
11:20:05.750	-6.9
11:20:05.763	-8.9
11:20:05.771	-6.9
11:20:05.783	-8.7
11:20:05.795	-7.0
11:20:05.808	-7.6
11:20:05.816	-8.1
11:20:05.828	-10.8
11:20:05.841	-8.8
11:20:05.849	-10.0
11:20:05.861	-9.8
11:20:05.873	-9.9
11:20:05.881	-11.8
11:20:05.894	-11.5
11:20:05.906	-10.4
11:20:05.914	-10.7
11:20:05.927	-11.1
11:20:05.939	-11.3
11:20:05.947	-12.8
11:20:05.959	-12.4
11:20:05.972	-13.1
11:20:05.984	-13.3
11:20:05.992	-14.2
11:20:06.005	-14.6
11:20:06.017	-16.0
11:20:06.025	-14.3
11:20:06.037	-15.2
11:20:06.050	-13.3
11:20:06.062	-10.6
11:20:06.070	-10.5
11:20:06.082	-10.3
11:20:06.095	-11.0
11:20:06.103	-12.1
11:20:06.115	-12.1
11:20:06.127	-12.4
11:20:06.136	-14.3
11:20:06.148	-15.8
11:20:06.160	-16.5
11:20:06.168	-19.1
11:20:06.181	-20.8
11:20:06.193	-21.9
11:20:06.201	-18.2
11:20:06.213	-18.5
11:20:06.226	-15.7
11:20:06.238	-15.9
11:20:06.246	-16.5
11:20:06.258	-14.3
11:20:06.271	-15.4
11:20:06.279	-17.1
11:20:06.291	-17.0
11:20:06.303	-17.2
11:20:06.312	-18.9
11:20:06.324	-17.5
11:20:06.336	-20.4
11:20:06.344	-22.0
11:20:06.357	-21.7
11:20:06.369	-22.2
11:20:06.381	-19.1
11:20:06.389	-18.7
11:20:06.402	-17.3
11:20:06.414	-16.5
11:20:06.422	-17.9
11:20:06.434	-18.3
11:20:06.447	-20.0
11:20:06.455	-19.7
11:20:06.467	-19.1
11:20:06.480	-18.5
11:20:06.492	-22.6
11:20:06.500	-22.3
11:20:06.512	-22.8
11:20:06.525	-23.4
11:20:06.533	-21.8
11:20:06.545	-21.6
11:20:06.557	-20.3
11:20:06.566	-22.1
11:20:06.578	-22.2
11:20:06.590	-23.2
11:20:06.598	-22.1
11:20:06.611	-21.2
11:20:06.623	-19.4
11:20:06.631	-18.8
11:20:06.643	-19.6
11:20:06.656	-18.7
11:20:06.668	-18.2
11:20:06.676	-15.7
11:20:06.688	-16.0
11:20:06.701	-13.8
11:20:06.709	-11.9
11:20:06.721	-10.0
11:20:06.733	-10.2
11:20:06.746	-9.4
11:20:06.754	-8.3
11:20:06.766	-6.3
11:20:06.778	-4.7
11:20:06.787	-5.5
11:20:06.799	-4.9
11:20:06.811	-5.1
11:20:06.819	-5.5
11:20:06.832	-7.0
11:20:06.844	-5.7
11:20:06.852	-4.5
11:20:06.864	-4.1
11:20:06.877	-7.2
11:20:06.885	-8.2
11:20:06.897	-6.6
11:20:06.909	-5.1
11:20:06.922	-4.8
11:20:06.930	-4.5
11:20:06.942	-2.3
11:20:06.955	-4.0
11:20:06.963	-3.2
11:20:06.975	-2.7
11:20:06.987	-1.8
11:20:06.996	-1.0
11:20:07.008	0.3
11:20:07.020	1.3
11:20:07.032	1.7
11:20:07.041	3.7
11:20:07.053	1.3
11:20:07.065	4.6
11:20:07.073	3.8
11:20:07.086	4.6
11:20:07.098	4.5
11:20:07.106	3.0
11:20:07.118	2.8
11:20:07.131	1.7
11:20:07.139	2.3
11:20:07.151	1.4
11:20:07.163	4.4
11:20:07.176	1.7
11:20:07.184	2.6
11:20:07.196	3.0
11:20:07.208	5.7
11:20:07.217	7.9
11:20:07.229	8.5
11:20:07.241	8.5
11:20:07.249	7.4
11:20:07.262	7.8
11:20:07.274	7.2
11:20:07.286	7.2
11:20:07.294	7.8
11:20:07.307	7.9
11:20:07.319	6.3
11:20:07.331	8.6
11:20:07.340	9.8
11:20:07.352	11.6
11:20:07.364	11.3
11:20:07.372	12.1
11:20:07.385	11.9
11:20:07.397	12.4
11:20:07.405	12.4
11:20:07.417	10.6
11:20:07.430	9.5
11:20:07.438	7.0
11:20:07.450	3.3
11:20:07.462	0.8
11:20:07.475	1.2
11:20:07.483	0.2
11:20:07.495	-0.8
11:20:07.508	-3.7
11:20:07.516	-6.3
11:20:07.528	-7.5
11:20:07.540	-7.2
11:20:07.548	-9.0
11:20:07.561	-9.0
11:20:07.573	-10.5
11:20:07.581	-11.1
11:20:07.594	-12.3
11:20:07.606	-14.2
11:20:07.614	-14.1
11:20:07.626	-12.7
11:20:07.639	-13.0
11:20:07.651	-13.3
11:20:07.659	-14.3
11:20:07.671	-14.9
11:20:07.684	-15.1
11:20:07.692	-15.4
11:20:07.704	-16.3
11:20:07.716	-17.0
11:20:07.729	-16.6
11:20:07.737	-18.1
11:20:07.749	-18.2
11:20:07.761	-19.0
11:20:07.770	-17.9
11:20:07.782	-18.0
11:20:07.794	-19.5
11:20:07.802	-17.0
11:20:07.815	-16.9
11:20:07.827	-16.0
11:20:07.835	-16.1
11:20:07.847	-17.7
11:20:07.860	-16.6
11:20:07.868	-14.5
11:20:07.880	-13.4
11:20:07.892	-12.3
11:20:07.905	-9.7
11:20:07.913	-12.3
11:20:07.925	-10.3
11:20:07.937	-10.0
11:20:07.946	-8.7
11:20:07.958	-7.4
11:20:07.970	-7.7
11:20:07.982	-7.7
11:20:07.991	-8.7
11:20:08.003	-7.8
11:20:08.015	-8.4
11:20:08.024	-8.8
11:20:08.036	-9.3
11:20:08.048	-7.4
11:20:08.056	-7.9
11:20:08.069	-6.8
11:20:08.081	-6.1
11:20:08.089	-6.8
11:20:08.101	-5.3
11:20:08.114	-5.2
11:20:08.122	-3.8
11:20:08.134	-4.3
11:20:08.146	-5.2
11:20:08.159	-5.7
11:20:08.167	-0.3
11:20:08.179	-0.6
11:20:08.191	1.1
11:20:08.200	4.5
11:20:08.212	5.2
11:20:08.224	8.3
11:20:08.232	10.1
11:20:08.245	14.5
11:20:08.257	15.4
11:20:08.265	17.6
11:20:08.277	14.3
11:20:08.290	19.1
11:20:08.302	19.8
11:20:08.310	18.7
11:20:08.322	21.0
11:20:08.335	18.8
11:20:08.343	17.9
11:20:08.355	16.7
11:20:08.367	20.0
11:20:08.376	19.7
11:20:08.388	21.6
11:20:08.400	20.1
11:20:08.413	19.2
11:20:08.421	18.1
11:20:08.433	17.4
11:20:08.445	18.5
11:20:08.453	19.0
11:20:08.466	18.7
11:20:08.478	16.4
11:20:08.486	19.4
11:20:08.498	18.7
11:20:08.511	18.8
11:20:08.519	19.7
11:20:08.531	22.0
11:20:08.544	22.5
11:20:08.552	23.2
11:20:08.564	24.6
11:20:08.576	26.5
11:20:08.589	28.4
11:20:08.597	26.4
11:20:08.609	26.3
11:20:08.621	25.5
11:20:08.630	25.4
11:20:08.642	24.1
11:20:08.654	22.5
11:20:08.666	22.6
11:20:08.675	22.7
11:20:08.687	22.0
11:20:08.699	19.2
11:20:08.707	17.7
11:20:08.720	18.4
11:20:08.732	19.4
11:20:08.740	20.9
11:20:08.753	22.2
11:20:08.765	22.9
11:20:08.773	24.1
11:20:08.785	23.9
11:20:08.798	23.4
11:20:08.806	25.2
11:20:08.818	25.4
11:20:08.830	24.1
11:20:08.843	23.8
11:20:08.851	23.7
11:20:08.863	23.8
11:20:08.875	21.6
11:20:08.884	20.2
11:20:08.896	20.0
11:20:08.908	18.7
11:20:08.916	17.6
11:20:08.929	16.8
11:20:08.941	16.4
11:20:08.953	15.8
11:20:08.961	13.8
11:20:08.974	12.8
11:20:08.986	15.5
11:20:08.994	14.2
11:20:09.006	15.4
11:20:09.019	17.7
11:20:09.031	19.7
11:20:09.039	21.8
11:20:09.052	23.6
11:20:09.064	24.1
11:20:09.072	26.0
11:20:09.084	24.4
11:20:09.097	24.7
11:20:09.105	28.0
11:20:09.117	26.5
11:20:09.129	27.4
11:20:09.142	27.5
11:20:09.150	26.9
11:20:09.162	29.1
11:20:09.174	28.6
11:20:09.183	29.1
11:20:09.195	30.5
11:20:09.207	31.1
11:20:09.215	29.8
11:20:09.228	29.9
11:20:09.240	28.7
11:20:09.252	27.3
11:20:09.261	27.6
11:20:09.273	25.3
11:20:09.285	28.4
11:20:09.293	26.5
11:20:09.306	27.4
11:20:09.318	26.2
11:20:09.326	28.4
11:20:09.338	28.0
11:20:09.351	29.6
11:20:09.359	29.8
11:20:09.371	30.6
11:20:09.384	30.1
11:20:09.396	25.9
11:20:09.404	27.3
11:20:09.416	26.9
11:20:09.428	25.9
11:20:09.437	23.4
11:20:09.449	24.3
11:20:09.461	22.1
11:20:09.469	23.1
11:20:09.482	23.9
11:20:09.494	23.7
11:20:09.502	24.9
11:20:09.514	24.1
11:20:09.527	20.3
11:20:09.535	20.8
11:20:09.547	19.5
11:20:09.559	18.1
11:20:09.572	18.7
11:20:09.580	17.9
11:20:09.592	15.0
11:20:09.604	15.3
11:20:09.613	16.1
11:20:09.625	16.5
11:20:09.637	18.8
11:20:09.649	19.3
11:20:09.658	19.4
11:20:09.670	19.2
11:20:09.682	18.4
11:20:09.691	18.0
11:20:09.703	17.7
11:20:09.715	17.3
11:20:09.724	15.4
11:20:09.736	14.2
11:20:09.748	15.2
11:20:09.756	15.2
11:20:09.768	13.3
11:20:09.781	13.4
11:20:09.789	12.6
11:20:09.801	12.3
11:20:09.813	11.0
11:20:09.826	7.8
11:20:09.834	7.0
11:20:09.846	6.6
11:20:09.858	4.4
11:20:09.867	1.9
11:20:09.879	2.1
11:20:09.891	0.3
11:20:09.903	0.3
11:20:09.912	-2.0
11:20:09.924	-1.0
11:20:09.936	-0.3
11:20:09.944	0.4
11:20:09.957	-1.4
11:20:09.969	-1.4
11:20:09.977	-1.4
11:20:09.989	-1.7
11:20:10.002	-2.0
11:20:10.010	-3.3
11:20:10.022	-3.3
11:20:10.034	-3.4
11:20:10.043	-4.0
11:20:10.055	-6.1
11:20:10.067	-6.4
11:20:10.079	-7.4
11:20:10.088	-8.3
11:20:10.100	-8.3
11:20:10.112	-8.0
11:20:10.120	-7.7
11:20:10.133	-8.7
11:20:10.145	-8.4
11:20:10.153	-9.2
11:20:10.165	-9.6
11:20:10.178	-9.7
11:20:10.186	-9.3
11:20:10.198	-10.6
11:20:10.210	-11.7
11:20:10.223	-12.4
11:20:10.231	-10.5
11:20:10.243	-10.0
11:20:10.256	-11.9
11:20:10.264	-10.8
11:20:10.276	-10.9
11:20:10.288	-10.7
11:20:10.296	-11.2
11:20:10.309	-9.4
11:20:10.321	-10.3
11:20:10.333	-10.6
11:20:10.341	-11.9
11:20:10.354	-13.7
11:20:10.366	-14.7
11:20:10.374	-16.6
11:20:10.387	-15.3
11:20:10.399	-17.6
11:20:10.407	-17.0
11:20:10.419	-18.9
11:20:10.432	-18.6
11:20:10.440	-19.0
11:20:10.452	-21.4
11:20:10.464	-20.1
11:20:10.473	-20.3
11:20:10.485	-17.2
11:20:10.497	-17.7
11:20:10.509	-15.1
11:20:10.518	-16.0
11:20:10.530	-14.5
11:20:10.542	-14.3
11:20:10.550	-15.5
11:20:10.563	-12.9
11:20:10.575	-11.3
11:20:10.587	-12.2
11:20:10.595	-14.6
11:20:10.608	-15.0
11:20:10.620	-16.4
11:20:10.628	-17.5
11:20:10.640	-19.9
11:20:10.653	-16.3
11:20:10.661	-15.0
11:20:10.673	-16.7
11:20:10.686	-17.3
11:20:10.694	-16.0
11:20:10.706	-14.6
11:20:10.718	-11.8
11:20:10.726	-11.6
11:20:10.739	-9.2
11:20:10.751	-6.8
11:20:10.763	-11.1
11:20:10.771	-9.8
11:20:10.784	-11.1
11:20:10.796	-10.0
11:20:10.804	-8.6
11:20:10.816	-9.0
11:20:10.829	-11.1
11:20:10.837	-8.8
11:20:10.849	-7.7
11:20:10.862	-8.1
11:20:10.874	-3.3
11:20:10.882	-0.3
11:20:10.894	2.8
11:20:10.907	5.2
11:20:10.915	6.0
11:20:10.927	7.4
11:20:10.939	7.0
11:20:10.948	7.0
11:20:10.960	6.6
11:20:10.972	7.6
11:20:10.980	7.2
11:20:10.993	4.5
11:20:11.005	4.6
11:20:11.017	4.4
11:20:11.025	6.8
11:20:11.038	7.2
11:20:11.050	10.0
11:20:11.062	10.6
11:20:11.070	12.6
11:20:11.083	14.7
11:20:11.095	12.3
11:20:11.103	14.3
11:20:11.115	14.0
11:20:11.128	14.0
11:20:11.136	11.0
11:20:11.148	10.9
11:20:11.161	9.3
11:20:11.173	10.3
11:20:11.181	8.2
11:20:11.193	8.1
11:20:11.205	10.4
11:20:11.214	9.7
11:20:11.226	10.8
11:20:11.238	10.5
11:20:11.246	14.3
11:20:11.259	14.8
11:20:11.271	17.7
11:20:11.279	16.8
11:20:11.291	21.4
11:20:11.304	21.4
11:20:11.316	21.2
11:20:11.324	20.8
11:20:11.337	21.8
11:20:11.349	19.1
11:20:11.357	18.1
11:20:11.369	18.8
11:20:11.382	18.5
11:20:11.390	20.1
11:20:11.402	17.4
11:20:11.414	17.0
11:20:11.423	18.7
11:20:11.435	19.8
11:20:11.447	19.2
11:20:11.455	21.9
11:20:11.468	20.9
11:20:11.480	21.7
11:20:11.492	21.5
11:20:11.500	20.5
11:20:11.513	20.4
11:20:11.526	21.8
11:20:11.534	21.6
11:20:11.546	21.6
11:20:11.559	21.3
11:20:11.571	22.9
11:20:11.579	24.4
11:20:11.591	23.8
11:20:11.604	24.2
11:20:11.612	24.3
11:20:11.624	24.4
11:20:11.636	22.7
11:20:11.645	24.8
11:20:11.657	24.1
11:20:11.669	24.6
11:20:11.677	22.4
11:20:11.690	19.7
11:20:11.702	20.5
11:20:11.710	19.3
11:20:11.723	20.2
11:20:11.735	20.4
11:20:11.747	23.5
11:20:11.755	21.4
11:20:11.767	23.3
11:20:11.780	25.0
11:20:11.788	26.3
11:20:11.800	28.1
11:20:11.813	28.7
11:20:11.825	28.6
11:20:11.833	29.1
11:20:11.845	31.7
11:20:11.858	30.6
11:20:11.866	30.4
11:20:11.878	29.1
11:20:11.890	26.8
11:20:11.899	27.2
11:20:11.911	27.0
11:20:11.923	25.3
11:20:11.931	25.7
11:20:11.944	26.1
11:20:11.956	22.0
11:20:11.964	20.4
11:20:11.976	20.0
11:20:11.989	19.9
11:20:12.001	20.3
11:20:12.009	21.6
11:20:12.021	21.5
11:20:12.034	21.9
11:20:12.042	21.6
11:20:12.054	21.7
11:20:12.067	22.5
11:20:12.075	24.0
11:20:12.087	23.6
11:20:12.099	23.7
11:20:12.108	22.1
11:20:12.120	18.2
11:20:12.132	19.3
11:20:12.144	20.2
11:20:12.153	19.8
11:20:12.165	18.0
11:20:12.177	19.2
11:20:12.185	19.6
11:20:12.198	19.6
11:20:12.210	20.4
11:20:12.218	23.8
11:20:12.230	27.3
11:20:12.243	26.3
11:20:12.255	25.6
11:20:12.263	26.4
11:20:12.275	25.0
11:20:12.288	25.9
11:20:12.296	23.9
11:20:12.308	24.8
11:20:12.320	26.7
11:20:12.329	25.6
11:20:12.341	22.6
11:20:12.353	22.8
11:20:12.361	22.8
11:20:12.374	21.5
11:20:12.386	22.8
11:20:12.394	20.5
11:20:12.406	20.6
11:20:12.419	20.4
11:20:12.431	17.9
11:20:12.439	18.5
11:20:12.451	21.0
11:20:12.464	19.7
11:20:12.472	19.1
11:20:12.484	20.9
11:20:12.497	20.0
11:20:12.509	18.4
11:20:12.517	19.4
11:20:12.529	18.9
11:20:12.542	17.7
11:20:12.550	17.3
11:20:12.562	15.5
11:20:12.574	18.1
11:20:12.583	17.2
11:20:12.595	16.7
11:20:12.607	17.1
11:20:12.615	18.6
11:20:12.628	18.3
11:20:12.640	16.7
11:20:12.648	17.6
11:20:12.660	17.1
11:20:12.673	14.8
11:20:12.685	13.3
11:20:12.693	13.1
11:20:12.705	11.7
11:20:12.718	11.0
11:20:12.726	9.3
11:20:12.738	7.0
11:20:12.750	7.5
11:20:12.759	8.1
11:20:12.771	5.4
11:20:12.783	8.0
11:20:12.796	5.9
11:20:12.804	4.9
11:20:12.816	5.5
11:20:12.828	6.3
11:20:12.836	6.9
11:20:12.849	8.9
11:20:12.861	10.0
11:20:12.869	10.5
11:20:12.882	11.9
11:20:12.894	9.6
11:20:12.902	10.4
11:20:12.914	12.1
11:20:12.927	11.8
11:20:12.939	10.3
11:20:12.947	12.8
11:20:12.959	11.4
11:20:12.972	11.1
11:20:12.980	9.9
11:20:12.992	10.4
11:20:13.004	11.4
11:20:13.016	12.1
11:20:13.025	12.2
11:20:13.037	12.1
11:20:13.049	15.7
11:20:13.058	13.9
11:20:13.070	15.3
11:20:13.082	13.2
11:20:13.094	13.4
11:20:13.103	12.2
11:20:13.115	12.3
11:20:13.127	11.5
11:20:13.135	10.6
11:20:13.148	9.6
11:20:13.156	7.8
11:20:13.168	6.5
11:20:13.180	5.8
11:20:13.193	6.0
11:20:13.201	4.8
11:20:13.213	5.0
11:20:13.225	5.8
11:20:13.238	6.0
11:20:13.246	6.4
11:20:13.258	5.9
11:20:13.270	5.0
11:20:13.279	6.7
11:20:13.291	6.5
11:20:13.303	6.9
11:20:13.311	6.9
11:20:13.324	7.6
11:20:13.336	5.8
11:20:13.344	5.4
11:20:13.357	5.5
11:20:13.369	7.2
11:20:13.377	7.2
11:20:13.389	6.8
11:20:13.402	7.3
11:20:13.414	7.1
11:20:13.422	6.8
11:20:13.434	7.4
11:20:13.447	9.0
11:20:13.455	10.3
11:20:13.467	9.0
11:20:13.480	7.9
11:20:13.492	8.0
11:20:13.500	5.5
11:20:13.512	5.3
11:20:13.525	4.0
11:20:13.533	4.2
11:20:13.545	2.6
11:20:13.557	1.5
11:20:13.566	-0.5
11:20:13.578	0.7
11:20:13.590	-0.1
11:20:13.598	-1.0
11:20:13.611	0.4
11:20:13.623	0.0
11:20:13.631	1.3
11:20:13.644	0.3
11:20:13.656	-1.3
11:20:13.668	-3.7
11:20:13.676	-4.7
11:20:13.688	-7.8
11:20:13.701	-8.1
11:20:13.709	-10.6
11:20:13.721	-12.2
11:20:13.733	-14.8
11:20:13.746	-16.4
11:20:13.754	-17.7
11:20:13.766	-19.5
11:20:13.779	-20.2
11:20:13.787	-20.3
11:20:13.799	-20.9
11:20:13.811	-21.3
11:20:13.819	-20.8
11:20:13.832	-22.5
11:20:13.844	-21.9
11:20:13.852	-21.5
11:20:13.865	-20.7
11:20:13.877	-17.9
11:20:13.885	-16.6
11:20:13.897	-17.3
11:20:13.910	-17.6
11:20:13.922	-17.8
11:20:13.930	-17.1
11:20:13.942	-13.3
11:20:13.954	-14.1
11:20:13.963	-15.3
11:20:13.975	-15.9
11:20:13.987	-16.4
11:20:13.995	-17.4
11:20:14.008	-16.4
11:20:14.020	-17.0
11:20:14.028	-16.9
11:20:14.041	-18.6
11:20:14.053	-21.5
11:20:14.065	-22.2
11:20:14.073	-22.6
11:20:14.086	-23.1
11:20:14.098	-24.4
11:20:14.106	-25.2
11:20:14.118	-26.4
11:20:14.131	-25.3
11:20:14.139	-24.5
11:20:14.151	-25.4
11:20:14.163	-27.0
11:20:14.176	-24.0
11:20:14.184	-23.7
11:20:14.196	-26.2
11:20:14.208	-26.6
11:20:14.217	-25.6
11:20:14.229	-25.8
11:20:14.241	-26.0
11:20:14.249	-27.2
11:20:14.262	-26.3
11:20:14.274	-22.5
11:20:14.282	-23.5
11:20:14.294	-24.3
11:20:14.307	-23.1
11:20:14.315	-23.3
11:20:14.327	-23.8
11:20:14.339	-24.5
11:20:14.352	-25.5
11:20:14.360	-26.8
11:20:14.372	-25.9
11:20:14.384	-30.1
11:20:14.393	-33.6
11:20:14.405	-32.2
11:20:14.417	-32.2
11:20:14.430	-32.4
11:20:14.438	-32.3
11:20:14.450	-29.9
11:20:14.462	-27.7
11:20:14.470	-26.4
11:20:14.483	-26.1
11:20:14.495	-23.7
11:20:14.503	-20.9
11:20:14.516	-22.7
11:20:14.528	-21.4
11:20:14.536	-21.6
11:20:14.548	-20.1
11:20:14.561	-21.7
11:20:14.569	-22.7
11:20:14.581	-23.0
11:20:14.593	-23.0
11:20:14.606	-22.5
11:20:14.614	-23.6
11:20:14.626	-22.9
11:20:14.639	-22.2
11:20:14.647	-19.0
11:20:14.659	-18.4
11:20:14.671	-17.2
11:20:14.679	-16.4
11:20:14.692	-16.1
11:20:14.704	-15.7
11:20:14.716	-15.5
11:20:14.724	-14.2
11:20:14.737	-12.6
11:20:14.749	-11.2
11:20:14.757	-13.5
11:20:14.769	-14.7
11:20:14.782	-14.1
11:20:14.790	-13.1
11:20:14.802	-13.4
11:20:14.814	-12.6
11:20:14.823	-11.3
11:20:14.835	-10.4
11:20:14.847	-9.7
11:20:14.859	-9.7
11:20:14.868	-8.1
11:20:14.880	-6.1
11:20:14.892	-5.3
11:20:14.900	-4.9
11:20:14.913	-3.9
11:20:14.925	-3.0
11:20:14.933	-4.3
11:20:14.945	-5.3
11:20:14.958	-4.4
11:20:14.966	-5.1
11:20:14.978	-5.2
11:20:14.990	-5.4
11:20:15.003	-7.2
11:20:15.011	-7.7
11:20:15.023	-6.7
11:20:15.035	-7.1
11:20:15.044	-7.2
11:20:15.056	-6.4
11:20:15.068	-6.6
11:20:15.076	-7.3
11:20:15.089	-7.5
11:20:15.101	-8.9
11:20:15.113	-9.3
11:20:15.122	-10.4
11:20:15.134	-13.3
11:20:15.146	-16.3
11:20:15.158	-14.8
11:20:15.167	-16.0
11:20:15.179	-18.6
11:20:15.191	-19.9
11:20:15.199	-21.4
11:20:15.212	-22.6
11:20:15.224	-23.1
11:20:15.232	-23.0
11:20:15.244	-22.5
11:20:15.257	-20.3
11:20:15.265	-22.8
11:20:15.277	-23.6
11:20:15.289	-21.9
11:20:15.298	-19.1
11:20:15.310	-16.6
11:20:15.322	-16.2
11:20:15.334	-16.0
11:20:15.343	-15.8
11:20:15.355	-14.6
11:20:15.367	-14.1
11:20:15.375	-11.6
11:20:15.388	-9.4
11:20:15.400	-9.9
11:20:15.412	-11.9
11:20:15.420	-12.6
11:20:15.433	-9.8
11:20:15.445	-9.6
11:20:15.453	-9.3
11:20:15.465	-7.6
11:20:15.478	-9.5
11:20:15.486	-8.1
11:20:15.498	-8.3
11:20:15.510	-7.3
11:20:15.519	-7.4
11:20:15.531	-7.8
11:20:15.543	-9.4
11:20:15.551	-6.6
11:20:15.564	-7.5
11:20:15.576	-8.8
11:20:15.588	-8.8
11:20:15.597	-10.5
11:20:15.609	-10.7
11:20:15.621	-12.0
11:20:15.629	-10.3
11:20:15.642	-10.5
11:20:15.654	-10.8
11:20:15.666	-11.9
11:20:15.674	-11.6
11:20:15.687	-13.1
11:20:15.699	-12.7
11:20:15.707	-13.6
11:20:15.719	-12.9
11:20:15.732	-13.2
11:20:15.740	-14.0
11:20:15.752	-13.8
11:20:15.764	-14.3
11:20:15.773	-15.9
11:20:15.785	-15.9
11:20:15.797	-12.7
11:20:15.805	-11.2
11:20:15.818	-10.1
11:20:15.830	-11.8
11:20:15.842	-10.6
11:20:15.850	-8.0
11:20:15.863	-6.8
11:20:15.875	-5.0
11:20:15.883	-4.2
11:20:15.895	-3.7
11:20:15.908	-4.6
11:20:15.916	-3.2
11:20:15.928	-4.2
11:20:15.940	-3.2
11:20:15.949	-2.3
11:20:15.961	-4.2
11:20:15.973	-6.2
11:20:15.985	-7.8
11:20:15.994	-7.7
11:20:16.006	-6.5
11:20:16.018	-7.2
11:20:16.027	-8.1
11:20:16.039	-7.7
11:20:16.051	-7.5
11:20:16.059	-7.6
11:20:16.072	-6.4
11:20:16.084	-6.1
11:20:16.096	-6.0
11:20:16.104	-2.4
11:20:16.117	-1.8
11:20:16.129	-2.1
11:20:16.137	-3.2
11:20:16.149	-3.2
11:20:16.162	-2.5
11:20:16.170	-2.3
11:20:16.182	-3.3
11:20:16.194	-1.4
11:20:16.203	0.7
11:20:16.215	-1.8
11:20:16.227	-1.4
11:20:16.235	-0.7
11:20:16.248	0.9
11:20:16.260	1.8
11:20:16.272	3.2
11:20:16.280	4.9
11:20:16.293	5.7
11:20:16.305	7.5
11:20:16.313	8.2
11:20:16.325	10.8
11:20:16.338	11.0
11:20:16.350	13.9
11:20:16.358	14.6
11:20:16.370	16.0
11:20:16.383	15.6
11:20:16.391	16.2
11:20:16.403	19.3
11:20:16.415	17.9
11:20:16.424	17.6
11:20:16.436	16.4
11:20:16.448	17.0
11:20:16.456	19.6
11:20:16.469	19.8
11:20:16.481	19.8
11:20:16.489	21.1
11:20:16.501	20.8
11:20:16.514	19.3
11:20:16.526	20.4
11:20:16.534	19.3
11:20:16.546	19.9
11:20:16.559	21.2
11:20:16.567	17.6
11:20:16.579	17.7
11:20:16.592	17.4
11:20:16.600	18.5
11:20:16.613	17.6
11:20:16.625	17.5
11:20:16.638	20.9
11:20:16.646	23.4
11:20:16.658	23.6
11:20:16.670	22.7
11:20:16.679	23.9
11:20:16.691	25.7
11:20:16.703	26.1
11:20:16.711	24.6
11:20:16.724	26.8
11:20:16.736	28.0
11:20:16.744	25.8
11:20:16.756	25.8
11:20:16.769	25.4
11:20:16.781	26.2
11:20:16.789	27.0
11:20:16.801	26.4
11:20:16.814	28.9
11:20:16.822	28.6
11:20:16.834	28.4
11:20:16.846	26.7
11:20:16.855	27.5
11:20:16.867	29.0
11:20:16.879	29.0
11:20:16.887	28.0
11:20:16.900	25.6
11:20:16.912	26.8
11:20:16.924	24.9
11:20:16.932	26.7
11:20:16.945	26.1
11:20:16.957	27.1
11:20:16.969	25.4
11:20:16.977	24.8
11:20:16.990	25.2
11:20:17.002	27.0
11:20:17.010	28.5
11:20:17.022	28.5
11:20:17.035	30.5
11:20:17.043	30.3
11:20:17.055	32.9
11:20:17.068	30.5
11:20:17.079	31.3
11:20:17.087	30.6
11:20:17.100	30.5
11:20:17.112	29.8
11:20:17.120	29.4
11:20:17.132	27.0
11:20:17.145	24.9
11:20:17.153	25.0
11:20:17.165	22.3
11:20:17.178	22.8
11:20:17.186	22.5
11:20:17.198	21.1
11:20:17.210	21.2
11:20:17.218	18.6
11:20:17.231	19.3
11:20:17.243	21.0
11:20:17.255	22.5
11:20:17.264	21.9
11:20:17.276	23.1
11:20:17.288	25.7
11:20:17.296	23.9
11:20:17.309	26.5
11:20:17.321	27.0
11:20:17.333	28.4
11:20:17.341	29.1
11:20:17.354	29.1
11:20:17.366	26.7
11:20:17.374	29.4
11:20:17.386	29.3
11:20:17.399	27.9
11:20:17.407	29.9
11:20:17.419	28.5
11:20:17.431	28.8
11:20:17.440	29.6
11:20:17.452	28.6
11:20:17.464	29.3
11:20:17.472	30.5
11:20:17.485	27.9
11:20:17.497	27.6
11:20:17.509	28.3
11:20:17.517	29.3
11:20:17.530	30.5
11:20:17.542	32.3
11:20:17.550	33.7
11:20:17.562	34.6
11:20:17.575	31.6
11:20:17.587	32.1
11:20:17.595	32.8
11:20:17.607	32.2
11:20:17.620	32.8
11:20:17.628	31.6
11:20:17.640	31.0
11:20:17.652	28.5
11:20:17.661	25.2
11:20:17.673	26.0
11:20:17.685	26.7
11:20:17.693	25.7
11:20:17.706	23.9
11:20:17.718	24.3
11:20:17.726	23.3
11:20:17.739	22.5
11:20:17.751	20.8
11:20:17.763	19.6
11:20:17.771	20.0
11:20:17.784	16.9
11:20:17.796	18.9
11:20:17.805	19.3
11:20:17.816	18.3
11:20:17.829	16.9
11:20:17.837	16.7
11:20:17.849	16.3
11:20:17.861	16.5
11:20:17.869	15.7
11:20:17.882	14.8
11:20:17.894	13.9
11:20:17.906	11.0
11:20:17.915	9.3
11:20:17.927	8.7
11:20:17.939	7.2
11:20:17.948	4.8
11:20:17.961	3.4
11:20:17.973	4.4
11:20:17.981	4.3
11:20:17.993	5.8
11:20:18.006	5.9
11:20:18.018	5.2
11:20:18.026	5.6
11:20:18.038	6.3
11:20:18.051	6.9
11:20:18.059	8.3
11:20:18.071	7.5
11:20:18.083	5.0
11:20:18.092	3.4
11:20:18.104	1.5
11:20:18.116	1.0
11:20:18.124	0.2
11:20:18.137	-0.3
11:20:18.149	-1.0
11:20:18.157	-2.5
11:20:18.169	-1.5
11:20:18.182	-1.5
11:20:18.194	-2.1
11:20:18.202	-2.2
11:20:18.214	-1.3
11:20:18.227	0.0
11:20:18.235	1.4
11:20:18.247	0.6
11:20:18.260	-0.2
11:20:18.272	-1.1
11:20:18.280	-3.4
11:20:18.292	-3.9
11:20:18.305	-3.8
11:20:18.313	-3.3
11:20:18.325	-6.3
11:20:18.337	-8.7
11:20:18.346	-11.8
11:20:18.358	-12.4
11:20:18.370	-13.9
11:20:18.378	-14.1
11:20:18.391	-14.3
11:20:18.403	-13.8
11:20:18.411	-14.8
11:20:18.423	-14.2
11:20:18.436	-14.1
11:20:18.448	-14.5
11:20:18.456	-11.6
11:20:18.468	-11.7
11:20:18.481	-10.9
11:20:18.489	-10.1
11:20:18.501	-9.2
11:20:18.513	-8.0
11:20:18.522	-9.4
11:20:18.534	-11.2
11:20:18.546	-11.2
11:20:18.558	-11.8
11:20:18.567	-14.4
11:20:18.579	-12.6
11:20:18.591	-11.7
11:20:18.599	-12.4
11:20:18.612	-13.4
11:20:18.624	-15.6
11:20:18.632	-13.6
11:20:18.644	-13.2
11:20:18.657	-13.3
11:20:18.665	-12.7
11:20:18.677	-10.7
11:20:18.689	-12.7
11:20:18.702	-13.2
11:20:18.710	-13.3
11:20:18.722	-13.8
11:20:18.735	-13.9
11:20:18.743	-13.4
11:20:18.755	-12.3
11:20:18.767	-10.8
11:20:18.775	-10.8
11:20:18.788	-12.4
11:20:18.800	-12.5
11:20:18.808	-11.7
11:20:18.820	-10.6
11:20:18.833	-10.0
11:20:18.845	-8.3
11:20:18.853	-7.8
11:20:18.866	-9.3
11:20:18.878	-7.0
11:20:18.886	-5.6
11:20:18.898	-4.1
11:20:18.911	-4.4
11:20:18.919	-3.4
11:20:18.931	-3.1
11:20:18.944	-1.8
11:20:18.956	-0.8
11:20:18.964	-2.9
11:20:18.976	-0.1
11:20:18.988	-2.2
11:20:18.997	-3.1
11:20:19.009	-2.8
11:20:19.021	-2.2
11:20:19.029	-2.8
11:20:19.042	-2.5
11:20:19.054	-3.3
11:20:19.062	-3.5
11:20:19.074	-1.6
11:20:19.087	-1.8
11:20:19.095	0.3
11:20:19.107	1.5
11:20:19.119	2.2
11:20:19.132	4.5
11:20:19.140	5.9
11:20:19.152	7.0
11:20:19.164	10.5
11:20:19.177	12.4
11:20:19.185	13.0
11:20:19.197	12.7
11:20:19.210	12.3
11:20:19.218	14.7
11:20:19.230	13.9
11:20:19.242	14.1
11:20:19.255	13.1
11:20:19.263	11.9
11:20:19.275	8.7
11:20:19.287	7.6
11:20:19.295	8.5
11:20:19.308	7.5
11:20:19.320	5.9
11:20:19.328	3.6
11:20:19.341	4.6
11:20:19.353	4.9
11:20:19.361	4.4
11:20:19.373	7.0
11:20:19.386	9.5
11:20:19.394	8.1
11:20:19.406	8.8
11:20:19.418	12.9
11:20:19.431	12.9
11:20:19.439	15.1
11:20:19.451	15.3
11:20:19.463	15.0
11:20:19.472	14.8
11:20:19.484	14.5
11:20:19.496	13.8
11:20:19.508	16.1
11:20:19.517	16.6
11:20:19.529	15.0
11:20:19.541	17.3
11:20:19.550	16.7
11:20:19.562	17.4
11:20:19.574	17.3
11:20:19.582	19.5
11:20:19.595	19.2
11:20:19.607	18.6
11:20:19.615	18.8
11:20:19.627	16.9
11:20:19.640	19.1
11:20:19.648	19.2
11:20:19.660	17.6
11:20:19.673	18.5
11:20:19.685	20.4
11:20:19.693	19.8
11:20:19.705	19.9
11:20:19.717	22.3
11:20:19.726	20.4
11:20:19.738	20.3
11:20:19.750	18.8
11:20:19.758	18.7
11:20:19.771	19.9
11:20:19.783	19.1
11:20:19.791	16.9
11:20:19.803	17.6
11:20:19.816	17.7
11:20:19.828	16.0
11:20:19.836	16.8
11:20:19.849	17.7
11:20:19.861	19.2
11:20:19.869	19.0
11:20:19.881	20.4
11:20:19.894	20.2
11:20:19.902	21.5
11:20:19.914	22.0
11:20:19.926	21.3
11:20:19.939	20.1
11:20:19.947	20.9
11:20:19.959	21.0
11:20:19.971	20.3
11:20:19.980	21.8
11:20:19.992	20.9
11:20:20.004	21.8
11:20:20.012	22.6
11:20:20.025	21.6
11:20:20.037	19.6
11:20:20.045	19.3
11:20:20.057	19.5
11:20:20.070	19.9
11:20:20.078	20.9
11:20:20.090	17.7
11:20:20.102	18.1
11:20:20.115	21.5
11:20:20.123	18.3
11:20:20.135	17.2
11:20:20.147	18.6
11:20:20.156	19.0
11:20:20.168	18.8
11:20:20.180	20.5
11:20:20.192	18.2
11:20:20.200	20.4
11:20:20.213	20.0
11:20:20.225	15.8
11:20:20.233	17.7
11:20:20.246	18.4
11:20:20.258	17.6
11:20:20.266	18.7
11:20:20.278	19.1
11:20:20.291	16.5
11:20:20.299	17.9
11:20:20.311	17.8
11:20:20.324	17.6
11:20:20.332	16.8
11:20:20.344	16.9
11:20:20.356	19.5
11:20:20.368	22.0
11:20:20.377	22.0
11:20:20.389	21.2
11:20:20.401	23.6
11:20:20.409	22.4
11:20:20.422	23.8
11:20:20.434	23.6
11:20:20.442	22.1
11:20:20.454	21.0
11:20:20.467	20.8
11:20:20.479	18.9
11:20:20.487	18.9
11:20:20.499	19.3
11:20:20.512	17.4
11:20:20.520	19.6
11:20:20.532	18.1
11:20:20.544	17.7
11:20:20.553	19.9
11:20:20.565	19.5
11:20:20.577	21.3
11:20:20.585	22.2
11:20:20.598	23.5
11:20:20.610	23.0
11:20:20.622	22.3
11:20:20.630	19.9
11:20:20.643	20.7
11:20:20.655	21.3
11:20:20.663	20.6
11:20:20.675	22.0
11:20:20.688	18.5
11:20:20.696	18.2
11:20:20.708	16.2
11:20:20.721	16.3
11:20:20.729	16.1
11:20:20.741	15.8
11:20:20.753	15.3
11:20:20.766	14.7
11:20:20.774	14.9
11:20:20.786	14.5
11:20:20.798	14.2
11:20:20.807	13.6
11:20:20.819	14.1
11:20:20.831	13.4
11:20:20.839	13.3
11:20:20.852	16.0
11:20:20.864	15.5
11:20:20.876	17.3
11:20:20.884	17.6
11:20:20.897	16.5
11:20:20.909	16.0
11:20:20.917	15.9
11:20:20.929	16.8
11:20:20.942	16.5
11:20:20.954	18.4
11:20:20.962	15.1
11:20:20.974	17.0
11:20:20.987	14.5
11:20:20.995	13.8
11:20:21.007	13.5
11:20:21.019	14.3
11:20:21.028	16.6
11:20:21.040	15.2
11:20:21.052	15.1
11:20:21.060	14.9
11:20:21.073	15.4
11:20:21.085	12.9
11:20:21.097	12.8
11:20:21.106	10.7
11:20:21.118	10.0
11:20:21.131	9.8
11:20:21.139	6.6
11:20:21.151	5.0
11:20:21.163	3.2
11:20:21.176	2.5
11:20:21.184	0.7
11:20:21.196	1.4
11:20:21.208	0.7
11:20:21.217	-0.3
11:20:21.229	-0.3
11:20:21.241	-3.3
11:20:21.249	-3.8
11:20:21.262	-3.6
11:20:21.274	-2.8
11:20:21.282	-4.7
11:20:21.294	-4.1
11:20:21.307	-6.2
11:20:21.315	-6.3
11:20:21.327	-4.3
11:20:21.339	-3.4
11:20:21.352	-3.0
11:20:21.360	-4.2
11:20:21.372	-5.2
11:20:21.384	-5.3
11:20:21.393	-3.2
11:20:21.405	-5.5
11:20:21.417	-5.8
11:20:21.430	-6.1
11:20:21.438	-7.0
11:20:21.450	-5.3
11:20:21.462	-5.8
11:20:21.470	-4.6
11:20:21.483	-6.3
11:20:21.495	-8.1
11:20:21.503	-10.7
11:20:21.516	-10.1
11:20:21.528	-9.2
11:20:21.536	-10.7
11:20:21.548	-9.9
11:20:21.561	-15.9
11:20:21.569	-16.3
11:20:21.581	-15.4
11:20:21.593	-14.1
11:20:21.606	-12.5
11:20:21.614	-14.8
11:20:21.626	-15.0
11:20:21.638	-15.9
11:20:21.647	-15.7
11:20:21.659	-17.4
11:20:21.671	-15.8
11:20:21.679	-16.0
11:20:21.692	-17.6
11:20:21.704	-17.8
11:20:21.712	-20.4
11:20:21.724	-18.4
11:20:21.737	-18.5
11:20:21.749	-20.2
11:20:21.757	-20.4
11:20:21.769	-18.5
11:20:21.782	-16.0
11:20:21.790	-16.8
11:20:21.802	-17.5
11:20:21.814	-17.6
11:20:21.823	-15.5
11:20:21.835	-16.1
11:20:21.847	-17.5
11:20:21.859	-17.1
11:20:21.868	-19.5
11:20:21.880	-20.2
11:20:21.892	-22.9
11:20:21.900	-21.0
11:20:21.913	-22.1
11:20:21.925	-22.5
11:20:21.933	-23.2
11:20:21.945	-23.6
11:20:21.958	-22.5
11:20:21.966	-23.3
11:20:21.978	-19.9
11:20:21.991	-22.6
11:20:21.999	-19.6
11:20:22.011	-21.0
11:20:22.023	-20.0
11:20:22.036	-20.8
11:20:22.044	-20.6
11:20:22.056	-20.8
11:20:22.068	-22.2
11:20:22.077	-21.2
11:20:22.089	-22.0
11:20:22.101	-21.1
11:20:22.113	-23.5
11:20:22.122	-22.9
11:20:22.134	-21.6
11:20:22.146	-21.6
11:20:22.154	-21.2
11:20:22.167	-20.5
11:20:22.179	-19.7
11:20:22.187	-19.5
11:20:22.199	-18.3
11:20:22.212	-17.2
11:20:22.220	-17.9
11:20:22.232	-18.5
11:20:22.244	-17.9
11:20:22.253	-15.7
11:20:22.265	-13.2
11:20:22.277	-11.0
11:20:22.290	-10.6
11:20:22.298	-10.9
11:20:22.311	-11.3
11:20:22.323	-8.0
11:20:22.331	-6.7
11:20:22.343	-4.5
11:20:22.355	-5.4
11:20:22.364	-5.0
11:20:22.376	-4.4
11:20:22.388	-5.5
11:20:22.401	-3.0
11:20:22.409	-2.5
11:20:22.421	-1.6
11:20:22.433	-3.7
11:20:22.441	-2.7
11:20:22.454	-2.4
11:20:22.466	-2.9
11:20:22.474	-2.7
11:20:22.486	-3.9
11:20:22.499	-3.4
11:20:22.507	-4.4
11:20:22.519	-4.0
11:20:22.531	-3.6
11:20:22.543	-4.4
11:20:22.551	-3.2
11:20:22.564	-2.9
11:20:22.576	-0.1
11:20:22.584	-0.2
11:20:22.596	-0.3
11:20:22.609	1.6
11:20:22.617	3.1
11:20:22.629	3.7
11:20:22.642	4.1
11:20:22.650	5.5
11:20:22.662	6.1
11:20:22.674	5.9
11:20:22.687	6.7
11:20:22.695	6.6
11:20:22.707	6.9
11:20:22.719	3.5
11:20:22.728	3.4
11:20:22.740	5.5
11:20:22.752	5.4
11:20:22.761	7.4
11:20:22.773	7.0
11:20:22.785	7.2
11:20:22.798	6.9
11:20:22.806	8.0
11:20:22.818	6.5
11:20:22.830	9.4
11:20:22.839	9.3
11:20:22.851	7.6
11:20:22.863	8.6
11:20:22.871	7.6
11:20:22.884	7.4
11:20:22.896	8.7
11:20:22.904	9.0
11:20:22.916	11.2
11:20:22.929	14.2
11:20:22.941	12.7
11:20:22.949	12.2
11:20:22.961	12.0
11:20:22.974	11.9
11:20:22.982	12.4
11:20:22.994	12.7
11:20:23.007	13.6
11:20:23.019	11.9
11:20:23.027	10.2
11:20:23.039	9.0
11:20:23.051	9.5
11:20:23.060	11.0
11:20:23.072	13.2
11:20:23.084	13.7
11:20:23.096	13.2
11:20:23.105	12.0
11:20:23.117	9.8
11:20:23.129	11.5
11:20:23.138	10.5
11:20:23.150	8.6
11:20:23.162	8.8
11:20:23.170	8.0
11:20:23.182	7.1
11:20:23.195	6.1
11:20:23.203	4.5
11:20:23.215	5.7
11:20:23.228	6.1
11:20:23.236	5.7
11:20:23.248	7.9
11:20:23.260	8.3
11:20:23.273	8.0
11:20:23.281	6.8
11:20:23.293	4.8
11:20:23.305	5.6
11:20:23.314	9.6
11:20:23.326	9.0
11:20:23.338	8.7
11:20:23.350	7.3
11:20:23.359	6.5
11:20:23.371	5.8
11:20:23.383	7.7
11:20:23.392	7.5
11:20:23.404	8.9
11:20:23.416	7.4
11:20:23.424	5.5
11:20:23.437	5.5
11:20:23.449	4.8
11:20:23.457	5.0
11:20:23.469	2.7
11:20:23.482	3.7
11:20:23.490	0.5
11:20:23.502	1.0
11:20:23.514	-0.5
11:20:23.527	-1.6
11:20:23.535	-3.9
11:20:23.547	-4.7
11:20:23.559	-5.0
11:20:23.568	-7.2
11:20:23.580	-7.5
11:20:23.592	-9.7
11:20:23.600	-9.5
11:20:23.613	-9.9
11:20:23.625	-9.2
11:20:23.633	-10.0
11:20:23.645	-10.3
11:20:23.658	-11.6
11:20:23.670	-12.4
11:20:23.678	-11.1
11:20:23.690	-10.8
11:20:23.703	-9.4
11:20:23.711	-9.5
11:20:23.723	-10.8
11:20:23.735	-11.9
11:20:23.744	-11.3
11:20:23.756	-11.6
11:20:23.768	-10.2
11:20:23.780	-10.8
11:20:23.789	-10.8
11:20:23.801	-13.0
11:20:23.813	-13.9
11:20:23.821	-14.6
11:20:23.834	-14.7
11:20:23.846	-16.2
11:20:23.854	-17.2
11:20:23.867	-17.2
11:20:23.879	-19.9
11:20:23.887	-20.3
11:20:23.899	-21.6
11:20:23.912	-22.5
11:20:23.920	-22.0
11:20:23.932	-23.6
11:20:23.944	-23.8
11:20:23.957	-23.9
11:20:23.965	-23.7
11:20:23.977	-24.2
11:20:23.989	-23.1
11:20:23.998	-23.7
11:20:24.010	-22.9
11:20:24.022	-23.0
11:20:24.034	-24.9
11:20:24.043	-24.5
11:20:24.055	-23.2
11:20:24.067	-22.3
11:20:24.075	-21.9
11:20:24.088	-22.6
11:20:24.100	-24.3
11:20:24.108	-22.8
11:20:24.120	-23.0
11:20:24.133	-21.4
11:20:24.141	-18.0
11:20:24.153	-18.2
11:20:24.165	-19.0
11:20:24.174	-18.3
11:20:24.186	-19.0
11:20:24.198	-17.3
11:20:24.210	-16.2
11:20:24.219	-15.7
11:20:24.231	-15.1
11:20:24.243	-15.1
11:20:24.251	-15.2
11:20:24.264	-13.2
11:20:24.276	-13.3
11:20:24.284	-13.7
11:20:24.297	-12.9
11:20:24.309	-14.1
11:20:24.321	-14.2
11:20:24.329	-14.6
11:20:24.342	-14.4
11:20:24.354	-11.7
11:20:24.362	-13.3
11:20:24.374	-11.6
11:20:24.387	-11.0
11:20:24.395	-10.4
11:20:24.407	-8.5
11:20:24.420	-6.7
11:20:24.428	-5.8
11:20:24.440	-7.5
11:20:24.452	-8.1
11:20:24.465	-9.4
11:20:24.473	-8.3
11:20:24.485	-9.5
11:20:24.497	-8.5
11:20:24.506	-7.1
11:20:24.518	-6.7
11:20:24.530	-7.1
11:20:24.538	-6.7
11:20:24.551	-2.5
11:20:24.563	-2.5
11:20:24.571	-1.3
11:20:24.583	-0.6
11:20:24.596	0.8
11:20:24.608	1.0
11:20:24.616	1.4
11:20:24.628	2.0
11:20:24.641	4.3
11:20:24.649	5.3
11:20:24.661	4.8
11:20:24.673	6.6
11:20:24.682	6.4
11:20:24.694	7.2
11:20:24.706	5.9
11:20:24.718	6.9
11:20:24.727	6.5
11:20:24.739	6.4
11:20:24.751	6.0
11:20:24.759	6.2
11:20:24.772	6.0
11:20:24.784	6.0
11:20:24.792	7.5
11:20:24.805	6.8
11:20:24.817	7.3
11:20:24.825	7.8
11:20:24.837	12.0
11:20:24.849	14.9
11:20:24.858	12.9
11:20:24.870	12.7
11:20:24.882	14.1
11:20:24.895	13.5
11:20:24.903	13.1
11:20:24.915	16.0
11:20:24.927	16.1
11:20:24.939	14.4
11:20:24.948	10.2
11:20:24.960	6.6
11:20:24.972	7.9
11:20:24.981	10.2
11:20:24.993	9.8
11:20:25.005	13.1
11:20:25.017	12.5
11:20:25.026	10.5
11:20:25.038	11.9
11:20:25.050	13.6
11:20:25.058	15.4
11:20:25.071	14.9
11:20:25.083	14.6
11:20:25.091	13.1
11:20:25.103	13.1
11:20:25.116	11.5
11:20:25.124	14.8
11:20:25.136	15.1
11:20:25.148	15.4
11:20:25.156	16.6
11:20:25.169	16.3
11:20:25.181	18.0
11:20:25.193	18.5
11:20:25.201	19.7
11:20:25.214	19.3
11:20:25.226	19.3
11:20:25.234	16.3
11:20:25.247	15.6
11:20:25.259	16.1
11:20:25.271	15.5
11:20:25.279	14.6
11:20:25.292	13.7
11:20:25.304	13.2
11:20:25.312	13.2
11:20:25.324	13.4
11:20:25.337	14.2
11:20:25.345	14.1
11:20:25.357	15.0
11:20:25.369	12.8
11:20:25.378	12.1
11:20:25.390	12.4
11:20:25.402	12.3
11:20:25.411	11.9
11:20:25.423	11.2
11:20:25.435	11.0
11:20:25.447	11.3
11:20:25.455	12.7
11:20:25.468	13.4
11:20:25.480	15.5
11:20:25.488	14.5
11:20:25.500	15.4
11:20:25.513	15.9
11:20:25.521	16.6
11:20:25.533	15.8
11:20:25.545	17.2
11:20:25.554	15.7
11:20:25.566	16.1
11:20:25.578	16.1
11:20:25.590	14.6
11:20:25.599	14.4
11:20:25.611	14.9
11:20:25.623	13.8
11:20:25.632	13.9
11:20:25.644	14.0
11:20:25.656	12.3
11:20:25.664	12.0
11:20:25.676	12.6
11:20:25.689	10.6
11:20:25.701	10.2
11:20:25.709	10.4
11:20:25.721	10.3
11:20:25.734	11.1
11:20:25.742	12.0
11:20:25.754	13.2
11:20:25.767	12.7
11:20:25.775	12.6
11:20:25.787	10.1
11:20:25.799	10.8
11:20:25.808	13.1
11:20:25.820	14.8
11:20:25.832	12.0
11:20:25.840	11.8
11:20:25.853	9.6
11:20:25.865	10.1
11:20:25.877	10.6
11:20:25.885	9.6
11:20:25.898	8.8
11:20:25.910	7.8
11:20:25.918	5.1
11:20:25.930	4.3
11:20:25.943	3.7
11:20:25.955	4.1
11:20:25.963	6.1
11:20:25.975	5.4
11:20:25.988	4.2
11:20:25.996	6.3
11:20:26.008	6.5
11:20:26.020	7.0
11:20:26.029	7.1
11:20:26.041	6.1
11:20:26.053	6.1
11:20:26.061	3.9
11:20:26.074	1.7
11:20:26.086	-0.9
11:20:26.094	-0.6
11:20:26.106	-0.9
11:20:26.119	-1.4
11:20:26.131	-5.5
11:20:26.139	-7.4
11:20:26.152	-8.1
11:20:26.164	-9.7
11:20:26.173	-8.7
11:20:26.185	-9.5
11:20:26.198	-11.4
11:20:26.206	-12.5
11:20:26.218	-14.3
11:20:26.230	-17.0
11:20:26.243	-15.4
11:20:26.251	-13.9
11:20:26.263	-15.7
11:20:26.275	-15.5
11:20:26.284	-16.8
11:20:26.296	-16.2
11:20:26.308	-15.4
11:20:26.316	-15.5
11:20:26.329	-16.9
11:20:26.341	-15.6
11:20:26.349	-14.3
11:20:26.361	-15.2
11:20:26.374	-15.2
11:20:26.386	-15.8
11:20:26.394	-16.1
11:20:26.406	-17.5
11:20:26.419	-18.8
11:20:26.427	-20.2
11:20:26.439	-21.2
11:20:26.451	-21.2
11:20:26.460	-24.3
11:20:26.472	-27.1
11:20:26.484	-26.2
11:20:26.492	-25.5
11:20:26.505	-26.9
11:20:26.517	-26.4
11:20:26.529	-23.6
11:20:26.537	-25.0
11:20:26.550	-24.4
11:20:26.562	-24.4
11:20:26.570	-22.8
11:20:26.582	-20.1
11:20:26.595	-21.2
11:20:26.603	-20.2
11:20:26.615	-18.6
11:20:26.628	-17.8
11:20:26.640	-18.5
11:20:26.648	-16.3
11:20:26.660	-14.9
11:20:26.673	-12.6
11:20:26.681	-12.3
11:20:26.693	-12.5
11:20:26.705	-11.4
11:20:26.713	-11.4
11:20:26.726	-9.7
11:20:26.738	-10.8
11:20:26.746	-10.1
11:20:26.759	-7.4
11:20:26.771	-7.9
11:20:26.779	-10.3
11:20:26.791	-10.6
11:20:26.804	-10.4
11:20:26.816	-9.3
11:20:26.824	-9.8
11:20:26.836	-10.3
11:20:26.849	-9.0
11:20:26.857	-7.3
11:20:26.869	-7.0
11:20:26.881	-4.3
11:20:26.894	-0.6
11:20:26.902	0.8
11:20:26.914	3.3
11:20:26.926	4.2
11:20:26.935	5.7
11:20:26.947	7.8
11:20:26.959	10.9
11:20:26.971	11.0
11:20:26.980	11.9
11:20:26.992	12.3
11:20:27.004	10.7
11:20:27.012	10.0
11:20:27.025	7.4
11:20:27.033	6.9
11:20:27.045	8.0
11:20:27.057	5.7
11:20:27.070	2.4
11:20:27.078	2.4
11:20:27.090	0.5
11:20:27.102	-2.2
11:20:27.115	-3.8
11:20:27.123	-2.8
11:20:27.135	-1.7
11:20:27.147	-1.2
11:20:27.156	-2.5
11:20:27.168	-3.6
11:20:27.180	0.2
11:20:27.193	-1.9
11:20:27.201	-3.3
11:20:27.213	-3.1
11:20:27.225	-0.1
11:20:27.234	-0.4
11:20:27.246	-2.1
11:20:27.258	-3.6
11:20:27.266	-4.3
11:20:27.279	-2.6
11:20:27.291	-4.2
11:20:27.299	-2.3
11:20:27.311	0.1
11:20:27.324	0.9
11:20:27.332	-1.8
11:20:27.344	-1.8
11:20:27.356	0.3
11:20:27.369	1.6
11:20:27.377	2.2
11:20:27.389	2.5
11:20:27.401	3.7
11:20:27.410	2.5
11:20:27.422	3.0
11:20:27.434	2.0
11:20:27.442	3.2
11:20:27.455	5.9
11:20:27.467	4.4
11:20:27.475	5.4
11:20:27.487	7.1
11:20:27.500	9.9
11:20:27.512	7.5
11:20:27.520	8.1
11:20:27.532	7.4
11:20:27.545	9.3
11:20:27.553	9.1
11:20:27.565	6.7
11:20:27.577	9.4
11:20:27.586	9.3
11:20:27.598	9.9
11:20:27.610	7.2
11:20:27.623	8.8
11:20:27.631	9.1
11:20:27.643	10.1
11:20:27.655	10.8
11:20:27.664	10.3
11:20:27.676	11.8
11:20:27.688	11.6
11:20:27.696	13.5
11:20:27.709	12.1
11:20:27.721	14.3
11:20:27.729	13.7
11:20:27.741	16.1
11:20:27.754	15.6
11:20:27.762	16.6
11:20:27.774	18.1
11:20:27.786	17.6
11:20:27.799	18.1
11:20:27.807	15.6
11:20:27.819	19.4
11:20:27.831	20.1
11:20:27.840	21.0
11:20:27.852	21.5
11:20:27.864	21.7
11:20:27.877	21.6
11:20:27.885	23.0
11:20:27.897	24.8
11:20:27.909	24.8
11:20:27.917	29.2
11:20:27.930	27.1
11:20:27.942	24.6
11:20:27.950	27.4
11:20:27.963	25.9
11:20:27.975	26.2
11:20:27.983	26.1
11:20:27.995	25.4
11:20:28.008	24.7
11:20:28.016	26.0
11:20:28.028	23.0
11:20:28.040	23.5
11:20:28.053	23.5
11:20:28.061	24.7
11:20:28.073	26.6
11:20:28.085	25.5
11:20:28.094	25.8
11:20:28.106	26.2
11:20:28.118	26.1
11:20:28.126	25.4
11:20:28.139	25.4
11:20:28.151	25.0
11:20:28.163	26.6
11:20:28.171	22.3
11:20:28.184	22.1
11:20:28.196	24.2
11:20:28.204	24.0
11:20:28.216	24.6
11:20:28.229	24.0
11:20:28.237	25.9
11:20:28.249	27.1
11:20:28.261	28.1
11:20:28.270	29.1
11:20:28.282	28.9
11:20:28.294	28.7
11:20:28.306	28.8
11:20:28.315	27.7
11:20:28.327	28.5
11:20:28.339	30.3
11:20:28.347	28.2
11:20:28.360	29.2
11:20:28.372	29.2
11:20:28.380	30.7
11:20:28.392	32.2
11:20:28.405	31.9
11:20:28.413	31.2
11:20:28.425	32.9
11:20:28.438	35.4
11:20:28.450	35.2
11:20:28.458	36.5
11:20:28.470	34.8
11:20:28.483	35.2
11:20:28.491	35.3
11:20:28.503	34.3
11:20:28.515	34.0
11:20:28.524	33.8
11:20:28.536	32.4
11:20:28.548	29.9
11:20:28.560	31.6
11:20:28.569	30.2
11:20:28.581	31.7
11:20:28.593	31.2
11:20:28.601	29.2
11:20:28.614	30.5
11:20:28.626	31.1
11:20:28.634	32.5
11:20:28.646	33.6
11:20:28.659	33.8
11:20:28.667	33.0
11:20:28.679	34.0
11:20:28.691	33.3
11:20:28.700	32.7
11:20:28.712	32.3
11:20:28.724	32.9
11:20:28.736	32.8
11:20:28.745	30.6
11:20:28.757	31.2
11:20:28.769	31.1
11:20:28.777	30.9
11:20:28.790	30.0
11:20:28.802	31.6
11:20:28.814	32.0
11:20:28.822	32.0
11:20:28.835	30.7
11:20:28.847	32.1
11:20:28.855	33.7
11:20:28.867	34.8
11:20:28.880	35.4
11:20:28.892	33.4
11:20:28.900	33.6
11:20:28.913	31.0
11:20:28.925	31.0
11:20:28.933	30.7
11:20:28.945	29.5
11:20:28.958	27.4
11:20:28.966	26.5
11:20:28.978	26.2
11:20:28.990	24.9
11:20:28.998	27.8
11:20:29.011	27.5
11:20:29.023	28.1
11:20:29.035	28.8
11:20:29.044	29.9
11:20:29.056	31.2
11:20:29.068	31.5
11:20:29.076	33.1
11:20:29.089	30.9
11:20:29.101	30.4
11:20:29.113	29.2
11:20:29.121	31.5
11:20:29.134	30.8
11:20:29.146	30.1
11:20:29.154	28.5
11:20:29.166	26.5
11:20:29.178	25.0
11:20:29.187	23.1
11:20:29.199	24.1
11:20:29.211	24.4
11:20:29.219	21.9
11:20:29.232	18.9
11:20:29.244	19.2
11:20:29.252	16.8
11:20:29.264	14.9
11:20:29.277	15.0
11:20:29.289	14.7
11:20:29.298	14.5
11:20:29.310	12.3
11:20:29.322	9.4
11:20:29.331	10.0
11:20:29.343	10.4
11:20:29.355	9.0
11:20:29.363	10.0
11:20:29.376	10.5
11:20:29.388	10.6
11:20:29.396	10.1
11:20:29.408	8.5
11:20:29.421	9.0
11:20:29.433	10.1
11:20:29.441	10.0
11:20:29.453	7.2
11:20:29.466	5.7
11:20:29.474	3.4
11:20:29.486	2.9
11:20:29.498	1.2
11:20:29.507	1.5
11:20:29.519	1.6
11:20:29.531	0.3
11:20:29.543	-1.2
11:20:29.552	-3.3
11:20:29.564	-1.3
11:20:29.576	-1.2
11:20:29.584	-0.3
11:20:29.597	1.1
11:20:29.609	0.8
11:20:29.617	-0.1
11:20:29.629	-0.4
11:20:29.642	-0.5
11:20:29.650	-0.2
11:20:29.662	-0.1
11:20:29.675	-0.8
11:20:29.683	-1.9
11:20:29.695	-2.9
11:20:29.707	-5.2
11:20:29.720	-3.2
11:20:29.728	-3.8
11:20:29.740	-3.5
11:20:29.752	-5.5
11:20:29.760	-7.0
11:20:29.773	-8.8
11:20:29.785	-10.9
11:20:29.797	-12.1
11:20:29.806	-12.6
11:20:29.818	-12.9
11:20:29.830	-14.8
11:20:29.838	-16.2
11:20:29.851	-17.2
11:20:29.863	-15.7
11:20:29.871	-14.9
11:20:29.883	-14.2
11:20:29.896	-11.8
11:20:29.904	-11.1
11:20:29.916	-11.8
11:20:29.928	-13.8
11:20:29.937	-13.8
11:20:29.949	-15.0
11:20:29.961	-12.1
11:20:29.973	-14.0
11:20:29.982	-16.1
11:20:29.994	-16.9
11:20:30.006	-19.2
11:20:30.014	-20.4
11:20:30.027	-21.3
11:20:30.039	-19.1
11:20:30.047	-20.6
11:20:30.059	-19.4
11:20:30.072	-21.5
11:20:30.084	-21.4
11:20:30.092	-19.3
11:20:30.104	-19.6
11:20:30.117	-19.8
11:20:30.125	-18.1
11:20:30.137	-17.3
11:20:30.149	-17.5
11:20:30.158	-14.0
11:20:30.170	-14.5
11:20:30.182	-15.7
11:20:30.190	-15.3
11:20:30.203	-15.4
11:20:30.215	-13.2
11:20:30.227	-12.2
11:20:30.235	-12.6
11:20:30.248	-11.8
11:20:30.260	-13.7
11:20:30.268	-15.5
11:20:30.281	-14.4
11:20:30.293	-12.8
11:20:30.301	-12.9
11:20:30.313	-13.2
11:20:30.326	-12.4
11:20:30.334	-12.9
11:20:30.346	-12.1
11:20:30.358	-12.0
11:20:30.371	-9.5
11:20:30.379	-9.3
11:20:30.391	-8.8
11:20:30.403	-11.0
11:20:30.412	-8.8
11:20:30.424	-7.9
11:20:30.436	-9.2
11:20:30.444	-8.2
11:20:30.457	-6.7
11:20:30.469	-7.0
11:20:30.481	-4.1
11:20:30.489	-2.9
11:20:30.502	-2.7
11:20:30.514	0.5
11:20:30.522	1.1
11:20:30.534	2.6
11:20:30.547	4.5
11:20:30.555	5.2
11:20:30.567	5.9
11:20:30.580	7.3
11:20:30.588	6.3
11:20:30.600	7.7
11:20:30.612	8.7
11:20:30.620	8.6
11:20:30.633	8.9
11:20:30.645	7.4
11:20:30.657	6.0
11:20:30.666	6.2
11:20:30.678	6.5
11:20:30.690	7.5
11:20:30.698	7.4
11:20:30.710	6.4
11:20:30.723	6.8
11:20:30.735	8.0
11:20:30.743	8.2
11:20:30.756	9.8
11:20:30.768	10.9
11:20:30.776	16.6
11:20:30.788	16.1
11:20:30.801	15.5
11:20:30.809	16.2
11:20:30.821	18.0
11:20:30.833	17.4
11:20:30.846	15.0
11:20:30.854	15.0
11:20:30.866	17.7
11:20:30.878	19.1
11:20:30.887	15.1
11:20:30.899	16.8
11:20:30.911	18.3
11:20:30.919	19.1
11:20:30.932	18.6
11:20:30.944	19.9
11:20:30.956	20.7
11:20:30.964	22.9
11:20:30.977	19.9
11:20:30.989	20.6
11:20:30.997	22.1
11:20:31.009	21.1
11:20:31.022	21.8
11:20:31.034	20.5
11:20:31.042	21.5
11:20:31.054	21.3
11:20:31.067	23.4
11:20:31.075	21.7
11:20:31.087	21.8
11:20:31.099	21.9
11:20:31.108	20.2
11:20:31.120	21.6
11:20:31.132	19.1
11:20:31.140	20.5
11:20:31.153	21.7
11:20:31.165	21.4
11:20:31.173	19.8
11:20:31.186	19.9
11:20:31.198	21.2
11:20:31.210	20.3
11:20:31.218	22.5
11:20:31.231	21.1
11:20:31.243	23.3
11:20:31.251	20.3
11:20:31.263	17.3
11:20:31.276	18.1
11:20:31.284	17.6
11:20:31.296	17.3
11:20:31.308	18.4
11:20:31.317	19.2
11:20:31.329	16.1
11:20:31.341	15.8
11:20:31.353	15.1
11:20:31.362	18.0
11:20:31.374	19.5
11:20:31.386	18.7
11:20:31.394	19.4
11:20:31.407	19.3
11:20:31.419	19.4
11:20:31.427	18.5
11:20:31.439	19.9
11:20:31.452	19.7
11:20:31.464	19.6
11:20:31.472	17.1
11:20:31.484	16.0
11:20:31.497	16.8
11:20:31.505	16.7
11:20:31.517	16.6
11:20:31.529	16.4
11:20:31.538	17.9
11:20:31.550	17.1
11:20:31.562	19.9
11:20:31.570	21.7
11:20:31.584	22.2
11:20:31.596	21.3
11:20:31.604	21.3
11:20:31.616	22.6
11:20:31.629	22.6
11:20:31.641	21.4
11:20:31.649	19.0
11:20:31.661	19.5
11:20:31.674	15.5
11:20:31.682	12.5
11:20:31.694	12.2
11:20:31.707	12.0
11:20:31.719	11.0
11:20:31.727	9.7
11:20:31.739	10.4
11:20:31.752	9.0
11:20:31.760	10.8
11:20:31.772	9.2
11:20:31.784	10.0
11:20:31.793	10.8
11:20:31.805	12.5
11:20:31.817	13.9
11:20:31.825	14.6
11:20:31.838	14.2
11:20:31.850	14.1
11:20:31.858	15.4
11:20:31.870	13.5
11:20:31.883	15.1
11:20:31.895	15.9
11:20:31.903	14.8
11:20:31.915	13.1
11:20:31.928	12.2
11:20:31.936	11.9
11:20:31.948	12.7
11:20:31.960	11.2
11:20:31.969	10.9
11:20:31.981	13.2
11:20:31.993	12.1
11:20:32.006	11.8
11:20:32.014	15.3
11:20:32.026	17.6
11:20:32.038	17.1
11:20:32.046	17.0
11:20:32.059	18.8
11:20:32.071	20.3
11:20:32.079	21.0
11:20:32.091	19.0
11:20:32.104	19.4
11:20:32.112	18.0
11:20:32.124	16.3
11:20:32.136	15.6
11:20:32.149	17.3
11:20:32.157	17.1
11:20:32.169	16.4
11:20:32.182	17.3
11:20:32.190	16.3
11:20:32.202	16.6
11:20:32.214	17.6
11:20:32.222	17.6
11:20:32.235	18.3
11:20:32.247	17.0
11:20:32.255	16.8
11:20:32.268	17.6
11:20:32.280	15.9
11:20:32.292	15.0
11:20:32.300	14.7
11:20:32.313	12.1
11:20:32.325	10.1
11:20:32.333	12.5
11:20:32.345	11.7
11:20:32.358	13.5
11:20:32.366	11.5
11:20:32.378	13.4
11:20:32.391	12.7
11:20:32.403	12.4
11:20:32.411	13.3
11:20:32.423	15.3
11:20:32.435	15.6
11:20:32.444	13.7
11:20:32.456	13.2
11:20:32.468	11.4
11:20:32.476	11.0
11:20:32.489	8.4
11:20:32.501	8.7
11:20:32.509	7.0
11:20:32.521	7.7
11:20:32.534	8.7
11:20:32.542	11.8
11:20:32.554	13.2
11:20:32.567	12.9
11:20:32.579	14.4
11:20:32.587	18.5
11:20:32.599	18.0
11:20:32.612	19.5
11:20:32.620	22.9
11:20:32.632	18.8
11:20:32.644	16.7
11:20:32.657	13.1
11:20:32.665	12.3
11:20:32.677	12.8
11:20:32.689	10.5
11:20:32.697	7.1
11:20:32.710	6.5
11:20:32.722	5.1
11:20:32.730	1.3
11:20:32.742	2.6
11:20:32.755	4.2
11:20:32.763	5.2
11:20:32.775	4.7
11:20:32.788	5.2
11:20:32.796	6.0
11:20:32.808	6.2
11:20:32.820	7.9
11:20:32.833	7.6
11:20:32.841	9.6
11:20:32.853	8.9
11:20:32.865	7.7
11:20:32.874	6.2
11:20:32.886	7.2
11:20:32.898	4.3
11:20:32.906	5.0
11:20:32.919	4.8
11:20:32.931	3.2
11:20:32.943	2.7
11:20:32.951	0.5
11:20:32.964	2.9
11:20:32.976	2.8
11:20:32.984	2.4
11:20:32.996	-0.7
11:20:33.009	0.1
11:20:33.021	-0.5
11:20:33.029	-2.0
11:20:33.041	-2.0
11:20:33.054	-3.5
11:20:33.062	-4.3
11:20:33.074	-7.1
11:20:33.086	-7.5
11:20:33.095	-8.2
11:20:33.107	-5.6
11:20:33.119	-4.4
11:20:33.131	-6.2
11:20:33.140	-5.9
11:20:33.152	-7.2
11:20:33.164	-5.8
11:20:33.172	-5.8
11:20:33.185	-6.7
11:20:33.197	-7.0
11:20:33.205	-7.7
11:20:33.218	-10.0
11:20:33.230	-12.9
11:20:33.238	-13.6
11:20:33.250	-14.4
11:20:33.263	-15.0
11:20:33.275	-18.5
11:20:33.283	-18.8
11:20:33.295	-17.9
11:20:33.308	-19.0
11:20:33.316	-18.5
11:20:33.328	-17.7
11:20:33.340	-13.4
11:20:33.349	-12.2
11:20:33.361	-10.3
11:20:33.373	-10.8
11:20:33.385	-8.1
11:20:33.394	-9.0
11:20:33.406	-9.4
11:20:33.418	-9.1
11:20:33.426	-9.2
11:20:33.439	-11.4
11:20:33.451	-15.6
11:20:33.459	-14.4
11:20:33.471	-15.3
11:20:33.484	-14.1
11:20:33.492	-14.4
11:20:33.504	-14.5
11:20:33.516	-14.3
11:20:33.525	-15.3
11:20:33.537	-14.9
11:20:33.549	-15.3
11:20:33.561	-13.4
11:20:33.570	-17.4
11:20:33.582	-17.2
11:20:33.594	-18.8
11:20:33.602	-20.1
11:20:33.615	-20.1
11:20:33.627	-22.2
11:20:33.639	-22.0
11:20:33.647	-21.7
11:20:33.660	-21.8
11:20:33.672	-23.6
11:20:33.680	-22.1
11:20:33.693	-25.0
11:20:33.705	-24.9
11:20:33.713	-24.3
11:20:33.725	-23.1
11:20:33.738	-21.8
11:20:33.746	-20.5
11:20:33.758	-21.2
11:20:33.770	-20.0
11:20:33.779	-20.5
11:20:33.791	-20.8
11:20:33.803	-19.0
11:20:33.815	-19.0
11:20:33.824	-19.6
11:20:33.836	-20.3
11:20:33.848	-19.9
11:20:33.856	-19.9
11:20:33.869	-20.3
11:20:33.881	-20.5
11:20:33.889	-20.4
11:20:33.901	-20.7
11:20:33.914	-21.0
11:20:33.926	-18.4
11:20:33.934	-17.5
11:20:33.946	-17.8
11:20:33.959	-17.5
11:20:33.967	-18.1
11:20:33.979	-16.7
11:20:33.991	-16.0
11:20:34.000	-13.3
11:20:34.012	-12.5
11:20:34.024	-11.2
11:20:34.032	-10.5
11:20:34.045	-9.2
11:20:34.057	-7.8
11:20:34.069	-6.3
11:20:34.077	-1.6
11:20:34.090	0.3
11:20:34.102	0.1
11:20:34.110	-2.0
11:20:34.122	-0.6
11:20:34.135	-0.8
11:20:34.143	3.1
11:20:34.155	2.4
11:20:34.168	4.8
11:20:34.176	5.4
11:20:34.188	3.8
11:20:34.200	2.7
11:20:34.213	5.0
11:20:34.221	5.6
11:20:34.233	5.0
11:20:34.245	7.1
11:20:34.253	3.1
11:20:34.266	4.4
11:20:34.278	3.2
11:20:34.286	1.3
11:20:34.299	-0.6
11:20:34.311	0.3
11:20:34.323	1.7
11:20:34.331	4.1
11:20:34.344	5.5
11:20:34.356	5.7
11:20:34.364	7.2
11:20:34.376	6.9
11:20:34.389	7.0
11:20:34.397	10.3
11:20:34.409	10.7
11:20:34.421	10.5
11:20:34.430	10.2
11:20:34.442	8.3
11:20:34.454	9.5
11:20:34.462	7.4
11:20:34.475	5.6
11:20:34.487	4.8
11:20:34.499	3.4
11:20:34.507	2.4
11:20:34.520	4.1
11:20:34.532	4.8
11:20:34.540	3.6
11:20:34.552	4.4
11:20:34.565	7.7
11:20:34.577	9.1
11:20:34.585	9.7
11:20:34.598	11.4
11:20:34.610	14.6
11:20:34.618	14.2
11:20:34.630	13.8
11:20:34.643	14.9
11:20:34.651	15.0
11:20:34.663	15.1
11:20:34.675	10.4
11:20:34.683	11.8
11:20:34.696	10.7
11:20:34.708	9.1
11:20:34.716	9.8
11:20:34.728	9.1
11:20:34.741	11.0
11:20:34.753	11.6
11:20:34.761	11.5
11:20:34.774	11.3
11:20:34.786	12.0
11:20:34.794	9.6
11:20:34.806	10.2
11:20:34.819	11.2
11:20:34.827	9.9
11:20:34.839	13.7
11:20:34.851	10.7
11:20:34.864	8.4
11:20:34.872	7.9
11:20:34.884	8.8
11:20:34.896	8.4
11:20:34.905	8.9
11:20:34.917	8.8
11:20:34.929	6.3
11:20:34.937	6.8
11:20:34.950	4.2
11:20:34.962	4.6
11:20:34.970	3.0
11:20:34.982	4.2
11:20:34.995	3.3
11:20:35.007	3.5
11:20:35.015	2.1
11:20:35.027	0.6
11:20:35.040	1.6
11:20:35.048	0.2
11:20:35.060	0.6
11:20:35.073	2.2
11:20:35.085	3.6
11:20:35.093	2.7
11:20:35.105	2.7
11:20:35.117	0.6
11:20:35.126	1.5
11:20:35.138	2.9
11:20:35.150	4.0
11:20:35.158	3.6
11:20:35.171	1.5
11:20:35.183	-1.3
11:20:35.195	-2.5
11:20:35.204	-1.5
11:20:35.216	-2.0
11:20:35.228	-0.9
11:20:35.236	-0.9
11:20:35.249	-0.8
11:20:35.262	-0.6
11:20:35.270	-0.9
11:20:35.282	-1.0
11:20:35.295	-1.1
11:20:35.307	0.1
11:20:35.315	-1.1
11:20:35.327	-0.3
11:20:35.340	-0.3
11:20:35.348	-1.1
11:20:35.360	-1.2
11:20:35.372	-2.1
11:20:35.380	-2.8
11:20:35.392	-1.2
11:20:35.404	1.2
11:20:35.413	-0.6
11:20:35.425	-2.7
11:20:35.437	-3.3
11:20:35.445	-3.1
11:20:35.458	-3.3
11:20:35.470	-3.4
11:20:35.482	-2.4
11:20:35.490	-2.3
11:20:35.503	-5.1
11:20:35.515	-7.1
11:20:35.523	-7.9
11:20:35.535	-8.4
11:20:35.548	-10.6
11:20:35.560	-11.4
11:20:35.568	-12.7
11:20:35.580	-13.7
11:20:35.593	-15.5
11:20:35.601	-16.3
11:20:35.613	-18.4
11:20:35.625	-21.0
11:20:35.634	-22.3
11:20:35.646	-22.6
11:20:35.658	-24.7
11:20:35.667	-26.3
11:20:35.679	-26.9
11:20:35.691	-30.2
11:20:35.699	-31.3
11:20:35.712	-32.6
11:20:35.724	-32.3
11:20:35.736	-31.8
11:20:35.744	-31.9
11:20:35.757	-31.5
11:20:35.769	-28.6
11:20:35.777	-28.9
11:20:35.789	-26.9
11:20:35.802	-24.2
11:20:35.810	-22.8
11:20:35.822	-20.8
11:20:35.834	-17.9
11:20:35.847	-16.2
11:20:35.855	-14.5
11:20:35.867	-14.5
11:20:35.879	-15.8
11:20:35.888	-15.6
11:20:35.900	-16.2
11:20:35.912	-17.1
11:20:35.920	-17.1
11:20:35.933	-15.5
11:20:35.945	-17.3
11:20:35.953	-16.2
11:20:35.966	-16.5
11:20:35.978	-15.8
11:20:35.990	-15.1
11:20:35.998	-14.8
11:20:36.010	-15.6
11:20:36.023	-15.5
11:20:36.031	-17.5
11:20:36.043	-18.3
11:20:36.055	-17.5
11:20:36.064	-16.4
11:20:36.076	-16.1
11:20:36.088	-16.8
11:20:36.097	-16.2
11:20:36.110	-15.0
11:20:36.122	-13.2
11:20:36.134	-12.0
11:20:36.143	-10.2
11:20:36.155	-10.7
11:20:36.167	-11.2
11:20:36.175	-13.8
11:20:36.187	-14.7
11:20:36.200	-13.3
11:20:36.208	-12.6
11:20:36.220	-12.0
11:20:36.233	-12.8
11:20:36.245	-12.5
11:20:36.253	-12.3
11:20:36.265	-12.5
11:20:36.278	-12.0
11:20:36.286	-10.7
11:20:36.298	-9.3
11:20:36.310	-7.9
11:20:36.319	-8.8
11:20:36.331	-8.9
11:20:36.343	-9.8
11:20:36.351	-10.1
11:20:36.364	-10.4
11:20:36.376	-9.9
11:20:36.384	-8.6
11:20:36.396	-9.6
11:20:36.409	-9.4
11:20:36.421	-10.3
11:20:36.429	-11.2
11:20:36.441	-11.4
11:20:36.454	-10.7
11:20:36.462	-8.6
11:20:36.474	-7.7
11:20:36.486	-8.7
11:20:36.498	-8.1
11:20:36.506	-9.1
11:20:36.518	-9.6
11:20:36.532	-10.6
11:20:36.540	-9.2
11:20:36.552	-8.6
11:20:36.564	-5.1
11:20:36.573	-6.7
11:20:36.585	-8.7
11:20:36.597	-9.0
11:20:36.605	-7.9
11:20:36.618	-7.4
11:20:36.630	-5.9
11:20:36.638	-3.7
11:20:36.650	-2.9
11:20:36.663	-2.3
11:20:36.675	-4.0
11:20:36.683	-4.7
11:20:36.695	-3.6
11:20:36.708	-3.3
11:20:36.716	-4.2
11:20:36.728	-2.2
11:20:36.740	-3.9
11:20:36.749	-4.0
11:20:36.761	-1.6
11:20:36.773	-1.2
11:20:36.785	-2.3
11:20:36.794	-2.4
11:20:36.806	-0.7
11:20:36.818	0.2
11:20:36.826	0.8
11:20:36.839	2.0
11:20:36.851	3.3
11:20:36.859	3.6
11:20:36.871	2.5
11:20:36.884	0.0
11:20:36.892	2.2
11:20:36.904	3.4
11:20:36.916	3.9
11:20:36.929	4.0
11:20:36.937	2.9
11:20:36.949	0.9
11:20:36.961	0.8
11:20:36.970	0.0
11:20:36.982	0.4
11:20:36.994	4.0
11:20:37.002	3.0
11:20:37.015	4.0
11:20:37.027	3.4
11:20:37.035	5.2
11:20:37.048	4.6
11:20:37.060	6.5
11:20:37.072	6.7
11:20:37.080	5.9
11:20:37.093	6.4
11:20:37.105	4.4
11:20:37.117	5.8
11:20:37.125	6.1
11:20:37.138	7.0
11:20:37.150	4.9
11:20:37.158	7.1
11:20:37.170	6.7
11:20:37.183	7.8
11:20:37.191	8.5
11:20:37.203	6.3
11:20:37.215	5.5
11:20:37.228	3.8
11:20:37.236	2.4
11:20:37.248	1.9
11:20:37.260	3.6
11:20:37.269	5.6
11:20:37.281	5.3
11:20:37.293	5.8
11:20:37.301	7.1
11:20:37.314	8.3
11:20:37.326	10.9
11:20:37.334	12.0
11:20:37.346	11.8
11:20:37.359	11.7
11:20:37.367	9.5
11:20:37.379	6.5
11:20:37.391	5.9
11:20:37.404	5.8
11:20:37.412	3.2
11:20:37.424	3.9
11:20:37.436	2.2
11:20:37.445	1.7
11:20:37.457	2.8
11:20:37.469	4.9
11:20:37.482	8.4
11:20:37.490	8.4
11:20:37.502	7.9
11:20:37.514	8.3
11:20:37.522	10.7
11:20:37.535	11.1
11:20:37.547	10.7
11:20:37.555	11.1
11:20:37.568	10.4
11:20:37.580	8.8
11:20:37.588	8.3
11:20:37.600	9.7
11:20:37.613	10.6
11:20:37.621	10.9
11:20:37.633	10.5
11:20:37.645	10.6
11:20:37.658	12.2
11:20:37.666	12.0
11:20:37.678	14.0
11:20:37.690	14.8
11:20:37.699	14.0
11:20:37.711	14.0
11:20:37.723	16.0
11:20:37.731	16.1
11:20:37.744	17.2
11:20:37.756	15.6
11:20:37.768	15.9
11:20:37.776	15.0
11:20:37.789	15.1
11:20:37.801	14.2
11:20:37.809	15.1
11:20:37.821	15.2
11:20:37.834	13.7
11:20:37.842	11.9
11:20:37.854	10.1
11:20:37.867	14.5
11:20:37.875	14.1
11:20:37.887	15.5
11:20:37.899	15.3
11:20:37.912	15.3
11:20:37.920	13.7
11:20:37.932	12.7
11:20:37.944	13.9
11:20:37.953	16.9
11:20:37.965	19.4
11:20:37.977	16.9
11:20:37.985	18.1
11:20:37.998	19.7
11:20:38.010	19.8
11:20:38.018	20.7
11:20:38.030	20.9
11:20:38.043	20.9
11:20:38.055	19.7
11:20:38.063	15.3
11:20:38.076	12.5
11:20:38.088	11.8
11:20:38.096	11.0
11:20:38.108	10.2
11:20:38.121	9.7
11:20:38.129	9.0
11:20:38.141	9.5
11:20:38.153	9.6
11:20:38.166	9.6
11:20:38.174	10.6
11:20:38.186	10.5
11:20:38.198	10.4
11:20:38.207	10.1
11:20:38.219	8.7
11:20:38.231	8.6
11:20:38.240	7.6
11:20:38.252	6.5
11:20:38.264	7.6
11:20:38.272	7.8
11:20:38.284	10.3
11:20:38.297	11.5
11:20:38.305	11.3
11:20:38.317	10.5
11:20:38.329	8.8
11:20:38.342	7.8
11:20:38.350	7.5
11:20:38.362	6.6
11:20:38.374	6.3
11:20:38.383	6.6
11:20:38.395	3.6
11:20:38.407	3.7
11:20:38.419	1.9
11:20:38.428	-0.6
11:20:38.440	-0.4
11:20:38.452	-1.1
11:20:38.460	-0.1
11:20:38.473	0.3
11:20:38.485	-0.9
11:20:38.493	-2.3
11:20:38.505	-3.7
11:20:38.518	-6.8
11:20:38.526	-5.8
11:20:38.538	-6.3
11:20:38.551	-4.9
11:20:38.559	-4.4
11:20:38.571	-4.8
11:20:38.583	-4.2
11:20:38.596	-4.8
11:20:38.604	-5.5
11:20:38.616	-4.4
11:20:38.628	-1.0
11:20:38.636	1.2
11:20:38.649	2.6
11:20:38.661	-0.4
11:20:38.669	-0.7
11:20:38.682	-0.8
11:20:38.694	-2.7
11:20:38.706	-3.3
11:20:38.714	-3.9
11:20:38.727	-5.1
11:20:38.739	-7.7
11:20:38.747	-13.1
11:20:38.759	-13.2
11:20:38.772	-11.5
11:20:38.780	-10.7
11:20:38.792	-12.8
11:20:38.804	-14.6
11:20:38.817	-14.1
11:20:38.825	-13.9
11:20:38.837	-13.4
11:20:38.849	-13.6
11:20:38.858	-10.7
11:20:38.870	-9.2
11:20:38.882	-8.2
11:20:38.890	-9.3
11:20:38.903	-7.9
11:20:38.915	-5.6
11:20:38.923	-5.8
11:20:38.935	-5.9
11:20:38.948	-3.7
11:20:38.956	-3.5
11:20:38.968	-5.1
11:20:38.981	-6.5
11:20:38.989	-6.9
11:20:39.001	-5.6
11:20:39.013	-3.7
11:20:39.026	-3.6
11:20:39.038	-2.9
11:20:39.046	-1.4
11:20:39.058	-2.1
11:20:39.071	-1.0
11:20:39.079	0.9
11:20:39.091	2.1
11:20:39.103	3.1
11:20:39.112	3.0
11:20:39.124	2.4
11:20:39.136	4.5
11:20:39.148	3.8
11:20:39.157	3.7
11:20:39.169	4.4
11:20:39.181	5.8
11:20:39.189	6.5
11:20:39.202	8.2
11:20:39.214	10.3
11:20:39.222	10.8
11:20:39.234	10.1
11:20:39.247	10.6
11:20:39.255	11.0
11:20:39.267	11.6
11:20:39.280	14.4
11:20:39.288	14.3
11:20:39.300	14.3
11:20:39.312	15.1
11:20:39.324	15.4
11:20:39.333	16.0
11:20:39.345	16.6
11:20:39.357	16.1
11:20:39.366	19.5
11:20:39.378	18.9
11:20:39.390	18.5
11:20:39.402	18.8
11:20:39.410	19.6
11:20:39.423	18.5
11:20:39.435	17.0
11:20:39.443	16.8
11:20:39.456	18.6
11:20:39.468	19.5
11:20:39.476	17.6
11:20:39.488	19.6
11:20:39.501	17.8
11:20:39.509	19.0
11:20:39.521	21.3
11:20:39.533	21.9
11:20:39.542	21.8
11:20:39.554	24.0
11:20:39.566	23.6
11:20:39.579	24.3
11:20:39.587	26.0
11:20:39.599	24.9
11:20:39.611	26.0
11:20:39.619	26.5
11:20:39.632	24.7
11:20:39.644	24.5
11:20:39.652	25.4
11:20:39.664	25.4
11:20:39.677	26.4
11:20:39.689	26.4
11:20:39.697	26.4
11:20:39.710	27.3
11:20:39.722	29.6
11:20:39.730	28.8
11:20:39.742	29.0
11:20:39.755	29.7
11:20:39.763	30.1
11:20:39.775	28.5
11:20:39.787	27.8
11:20:39.795	26.4
11:20:39.808	27.2
11:20:39.820	27.1
11:20:39.832	26.0
11:20:39.841	26.2
11:20:39.853	25.1
11:20:39.865	26.2
11:20:39.873	25.1
11:20:39.886	25.8
11:20:39.898	26.5
11:20:39.906	29.0
11:20:39.918	28.7
11:20:39.931	29.7
11:20:39.939	27.9
11:20:39.951	28.6
11:20:39.964	30.4
11:20:39.976	29.9
11:20:39.984	31.8
11:20:39.996	32.5
11:20:40.009	32.4
11:20:40.017	33.8
11:20:40.029	32.8
11:20:40.041	31.5
11:20:40.049	30.9
11:20:40.062	30.3
11:20:40.074	31.8
11:20:40.086	31.1
11:20:40.095	30.5
11:20:40.107	30.5
11:20:40.119	31.2
11:20:40.127	27.9
11:20:40.140	30.5
11:20:40.152	31.0
11:20:40.160	32.4
11:20:40.172	32.0
11:20:40.185	29.5
11:20:40.193	28.5
11:20:40.205	27.5
11:20:40.217	26.5
11:20:40.226	24.0
11:20:40.238	24.7
11:20:40.250	21.1
11:20:40.262	21.0
11:20:40.271	21.1
11:20:40.283	21.1
11:20:40.295	20.1
11:20:40.303	21.0
11:20:40.316	20.8
11:20:40.328	19.6
11:20:40.340	22.2
11:20:40.348	22.0
11:20:40.361	21.1
11:20:40.373	22.0
11:20:40.381	21.4
11:20:40.394	20.9
11:20:40.406	21.1
11:20:40.414	20.0
11:20:40.426	19.2
11:20:40.439	18.7
11:20:40.447	18.5
11:20:40.459	17.0
11:20:40.471	18.3
11:20:40.480	17.2
11:20:40.492	19.0
11:20:40.504	20.1
11:20:40.516	20.2
11:20:40.525	22.1
11:20:40.537	21.8
11:20:40.549	23.0
11:20:40.557	23.2
11:20:40.570	23.8
11:20:40.582	23.5
11:20:40.590	23.3
11:20:40.602	21.7
11:20:40.615	20.3
11:20:40.627	21.4
11:20:40.635	19.8
11:20:40.647	20.4
11:20:40.660	20.4
11:20:40.668	18.5
11:20:40.680	18.9
11:20:40.692	19.5
11:20:40.701	18.5
11:20:40.713	18.7
11:20:40.725	20.3
11:20:40.734	18.8
11:20:40.746	18.0
11:20:40.758	18.5
11:20:40.770	19.3
11:20:40.778	19.3
11:20:40.791	20.2
11:20:40.803	20.8
11:20:40.815	23.0
11:20:40.824	21.3
11:20:40.836	19.9
11:20:40.848	21.0
11:20:40.856	21.7
11:20:40.869	21.8
11:20:40.881	20.7
11:20:40.889	20.0
11:20:40.901	17.0
11:20:40.914	15.5
11:20:40.922	12.7
11:20:40.934	15.3
11:20:40.946	14.3
11:20:40.959	11.9
11:20:40.967	11.8
11:20:40.979	12.2
11:20:40.991	11.8
11:20:41.000	14.0
11:20:41.012	14.7
11:20:41.024	11.9
11:20:41.032	12.5
11:20:41.045	9.6
11:20:41.057	9.5
11:20:41.069	10.0
11:20:41.077	7.8
11:20:41.090	6.4
11:20:41.102	4.9
11:20:41.110	0.4
11:20:41.122	1.2
11:20:41.135	3.3
11:20:41.143	1.5
11:20:41.155	1.3
11:20:41.167	1.2
11:20:41.176	0.5
11:20:41.188	1.7
11:20:41.200	1.6
11:20:41.208	1.5
11:20:41.221	0.9
11:20:41.233	1.5
11:20:41.245	0.6
11:20:41.254	2.3
11:20:41.266	4.0
11:20:41.278	5.2
11:20:41.286	5.5
11:20:41.298	5.9
11:20:41.311	5.1
11:20:41.323	5.8
11:20:41.331	5.8
11:20:41.344	4.5
11:20:41.356	4.4
11:20:41.364	3.4
11:20:41.376	2.6
11:20:41.389	-0.7
11:20:41.397	-1.1
11:20:41.409	-1.8
11:20:41.421	-1.9
11:20:41.430	-2.0
11:20:41.442	-1.3
11:20:41.454	-0.5
11:20:41.462	-2.3
11:20:41.475	-2.9
11:20:41.487	-4.3
11:20:41.499	-4.4
11:20:41.507	-5.7
11:20:41.520	-7.4
11:20:41.532	-8.2
11:20:41.540	-9.0
11:20:41.552	-10.0
11:20:41.565	-13.0
11:20:41.573	-11.9
11:20:41.585	-11.6
11:20:41.597	-12.6
11:20:41.610	-11.4
11:20:41.618	-11.9
11:20:41.630	-10.6
11:20:41.642	-11.3
11:20:41.651	-13.7
11:20:41.663	-12.9
11:20:41.675	-16.2
11:20:41.683	-19.0
11:20:41.696	-19.8
11:20:41.708	-21.1
11:20:41.716	-22.6
11:20:41.729	-22.4
11:20:41.741	-24.2
11:20:41.753	-24.5
11:20:41.761	-23.0
11:20:41.774	-24.1
11:20:41.786	-21.4
11:20:41.794	-19.4
11:20:41.806	-21.6
11:20:41.819	-21.1
11:20:41.827	-20.8
11:20:41.839	-20.1
11:20:41.851	-20.5
11:20:41.859	-20.7
11:20:41.872	-19.7
11:20:41.884	-20.9
11:20:41.896	-21.1
11:20:41.905	-19.8
11:20:41.917	-18.8
11:20:41.929	-17.9
11:20:41.937	-18.5
11:20:41.950	-19.0
11:20:41.962	-17.5
11:20:41.970	-18.1
11:20:41.982	-20.3
11:20:41.995	-19.5
11:20:42.007	-19.9
11:20:42.015	-20.5
11:20:42.027	-19.4
11:20:42.040	-19.7
11:20:42.048	-18.7
11:20:42.060	-18.2
11:20:42.073	-16.6
11:20:42.081	-14.7
11:20:42.093	-12.4
11:20:42.105	-8.9
11:20:42.114	-6.8
11:20:42.126	-6.9
11:20:42.138	-5.3
11:20:42.146	-5.2
11:20:42.159	-4.5
11:20:42.171	-4.7
11:20:42.183	-5.9
11:20:42.191	-5.9
11:20:42.204	-6.2
11:20:42.216	-7.5
11:20:42.224	-8.0
11:20:42.236	-7.4
11:20:42.249	-6.7
11:20:42.261	-4.1
11:20:42.269	-2.5
11:20:42.281	-2.0
11:20:42.294	-2.1
11:20:42.302	-2.0
11:20:42.314	-0.9
11:20:42.327	-1.1
11:20:42.335	-0.1
11:20:42.347	2.0
11:20:42.359	0.4
11:20:42.367	-0.5
11:20:42.380	-2.4
11:20:42.392	-1.7
11:20:42.400	-1.3
11:20:42.412	-0.4
11:20:42.425	-0.4
11:20:42.437	1.5
11:20:42.445	3.6
11:20:42.458	1.8
11:20:42.470	3.0
11:20:42.478	4.0
11:20:42.490	4.9
11:20:42.503	5.7
11:20:42.511	7.6
11:20:42.523	9.0
11:20:42.535	10.6
11:20:42.548	10.8
11:20:42.556	9.4
11:20:42.568	11.7
11:20:42.580	13.1
11:20:42.589	13.2
11:20:42.601	16.7
11:20:42.613	16.9
11:20:42.621	15.9
11:20:42.634	14.5
11:20:42.646	13.4
11:20:42.654	13.0
11:20:42.666	13.8
11:20:42.679	13.8
11:20:42.691	13.0
11:20:42.699	12.3
11:20:42.711	10.9
11:20:42.724	13.4
11:20:42.732	14.4
11:20:42.744	14.3
11:20:42.756	13.5
11:20:42.765	14.1
11:20:42.777	14.5
11:20:42.789	13.8
11:20:42.801	14.8
11:20:42.810	14.9
11:20:42.822	14.0
11:20:42.834	12.7
11:20:42.842	11.7
11:20:42.855	12.5
11:20:42.867	13.0
11:20:42.879	13.2
11:20:42.887	12.4
11:20:42.900	12.3
11:20:42.912	10.5
11:20:42.920	11.1
11:20:42.933	10.8
11:20:42.945	12.0
11:20:42.953	12.9
11:20:42.965	15.0
11:20:42.978	17.1
11:20:42.990	15.1
11:20:42.998	14.8
11:20:43.012	15.1
11:20:43.024	15.7
11:20:43.032	17.7
11:20:43.044	19.6
11:20:43.056	17.8
11:20:43.065	19.1
11:20:43.077	18.0
11:20:43.089	16.0
11:20:43.097	17.3
11:20:43.110	18.4
11:20:43.122	21.0
11:20:43.130	21.8
11:20:43.142	20.2
11:20:43.155	19.3
11:20:43.167	19.1
11:20:43.175	17.8
11:20:43.187	17.6
11:20:43.200	18.8
11:20:43.208	19.2
11:20:43.220	19.5
11:20:43.232	16.6
11:20:43.245	16.0
11:20:43.253	16.1
11:20:43.265	17.0
11:20:43.277	16.6
11:20:43.286	15.7
11:20:43.298	15.6
11:20:43.310	16.5
11:20:43.318	15.9
11:20:43.331	15.8
11:20:43.343	15.7
11:20:43.351	17.4
11:20:43.364	17.3
11:20:43.376	15.7
11:20:43.384	16.7
11:20:43.396	18.0
11:20:43.409	17.1
11:20:43.421	16.2
11:20:43.429	18.0
11:20:43.441	17.4
11:20:43.454	17.3
11:20:43.462	14.9
11:20:43.474	15.7
11:20:43.486	15.7
11:20:43.495	15.9
11:20:43.507	12.2
11:20:43.519	14.4
11:20:43.531	15.0
11:20:43.540	14.7
11:20:43.552	15.3
11:20:43.564	14.9
11:20:43.572	15.4
11:20:43.585	15.0
11:20:43.597	14.1
11:20:43.605	12.6
11:20:43.618	17.6
11:20:43.630	16.4
11:20:43.638	17.7
11:20:43.650	17.2
11:20:43.662	17.7
11:20:43.674	17.9
11:20:43.682	19.6
11:20:43.695	18.2
11:20:43.707	18.5
11:20:43.715	20.7
11:20:43.727	18.6
11:20:43.739	19.0
11:20:43.748	16.8
11:20:43.760	18.2
11:20:43.773	16.0
11:20:43.781	17.0
11:20:43.794	16.4
11:20:43.806	17.8
11:20:43.818	20.4
11:20:43.826	18.4
11:20:43.839	17.5
11:20:43.851	15.3
11:20:43.859	14.2
11:20:43.871	11.6
11:20:43.884	14.4
11:20:43.892	15.6
11:20:43.904	13.8
11:20:43.916	12.7
11:20:43.929	11.6
11:20:43.937	12.8
11:20:43.949	13.3
11:20:43.962	14.9
11:20:43.970	17.9
11:20:43.982	18.3
11:20:43.994	17.6
11:20:44.003	15.3
11:20:44.015	17.4
11:20:44.027	17.3
11:20:44.035	15.8
11:20:44.048	14.6
11:20:44.060	17.3
11:20:44.068	16.4
11:20:44.080	16.3
11:20:44.093	14.0
11:20:44.105	12.6
11:20:44.113	13.7
11:20:44.125	13.4
11:20:44.138	13.0
11:20:44.146	13.5
11:20:44.158	14.7
11:20:44.170	14.7
11:20:44.183	13.8
11:20:44.191	12.6
11:20:44.203	14.6
11:20:44.215	15.1
11:20:44.224	15.4
11:20:44.236	13.5
11:20:44.248	12.7
11:20:44.256	13.7
11:20:44.269	11.7
11:20:44.281	11.1
11:20:44.289	12.1
11:20:44.301	11.0
11:20:44.314	10.8
11:20:44.322	10.6
11:20:44.334	9.1
11:20:44.346	9.6
11:20:44.359	10.6
11:20:44.367	8.9
11:20:44.379	11.2
11:20:44.392	9.2
11:20:44.400	9.1
11:20:44.412	8.2
11:20:44.424	7.8
11:20:44.433	7.2
11:20:44.445	8.1
11:20:44.457	9.3
11:20:44.469	9.8
11:20:44.477	11.9
11:20:44.490	10.4
11:20:44.502	12.8
11:20:44.510	13.1
11:20:44.523	13.4
11:20:44.535	14.0
11:20:44.543	15.7
11:20:44.555	14.5
11:20:44.568	14.4
11:20:44.576	13.7
11:20:44.588	12.2
11:20:44.600	11.4
11:20:44.613	7.5
11:20:44.621	6.4
11:20:44.633	6.2
11:20:44.645	5.4
11:20:44.654	4.5
11:20:44.666	5.7
11:20:44.678	5.0
11:20:44.687	5.3
11:20:44.699	3.9
11:20:44.711	3.1
11:20:44.719	2.7
11:20:44.732	1.7
11:20:44.744	0.4
11:20:44.752	0.1
11:20:44.764	-1.3
11:20:44.777	-4.1
11:20:44.789	-6.2
11:20:44.797	-6.5
11:20:44.809	-6.4
11:20:44.822	-5.5
11:20:44.830	-4.8
11:20:44.842	-3.9
11:20:44.854	-3.7
11:20:44.867	-3.8
11:20:44.875	-4.8
11:20:44.887	-3.5
11:20:44.899	-3.0
11:20:44.908	-5.0
11:20:44.920	-6.1
11:20:44.932	-7.9
11:20:44.941	-8.3
11:20:44.953	-9.2
11:20:44.965	-10.3
11:20:44.977	-9.5
11:20:44.986	-9.3
11:20:44.998	-10.4
11:20:45.010	-10.1
11:20:45.018	-10.3
11:20:45.031	-9.7
11:20:45.043	-9.5
11:20:45.051	-10.1
11:20:45.063	-8.5
11:20:45.076	-8.1
11:20:45.088	-10.1
11:20:45.096	-9.8
11:20:45.108	-10.0
11:20:45.121	-10.8
11:20:45.129	-11.1
11:20:45.141	-11.8
11:20:45.153	-11.6
11:20:45.166	-11.4
11:20:45.174	-13.9
11:20:45.186	-14.3
11:20:45.198	-15.5
11:20:45.207	-17.5
11:20:45.219	-18.1
11:20:45.231	-18.9
11:20:45.239	-19.0
11:20:45.252	-19.5
11:20:45.264	-19.9
11:20:45.272	-20.7
11:20:45.284	-20.7
11:20:45.297	-21.9
11:20:45.305	-21.0
11:20:45.317	-20.6
11:20:45.329	-20.7
11:20:45.342	-21.2
11:20:45.350	-19.9
11:20:45.362	-19.8
11:20:45.374	-20.4
11:20:45.383	-20.4
11:20:45.395	-20.6
11:20:45.407	-20.4
11:20:45.415	-20.9
11:20:45.428	-22.1
11:20:45.440	-20.8
11:20:45.452	-21.8
11:20:45.460	-24.0
11:20:45.473	-23.9
11:20:45.485	-23.8
11:20:45.493	-24.0
11:20:45.505	-24.0
11:20:45.518	-25.6
11:20:45.526	-25.0
11:20:45.538	-24.3
11:20:45.551	-24.7
11:20:45.559	-23.4
11:20:45.571	-22.4
11:20:45.583	-22.3
11:20:45.596	-23.0
11:20:45.604	-22.7
11:20:45.616	-23.4
11:20:45.628	-22.0
11:20:45.637	-21.7
11:20:45.649	-23.0
11:20:45.661	-24.0
11:20:45.669	-24.9
11:20:45.682	-26.0
11:20:45.694	-27.9
11:20:45.702	-26.5
11:20:45.714	-27.3
11:20:45.727	-28.2
11:20:45.739	-29.0
11:20:45.747	-28.9
11:20:45.759	-27.7
11:20:45.772	-27.6
11:20:45.780	-26.1
11:20:45.792	-24.5
11:20:45.804	-22.3
11:20:45.813	-23.2
11:20:45.825	-21.4
11:20:45.837	-19.6
11:20:45.849	-17.1
11:20:45.858	-16.7
11:20:45.870	-14.0
11:20:45.882	-11.7
11:20:45.890	-11.3
11:20:45.903	-11.3
11:20:45.915	-10.6
11:20:45.923	-8.2
11:20:45.935	-6.1
11:20:45.948	-3.8
11:20:45.956	-2.2
11:20:45.968	-1.2
11:20:45.980	-1.2
11:20:45.989	-1.4
11:20:46.001	-0.9
11:20:46.013	1.0
11:20:46.025	2.0
11:20:46.034	2.3
11:20:46.046	2.1
11:20:46.058	3.9
11:20:46.066	3.7
11:20:46.079	3.7
11:20:46.091	4.5
11:20:46.103	5.1
11:20:46.112	6.2
11:20:46.124	5.8
11:20:46.136	6.8
11:20:46.144	7.6
11:20:46.157	7.4
11:20:46.169	6.2
11:20:46.177	7.1
11:20:46.189	7.2
11:20:46.202	6.6
11:20:46.210	6.7
11:20:46.222	7.3
11:20:46.234	7.3
11:20:46.243	5.7
11:20:46.255	7.7
11:20:46.267	7.0
11:20:46.279	6.3
11:20:46.288	5.4
11:20:46.300	5.4
11:20:46.312	6.0
11:20:46.320	6.4
11:20:46.333	7.7
11:20:46.345	9.6
11:20:46.353	11.7
11:20:46.365	9.8
11:20:46.378	9.9
11:20:46.390	11.6
11:20:46.398	13.0
11:20:46.410	13.3
11:20:46.423	13.7
11:20:46.431	14.3
11:20:46.443	12.8
11:20:46.455	12.3
11:20:46.464	12.7
11:20:46.476	13.8
11:20:46.488	14.2
11:20:46.497	13.9
11:20:46.509	14.7
11:20:46.521	16.7
11:20:46.533	16.8
11:20:46.541	16.5
11:20:46.554	17.1
11:20:46.566	16.8
11:20:46.574	16.3
11:20:46.587	17.2
11:20:46.599	17.2
11:20:46.607	16.5
11:20:46.619	14.4
11:20:46.632	12.3
11:20:46.640	14.8
11:20:46.652	15.0
11:20:46.664	14.2
11:20:46.673	15.9
11:20:46.685	15.0
11:20:46.697	13.7
11:20:46.710	14.1
11:20:46.718	13.5
11:20:46.730	13.2
11:20:46.742	13.3
11:20:46.755	10.9
11:20:46.763	11.7
11:20:46.775	12.4
11:20:46.787	11.4
11:20:46.796	16.2
11:20:46.808	16.2
11:20:46.820	16.6
11:20:46.832	18.1
11:20:46.841	21.9
11:20:46.853	22.7
11:20:46.865	21.4
11:20:46.873	19.5
11:20:46.886	21.8
11:20:46.898	22.8
11:20:46.906	18.6
11:20:46.918	20.0
11:20:46.931	19.0
11:20:46.939	18.3
11:20:46.951	16.6
11:20:46.963	16.9
11:20:46.972	17.9
11:20:46.984	19.1
11:20:46.996	16.9
11:20:47.008	17.1
11:20:47.017	15.7
11:20:47.029	14.5
11:20:47.041	15.6
11:20:47.049	18.4
11:20:47.062	18.2
11:20:47.074	17.4
11:20:47.086	17.0
11:20:47.094	16.2
11:20:47.107	16.1
11:20:47.119	15.5
11:20:47.127	16.0
11:20:47.140	13.4
11:20:47.152	14.3
11:20:47.160	12.5
11:20:47.172	12.3
11:20:47.185	12.5
11:20:47.193	12.3
11:20:47.205	11.1
11:20:47.217	11.3
11:20:47.226	9.5
11:20:47.238	11.5
11:20:47.250	12.7
11:20:47.262	10.7
11:20:47.271	9.3
11:20:47.283	9.9
11:20:47.295	9.6
11:20:47.303	8.7
11:20:47.316	9.5
11:20:47.328	8.8
11:20:47.336	8.7
11:20:47.348	7.7
11:20:47.361	8.5
11:20:47.373	8.7
11:20:47.381	10.1
11:20:47.393	9.3
11:20:47.406	9.7
11:20:47.414	13.2
11:20:47.426	14.3
11:20:47.438	13.8
11:20:47.447	14.2
11:20:47.459	15.0
11:20:47.471	14.4
11:20:47.479	15.6
11:20:47.492	14.9
11:20:47.504	16.8
11:20:47.516	16.4
11:20:47.524	14.4
11:20:47.537	13.7
11:20:47.549	13.8
11:20:47.557	14.0
11:20:47.569	12.2
11:20:47.582	11.8
11:20:47.590	10.3
11:20:47.602	8.5
11:20:47.614	6.2
11:20:47.623	6.7
11:20:47.635	7.8
11:20:47.647	6.9
11:20:47.660	8.6
11:20:47.668	8.0
11:20:47.680	10.3
11:20:47.692	10.2
11:20:47.700	12.0
11:20:47.713	13.8
11:20:47.725	13.1
11:20:47.733	10.1
11:20:47.746	8.1
11:20:47.758	8.1
11:20:47.770	7.8
11:20:47.778	7.1
11:20:47.791	3.4
11:20:47.803	2.7
11:20:47.811	2.3
11:20:47.823	-0.9
11:20:47.836	-0.2
11:20:47.844	2.2
11:20:47.856	1.6
11:20:47.868	1.2
11:20:47.877	-2.1
11:20:47.889	-2.0
11:20:47.901	-1.7
11:20:47.909	0.2
11:20:47.922	-2.6
11:20:47.934	-1.9
11:20:47.946	-5.4
11:20:47.954	-6.6
11:20:47.967	-7.2
11:20:47.979	-7.4
11:20:47.987	-6.1
11:20:48.000	-8.3
11:20:48.012	-9.0
11:20:48.024	-11.5
11:20:48.032	-11.8
11:20:48.044	-11.1
11:20:48.057	-9.0
11:20:48.065	-10.3
11:20:48.077	-10.6
11:20:48.090	-11.7
11:20:48.098	-11.9
11:20:48.110	-11.0
11:20:48.122	-11.3
11:20:48.130	-11.6
11:20:48.143	-12.6
11:20:48.155	-15.5
11:20:48.163	-18.2
11:20:48.176	-18.2
11:20:48.188	-20.4
11:20:48.200	-22.1
11:20:48.208	-23.7
11:20:48.221	-21.6
11:20:48.233	-21.8
11:20:48.241	-21.8
11:20:48.253	-21.6
11:20:48.266	-22.1
11:20:48.274	-22.1
11:20:48.286	-23.5
11:20:48.298	-22.6
11:20:48.311	-23.2
11:20:48.319	-24.8
11:20:48.331	-28.6
11:20:48.343	-27.1
11:20:48.352	-27.2
11:20:48.364	-28.7
11:20:48.376	-28.1
11:20:48.384	-26.6
11:20:48.397	-25.8
11:20:48.409	-26.0
11:20:48.417	-23.5
11:20:48.429	-22.2
11:20:48.442	-21.9
11:20:48.454	-24.0
11:20:48.462	-24.5
11:20:48.474	-23.3
11:20:48.487	-22.4
11:20:48.495	-24.7
11:20:48.507	-23.0
11:20:48.520	-21.9
11:20:48.528	-24.3
11:20:48.540	-23.8
11:20:48.552	-23.3
11:20:48.560	-23.1
11:20:48.573	-22.9
11:20:48.585	-22.8
11:20:48.593	-23.7
11:20:48.605	-22.1
11:20:48.618	-24.2
11:20:48.630	-24.8
11:20:48.638	-23.5
11:20:48.651	-24.1
11:20:48.663	-24.8
11:20:48.671	-24.1
11:20:48.683	-24.6
11:20:48.696	-22.1
11:20:48.708	-21.4
11:20:48.716	-21.7
11:20:48.728	-19.9
11:20:48.741	-20.0
11:20:48.753	-18.8
11:20:48.761	-18.7
11:20:48.773	-18.1
11:20:48.786	-17.8
11:20:48.794	-15.5
11:20:48.806	-18.0
11:20:48.818	-19.3
11:20:48.827	-18.3
11:20:48.839	-21.0
11:20:48.851	-21.7
11:20:48.860	-22.1
11:20:48.873	-20.7
11:20:48.885	-20.7
11:20:48.893	-21.3
11:20:48.905	-22.3
11:20:48.918	-22.2
11:20:48.930	-19.7
11:20:48.938	-20.8
11:20:48.950	-18.7
11:20:48.963	-19.5
11:20:48.971	-20.9
11:20:48.983	-22.5
11:20:48.995	-23.7
11:20:49.008	-23.5
11:20:49.016	-25.0
11:20:49.028	-24.2
11:20:49.040	-24.3
11:20:49.049	-24.9
11:20:49.061	-27.1
11:20:49.073	-23.9
11:20:49.081	-23.0
11:20:49.094	-20.1
11:20:49.106	-19.7
11:20:49.114	-20.3
11:20:49.127	-20.3
11:20:49.138	-20.7
11:20:49.146	-21.3
11:20:49.158	-18.9
11:20:49.171	-14.9
11:20:49.183	-17.0
11:20:49.191	-16.4
11:20:49.203	-16.7
11:20:49.216	-14.9
11:20:49.224	-14.5
11:20:49.236	-12.3
11:20:49.249	-11.0
11:20:49.257	-8.7
11:20:49.269	-7.7
11:20:49.281	-10.2
11:20:49.294	-9.2
11:20:49.303	-9.4
11:20:49.315	-11.8
11:20:49.327	-10.8
11:20:49.335	-9.5
11:20:49.348	-8.5
11:20:49.360	-8.2
11:20:49.368	-8.6
11:20:49.381	-9.0
11:20:49.393	-7.2
11:20:49.401	-6.5
11:20:49.413	-3.9
11:20:49.426	-2.1
11:20:49.438	-3.5
11:20:49.446	-3.2
11:20:49.458	-4.9
11:20:49.471	-6.1
11:20:49.479	-5.2
11:20:49.491	-6.3
11:20:49.503	-4.4
11:20:49.512	-4.3
11:20:49.524	-6.3
11:20:49.536	-6.2
11:20:49.544	-4.4
11:20:49.557	-2.8
11:20:49.569	-1.2
11:20:49.581	0.1
11:20:49.589	-0.8
11:20:49.602	0.9
11:20:49.614	-1.0
11:20:49.622	-0.2
11:20:49.634	0.0
11:20:49.647	-0.5
11:20:49.655	0.2
11:20:49.667	-2.0
11:20:49.679	-2.8
11:20:49.692	-1.5
11:20:49.700	-0.2
11:20:49.712	-0.3
11:20:49.725	0.6
11:20:49.733	0.5
11:20:49.745	2.5
11:20:49.757	4.5
11:20:49.765	4.0
11:20:49.778	5.3
11:20:49.790	6.6
11:20:49.798	4.0
11:20:49.810	4.0
11:20:49.823	4.8
11:20:49.831	5.6
11:20:49.843	5.9
11:20:49.855	6.3
11:20:49.868	5.1
11:20:49.876	6.7
11:20:49.888	5.8
11:20:49.901	4.3
11:20:49.909	5.5
11:20:49.921	4.5
11:20:49.933	5.0
11:20:49.946	5.3
11:20:49.954	5.0
11:20:49.966	3.2
11:20:49.978	5.7
11:20:49.986	5.6
11:20:49.999	4.5
11:20:50.011	4.7
11:20:50.019	5.0
11:20:50.032	5.1
11:20:50.044	2.8
11:20:50.052	1.7
11:20:50.064	1.8
11:20:50.077	4.6
11:20:50.085	2.4
11:20:50.097	1.4
11:20:50.109	3.7
11:20:50.122	3.5
11:20:50.130	3.5
11:20:50.142	3.4
11:20:50.154	4.7
11:20:50.163	3.7
11:20:50.175	6.0
11:20:50.187	3.4
11:20:50.195	4.2
11:20:50.208	5.6
11:20:50.220	5.4
11:20:50.232	7.1
11:20:50.240	6.9
11:20:50.253	9.0
11:20:50.265	8.7
11:20:50.273	10.5
11:20:50.286	9.6
11:20:50.298	9.4
11:20:50.306	8.3
11:20:50.318	6.7
11:20:50.331	6.2
11:20:50.339	5.0
11:20:50.351	6.2
11:20:50.364	3.9
11:20:50.376	4.5
11:20:50.384	3.4
11:20:50.396	3.1
11:20:50.409	5.6
11:20:50.417	7.4
11:20:50.429	8.9
11:20:50.441	10.3
11:20:50.450	12.4
11:20:50.462	13.3
11:20:50.474	16.1
11:20:50.482	15.8
11:20:50.495	17.9
11:20:50.507	19.6
11:20:50.515	19.5
11:20:50.527	19.9
11:20:50.540	19.4
11:20:50.552	22.1
11:20:50.560	22.3
11:20:50.572	22.7
11:20:50.585	21.4
11:20:50.593	23.1
11:20:50.605	22.7
11:20:50.617	21.8
11:20:50.630	21.7
11:20:50.638	23.3
11:20:50.650	24.3
11:20:50.663	21.9
11:20:50.671	21.3
11:20:50.683	18.8
11:20:50.695	20.6
11:20:50.703	19.4
11:20:50.715	19.7
11:20:50.727	22.7
11:20:50.739	22.6
11:20:50.748	21.9
11:20:50.760	21.3
11:20:50.772	21.4
11:20:50.780	20.2
11:20:50.793	21.9
11:20:50.805	19.2
11:20:50.813	20.0
11:20:50.825	20.4
11:20:50.838	17.2
11:20:50.850	16.3
11:20:50.858	13.6
11:20:50.870	12.8
11:20:50.883	11.8
11:20:50.891	12.2
11:20:50.903	12.1
11:20:50.916	13.2
11:20:50.928	13.3
11:20:50.936	11.1
11:20:50.948	11.2
11:20:50.961	12.1
11:20:50.969	13.3
11:20:50.982	13.2
11:20:50.993	14.0
11:20:51.003	15.6
11:20:51.015	16.6
11:20:51.027	15.8
11:20:51.035	15.0
11:20:51.048	18.9
11:20:51.060	18.7
11:20:51.068	17.4
11:20:51.080	18.9
11:20:51.093	20.9
11:20:51.105	20.6
11:20:51.113	20.3
11:20:51.125	19.6
11:20:51.138	20.5
11:20:51.146	20.9
11:20:51.158	18.5
11:20:51.170	18.5
11:20:51.179	19.7
11:20:51.191	17.9
11:20:51.203	15.4
11:20:51.215	16.5
11:20:51.224	14.9
11:20:51.236	15.0
11:20:51.248	14.2
11:20:51.256	13.7
11:20:51.269	14.3
11:20:51.281	14.1
11:20:51.289	15.1
11:20:51.301	17.5
11:20:51.314	16.7
11:20:51.322	15.7
11:20:51.334	17.0
11:20:51.347	17.1
11:20:51.359	17.3
11:20:51.367	18.5
11:20:51.379	16.6
11:20:51.392	17.3
11:20:51.400	17.0
11:20:51.412	13.9
11:20:51.424	15.0
11:20:51.432	13.0
11:20:51.445	11.1
11:20:51.457	9.8
11:20:51.465	11.1
11:20:51.478	10.2
11:20:51.490	9.2
11:20:51.502	8.1
11:20:51.511	6.1
11:20:51.523	6.8
11:20:51.535	5.9
11:20:51.543	6.0
11:20:51.555	9.4
11:20:51.568	8.3
11:20:51.576	3.6
11:20:51.588	2.8
11:20:51.600	3.2
11:20:51.613	3.4
11:20:51.621	3.7
11:20:51.633	3.7
11:20:51.645	4.3
11:20:51.654	4.4
11:20:51.666	0.8
11:20:51.678	0.2
11:20:51.686	3.4
11:20:51.699	2.4
11:20:51.711	3.1
11:20:51.719	1.1
11:20:51.731	0.0
11:20:51.744	-1.3
11:20:51.752	-1.7
11:20:51.764	-0.6
11:20:51.776	-0.3
11:20:51.789	0.5
11:20:51.797	0.9
11:20:51.809	0.6
11:20:51.821	0.4
11:20:51.830	-0.1
11:20:51.842	1.1
11:20:51.854	0.6
11:20:51.867	-0.3
11:20:51.875	1.0
11:20:51.887	1.7
11:20:51.899	1.4
11:20:51.908	-0.7
11:20:51.920	-2.7
11:20:51.932	-4.5
11:20:51.940	-4.6
11:20:51.953	-5.9
11:20:51.965	-7.0
11:20:51.973	-7.3
11:20:51.986	-9.1
11:20:51.998	-10.3
11:20:52.006	-11.3
11:20:52.018	-12.0
11:20:52.031	-9.9
11:20:52.043	-7.9
11:20:52.051	-5.7
11:20:52.063	-7.2
11:20:52.076	-7.2
11:20:52.084	-6.9
11:20:52.096	-5.4
11:20:52.108	-6.8
11:20:52.116	-6.6
11:20:52.129	-6.6
11:20:52.141	-8.9
11:20:52.153	-9.7
11:20:52.162	-11.4
11:20:52.174	-9.9
11:20:52.186	-9.0
11:20:52.194	-9.4
11:20:52.207	-13.6
11:20:52.219	-9.5
11:20:52.227	-9.3
11:20:52.240	-9.1
11:20:52.252	-7.6
11:20:52.260	-8.3
11:20:52.272	-6.4
11:20:52.284	-7.7
11:20:52.297	-8.0
11:20:52.305	-6.1
11:20:52.317	-3.5
11:20:52.329	-7.5
11:20:52.338	-6.6
11:20:52.350	-6.2
11:20:52.362	-4.4
11:20:52.370	-3.6
11:20:52.383	-5.0
11:20:52.395	-4.6
11:20:52.403	-3.5
11:20:52.415	-3.4
11:20:52.428	-2.6
11:20:52.436	0.9
11:20:52.448	1.2
11:20:52.460	2.4
11:20:52.473	2.3
11:20:52.481	3.1
11:20:52.493	4.6
11:20:52.506	7.0
11:20:52.514	9.5
11:20:52.526	9.4
11:20:52.538	9.6
11:20:52.551	10.5
11:20:52.559	11.4
11:20:52.571	13.1
11:20:52.583	15.9
11:20:52.592	18.1
11:20:52.604	20.1
11:20:52.616	21.5
11:20:52.624	20.7
11:20:52.637	22.3
11:20:52.649	21.1
11:20:52.657	18.4
11:20:52.669	18.1
11:20:52.682	16.4
11:20:52.690	17.3
11:20:52.702	16.5
11:20:52.714	16.7
11:20:52.727	16.4
11:20:52.735	17.1
11:20:52.747	14.8
11:20:52.759	17.8
11:20:52.772	19.7
11:20:52.780	19.6
11:20:52.792	22.9
11:20:52.804	20.3
11:20:52.813	20.5
11:20:52.825	17.6
11:20:52.837	15.8
11:20:52.849	15.1
11:20:52.858	18.1
11:20:52.870	18.5
11:20:52.882	21.0
11:20:52.891	23.2
11:20:52.903	21.9
11:20:52.915	22.9
11:20:52.923	23.8
11:20:52.936	25.4
11:20:52.948	27.2
11:20:52.956	27.4
11:20:52.968	26.7
11:20:52.981	24.9
11:20:52.989	22.4
11:20:53.001	21.8
11:20:53.013	20.9
11:20:53.026	20.7
11:20:53.034	21.0
11:20:53.046	21.5
11:20:53.059	21.4
11:20:53.067	20.8
11:20:53.079	20.0
11:20:53.091	20.8
11:20:53.099	20.6
11:20:53.112	19.1
11:20:53.124	18.9
11:20:53.136	19.5
11:20:53.144	17.5
11:20:53.157	16.8
11:20:53.169	16.0
11:20:53.177	17.1
11:20:53.189	17.7
11:20:53.202	18.7
11:20:53.210	19.4
11:20:53.222	21.7
11:20:53.235	23.9
11:20:53.243	23.4
11:20:53.255	26.6
11:20:53.267	26.5
11:20:53.280	26.9
11:20:53.288	26.8
11:20:53.300	28.5
11:20:53.312	27.3
11:20:53.321	27.8
11:20:53.333	26.8
11:20:53.345	25.1
11:20:53.353	25.1
11:20:53.366	21.8
11:20:53.378	22.7
11:20:53.386	22.2
11:20:53.398	22.3
11:20:53.411	21.3
11:20:53.423	21.5
11:20:53.431	22.2
11:20:53.443	22.4
11:20:53.456	22.6
11:20:53.464	24.1
11:20:53.476	24.2
11:20:53.488	24.3
11:20:53.497	25.1
11:20:53.509	24.2
11:20:53.521	23.1
11:20:53.533	22.1
11:20:53.542	21.9
11:20:53.554	21.1
11:20:53.566	23.1
11:20:53.574	21.4
11:20:53.587	22.4
11:20:53.599	21.6
11:20:53.607	21.7
11:20:53.619	22.9
11:20:53.632	23.5
11:20:53.640	23.8
11:20:53.652	24.6
11:20:53.665	24.9
11:20:53.673	22.4
11:20:53.685	21.6
11:20:53.697	20.1
11:20:53.710	19.6
11:20:53.718	19.0
11:20:53.730	18.6
11:20:53.742	18.0
11:20:53.750	17.6
11:20:53.763	15.7
11:20:53.775	13.8
11:20:53.787	14.1
11:20:53.796	12.6
11:20:53.808	13.3
11:20:53.820	14.9
11:20:53.828	15.6
11:20:53.841	16.5
11:20:53.853	15.3
11:20:53.861	16.0
11:20:53.873	15.5
11:20:53.886	17.6
11:20:53.894	17.7
11:20:53.906	20.3
11:20:53.918	20.6
11:20:53.927	21.2
11:20:53.939	21.7
11:20:53.951	20.4
11:20:53.963	21.2
11:20:53.972	24.7
11:20:53.984	24.6
11:20:53.996	23.9
11:20:54.005	22.9
11:20:54.017	20.3
11:20:54.029	19.7
11:20:54.037	18.4
11:20:54.049	18.3
11:20:54.062	16.6
11:20:54.074	18.1
11:20:54.082	14.3
11:20:54.095	14.5
11:20:54.107	13.4
11:20:54.115	13.9
11:20:54.127	15.1
11:20:54.139	16.0
11:20:54.148	14.4
11:20:54.160	13.5
11:20:54.172	14.7
11:20:54.180	12.7
11:20:54.193	12.2
11:20:54.205	12.7
11:20:54.217	13.5
11:20:54.226	12.4
11:20:54.238	13.0
11:20:54.250	11.7
11:20:54.258	12.2
11:20:54.271	10.8
11:20:54.283	11.5
11:20:54.291	12.0
11:20:54.303	12.6
11:20:54.316	9.0
11:20:54.324	8.9
11:20:54.336	8.6
11:20:54.348	8.7
11:20:54.357	7.8
11:20:54.369	7.0
11:20:54.381	7.7
11:20:54.393	6.5
11:20:54.402	6.1
11:20:54.414	6.4
11:20:54.426	8.1
11:20:54.434	8.7
11:20:54.447	8.6
11:20:54.459	6.3
11:20:54.471	6.6
11:20:54.479	7.2
11:20:54.492	7.6
11:20:54.504	7.9
11:20:54.512	6.8
11:20:54.524	4.0
11:20:54.537	4.2
11:20:54.545	3.6
11:20:54.557	6.3
11:20:54.569	7.4
11:20:54.578	8.2
11:20:54.590	8.1
11:20:54.602	8.0
11:20:54.611	10.4
11:20:54.623	10.7
11:20:54.635	11.5
11:20:54.647	12.7
11:20:54.655	13.6
11:20:54.668	10.4
11:20:54.680	9.3
11:20:54.688	8.4
11:20:54.701	8.2
11:20:54.713	8.7
11:20:54.725	6.0
11:20:54.733	6.8
11:20:54.746	7.9
11:20:54.758	6.0
11:20:54.766	4.5
11:20:54.778	4.9
11:20:54.791	5.7
11:20:54.799	7.4
11:20:54.811	7.7
11:20:54.823	4.7
11:20:54.832	1.6
11:20:54.844	2.0
11:20:54.856	2.0
11:20:54.864	1.3
11:20:54.877	1.1
11:20:54.889	-0.1
11:20:54.901	0.1
11:20:54.909	-2.3
11:20:54.922	-3.6
11:20:54.934	-2.1
11:20:54.946	-0.3
11:20:54.954	-1.0
11:20:54.967	-1.4
11:20:54.979	-0.1
11:20:54.987	-0.7
11:20:54.999	-0.7
11:20:55.012	0.4
11:20:55.020	1.2
11:20:55.032	3.1
11:20:55.044	1.4
11:20:55.057	0.6
11:20:55.065	-1.5
11:20:55.077	-5.1
11:20:55.089	-7.7
11:20:55.098	-7.1
11:20:55.110	-6.6
11:20:55.122	-8.3
11:20:55.130	-11.3
11:20:55.143	-13.6
11:20:55.155	-12.8
11:20:55.163	-14.2
11:20:55.175	-12.9
11:20:55.188	-11.1
11:20:55.200	-9.7
11:20:55.208	-10.9
11:20:55.221	-12.0
11:20:55.233	-12.7
11:20:55.241	-12.0
11:20:55.253	-12.6
11:20:55.266	-10.1
11:20:55.274	-7.9
11:20:55.286	-10.4
11:20:55.298	-10.5
11:20:55.307	-10.7
11:20:55.319	-11.2
11:20:55.331	-10.5
11:20:55.343	-11.1
11:20:55.352	-10.6
11:20:55.364	-12.5
11:20:55.376	-15.2
11:20:55.384	-16.8
11:20:55.397	-16.4
11:20:55.409	-16.2
11:20:55.417	-18.7
11:20:55.429	-18.4
11:20:55.442	-20.1
11:20:55.454	-20.3
11:20:55.463	-21.5
11:20:55.475	-21.0
11:20:55.487	-22.1
11:20:55.495	-23.0
11:20:55.507	-23.0
11:20:55.520	-25.0
11:20:55.528	-22.9
11:20:55.540	-23.6
11:20:55.552	-20.8
11:20:55.561	-21.4
11:20:55.573	-20.5
11:20:55.585	-20.4
11:20:55.593	-20.8
11:20:55.606	-18.8
11:20:55.618	-19.5
11:20:55.630	-17.9
11:20:55.639	-18.7
11:20:55.651	-17.6
11:20:55.663	-18.6
11:20:55.671	-16.2
11:20:55.683	-15.0
11:20:55.696	-12.4
11:20:55.708	-10.4
11:20:55.716	-9.5
11:20:55.728	-7.5
11:20:55.741	-6.7
11:20:55.749	-5.3
11:20:55.761	-4.8
11:20:55.773	-3.2
11:20:55.782	-4.3
11:20:55.794	-2.9
11:20:55.806	-3.9
11:20:55.814	-4.4
11:20:55.827	-6.2
11:20:55.839	-5.0
11:20:55.847	-5.1
11:20:55.859	-4.3
11:20:55.872	-2.4
11:20:55.884	-1.9
11:20:55.892	-0.6
11:20:55.905	-1.0
11:20:55.917	0.1
11:20:55.925	0.3
11:20:55.937	3.5
11:20:55.950	2.4
11:20:55.958	2.6
11:20:55.970	2.8
11:20:55.982	1.6
11:20:55.995	-0.3
11:20:56.003	-1.1
11:20:56.015	-0.8
11:20:56.027	0.2
11:20:56.035	0.0
11:20:56.048	-2.2
11:20:56.060	-1.0
11:20:56.068	0.4
11:20:56.081	1.3
11:20:56.093	1.3
11:20:56.101	3.5
11:20:56.113	3.7
11:20:56.126	4.4
11:20:56.138	3.4
11:20:56.146	3.9
11:20:56.158	5.5
11:20:56.171	7.2
11:20:56.179	7.8
11:20:56.191	6.3
11:20:56.203	7.2
11:20:56.212	6.9
11:20:56.224	6.4
11:20:56.236	5.2
11:20:56.244	7.4
11:20:56.257	9.2
11:20:56.269	10.1
11:20:56.277	9.1
11:20:56.289	10.8
11:20:56.302	11.5
11:20:56.314	11.6
11:20:56.322	12.6
11:20:56.334	14.1
11:20:56.347	15.2
11:20:56.355	14.3
11:20:56.367	13.7
11:20:56.379	12.6
11:20:56.392	13.1
11:20:56.400	10.7
11:20:56.412	11.1
11:20:56.425	10.0
11:20:56.433	7.4
11:20:56.445	7.0
11:20:56.457	7.2
11:20:56.466	7.3
11:20:56.478	8.1
11:20:56.490	8.6
11:20:56.499	8.2
11:20:56.512	7.3
11:20:56.524	6.6
11:20:56.532	7.9
11:20:56.544	10.2
11:20:56.557	11.9
11:20:56.569	11.3
11:20:56.577	13.2
11:20:56.589	12.9
11:20:56.602	13.2
11:20:56.610	13.8
11:20:56.622	15.2
11:20:56.634	15.1
11:20:56.647	15.6
11:20:56.655	15.1
11:20:56.667	14.0
11:20:56.679	14.3
11:20:56.692	10.3
11:20:56.700	7.7
11:20:56.712	6.4
11:20:56.720	5.6
11:20:56.733	5.8
11:20:56.745	5.7
11:20:56.753	4.7
11:20:56.765	4.3
11:20:56.778	5.5
11:20:56.786	4.9
11:20:56.798	6.7
11:20:56.810	7.7
11:20:56.823	8.2
11:20:56.831	6.3
11:20:56.843	6.3
11:20:56.855	7.2
11:20:56.864	7.2
11:20:56.876	8.0
11:20:56.888	5.8
11:20:56.897	5.8
11:20:56.909	7.9
11:20:56.921	8.1
11:20:56.933	8.9
11:20:56.942	9.7
11:20:56.954	8.0
11:20:56.966	6.5
11:20:56.978	5.6
11:20:56.987	4.8
11:20:56.999	5.6
11:20:57.011	5.9
11:20:57.019	2.5
11:20:57.032	3.5
11:20:57.044	1.8
11:20:57.052	1.8
11:20:57.064	1.4
11:20:57.077	3.3
11:20:57.085	3.2
11:20:57.097	4.1
11:20:57.110	3.6
11:20:57.122	2.6
11:20:57.130	4.4
11:20:57.142	5.1
11:20:57.154	6.9
11:20:57.163	7.0
11:20:57.175	9.1
11:20:57.187	8.8
11:20:57.195	9.6
11:20:57.208	8.8
11:20:57.220	8.9
11:20:57.228	11.8
11:20:57.240	10.1
11:20:57.253	8.5
11:20:57.265	7.8
11:20:57.274	6.4
11:20:57.285	5.7
11:20:57.298	6.7
11:20:57.306	6.8
11:20:57.318	5.4
11:20:57.330	6.1
11:20:57.339	3.7
11:20:57.351	3.4
11:20:57.363	3.4
11:20:57.375	2.5
11:20:57.384	2.8
11:20:57.396	4.8
11:20:57.408	3.7
11:20:57.416	4.9
11:20:57.429	6.3
11:20:57.441	7.0
11:20:57.449	6.1
11:20:57.461	8.5
11:20:57.474	9.1
11:20:57.482	8.5
11:20:57.494	11.0
11:20:57.507	9.3
11:20:57.515	9.2
11:20:57.527	7.6
11:20:57.539	5.3
11:20:57.552	5.1
11:20:57.560	6.8
11:20:57.572	5.4
11:20:57.584	5.1
11:20:57.593	6.8
11:20:57.605	6.2
11:20:57.617	6.3
11:20:57.629	5.2
11:20:57.638	7.0
11:20:57.650	9.4
11:20:57.662	8.3
11:20:57.670	7.6
11:20:57.683	8.2
11:20:57.695	8.8
11:20:57.703	7.1
11:20:57.715	6.1
11:20:57.728	5.9
11:20:57.736	6.6
11:20:57.748	6.3
11:20:57.760	6.3
11:20:57.769	6.6
11:20:57.781	8.3
11:20:57.793	7.3
11:20:57.805	6.7
11:20:57.814	8.6
11:20:57.826	8.4
11:20:57.838	7.8
11:20:57.847	7.9
11:20:57.859	7.6
11:20:57.871	7.4
11:20:57.879	6.8
11:20:57.891	5.7
11:20:57.904	4.3
11:20:57.916	3.5
11:20:57.924	2.8
11:20:57.937	4.5
11:20:57.949	4.9
11:20:57.957	4.4
11:20:57.969	3.4
11:20:57.982	3.8
11:20:57.990	2.9
11:20:58.002	0.5
11:20:58.014	0.9
11:20:58.023	0.4
11:20:58.035	0.0
11:20:58.047	-0.8
11:20:58.059	-0.7
11:20:58.068	-0.9
11:20:58.080	0.0
11:20:58.092	0.1
11:20:58.100	0.3
11:20:58.113	1.3
11:20:58.125	3.3
11:20:58.133	2.9
11:20:58.145	1.9
11:20:58.158	0.7
11:20:58.166	-1.2
11:20:58.178	-0.9
11:20:58.190	-1.1
11:20:58.199	-4.3
11:20:58.211	-4.4
11:20:58.223	-2.5
11:20:58.235	-6.4
11:20:58.244	-7.2
11:20:58.256	-7.3
11:20:58.268	-8.9
11:20:58.276	-9.7
11:20:58.289	-9.8
11:20:58.301	-11.8
11:20:58.313	-10.8
11:20:58.322	-12.4
11:20:58.334	-14.8
11:20:58.346	-13.5
11:20:58.354	-13.1
11:20:58.367	-11.7
11:20:58.379	-10.7
11:20:58.387	-9.7
11:20:58.399	-11.5
11:20:58.412	-10.3
11:20:58.420	-11.2
11:20:58.432	-9.2
11:20:58.444	-10.1
11:20:58.453	-9.1
11:20:58.465	-8.9
11:20:58.477	-9.9
11:20:58.490	-9.1
11:20:58.498	-10.2
11:20:58.510	-11.2
11:20:58.522	-11.5
11:20:58.530	-13.1
11:20:58.543	-14.8
11:20:58.555	-14.3
11:20:58.567	-14.4
11:20:58.576	-12.5
11:20:58.588	-13.2
11:20:58.600	-14.4
11:20:58.608	-14.2
11:20:58.621	-14.9
11:20:58.633	-16.0
11:20:58.641	-14.1
11:20:58.653	-12.8
11:20:58.666	-14.8
11:20:58.678	-17.7
11:20:58.686	-19.9
11:20:58.698	-21.0
11:20:58.711	-20.2
11:20:58.719	-21.3
11:20:58.731	-20.8
11:20:58.744	-20.6
11:20:58.752	-22.6
11:20:58.764	-23.9
11:20:58.776	-22.7
11:20:58.788	-21.9
11:20:58.797	-21.8
11:20:58.809	-22.6
11:20:58.821	-22.4
11:20:58.829	-19.8
11:20:58.842	-19.2
11:20:58.854	-20.2
11:20:58.862	-18.5
11:20:58.874	-17.3
11:20:58.887	-16.9
11:20:58.899	-15.2
11:20:58.907	-14.9
11:20:58.919	-13.5
11:20:58.932	-12.7
11:20:58.940	-13.2
11:20:58.952	-12.9
11:20:58.964	-11.7
11:20:58.973	-11.8
11:20:58.985	-11.0
11:20:58.997	-10.5
11:20:59.005	-10.2
11:20:59.018	-9.6
11:20:59.030	-7.9
11:20:59.042	-8.4
11:20:59.051	-8.6
11:20:59.063	-4.0
11:20:59.075	-3.9
11:20:59.083	-2.1
11:20:59.096	-1.0
11:20:59.108	0.3
11:20:59.116	0.6
11:20:59.128	1.2
11:20:59.141	1.3
11:20:59.149	2.6
11:20:59.161	3.9
11:20:59.173	1.9
11:20:59.186	1.8
11:20:59.194	1.5
11:20:59.206	1.2
11:20:59.219	1.4
11:20:59.227	1.4
11:20:59.239	1.6
11:20:59.251	2.0
11:20:59.260	1.5
11:20:59.272	2.1
11:20:59.284	0.8
11:20:59.296	1.3
11:20:59.305	2.0
11:20:59.317	1.7
11:20:59.329	3.4
11:20:59.337	6.8
11:20:59.350	6.5
11:20:59.362	7.2
11:20:59.370	9.7
11:20:59.382	10.0
11:20:59.395	11.7
11:20:59.403	11.4
11:20:59.415	12.3
11:20:59.427	12.7
11:20:59.436	10.8
11:20:59.448	8.0
11:20:59.460	9.5
11:20:59.472	7.3
11:20:59.481	7.5
11:20:59.493	6.7
11:20:59.505	5.8
11:20:59.513	5.6
11:20:59.526	4.4
11:20:59.538	2.8
11:20:59.550	5.4
11:20:59.558	7.7
11:20:59.571	6.1
11:20:59.583	9.2
11:20:59.591	6.7
11:20:59.603	6.9
11:20:59.616	7.1
11:20:59.624	8.7
11:20:59.636	10.8
11:20:59.648	12.4
11:20:59.657	10.0
11:20:59.669	9.1
11:20:59.681	9.1
11:20:59.689	5.6
11:20:59.702	4.0
11:20:59.714	3.5
11:20:59.726	4.2
11:20:59.735	2.3
11:20:59.747	-1.4
11:20:59.759	-3.8
11:20:59.767	-3.6
11:20:59.780	-6.4
11:20:59.792	-9.1
11:20:59.800	-11.0
11:20:59.812	-9.6
11:20:59.825	-10.1
11:20:59.837	-11.0
11:20:59.845	-11.8
11:20:59.857	-9.8
11:20:59.870	-9.0
11:20:59.878	-9.7
11:20:59.890	-8.7
11:20:59.902	-6.3
11:20:59.911	-4.1
11:20:59.923	-6.8
11:20:59.935	-8.3
11:20:59.943	-9.9
11:20:59.956	-6.6
11:20:59.968	-7.6
11:20:59.980	-7.4
11:20:59.988	-6.7
11:21:00.001	-6.7
11:21:00.013	-5.8
11:21:00.021	-4.1
11:21:00.033	-1.9
11:21:00.046	-0.1
11:21:00.054	-0.1
11:21:00.066	-3.4
11:21:00.078	-3.2
11:21:00.087	-3.5
11:21:00.099	-3.9
11:21:00.111	-5.0
11:21:00.119	-4.6
11:21:00.132	-7.7
11:21:00.144	-7.6
11:21:00.156	-8.9
11:21:00.165	-7.8
11:21:00.177	-6.5
11:21:00.189	-6.6
11:21:00.197	-6.5
11:21:00.209	-6.2
11:21:00.222	-6.2
11:21:00.234	-6.7
11:21:00.242	-4.2
11:21:00.255	-3.0
11:21:00.267	-2.1
11:21:00.275	1.0
11:21:00.287	0.1
11:21:00.300	-0.9
11:21:00.308	0.7
11:21:00.320	1.9
11:21:00.333	5.2
11:21:00.341	2.3
11:21:00.353	3.0
11:21:00.365	4.1
11:21:00.373	4.4
11:21:00.386	2.0
11:21:00.398	3.5
11:21:00.410	5.8
11:21:00.418	4.9
11:21:00.431	1.8
11:21:00.443	0.0
11:21:00.451	2.3
11:21:00.464	1.7
11:21:00.476	-2.1
11:21:00.488	-2.6
11:21:00.496	-2.0
11:21:00.509	-1.6
11:21:00.521	-2.1
11:21:00.529	-3.4
11:21:00.541	-1.9
11:21:00.554	-2.1
11:21:00.562	-1.7
11:21:00.574	0.0
11:21:00.586	1.9
11:21:00.595	3.0
11:21:00.607	1.9
11:21:00.619	1.2
11:21:00.627	1.8
11:21:00.640	3.1
11:21:00.652	3.1
11:21:00.664	2.7
11:21:00.672	2.3
11:21:00.685	0.4
11:21:00.697	0.5
11:21:00.705	-0.2
11:21:00.717	-0.6
11:21:00.730	0.2
11:21:00.738	-0.9
11:21:00.750	-0.2
11:21:00.762	-0.8
11:21:00.771	0.9
11:21:00.783	1.4
11:21:00.795	0.2
11:21:00.808	-0.2
11:21:00.816	0.3
11:21:00.828	1.8
11:21:00.840	1.4
11:21:00.848	1.9
11:21:00.861	0.2
11:21:00.873	0.9
11:21:00.885	-0.1
11:21:00.894	2.1
11:21:00.906	3.5
11:21:00.918	4.0
11:21:00.926	5.3
11:21:00.939	5.2
11:21:00.951	7.3
11:21:00.963	6.8
11:21:00.971	8.6
11:21:00.984	9.5
11:21:00.996	9.6
11:21:01.004	9.4
11:21:01.016	11.2
11:21:01.029	12.9
11:21:01.037	13.5
11:21:01.049	14.9
11:21:01.061	14.4
11:21:01.070	15.4
11:21:01.082	16.2
11:21:01.094	15.8
11:21:01.106	18.1
11:21:01.115	16.3
11:21:01.127	16.1
11:21:01.139	16.5
11:21:01.147	16.8
11:21:01.160	16.6
11:21:01.172	17.7
11:21:01.180	17.7
11:21:01.192	17.9
11:21:01.205	19.2
11:21:01.217	18.5
11:21:01.225	19.3
11:21:01.237	19.4
11:21:01.250	17.5
11:21:01.258	16.6
11:21:01.271	15.5
11:21:01.283	12.9
11:21:01.291	14.5
11:21:01.304	13.2
11:21:01.316	12.1
11:21:01.324	12.2
11:21:01.336	13.1
11:21:01.349	12.3
11:21:01.357	12.9
11:21:01.369	13.9
11:21:01.381	14.0
11:21:01.394	15.7
11:21:01.402	14.9
11:21:01.414	17.8
11:21:01.426	19.2
11:21:01.435	21.4
11:21:01.447	19.3
11:21:01.459	20.3
11:21:01.471	19.7
11:21:01.480	18.3
11:21:01.492	21.4
11:21:01.504	20.8
11:21:01.512	20.5
11:21:01.525	19.1
11:21:01.537	17.6
11:21:01.545	14.5
11:21:01.557	16.7
11:21:01.570	16.9
11:21:01.578	18.4
11:21:01.590	19.1
11:21:01.602	17.8
11:21:01.611	18.7
11:21:01.623	19.7
11:21:01.635	19.0
11:21:01.647	21.7
11:21:01.656	22.2
11:21:01.668	23.8
11:21:01.680	23.2
11:21:01.688	22.2
11:21:01.701	22.1
11:21:01.713	22.1
11:21:01.721	21.0
11:21:01.734	20.6
11:21:01.746	21.7
11:21:01.758	21.0
11:21:01.766	21.3
11:21:01.779	18.2
11:21:01.791	20.2
11:21:01.799	20.8
11:21:01.811	19.7
11:21:01.824	19.6
11:21:01.832	21.0
11:21:01.844	22.8
11:21:01.856	24.5
11:21:01.865	23.8
11:21:01.877	23.3
11:21:01.889	24.5
11:21:01.901	22.3
11:21:01.910	26.2
11:21:01.922	28.7
11:21:01.934	27.8
11:21:01.942	26.3
11:21:01.955	25.0
11:21:01.967	23.8
11:21:01.975	23.8
11:21:01.987	23.4
11:21:02.000	24.2
11:21:02.008	25.9
11:21:02.020	21.2
11:21:02.032	19.9
11:21:02.041	18.8
11:21:02.053	19.3
11:21:02.065	18.7
11:21:02.078	16.4
11:21:02.086	16.0
11:21:02.098	16.4
11:21:02.110	14.0
11:21:02.118	11.7
11:21:02.131	12.3
11:21:02.143	12.3
11:21:02.155	12.3
11:21:02.164	10.7
11:21:02.176	10.2
11:21:02.188	12.3
11:21:02.196	11.6
11:21:02.209	10.3
11:21:02.221	12.6
11:21:02.229	12.6
11:21:02.241	10.9
11:21:02.254	7.5
11:21:02.262	7.2
11:21:02.274	5.9
11:21:02.286	4.0
11:21:02.295	0.0
11:21:02.307	0.5
11:21:02.319	1.1
11:21:02.332	-2.0
11:21:02.340	-2.4
11:21:02.352	-4.2
11:21:02.364	-1.7
11:21:02.373	-2.9
11:21:02.385	-2.6
11:21:02.397	-2.3
11:21:02.409	-0.3
11:21:02.418	-3.7
11:21:02.430	-5.9
11:21:02.442	-5.7
11:21:02.450	-7.7
11:21:02.463	-6.4
11:21:02.475	-9.0
11:21:02.483	-9.8
11:21:02.495	-7.0
11:21:02.508	-8.5
11:21:02.516	-10.0
11:21:02.528	-8.8
11:21:02.540	-10.5
11:21:02.549	-12.5
11:21:02.561	-12.7
11:21:02.573	-13.2
11:21:02.586	-13.1
11:21:02.594	-12.4
11:21:02.606	-14.7
11:21:02.618	-13.8
11:21:02.626	-13.6
11:21:02.639	-14.1
11:21:02.651	-12.3
11:21:02.663	-10.8
11:21:02.672	-11.0
11:21:02.684	-12.3
11:21:02.696	-13.1
11:21:02.704	-12.5
11:21:02.717	-13.4
11:21:02.729	-12.7
11:21:02.741	-13.5
11:21:02.749	-14.7
11:21:02.762	-14.6
11:21:02.774	-15.7
11:21:02.782	-16.1
11:21:02.794	-15.8
11:21:02.807	-14.2
11:21:02.815	-13.0
11:21:02.827	-13.6
11:21:02.839	-15.4
11:21:02.848	-14.1
11:21:02.860	-13.7
11:21:02.872	-15.1
11:21:02.885	-13.8
11:21:02.893	-13.4
11:21:02.905	-13.3
11:21:02.917	-13.5
11:21:02.926	-16.3
11:21:02.938	-15.7
11:21:02.950	-14.9
11:21:02.958	-15.6
11:21:02.971	-14.1
11:21:02.983	-10.6
11:21:02.991	-10.6
11:21:03.003	-8.2
11:21:03.016	-5.3
11:21:03.028	-6.0
11:21:03.036	-4.8
11:21:03.048	-3.3
11:21:03.061	-2.7
11:21:03.069	-0.9
11:21:03.081	-1.0
11:21:03.093	-1.8
11:21:03.102	-1.8
11:21:03.114	-1.5
11:21:03.126	-3.1
11:21:03.138	-2.6
11:21:03.147	0.2
11:21:03.159	0.7
11:21:03.171	1.3
11:21:03.179	-0.1
11:21:03.192	1.5
11:21:03.204	3.4
11:21:03.212	3.4
11:21:03.224	4.5
11:21:03.237	5.3
11:21:03.245	9.4
11:21:03.257	8.3
11:21:03.270	9.1
11:21:03.278	9.9
11:21:03.290	11.2
11:21:03.302	11.5
11:21:03.314	8.9
11:21:03.323	10.8
11:21:03.335	9.7
11:21:03.347	10.3
11:21:03.355	6.9
11:21:03.368	8.0
11:21:03.380	6.5
11:21:03.392	6.6
11:21:03.401	6.9
11:21:03.413	7.1
11:21:03.425	8.9
11:21:03.433	7.9
11:21:03.446	8.7
11:21:03.458	8.7
11:21:03.466	11.0
11:21:03.478	10.0
11:21:03.491	12.2
11:21:03.499	13.1
11:21:03.511	13.3
11:21:03.524	12.2
11:21:03.532	12.1
11:21:03.544	13.1
11:21:03.556	13.5
11:21:03.569	14.6
11:21:03.577	13.2
11:21:03.589	14.4
11:21:03.601	13.4
11:21:03.610	13.1
11:21:03.622	12.5
11:21:03.634	12.5
11:21:03.642	12.8
11:21:03.655	11.3
11:21:03.667	12.1
11:21:03.679	11.1
11:21:03.687	12.7
11:21:03.700	12.8
11:21:03.712	15.2
11:21:03.720	14.9
11:21:03.733	17.1
11:21:03.745	19.4
11:21:03.753	19.6
11:21:03.765	22.3
11:21:03.777	23.0
11:21:03.786	24.5
11:21:03.798	23.2
11:21:03.810	23.4
11:21:03.823	20.6
11:21:03.831	20.7
11:21:03.843	19.7
11:21:03.855	20.5
11:21:03.864	21.7
11:21:03.876	21.4
11:21:03.888	22.7
11:21:03.896	22.2
11:21:03.909	23.3
11:21:03.921	22.4
11:21:03.929	26.2
11:21:03.941	27.1
11:21:03.954	27.5
11:21:03.962	25.8
11:21:03.974	24.5
11:21:03.986	24.2
11:21:03.999	21.7
11:21:04.007	22.7
11:21:04.019	23.3
11:21:04.031	23.4
11:21:04.040	21.0
11:21:04.052	21.6
11:21:04.064	21.5
11:21:04.077	21.6
11:21:04.085	22.4
11:21:04.097	21.0
11:21:04.110	21.7
11:21:04.118	20.3
11:21:04.130	19.9
11:21:04.142	20.1
11:21:04.150	20.6
11:21:04.163	20.7
11:21:04.175	19.9
11:21:04.183	20.2
11:21:04.195	20.8
11:21:04.208	22.1
11:21:04.216	21.9
11:21:04.228	22.6
11:21:04.240	21.0
11:21:04.253	21.2
11:21:04.261	20.3
11:21:04.273	18.9
11:21:04.286	19.1
11:21:04.294	19.4
11:21:04.306	19.9
11:21:04.318	21.8
11:21:04.331	19.2
11:21:04.339	17.7
11:21:04.351	18.7
11:21:04.363	18.6
11:21:04.372	17.5
11:21:04.384	18.1
11:21:04.396	18.2
11:21:04.404	18.7
11:21:04.417	18.2
11:21:04.429	17.6
11:21:04.437	19.2
11:21:04.449	19.3
11:21:04.461	22.7
11:21:04.470	23.5
11:21:04.482	24.9
11:21:04.494	23.7
11:21:04.506	24.2
11:21:04.515	24.6
11:21:04.527	25.4
11:21:04.539	23.1
11:21:04.547	22.1
11:21:04.560	21.9
11:21:04.572	18.2
11:21:04.580	15.6
11:21:04.592	15.1
11:21:04.605	15.3
11:21:04.613	15.6
11:21:04.625	14.6
11:21:04.637	11.0
11:21:04.650	12.5
11:21:04.662	12.4
11:21:04.670	14.8
11:21:04.682	15.8
11:21:04.695	15.6
11:21:04.703	15.0
11:21:04.715	14.7
11:21:04.728	12.6
11:21:04.736	10.6
11:21:04.748	11.4
11:21:04.760	10.3
11:21:04.769	10.0
11:21:04.781	6.2
11:21:04.793	3.2
11:21:04.801	3.6
11:21:04.813	2.8
11:21:04.826	3.0
11:21:04.834	3.9
11:21:04.846	3.2
11:21:04.859	1.6
11:21:04.871	2.2
11:21:04.879	1.3
11:21:04.891	1.4
11:21:04.904	2.2
11:21:04.912	2.6
11:21:04.924	1.5
11:21:04.936	-2.0
11:21:04.949	-3.8
11:21:04.957	-3.2
11:21:04.969	-1.1
11:21:04.981	-3.2
11:21:04.990	-3.6
11:21:05.002	-4.8
11:21:05.014	-4.6
11:21:05.022	-6.1
11:21:05.035	-5.6
11:21:05.047	-2.0
11:21:05.059	-1.6
11:21:05.068	-3.1
11:21:05.080	-5.9
11:21:05.092	-6.7
11:21:05.100	-6.5
11:21:05.113	-5.7
11:21:05.125	-6.3
11:21:05.133	-6.7
11:21:05.145	-7.9
11:21:05.158	-10.2
11:21:05.166	-10.0
11:21:05.178	-10.2
11:21:05.190	-9.9
11:21:05.199	-11.1
11:21:05.211	-11.8
11:21:05.223	-12.9
11:21:05.235	-14.5
11:21:05.244	-15.7
11:21:05.256	-15.2
11:21:05.268	-16.6
11:21:05.276	-19.8
11:21:05.289	-20.2
11:21:05.301	-21.1
11:21:05.313	-21.0
11:21:05.321	-20.9
11:21:05.334	-18.4
11:21:05.346	-18.0
11:21:05.354	-17.3
11:21:05.366	-18.3
11:21:05.379	-18.2
11:21:05.387	-17.2
11:21:05.399	-16.2
11:21:05.411	-16.2
11:21:05.420	-16.3
11:21:05.432	-15.1
11:21:05.444	-17.3
11:21:05.452	-17.8
11:21:05.465	-18.9
11:21:05.477	-18.1
11:21:05.489	-18.3
11:21:05.497	-18.1
11:21:05.510	-19.7
11:21:05.522	-20.0
11:21:05.530	-14.8
11:21:05.543	-15.9
11:21:05.555	-15.7
11:21:05.563	-15.5
11:21:05.575	-14.3
11:21:05.588	-15.3
11:21:05.600	-15.1
11:21:05.608	-12.0
11:21:05.620	-11.1
11:21:05.633	-9.9
11:21:05.641	-13.6
11:21:05.653	-13.5
11:21:05.665	-12.2
11:21:05.674	-11.4
11:21:05.686	-9.3
11:21:05.698	-8.0
11:21:05.706	-4.7
11:21:05.719	-7.4
11:21:05.731	-5.9
11:21:05.743	-5.3
11:21:05.752	-3.6
11:21:05.764	-2.4
11:21:05.776	-0.2
11:21:05.784	2.1
11:21:05.797	1.8
11:21:05.809	3.7
11:21:05.817	4.1
11:21:05.829	5.7
11:21:05.842	6.9
11:21:05.850	8.6
11:21:05.862	8.4
11:21:05.874	8.2
11:21:05.883	6.6
11:21:05.895	5.7
11:21:05.907	4.6
11:21:05.919	5.7
11:21:05.928	5.8
11:21:05.940	7.2
11:21:05.952	6.1
11:21:05.961	4.0
11:21:05.973	6.3
11:21:05.985	6.2
11:21:05.997	7.2
11:21:06.006	7.1
11:21:06.018	8.2
11:21:06.030	7.1
11:21:06.038	7.1
11:21:06.051	5.2
11:21:06.063	6.1
11:21:06.071	7.6
11:21:06.083	6.1
11:21:06.096	7.8
11:21:06.104	9.6
11:21:06.116	10.2
11:21:06.128	10.1
11:21:06.137	10.1
11:21:06.149	9.3
11:21:06.161	11.2
11:21:06.173	10.5
11:21:06.182	10.7
11:21:06.194	10.4
11:21:06.206	9.3
11:21:06.214	8.5
11:21:06.227	9.4
11:21:06.239	11.5
11:21:06.251	11.6
11:21:06.259	12.1
11:21:06.272	12.1
11:21:06.284	13.2
11:21:06.292	14.3
11:21:06.305	15.4
11:21:06.317	15.0
11:21:06.325	15.8
11:21:06.337	16.2
11:21:06.350	16.3
11:21:06.358	17.7
11:21:06.371	18.8
11:21:06.382	17.0
11:21:06.391	17.7
11:21:06.403	16.3
11:21:06.415	14.7
11:21:06.427	15.8
11:21:06.436	14.7
11:21:06.448	14.1
11:21:06.460	11.6
11:21:06.468	10.5
11:21:06.481	8.9
11:21:06.493	11.1
11:21:06.501	11.1
11:21:06.513	12.4
11:21:06.526	13.4
11:21:06.534	15.1
11:21:06.546	14.8
11:21:06.558	15.6
11:21:06.571	16.8
11:21:06.579	17.1
11:21:06.591	18.7
11:21:06.603	19.5
11:21:06.616	17.7
11:21:06.624	17.4
11:21:06.636	18.3
11:21:06.648	16.9
11:21:06.657	17.8
11:21:06.669	17.5
11:21:06.681	18.8
11:21:06.689	19.4
11:21:06.702	18.7
11:21:06.714	19.2
11:21:06.726	19.9
11:21:06.735	20.0
11:21:06.747	20.1
11:21:06.759	20.4
11:21:06.767	21.0
11:21:06.780	20.7
11:21:06.792	20.6
11:21:06.800	20.7
11:21:06.812	22.3
11:21:06.825	20.8
11:21:06.833	20.8
11:21:06.845	20.3
11:21:06.857	20.2
11:21:06.870	19.4
11:21:06.878	18.3
11:21:06.890	19.3
11:21:06.902	17.8
11:21:06.911	17.3
11:21:06.923	16.0
11:21:06.935	17.0
11:21:06.944	18.4
11:21:06.956	20.5
11:21:06.968	22.0
11:21:06.980	22.3
11:21:06.988	21.3
11:21:07.001	20.8
11:21:07.013	21.8
11:21:07.021	21.6
11:21:07.033	22.1
11:21:07.046	20.6
11:21:07.054	22.0
11:21:07.066	22.2
11:21:07.078	21.3
11:21:07.087	22.4
11:21:07.099	23.4
11:21:07.111	24.0
11:21:07.119	23.7
11:21:07.132	22.5
11:21:07.144	20.5
11:21:07.156	20.0
11:21:07.164	18.3
11:21:07.177	17.5
11:21:07.189	16.2
11:21:07.198	14.3
11:21:07.210	13.7
11:21:07.222	12.4
11:21:07.235	13.5
11:21:07.243	14.5
11:21:07.255	16.8
11:21:07.267	18.2
11:21:07.275	18.0
11:21:07.288	17.4
11:21:07.300	17.9
11:21:07.308	19.9
11:21:07.320	18.2
11:21:07.333	18.1
11:21:07.341	18.4
11:21:07.353	17.3
11:21:07.365	16.4
11:21:07.374	14.6
11:21:07.386	15.6
11:21:07.398	14.2
11:21:07.410	15.9
11:21:07.419	14.9
11:21:07.431	16.8
11:21:07.443	16.4
11:21:07.451	15.6
11:21:07.464	14.3
11:21:07.476	13.3
11:21:07.484	15.6
11:21:07.497	14.5
11:21:07.509	16.7
11:21:07.521	12.9
11:21:07.529	14.5
11:21:07.542	13.3
11:21:07.554	14.2
11:21:07.562	13.3
11:21:07.574	15.2
11:21:07.587	16.5
11:21:07.595	15.3
11:21:07.607	16.3
11:21:07.619	13.5
11:21:07.628	17.1
11:21:07.640	15.3
11:21:07.652	15.1
11:21:07.664	14.9
11:21:07.673	13.4
11:21:07.685	14.0
11:21:07.697	12.9
11:21:07.705	12.9
11:21:07.718	11.5
11:21:07.730	11.4
11:21:07.738	10.5
11:21:07.750	10.6
11:21:07.763	10.9
11:21:07.771	13.3
11:21:07.783	13.5
11:21:07.795	13.4
11:21:07.804	12.7
11:21:07.816	11.5
11:21:07.828	9.4
11:21:07.840	10.4
11:21:07.849	8.6
11:21:07.861	8.3
11:21:07.873	8.3
11:21:07.881	4.8
11:21:07.894	6.1
11:21:07.906	5.9
11:21:07.918	7.8
11:21:07.926	9.3
11:21:07.939	11.9
11:21:07.951	11.3
11:21:07.959	11.3
11:21:07.972	10.3
11:21:07.984	10.8
11:21:07.992	10.8
11:21:08.004	10.6
11:21:08.017	10.3
11:21:08.025	9.9
11:21:08.037	9.3
11:21:08.049	6.6
11:21:08.057	6.5
11:21:08.070	5.8
11:21:08.082	6.2
11:21:08.094	6.0
11:21:08.103	5.5
11:21:08.115	4.9
11:21:08.127	5.1
11:21:08.135	5.3
11:21:08.148	4.4
11:21:08.160	5.5
11:21:08.172	5.4
11:21:08.180	5.3
11:21:08.193	4.8
11:21:08.205	3.6
11:21:08.213	2.0
11:21:08.225	2.1
11:21:08.238	0.6
11:21:08.246	-2.1
11:21:08.258	-2.5
11:21:08.270	-4.7
11:21:08.279	-5.9
11:21:08.291	-4.8
11:21:08.303	-4.2
11:21:08.312	-5.7
11:21:08.324	-5.6
11:21:08.336	-6.5
11:21:08.348	-6.4
11:21:08.356	-6.2
11:21:08.369	-4.9
11:21:08.381	-4.0
11:21:08.389	-4.9
11:21:08.402	-7.7
11:21:08.414	-8.7
11:21:08.422	-7.3
11:21:08.434	-5.2
11:21:08.446	-5.1
11:21:08.455	-5.3
11:21:08.467	-2.4
11:21:08.479	-5.0
11:21:08.492	-5.0
11:21:08.500	-3.8
11:21:08.512	-3.0
11:21:08.524	-4.1
11:21:08.532	-4.2
11:21:08.545	-5.4
11:21:08.557	-6.4
11:21:08.565	-3.7
11:21:08.578	-6.5
11:21:08.590	-7.5
11:21:08.602	-7.6
11:21:08.610	-9.8
11:21:08.623	-11.3
11:21:08.635	-10.7
11:21:08.647	-12.6
11:21:08.655	-14.3
11:21:08.668	-15.0
11:21:08.680	-20.0
11:21:08.688	-21.0
11:21:08.700	-20.9
11:21:08.713	-21.7
11:21:08.721	-20.7
11:21:08.733	-20.0
11:21:08.745	-21.2
11:21:08.754	-20.3
11:21:08.766	-18.4
11:21:08.778	-19.2
11:21:08.790	-17.4
11:21:08.799	-18.6
11:21:08.811	-17.9
11:21:08.823	-18.9
11:21:08.831	-18.8
11:21:08.844	-19.4
11:21:08.856	-20.0
11:21:08.864	-20.8
11:21:08.876	-23.3
11:21:08.889	-23.3
11:21:08.901	-26.1
11:21:08.909	-26.0
11:21:08.922	-27.2
11:21:08.934	-28.3
11:21:08.942	-30.0
11:21:08.954	-31.2
11:21:08.966	-29.6
11:21:08.975	-30.0
11:21:08.987	-28.7
11:21:08.999	-26.3
11:21:09.007	-26.6
11:21:09.020	-26.9
11:21:09.032	-27.1
11:21:09.040	-24.7
11:21:09.053	-23.0
11:21:09.065	-21.8
11:21:09.077	-22.7
11:21:09.085	-24.3
11:21:09.098	-25.1
11:21:09.110	-27.8
11:21:09.118	-24.8
11:21:09.131	-24.7
11:21:09.143	-23.1
11:21:09.155	-24.4
11:21:09.163	-24.2
11:21:09.176	-24.3
11:21:09.188	-22.9
11:21:09.196	-20.5
11:21:09.209	-20.0
11:21:09.221	-16.5
11:21:09.229	-16.8
11:21:09.241	-16.0
11:21:09.254	-16.4
11:21:09.262	-14.3
11:21:09.274	-15.6
11:21:09.286	-14.5
11:21:09.295	-14.7
11:21:09.307	-14.8
11:21:09.319	-14.6
11:21:09.331	-18.9
11:21:09.340	-18.3
11:21:09.352	-18.3
11:21:09.364	-17.6
11:21:09.373	-18.2
11:21:09.385	-14.2
11:21:09.397	-14.1
11:21:09.405	-11.1
11:21:09.418	-10.3
11:21:09.430	-8.3
11:21:09.442	-5.4
11:21:09.450	-3.7
11:21:09.463	-2.7
11:21:09.475	-1.6
11:21:09.483	-0.8
11:21:09.496	-3.4
11:21:09.508	-3.9
11:21:09.516	-7.1
11:21:09.528	-5.8
11:21:09.541	-6.6
11:21:09.549	-5.8
11:21:09.561	-7.2
11:21:09.573	-7.2
11:21:09.586	-7.1
11:21:09.594	-6.7
11:21:09.606	-5.5
11:21:09.618	-4.8
11:21:09.627	-4.2
11:21:09.639	-4.1
11:21:09.651	-4.2
11:21:09.659	-4.6
11:21:09.672	-3.6
11:21:09.684	-4.3
11:21:09.692	-5.5
11:21:09.704	-5.2
11:21:09.717	-6.5
11:21:09.725	-5.7
11:21:09.737	-5.6
11:21:09.749	-6.8
11:21:09.762	-5.8
11:21:09.770	-7.9
11:21:09.782	-10.2
11:21:09.794	-8.3
11:21:09.803	-7.7
11:21:09.815	-8.0
11:21:09.827	-6.9
11:21:09.840	-7.1
11:21:09.848	-8.7
11:21:09.860	-8.4
11:21:09.872	-9.7
11:21:09.881	-8.8
11:21:09.893	-8.0
11:21:09.905	-8.8
11:21:09.913	-8.2
11:21:09.925	-9.4
11:21:09.938	-10.5
11:21:09.946	-11.8
11:21:09.958	-11.1
11:21:09.971	-12.2
11:21:09.979	-14.1
11:21:09.991	-13.4
11:21:10.003	-12.6
11:21:10.016	-13.2
11:21:10.024	-14.3
11:21:10.036	-15.1
11:21:10.048	-11.9
11:21:10.057	-10.8
11:21:10.069	-9.6
11:21:10.081	-7.2
11:21:10.093	-5.3
11:21:10.102	-4.8
11:21:10.114	-5.1
11:21:10.126	-4.7
11:21:10.134	-4.9
11:21:10.147	-4.1
11:21:10.159	-6.7
11:21:10.167	-8.9
11:21:10.179	-10.1
11:21:10.192	-11.8
11:21:10.200	-12.4
11:21:10.212	-11.7
11:21:10.224	-10.6
11:21:10.233	-11.9
11:21:10.245	-11.3
11:21:10.257	-10.7
11:21:10.269	-12.1
11:21:10.278	-11.4
11:21:10.290	-11.2
11:21:10.302	-11.9
11:21:10.310	-13.2
11:21:10.323	-14.7
11:21:10.335	-17.0
11:21:10.343	-17.6
11:21:10.355	-19.5
11:21:10.368	-18.5
11:21:10.376	-17.3
11:21:10.388	-16.5
11:21:10.400	-16.5
11:21:10.413	-16.0
11:21:10.421	-13.5
11:21:10.433	-14.6
11:21:10.446	-14.0
11:21:10.454	-11.0
11:21:10.466	-10.6
11:21:10.479	-12.1
11:21:10.487	-11.6
11:21:10.499	-13.2
11:21:10.511	-13.5
11:21:10.524	-12.8
11:21:10.532	-12.1
11:21:10.544	-10.8
11:21:10.556	-10.7
11:21:10.565	-10.9
11:21:10.577	-9.4
11:21:10.589	-7.9
11:21:10.597	-7.7
11:21:10.609	-5.7
11:21:10.621	-5.2
11:21:10.629	-5.6
11:21:10.642	-5.9
11:21:10.654	-6.1
11:21:10.662	-2.5
11:21:10.674	-3.5
11:21:10.687	-2.6
11:21:10.699	-3.1
11:21:10.707	-2.8
11:21:10.719	-2.7
11:21:10.732	-2.0
11:21:10.740	-0.5
11:21:10.752	-0.5
11:21:10.764	1.3
11:21:10.777	-1.6
11:21:10.785	0.0
11:21:10.797	-0.3
11:21:10.810	0.0
11:21:10.819	0.1
11:21:10.830	-0.4
11:21:10.843	-0.4
11:21:10.856	-1.4
11:21:10.864	-2.2
11:21:10.876	-3.8
11:21:10.888	-2.7
11:21:10.896	-3.5
11:21:10.909	-3.3
11:21:10.921	-2.5
11:21:10.929	-3.0
11:21:10.941	-1.8
11:21:10.954	3.3
11:21:10.962	3.6
11:21:10.974	5.7
11:21:10.987	6.5
11:21:10.999	5.7
11:21:11.007	5.2
11:21:11.019	6.1
11:21:11.032	5.6
11:21:11.040	5.1
11:21:11.052	3.8
11:21:11.064	-0.8
11:21:11.077	-1.0
11:21:11.085	-0.7
11:21:11.097	0.4
11:21:11.110	-0.3
11:21:11.118	0.7
11:21:11.130	1.7
11:21:11.142	2.0
11:21:11.150	3.5
11:21:11.163	5.4
11:21:11.175	7.0
11:21:11.183	8.9
11:21:11.195	5.3
11:21:11.208	5.9
11:21:11.216	8.3
11:21:11.228	8.8
11:21:11.240	7.7
11:21:11.253	6.6
11:21:11.261	7.5
11:21:11.273	6.7
11:21:11.285	5.8
11:21:11.294	5.6
11:21:11.306	8.1
11:21:11.318	7.7
11:21:11.326	9.9
11:21:11.339	8.7
11:21:11.351	9.1
11:21:11.363	10.2
11:21:11.371	9.6
11:21:11.384	10.2
11:21:11.396	10.3
11:21:11.404	10.6
11:21:11.417	10.0
11:21:11.429	10.5
11:21:11.437	7.1
11:21:11.449	10.6
11:21:11.462	9.3
11:21:11.470	9.5
11:21:11.482	10.0
11:21:11.494	10.6
11:21:11.507	10.3
11:21:11.515	9.3
11:21:11.527	8.9
11:21:11.539	7.9
11:21:11.548	7.7
11:21:11.560	3.5
11:21:11.572	4.8
11:21:11.580	4.2
11:21:11.593	3.7
11:21:11.605	2.2
11:21:11.613	2.7
11:21:11.625	5.1
11:21:11.638	6.7
11:21:11.646	5.1
11:21:11.658	5.6
11:21:11.670	6.2
11:21:11.683	6.5
11:21:11.691	8.6
11:21:11.703	9.6
11:21:11.715	12.5
11:21:11.724	13.5
11:21:11.736	13.1
11:21:11.748	13.8
11:21:11.761	16.4
11:21:11.769	17.3
11:21:11.781	20.0
11:21:11.793	22.0
11:21:11.802	21.7
11:21:11.814	22.3
11:21:11.826	22.9
11:21:11.834	24.0
11:21:11.847	25.4
11:21:11.859	28.0
11:21:11.867	28.2
11:21:11.879	29.0
11:21:11.892	31.7
11:21:11.900	32.7
11:21:11.912	33.6
11:21:11.924	34.2
11:21:11.937	35.2
11:21:11.945	35.9
11:21:11.957	34.1
11:21:11.970	32.8
11:21:11.978	33.8
11:21:11.990	32.4
11:21:12.002	30.5
11:21:12.015	28.2
11:21:12.023	28.2
11:21:12.035	28.3
11:21:12.047	27.9
11:21:12.056	27.6
11:21:12.068	27.9
11:21:12.080	26.8
11:21:12.088	24.9
11:21:12.101	27.6
11:21:12.113	27.5
11:21:12.121	25.1
11:21:12.133	26.9
11:21:12.146	24.0
11:21:12.154	21.9
11:21:12.166	21.4
11:21:12.178	20.4
11:21:12.191	19.6
11:21:12.199	21.0
11:21:12.211	19.3
11:21:12.224	17.7
11:21:12.232	18.9
11:21:12.244	15.9
11:21:12.256	17.2
11:21:12.264	18.1
11:21:12.277	15.8
11:21:12.289	16.7
11:21:12.297	15.6
11:21:12.309	17.7
11:21:12.322	19.5
11:21:12.334	19.9
11:21:12.342	21.0
11:21:12.354	21.0
11:21:12.367	21.5
11:21:12.375	20.7
11:21:12.387	20.8
11:21:12.400	19.8
11:21:12.408	22.0
11:21:12.420	18.3
11:21:12.432	16.5
11:21:12.445	16.6
11:21:12.453	17.7
11:21:12.465	17.9
11:21:12.477	18.3
11:21:12.486	18.5
11:21:12.498	19.5
11:21:12.510	20.2
11:21:12.518	18.8
11:21:12.531	20.9
11:21:12.543	20.7
11:21:12.551	20.8
11:21:12.563	18.9
11:21:12.576	18.9
11:21:12.588	17.8
11:21:12.596	18.6
11:21:12.608	17.5
11:21:12.621	16.3
11:21:12.633	17.2
11:21:12.641	17.6
11:21:12.653	17.9
11:21:12.666	17.6
11:21:12.674	17.0
11:21:12.686	16.0
11:21:12.698	16.2
11:21:12.707	14.4
11:21:12.719	15.8
11:21:12.731	16.2
11:21:12.743	15.6
11:21:12.752	12.3
11:21:12.764	12.4
11:21:12.776	11.4
11:21:12.784	13.3
11:21:12.797	13.8
11:21:12.809	12.9
11:21:12.817	12.9
11:21:12.830	11.4
11:21:12.842	10.9
11:21:12.850	9.7
11:21:12.862	10.3
11:21:12.875	8.9
11:21:12.883	12.5
11:21:12.895	11.2
11:21:12.907	9.6
11:21:12.920	10.5
11:21:12.928	9.4
11:21:12.940	9.2
11:21:12.952	9.5
11:21:12.961	11.6
11:21:12.973	12.1
11:21:12.985	11.3
11:21:12.997	7.0
11:21:13.006	5.9
11:21:13.018	7.2
11:21:13.030	6.0
11:21:13.038	5.5
11:21:13.051	5.2
11:21:13.063	4.0
11:21:13.071	2.6
11:21:13.083	2.8
11:21:13.096	2.8
11:21:13.104	2.2
11:21:13.116	1.9
11:21:13.128	0.9
11:21:13.137	0.8
11:21:13.149	1.1
11:21:13.161	0.9
11:21:13.173	3.9
11:21:13.182	2.6
11:21:13.194	0.5
11:21:13.206	-0.3
11:21:13.214	0.6
11:21:13.227	-1.1
11:21:13.239	-2.0
11:21:13.247	-2.0
11:21:13.259	-3.0
11:21:13.272	-3.9
11:21:13.284	-6.4
11:21:13.292	-7.1
11:21:13.305	-7.1
11:21:13.317	-7.5
11:21:13.325	-8.6
11:21:13.337	-7.7
11:21:13.350	-6.7
11:21:13.358	-8.3
11:21:13.370	-6.5
11:21:13.382	-7.1
11:21:13.391	-8.5
11:21:13.403	-8.3
11:21:13.415	-7.5
11:21:13.427	-7.0
11:21:13.436	-7.3
11:21:13.448	-8.3
11:21:13.460	-10.7
11:21:13.468	-11.1
11:21:13.481	-12.5
11:21:13.493	-12.2
11:21:13.501	-12.6
11:21:13.513	-13.1
11:21:13.526	-13.2
11:21:13.534	-14.1
11:21:13.546	-12.0
11:21:13.558	-10.2
11:21:13.567	-8.2
11:21:13.579	-7.5
11:21:13.591	-7.0
11:21:13.603	-7.3
11:21:13.612	-7.6
11:21:13.624	-8.6
11:21:13.636	-9.8
11:21:13.644	-9.8
11:21:13.657	-12.7
11:21:13.669	-13.8
11:21:13.681	-15.0
11:21:13.689	-15.2
11:21:13.702	-16.9
11:21:13.714	-14.8
11:21:13.722	-14.5
11:21:13.734	-13.3
11:21:13.747	-16.3
11:21:13.755	-15.3
11:21:13.767	-15.7
11:21:13.779	-14.7
11:21:13.788	-16.1
11:21:13.800	-15.4
11:21:13.812	-15.4
11:21:13.820	-18.5
11:21:13.833	-18.5
11:21:13.845	-20.1
11:21:13.857	-17.8
11:21:13.866	-17.3
11:21:13.878	-14.8
11:21:13.890	-17.1
11:21:13.898	-17.2
11:21:13.911	-17.4
11:21:13.923	-16.0
11:21:13.935	-15.7
11:21:13.943	-14.6
11:21:13.956	-13.0
11:21:13.968	-12.3
11:21:13.976	-14.5
11:21:13.988	-15.6
11:21:14.001	-14.7
11:21:14.009	-11.3
11:21:14.021	-12.5
11:21:14.033	-12.9
11:21:14.042	-11.3
11:21:14.054	-10.9
11:21:14.066	-11.0
11:21:14.074	-9.4
11:21:14.087	-10.6
11:21:14.099	-8.9
11:21:14.111	-8.0
11:21:14.119	-9.2
11:21:14.132	-7.1
11:21:14.144	-6.2
11:21:14.152	-5.9
11:21:14.164	-5.7
11:21:14.177	-3.2
11:21:14.185	-4.6
11:21:14.197	-1.3
11:21:14.209	-2.2
11:21:14.218	-0.2
11:21:14.230	-0.3
11:21:14.242	1.9
11:21:14.255	3.6
11:21:14.263	3.7
11:21:14.275	3.8
11:21:14.287	4.4
11:21:14.295	5.8
11:21:14.308	6.3
11:21:14.320	7.7
11:21:14.328	7.0
11:21:14.340	8.4
11:21:14.353	5.5
11:21:14.365	3.7
11:21:14.373	5.4
11:21:14.386	6.3
11:21:14.398	5.9
11:21:14.406	6.5
11:21:14.418	7.1
11:21:14.431	7.2
11:21:14.439	7.4
11:21:14.451	7.7
11:21:14.463	10.0
11:21:14.472	12.6
11:21:14.484	11.9
11:21:14.496	11.7
11:21:14.504	13.0
11:21:14.517	14.0
11:21:14.529	13.4
11:21:14.541	13.6
11:21:14.549	15.0
11:21:14.562	14.9
11:21:14.574	13.1
11:21:14.586	11.8
11:21:14.594	12.9
11:21:14.607	13.7
11:21:14.619	13.5
11:21:14.627	13.8
11:21:14.639	15.8
11:21:14.652	15.5
11:21:14.664	16.3
11:21:14.672	15.9
11:21:14.684	17.8
11:21:14.697	18.8
11:21:14.705	19.1
11:21:14.717	17.9
11:21:14.730	18.0
11:21:14.738	17.5
11:21:14.750	18.8
11:21:14.762	19.1
11:21:14.771	17.3
11:21:14.783	18.0
11:21:14.795	17.1
11:21:14.803	17.9
11:21:14.816	18.5
11:21:14.828	19.4
11:21:14.840	17.4
11:21:14.848	17.8
11:21:14.861	15.6
11:21:14.873	15.1
11:21:14.881	15.6
11:21:14.894	16.4
11:21:14.906	17.6
11:21:14.918	16.4
11:21:14.926	17.1
11:21:14.939	16.1
11:21:14.951	18.5
11:21:14.959	18.4
11:21:14.971	21.9
11:21:14.984	22.6
11:21:14.992	22.4
11:21:15.004	21.9
11:21:15.016	21.3
11:21:15.025	22.0
11:21:15.037	20.4
11:21:15.049	22.4
11:21:15.058	21.3
11:21:15.070	19.8
11:21:15.082	16.5
11:21:15.094	16.9
11:21:15.102	16.5
11:21:15.115	17.8
11:21:15.127	17.6
11:21:15.135	17.9
11:21:15.147	18.3
11:21:15.160	16.7
11:21:15.168	16.9
11:21:15.180	18.2
11:21:15.192	17.4
11:21:15.205	17.1
11:21:15.213	17.3
11:21:15.225	20.1
11:21:15.237	20.1
11:21:15.246	20.6
11:21:15.258	20.5
11:21:15.270	21.0
11:21:15.278	21.7
11:21:15.291	23.5
11:21:15.303	24.9
11:21:15.311	24.7
11:21:15.324	25.2
11:21:15.336	22.9
11:21:15.348	26.1
11:21:15.356	24.9
11:21:15.369	24.8
11:21:15.381	24.8
11:21:15.389	25.7
11:21:15.402	23.2
11:21:15.414	21.5
11:21:15.422	21.4
11:21:15.434	19.4
11:21:15.447	16.9
11:21:15.455	13.8
11:21:15.467	14.1
11:21:15.480	12.8
11:21:15.488	11.8
11:21:15.500	8.7
11:21:15.512	8.4
11:21:15.525	9.9
11:21:15.533	8.6
11:21:15.545	11.3
11:21:15.557	11.5
11:21:15.566	10.3
11:21:15.578	11.4
11:21:15.590	11.7
11:21:15.602	12.3
11:21:15.611	13.3
11:21:15.623	15.0
11:21:15.635	14.5
11:21:15.643	14.5
11:21:15.656	14.3
11:21:15.668	14.3
11:21:15.676	17.0
11:21:15.688	13.6
11:21:15.701	14.1
11:21:15.709	14.8
11:21:15.721	16.1
11:21:15.734	15.5
11:21:15.742	16.3
11:21:15.754	17.0
11:21:15.766	16.1
11:21:15.778	16.5
11:21:15.787	15.0
11:21:15.799	17.2
11:21:15.811	17.3
11:21:15.819	15.4
11:21:15.832	13.7
11:21:15.844	13.2
11:21:15.856	13.0
11:21:15.864	13.4
11:21:15.877	14.4
11:21:15.889	15.4
11:21:15.897	15.5
11:21:15.909	14.8
11:21:15.922	15.6
11:21:15.930	17.6
11:21:15.942	18.7
11:21:15.955	18.7
11:21:15.963	18.3
11:21:15.975	16.5
11:21:15.987	14.4
11:21:15.996	14.4
11:21:16.008	15.2
11:21:16.020	14.6
11:21:16.032	13.7
11:21:16.041	13.0
11:21:16.053	11.5
11:21:16.065	10.9
11:21:16.073	10.6
11:21:16.086	11.8
11:21:16.098	12.0
11:21:16.106	12.7
11:21:16.118	12.2
11:21:16.131	12.0
11:21:16.139	11.0
11:21:16.151	11.5
11:21:16.163	11.6
11:21:16.176	11.0
11:21:16.184	11.4
11:21:16.196	10.4
11:21:16.208	8.7
11:21:16.217	6.6
11:21:16.229	3.9
11:21:16.241	4.8
11:21:16.249	5.0
11:21:16.262	3.1
11:21:16.274	3.0
11:21:16.286	3.9
11:21:16.294	2.7
11:21:16.307	2.3
11:21:16.319	3.8
11:21:16.327	4.0
11:21:16.339	4.5
11:21:16.352	3.3
11:21:16.360	2.0
11:21:16.372	3.2
11:21:16.384	1.4
11:21:16.393	1.0
11:21:16.405	1.4
11:21:16.417	1.5
11:21:16.425	-0.7
11:21:16.438	-1.2
11:21:16.450	-1.5
11:21:16.462	0.0
11:21:16.470	1.0
11:21:16.483	0.4
11:21:16.495	1.3
11:21:16.503	0.5
11:21:16.516	-1.9
11:21:16.528	-3.1
11:21:16.540	-1.8
11:21:16.548	-2.2
11:21:16.561	-2.9
11:21:16.573	-4.2
11:21:16.581	-5.3
11:21:16.593	-6.1
11:21:16.606	-5.1
11:21:16.614	-6.5
11:21:16.626	-3.9
11:21:16.638	-2.6
11:21:16.647	-1.0
11:21:16.659	-2.3
11:21:16.671	-1.7
11:21:16.679	-0.6
11:21:16.692	-0.9
11:21:16.704	-1.6
11:21:16.716	-4.0
11:21:16.724	-3.2
11:21:16.737	-6.6
11:21:16.749	-5.9
11:21:16.761	-4.9
11:21:16.769	-4.0
11:21:16.782	-3.5
11:21:16.794	-4.8
11:21:16.802	-4.9
11:21:16.814	-4.2
11:21:16.827	-4.4
11:21:16.839	-6.3
11:21:16.847	-7.3
11:21:16.860	-8.9
11:21:16.872	-13.2
11:21:16.880	-14.6
11:21:16.892	-16.5
11:21:16.904	-18.4
11:21:16.913	-19.7
11:21:16.925	-21.4
11:21:16.937	-21.7
11:21:16.946	-22.1
11:21:16.958	-21.0
11:21:16.970	-22.2
11:21:16.978	-22.7
11:21:16.991	-21.7
11:21:17.003	-19.3
11:21:17.015	-19.2
11:21:17.023	-19.2
11:21:17.036	-20.3
11:21:17.048	-19.1
11:21:17.056	-18.0
11:21:17.068	-17.8
11:21:17.081	-16.8
11:21:17.089	-14.7
11:21:17.101	-15.2
11:21:17.113	-18.5
11:21:17.126	-16.8
11:21:17.134	-16.9
11:21:17.146	-15.2
11:21:17.158	-16.3
11:21:17.167	-16.7
11:21:17.179	-17.1
11:21:17.191	-15.6
11:21:17.199	-15.8
11:21:17.212	-16.6
11:21:17.224	-14.3
11:21:17.232	-16.9
11:21:17.244	-14.6
11:21:17.257	-13.2
11:21:17.269	-9.1
11:21:17.277	-6.9
11:21:17.289	-6.2
11:21:17.302	-6.7
11:21:17.310	-5.3
11:21:17.322	-5.0
11:21:17.334	-3.7
11:21:17.343	1.7
11:21:17.355	1.5
11:21:17.367	1.5
11:21:17.375	-0.4
11:21:17.388	0.0
11:21:17.400	0.8
11:21:17.408	0.6
11:21:17.420	2.1
11:21:17.433	6.6
11:21:17.445	8.2
11:21:17.453	7.5
11:21:17.466	10.6
11:21:17.478	10.6
11:21:17.486	11.6
11:21:17.498	11.4
11:21:17.511	11.6
11:21:17.523	11.6
11:21:17.531	11.1
11:21:17.543	8.6
11:21:17.556	6.1
11:21:17.564	4.0
11:21:17.576	3.7
11:21:17.588	5.5
11:21:17.597	4.1
11:21:17.609	6.0
11:21:17.621	8.7
11:21:17.629	10.5
11:21:17.642	10.1
11:21:17.654	9.8
11:21:17.662	11.8
11:21:17.674	12.6
11:21:17.687	11.1
11:21:17.699	9.4
11:21:17.707	11.5
11:21:17.719	11.2
11:21:17.732	11.2
11:21:17.740	12.0
11:21:17.752	12.5
11:21:17.764	13.5
11:21:17.777	12.0
11:21:17.785	12.0
11:21:17.797	12.5
11:21:17.809	11.9
11:21:17.818	9.8
11:21:17.830	10.2
11:21:17.842	9.1
11:21:17.850	8.3
11:21:17.863	9.0
11:21:17.875	9.2
11:21:17.883	11.6
11:21:17.896	12.5
11:21:17.908	12.9
11:21:17.916	14.6
11:21:17.928	15.7
11:21:17.941	14.6
11:21:17.953	15.1
11:21:17.961	14.0
11:21:17.973	13.2
11:21:17.986	12.1
11:21:17.994	10.9
11:21:18.006	10.5
11:21:18.018	9.5
11:21:18.027	9.6
11:21:18.039	11.6
11:21:18.051	12.9
11:21:18.059	13.3
11:21:18.072	15.5
11:21:18.085	15.6
11:21:18.097	17.5
11:21:18.105	17.2
11:21:18.118	15.6
11:21:18.130	15.4
11:21:18.137	14.6
11:21:18.150	12.6
11:21:18.162	14.8
11:21:18.170	14.2
11:21:18.182	12.8
11:21:18.195	11.8
11:21:18.207	11.1
11:21:18.215	12.1
11:21:18.227	13.1
11:21:18.240	13.9
11:21:18.248	14.4
11:21:18.260	14.2
11:21:18.272	11.0
11:21:18.281	11.0
11:21:18.293	11.4
11:21:18.305	10.7
11:21:18.313	10.8
11:21:18.326	9.5
11:21:18.338	9.0
11:21:18.346	9.4
11:21:18.358	9.3
11:21:18.371	9.6
11:21:18.383	11.1
11:21:18.391	9.7
11:21:18.403	13.2
11:21:18.416	15.3
11:21:18.424	16.0
11:21:18.436	16.8
11:21:18.448	20.1
11:21:18.461	20.6
11:21:18.469	21.9
11:21:18.481	21.5
11:21:18.493	21.0
11:21:18.506	21.2
11:21:18.514	18.0
11:21:18.526	16.9
11:21:18.538	15.9
11:21:18.547	17.1
11:21:18.559	15.9
11:21:18.571	15.5
11:21:18.579	14.5
11:21:18.592	15.0
11:21:18.604	15.0
11:21:18.612	16.9
11:21:18.624	18.8
11:21:18.637	20.0
11:21:18.646	20.7
11:21:18.658	20.0
11:21:18.671	20.7
11:21:18.683	21.1
11:21:18.691	22.0
11:21:18.703	22.1
11:21:18.716	22.0
11:21:18.724	22.0
11:21:18.736	19.8
11:21:18.748	18.1
11:21:18.761	17.2
11:21:18.769	17.2
11:21:18.781	16.0
11:21:18.793	14.3
11:21:18.802	14.8
11:21:18.814	14.6
11:21:18.826	14.6
11:21:18.834	14.1
11:21:18.847	12.6
11:21:18.859	11.9
11:21:18.867	11.7
11:21:18.879	10.6
11:21:18.892	10.3
11:21:18.900	11.0
11:21:18.912	9.3
11:21:18.925	12.0
11:21:18.937	12.1
11:21:18.945	11.8
11:21:18.957	13.3
11:21:18.969	14.3
11:21:18.978	14.8
11:21:18.990	13.8
11:21:19.002	13.6
11:21:19.010	12.4
11:21:19.023	13.5
11:21:19.035	9.8
11:21:19.047	9.7
11:21:19.055	10.2
11:21:19.068	10.1
11:21:19.080	10.9
11:21:19.088	10.1
11:21:19.100	11.1
11:21:19.113	10.1
11:21:19.121	10.9
11:21:19.133	10.2
11:21:19.146	10.5
11:21:19.154	8.2
11:21:19.166	7.4
11:21:19.178	6.3
11:21:19.191	6.2
11:21:19.199	7.4
11:21:19.211	7.5
11:21:19.223	8.6
11:21:19.232	9.7
11:21:19.244	9.5
11:21:19.256	8.8
11:21:19.264	8.6
11:21:19.277	8.5
11:21:19.289	10.1
11:21:19.297	8.9
11:21:19.309	7.9
11:21:19.322	6.6
11:21:19.330	7.1
11:21:19.342	5.6
11:21:19.354	6.0
11:21:19.367	7.7
11:21:19.375	8.0
11:21:19.387	7.5
11:21:19.399	6.6
11:21:19.408	8.2
11:21:19.420	9.6
11:21:19.432	11.3
11:21:19.444	10.7
11:21:19.453	11.0
11:21:19.465	8.9
11:21:19.477	10.0
11:21:19.485	13.3
11:21:19.498	13.2
11:21:19.510	13.2
11:21:19.518	11.7
11:21:19.530	9.0
11:21:19.543	9.3
11:21:19.551	10.6
11:21:19.563	11.1
11:21:19.575	13.5
11:21:19.584	12.6
11:21:19.596	10.3
11:21:19.608	10.5
11:21:19.621	11.7
11:21:19.629	12.1
11:21:19.641	14.7
11:21:19.653	14.7
11:21:19.661	11.9
11:21:19.674	11.4
11:21:19.686	10.5
11:21:19.698	9.5
11:21:19.707	11.1
11:21:19.719	10.9
11:21:19.731	9.5
11:21:19.739	9.8
11:21:19.752	8.2
11:21:19.764	9.9
11:21:19.772	10.0
11:21:19.785	8.9
11:21:19.797	8.9
11:21:19.805	8.1
11:21:19.817	4.6
11:21:19.830	4.6
11:21:19.838	3.7
11:21:19.850	4.3
11:21:19.862	2.8
11:21:19.875	-0.8
11:21:19.883	-1.7
11:21:19.895	-3.6
11:21:19.908	-5.7
11:21:19.916	-4.2
11:21:19.928	-2.8
11:21:19.940	-2.6
11:21:19.948	-2.5
11:21:19.961	-5.1
11:21:19.973	-4.5
11:21:19.981	-4.0
11:21:19.993	-3.0
11:21:20.006	-2.5
11:21:20.018	-1.6
11:21:20.026	-4.0
11:21:20.038	-4.4
11:21:20.051	-4.2
11:21:20.059	-4.0
11:21:20.071	-4.4
11:21:20.083	-4.7
11:21:20.092	-5.6
11:21:20.103	-7.0
11:21:20.116	-7.0
11:21:20.128	-7.4
11:21:20.136	-7.4
11:21:20.148	-8.6
11:21:20.161	-10.2
11:21:20.169	-11.3
11:21:20.181	-8.9
11:21:20.193	-9.4
11:21:20.202	-10.2
11:21:20.214	-10.3
11:21:20.226	-9.7
11:21:20.234	-11.4
11:21:20.247	-11.4
11:21:20.259	-12.0
11:21:20.267	-12.9
11:21:20.279	-11.9
11:21:20.292	-16.0
11:21:20.304	-16.2
11:21:20.312	-15.9
11:21:20.325	-17.1
11:21:20.337	-17.4
11:21:20.345	-18.4
11:21:20.357	-20.1
11:21:20.370	-19.4
11:21:20.382	-18.4
11:21:20.390	-18.9
11:21:20.402	-18.6
11:21:20.415	-19.7
11:21:20.423	-18.0
11:21:20.435	-17.5
11:21:20.447	-16.4
11:21:20.456	-14.2
11:21:20.468	-13.9
11:21:20.480	-15.6
11:21:20.488	-17.2
11:21:20.501	-17.6
11:21:20.513	-16.1
11:21:20.525	-16.2
11:21:20.533	-18.0
11:21:20.546	-17.0
11:21:20.558	-19.4
11:21:20.566	-20.6
11:21:20.578	-22.4
11:21:20.591	-23.4
11:21:20.603	-23.3
11:21:20.611	-25.4
11:21:20.623	-27.9
11:21:20.636	-27.0
11:21:20.644	-28.9
11:21:20.656	-32.0
11:21:20.668	-31.9
11:21:20.681	-30.6
11:21:20.689	-28.5
11:21:20.701	-27.0
11:21:20.713	-27.0
11:21:20.722	-26.5
11:21:20.734	-26.5
11:21:20.746	-28.3
11:21:20.754	-29.3
11:21:20.767	-29.2
11:21:20.779	-29.2
11:21:20.787	-31.9
11:21:20.800	-33.6
11:21:20.812	-34.4
11:21:20.820	-34.7
11:21:20.832	-33.9
11:21:20.845	-30.5
11:21:20.857	-30.0
11:21:20.865	-25.4
11:21:20.877	-24.1
11:21:20.890	-23.6
11:21:20.898	-21.0
11:21:20.910	-20.1
11:21:20.922	-18.6
11:21:20.931	-18.0
11:21:20.943	-18.7
11:21:20.955	-20.6
11:21:20.967	-19.4
11:21:20.976	-20.5
11:21:20.988	-20.0
11:21:21.000	-20.0
11:21:21.008	-22.1
11:21:21.021	-20.7
11:21:21.033	-20.7
11:21:21.041	-19.8
11:21:21.053	-17.9
11:21:21.066	-18.5
11:21:21.074	-16.8
11:21:21.086	-19.0
11:21:21.098	-19.5
11:21:21.111	-16.4
11:21:21.119	-13.6
11:21:21.132	-13.7
11:21:21.144	-13.3
11:21:21.153	-14.4
11:21:21.165	-15.9
11:21:21.177	-14.1
11:21:21.185	-16.3
11:21:21.198	-14.9
11:21:21.210	-13.6
11:21:21.218	-18.1
11:21:21.230	-19.0
11:21:21.243	-15.2
11:21:21.251	-14.7
11:21:21.263	-12.5
11:21:21.276	-12.5
11:21:21.288	-11.6
11:21:21.296	-10.0
11:21:21.308	-6.4
11:21:21.321	-5.0
11:21:21.329	-1.1
11:21:21.341	0.2
11:21:21.353	-2.3
11:21:21.366	-2.5
11:21:21.374	-2.3
11:21:21.386	-2.3
11:21:21.398	-2.3
11:21:21.407	-1.0
11:21:21.419	-3.0
11:21:21.431	-2.6
11:21:21.439	-2.6
11:21:21.452	-1.0
11:21:21.464	0.1
11:21:21.472	2.0
11:21:21.484	1.8
11:21:21.497	3.9
11:21:21.505	4.6
11:21:21.517	5.0
11:21:21.529	5.0
11:21:21.542	4.7
11:21:21.550	2.7
11:21:21.562	1.9
11:21:21.575	-0.2
11:21:21.583	-1.0
11:21:21.595	-1.9
11:21:21.607	-4.0
11:21:21.619	-6.5
11:21:21.628	-9.1
11:21:21.640	-9.2
11:21:21.652	-11.3
11:21:21.660	-8.3
11:21:21.673	-10.9
11:21:21.685	-9.9
11:21:21.693	-10.9
11:21:21.705	-11.3
11:21:21.718	-10.0
11:21:21.726	-9.9
11:21:21.738	-7.9
11:21:21.751	-9.1
11:21:21.759	-8.3
11:21:21.771	-10.7
11:21:21.783	-8.4
11:21:21.796	-6.8
11:21:21.804	-8.2
11:21:21.816	-8.4
11:21:21.828	-6.8
11:21:21.837	-5.1
11:21:21.849	-7.7
11:21:21.861	-6.2
11:21:21.868	-5.6
11:21:21.881	-5.3
11:21:21.893	-6.1
11:21:21.901	-7.4
11:21:21.914	-5.5
11:21:21.926	-5.7
11:21:21.938	-8.5
11:21:21.946	-10.1
11:21:21.960	-10.1
11:21:21.972	-11.3
11:21:21.980	-11.7
11:21:21.992	-12.9
11:21:22.004	-12.8
11:21:22.012	-16.0
11:21:22.024	-15.6
11:21:22.037	-15.6
11:21:22.049	-12.7
11:21:22.057	-11.9
11:21:22.069	-12.2
11:21:22.082	-12.2
11:21:22.090	-11.3
11:21:22.102	-11.2
11:21:22.114	-11.5
11:21:22.123	-9.5
11:21:22.135	-10.5
11:21:22.147	-7.0
11:21:22.155	-8.4
11:21:22.168	-7.4
11:21:22.180	-5.8
11:21:22.188	-4.8
11:21:22.200	-4.9
11:21:22.213	-4.3
11:21:22.225	-6.0
11:21:22.233	-5.5
11:21:22.245	-6.3
11:21:22.258	-8.5
11:21:22.266	-8.7
11:21:22.278	-6.7
11:21:22.290	-6.0
11:21:22.303	-6.6
11:21:22.311	-6.3
11:21:22.323	-5.8
11:21:22.336	-3.3
11:21:22.344	-2.6
11:21:22.356	-1.0
11:21:22.368	-0.6
11:21:22.376	-0.2
11:21:22.389	-1.7
11:21:22.401	-1.0
11:21:22.409	-0.9
11:21:22.421	-1.8
11:21:22.434	-0.5
11:21:22.442	0.6
11:21:22.454	1.5
11:21:22.467	1.0
11:21:22.479	0.6
11:21:22.487	2.3
11:21:22.499	0.5
11:21:22.512	-1.8
11:21:22.520	-1.5
11:21:22.532	-1.3
11:21:22.544	-2.3
11:21:22.553	-5.4
11:21:22.565	-6.8
11:21:22.577	-9.1
11:21:22.589	-9.8
11:21:22.602	-10.9
11:21:22.610	-9.6
11:21:22.622	-8.9
11:21:22.630	-6.4
11:21:22.643	-4.0
11:21:22.656	-3.7
11:21:22.664	-0.9
11:21:22.676	-0.5
11:21:22.689	4.5
11:21:22.697	6.5
11:21:22.709	7.3
11:21:22.721	8.2
11:21:22.734	11.0
11:21:22.742	10.7
11:21:22.754	10.9
11:21:22.766	12.4
11:21:22.779	12.8
11:21:22.787	14.7
11:21:22.799	14.8
11:21:22.811	16.4
11:21:22.820	19.6
11:21:22.832	21.9
11:21:22.844	24.3
11:21:22.852	24.4
11:21:22.865	24.0
11:21:22.877	26.2
11:21:22.889	26.1
11:21:22.898	26.7
11:21:22.910	29.4
11:21:22.922	29.5
11:21:22.930	28.9
11:21:22.943	26.7
11:21:22.955	25.4
11:21:22.963	25.3
11:21:22.975	25.2
11:21:22.988	25.1
11:21:22.996	25.8
11:21:23.008	27.4
11:21:23.020	25.8
11:21:23.033	24.6
11:21:23.041	23.5
11:21:23.053	25.0
11:21:23.065	24.6
11:21:23.074	25.7
11:21:23.086	28.1
11:21:23.098	27.4
11:21:23.106	30.3
11:21:23.119	30.3
11:21:23.131	30.8
11:21:23.139	34.3
11:21:23.151	36.2
11:21:23.164	36.2
11:21:23.172	36.8
11:21:23.184	37.0
11:21:23.196	35.7
11:21:23.209	35.1
11:21:23.217	33.0
11:21:23.229	32.4
11:21:23.241	33.7
11:21:23.250	31.8
11:21:23.262	29.0
11:21:23.274	29.2
11:21:23.286	30.0
11:21:23.295	29.7
11:21:23.306	28.5
11:21:23.319	29.8
11:21:23.327	29.9
11:21:23.339	31.0
11:21:23.351	28.1
11:21:23.360	28.0
11:21:23.372	29.4
11:21:23.384	30.1
11:21:23.393	28.4
11:21:23.405	26.5
11:21:23.417	26.5
11:21:23.425	26.0
11:21:23.437	26.3
11:21:23.450	24.4
11:21:23.462	23.9
11:21:23.470	26.3
11:21:23.483	25.7
11:21:23.495	23.8
11:21:23.503	24.3
11:21:23.515	24.9
11:21:23.528	25.0
11:21:23.540	24.0
11:21:23.548	24.4
11:21:23.560	25.2
11:21:23.573	24.6
11:21:23.581	20.6
11:21:23.593	21.3
11:21:23.605	22.1
11:21:23.614	22.5
11:21:23.626	23.3
11:21:23.638	24.5
11:21:23.646	23.4
11:21:23.659	22.0
11:21:23.671	20.7
11:21:23.679	22.5
11:21:23.691	23.6
11:21:23.705	24.2
11:21:23.716	24.0
11:21:23.724	23.4
11:21:23.736	23.1
11:21:23.749	23.3
11:21:23.757	24.4
11:21:23.769	25.5
11:21:23.782	26.1
11:21:23.790	26.0
11:21:23.802	25.1
11:21:23.814	24.2
11:21:23.823	24.1
11:21:23.835	23.3
11:21:23.847	21.9
11:21:23.859	21.3
11:21:23.868	20.9
11:21:23.880	21.7
11:21:23.892	20.4
11:21:23.900	20.6
11:21:23.913	20.7
11:21:23.925	20.5
11:21:23.933	19.9
11:21:23.945	20.6
11:21:23.958	21.9
11:21:23.970	22.0
11:21:23.978	26.3
11:21:23.990	23.5
11:21:24.003	25.8
11:21:24.011	24.0
11:21:24.023	24.9
11:21:24.035	24.3
11:21:24.044	25.0
11:21:24.056	25.5
11:21:24.068	25.8
11:21:24.076	24.9
11:21:24.089	21.0
11:21:24.101	22.6
11:21:24.109	20.0
11:21:24.121	20.5
11:21:24.134	18.9
11:21:24.146	18.1
11:21:24.154	16.7
11:21:24.166	15.1
11:21:24.179	14.8
11:21:24.187	14.4
11:21:24.199	16.4
11:21:24.212	17.6
11:21:24.224	18.7
11:21:24.232	18.3
11:21:24.244	18.8
11:21:24.257	18.9
11:21:24.265	18.5
11:21:24.277	18.3
11:21:24.289	17.4
11:21:24.298	21.1
11:21:24.310	18.1
11:21:24.322	14.4
11:21:24.330	14.3
11:21:24.343	14.5
11:21:24.355	15.3
11:21:24.363	14.3
11:21:24.375	14.7
11:21:24.388	16.3
11:21:24.400	17.0
11:21:24.408	13.7
11:21:24.420	17.5
11:21:24.433	19.6
11:21:24.441	18.6
11:21:24.453	17.8
11:21:24.465	16.5
11:21:24.474	18.5
11:21:24.486	16.8
11:21:24.498	15.0
11:21:24.510	15.3
11:21:24.523	17.1
11:21:24.531	13.9
11:21:24.543	12.1
11:21:24.555	13.6
11:21:24.564	14.2
11:21:24.576	14.1
11:21:24.588	11.6
11:21:24.596	12.6
11:21:24.609	13.4
11:21:24.621	11.0
11:21:24.630	7.9
11:21:24.642	6.9
11:21:24.654	8.2
11:21:24.663	7.5
11:21:24.675	6.9
11:21:24.687	7.0
11:21:24.695	7.4
11:21:24.708	8.8
11:21:24.720	8.7
11:21:24.732	10.0
11:21:24.740	9.5
11:21:24.753	11.1
11:21:24.765	9.6
11:21:24.773	7.3
11:21:24.785	8.0
11:21:24.798	6.9
11:21:24.810	5.6
11:21:24.818	3.4
11:21:24.830	2.1
11:21:24.843	2.6
11:21:24.851	3.4
11:21:24.863	1.5
11:21:24.875	2.5
11:21:24.884	6.0
11:21:24.896	6.3
11:21:24.908	7.3
11:21:24.916	10.3
11:21:24.929	13.0
11:21:24.941	14.2
11:21:24.953	14.0
11:21:24.961	14.5
11:21:24.974	15.0
11:21:24.986	13.8
11:21:24.994	11.3
11:21:25.006	10.7
11:21:25.019	13.0
11:21:25.027	11.8
11:21:25.039	10.3
11:21:25.051	11.1
11:21:25.060	11.1
11:21:25.072	9.8
11:21:25.084	7.9
11:21:25.092	8.1
11:21:25.105	9.0
11:21:25.117	9.4
11:21:25.129	6.5
11:21:25.138	7.9
11:21:25.150	9.1
11:21:25.162	7.0
11:21:25.170	5.6
11:21:25.183	6.7
11:21:25.195	7.5
11:21:25.207	7.4
11:21:25.215	6.6
11:21:25.228	4.8
11:21:25.240	5.2
11:21:25.248	2.8
11:21:25.260	1.5
11:21:25.273	2.3
11:21:25.281	2.9
11:21:25.293	2.6
11:21:25.305	3.0
11:21:25.314	3.8
11:21:25.326	2.6
11:21:25.338	2.4
11:21:25.346	2.8
11:21:25.359	3.9
11:21:25.371	3.0
11:21:25.383	2.7
11:21:25.391	0.4
11:21:25.404	-0.2
11:21:25.416	-0.9
11:21:25.424	-4.1
11:21:25.436	-4.0
11:21:25.449	-5.2
11:21:25.461	-5.8
11:21:25.469	-7.5
11:21:25.482	-8.4
11:21:25.494	-8.7
11:21:25.502	-7.8
11:21:25.514	-8.5
11:21:25.527	-9.1
11:21:25.535	-7.0
11:21:25.547	-7.6
11:21:25.559	-4.3
11:21:25.568	-5.3
11:21:25.580	-5.7
11:21:25.592	-5.5
11:21:25.600	-5.8
11:21:25.613	-7.3
11:21:25.625	-8.2
11:21:25.637	-9.0
11:21:25.645	-8.2
11:21:25.658	-8.0
11:21:25.670	-10.6
11:21:25.678	-10.4
11:21:25.690	-10.6
11:21:25.703	-11.2
11:21:25.711	-13.1
11:21:25.723	-13.2
11:21:25.735	-13.0
11:21:25.744	-11.7
11:21:25.756	-14.0
11:21:25.768	-15.4
11:21:25.780	-15.5
11:21:25.789	-16.8
11:21:25.801	-15.9
11:21:25.813	-15.4
11:21:25.821	-14.9
11:21:25.834	-13.2
11:21:25.846	-11.6
11:21:25.854	-11.8
11:21:25.866	-10.7
11:21:25.879	-8.6
11:21:25.891	-8.0
11:21:25.899	-5.0
11:21:25.912	-4.9
11:21:25.924	-5.1
11:21:25.932	-3.3
11:21:25.944	-3.6
11:21:25.957	-4.1
11:21:25.965	-3.8
11:21:25.977	-2.4
11:21:25.989	-2.7
11:21:25.997	-1.9
11:21:26.010	-3.4
11:21:26.022	-0.3
11:21:26.030	0.0
11:21:26.043	-0.1
11:21:26.055	1.5
11:21:26.067	3.3
11:21:26.076	2.8
11:21:26.088	1.2
11:21:26.100	2.4
11:21:26.108	2.4
11:21:26.120	1.5
11:21:26.133	-1.2
11:21:26.145	0.4
11:21:26.153	0.7
11:21:26.166	3.1
11:21:26.178	2.1
11:21:26.186	3.6
11:21:26.198	5.5
11:21:26.211	4.8
11:21:26.219	4.2
11:21:26.231	6.0
11:21:26.243	6.9
11:21:26.251	7.6
11:21:26.264	8.3
11:21:26.276	6.9
11:21:26.284	6.0
11:21:26.297	6.4
11:21:26.309	6.5
11:21:26.321	10.1
11:21:26.329	9.9
11:21:26.342	9.0
11:21:26.354	8.3
11:21:26.362	8.0
11:21:26.374	7.9
11:21:26.387	7.3
11:21:26.395	8.9
11:21:26.407	9.0
11:21:26.419	9.3
11:21:26.432	7.2
11:21:26.440	7.0
11:21:26.452	7.6
11:21:26.464	6.6
11:21:26.473	7.4
11:21:26.485	10.7
11:21:26.497	11.3
11:21:26.509	11.7
11:21:26.518	13.6
11:21:26.530	13.0
11:21:26.542	11.8
11:21:26.550	13.8
11:21:26.563	14.8
11:21:26.575	19.2
11:21:26.583	18.2
11:21:26.595	16.1
11:21:26.608	15.3
11:21:26.620	15.1
11:21:26.628	13.5
11:21:26.641	15.7
11:21:26.653	18.4
11:21:26.661	18.1
11:21:26.673	16.3
11:21:26.685	14.1
11:21:26.694	15.0
11:21:26.706	12.8
11:21:26.718	14.5
11:21:26.731	13.5
11:21:26.739	14.4
11:21:26.751	13.4
11:21:26.763	11.6
11:21:26.772	12.2
11:21:26.784	14.7
11:21:26.796	14.6
11:21:26.804	15.9
11:21:26.817	18.9
11:21:26.829	18.7
11:21:26.837	20.1
11:21:26.849	19.0
11:21:26.862	19.8
11:21:26.874	21.2
11:21:26.882	22.0
11:21:26.894	21.1
11:21:26.907	21.9
11:21:26.915	22.3
11:21:26.927	21.3
11:21:26.939	21.7
11:21:26.948	22.3
11:21:26.960	22.9
11:21:26.972	22.2
11:21:26.980	20.8
11:21:26.993	19.4
11:21:27.005	20.1
11:21:27.013	18.8
11:21:27.025	18.6
11:21:27.038	18.7
11:21:27.050	17.5
11:21:27.058	17.0
11:21:27.070	15.6
11:21:27.083	14.8
11:21:27.091	14.1
11:21:27.103	14.4
11:21:27.115	14.8
11:21:27.128	17.7
11:21:27.136	19.8
11:21:27.148	19.7
11:21:27.160	21.9
11:21:27.169	22.5
11:21:27.181	22.7
11:21:27.193	23.1
11:21:27.201	25.5
11:21:27.214	26.6
11:21:27.226	25.5
11:21:27.234	23.6
11:21:27.247	19.4
11:21:27.259	19.5
11:21:27.267	16.8
11:21:27.279	17.8
11:21:27.292	18.6
11:21:27.304	17.4
11:21:27.312	14.7
11:21:27.325	16.1
11:21:27.337	15.7
11:21:27.345	16.1
11:21:27.357	16.5
11:21:27.369	16.6
11:21:27.382	17.4
11:21:27.390	16.9
11:21:27.402	17.0
11:21:27.415	17.0
11:21:27.423	17.3
11:21:27.435	14.0
11:21:27.447	14.4
11:21:27.456	14.5
11:21:27.468	15.3
11:21:27.480	13.1
11:21:27.488	12.7
11:21:27.501	10.7
11:21:27.513	10.2
11:21:27.521	11.4
11:21:27.533	11.5
11:21:27.546	11.7
11:21:27.558	10.0
11:21:27.566	9.2
11:21:27.578	10.3
11:21:27.591	11.4
11:21:27.599	9.9
11:21:27.611	9.6
11:21:27.623	9.4
11:21:27.632	10.1
11:21:27.644	9.9
11:21:27.656	11.5
11:21:27.664	12.6
11:21:27.677	13.1
11:21:27.689	10.1
11:21:27.702	11.8
11:21:27.710	12.2
11:21:27.722	12.7
11:21:27.734	12.0
11:21:27.743	10.8
11:21:27.755	12.0
11:21:27.767	11.6
11:21:27.775	12.1
11:21:27.788	11.0
11:21:27.800	11.2
11:21:27.812	9.7
11:21:27.820	11.0
11:21:27.833	10.5
11:21:27.845	13.3
11:21:27.853	12.2
11:21:27.865	11.5
11:21:27.878	10.9
11:21:27.886	10.2
11:21:27.898	9.9
11:21:27.910	9.3
11:21:27.919	7.4
11:21:27.931	5.9
11:21:27.943	4.5
11:21:27.951	1.9
11:21:27.964	1.9
11:21:27.976	1.8
11:21:27.988	2.7
11:21:27.997	5.1
11:21:28.009	4.9
11:21:28.021	5.3
11:21:28.029	6.4
11:21:28.042	9.0
11:21:28.054	10.3
11:21:28.066	10.7
11:21:28.074	11.9
11:21:28.087	11.0
11:21:28.099	10.2
11:21:28.107	7.4
11:21:28.119	7.0
11:21:28.132	7.1
11:21:28.140	6.7
11:21:28.152	3.2
11:21:28.164	5.5
11:21:28.173	5.1
11:21:28.185	5.0
11:21:28.197	4.8
11:21:28.205	4.1
11:21:28.218	4.3
11:21:28.230	5.1
11:21:28.242	5.9
11:21:28.250	6.5
11:21:28.263	8.4
11:21:28.275	5.5
11:21:28.283	6.5
11:21:28.295	7.0
11:21:28.308	7.0
11:21:28.316	7.2
11:21:28.328	7.0
11:21:28.341	6.8
11:21:28.353	6.9
11:21:28.361	6.7
11:21:28.373	5.1
11:21:28.385	5.5
11:21:28.394	5.4
11:21:28.406	5.1
11:21:28.418	6.0
11:21:28.426	6.8
11:21:28.439	5.9
11:21:28.451	7.2
11:21:28.459	5.5
11:21:28.471	5.5
11:21:28.484	5.7
11:21:28.496	7.0
11:21:28.504	6.5
11:21:28.517	4.1
11:21:28.529	2.3
11:21:28.537	0.6
11:21:28.549	3.5
11:21:28.562	0.5
11:21:28.570	1.1
11:21:28.582	0.2
11:21:28.594	0.4
11:21:28.603	-0.1
11:21:28.615	0.2
11:21:28.627	1.0
11:21:28.639	2.2
11:21:28.648	2.7
11:21:28.660	1.3
11:21:28.672	3.3
11:21:28.680	4.0
11:21:28.693	5.0
11:21:28.705	4.9
11:21:28.717	3.4
11:21:28.725	2.3
11:21:28.738	6.0
11:21:28.750	6.0
11:21:28.758	6.3
11:21:28.770	5.7
11:21:28.783	4.9
11:21:28.795	4.5
11:21:28.803	4.6
11:21:28.815	4.4
11:21:28.828	5.6
11:21:28.836	5.9
11:21:28.848	3.4
11:21:28.860	4.8
11:21:28.869	4.0
11:21:28.881	4.8
11:21:28.893	5.5
11:21:28.901	6.1
11:21:28.914	6.7
11:21:28.926	9.0
11:21:28.934	9.0
11:21:28.946	10.7
11:21:28.959	10.8
11:21:28.971	8.0
11:21:28.979	9.2
11:21:28.991	9.3
11:21:29.004	8.1
11:21:29.012	7.5
11:21:29.024	5.9
11:21:29.037	4.5
11:21:29.049	3.5
11:21:29.057	3.1
11:21:29.069	1.7
11:21:29.082	4.2
11:21:29.090	4.0
11:21:29.102	4.0
11:21:29.114	3.7
11:21:29.123	3.9
11:21:29.135	3.4
11:21:29.147	2.5
11:21:29.155	2.8
11:21:29.168	1.6
11:21:29.180	1.5
11:21:29.188	-1.8
11:21:29.200	-2.8
11:21:29.213	-5.6
11:21:29.225	-5.8
11:21:29.233	-8.0
11:21:29.245	-7.6
11:21:29.258	-7.3
11:21:29.266	-7.8
11:21:29.278	-9.2
11:21:29.290	-10.6
11:21:29.303	-9.4
11:21:29.311	-10.2
11:21:29.323	-8.7
11:21:29.335	-8.4
11:21:29.344	-7.3
11:21:29.356	-6.8
11:21:29.368	-7.1
11:21:29.376	-7.9
11:21:29.389	-8.2
11:21:29.401	-6.9
11:21:29.409	-6.8
11:21:29.422	-6.6
11:21:29.434	-7.9
11:21:29.442	-7.8
11:21:29.454	-7.2
11:21:29.467	-8.2
11:21:29.479	-7.1
11:21:29.487	-9.3
11:21:29.499	-8.1
11:21:29.512	-9.2
11:21:29.520	-8.2
11:21:29.532	-9.1
11:21:29.544	-9.2
11:21:29.553	-8.6
11:21:29.565	-9.2
11:21:29.577	-10.9
11:21:29.585	-12.6
11:21:29.598	-11.9
11:21:29.610	-11.7
11:21:29.622	-12.6
11:21:29.630	-16.2
11:21:29.643	-16.0
11:21:29.655	-17.9
11:21:29.663	-20.2
11:21:29.675	-21.9
11:21:29.688	-22.6
11:21:29.696	-25.6
11:21:29.708	-26.7
11:21:29.721	-31.0
11:21:29.733	-32.9
11:21:29.741	-31.9
11:21:29.753	-36.8
11:21:29.766	-36.8
11:21:29.774	-38.0
11:21:29.786	-41.1
11:21:29.798	-42.2
11:21:29.806	-43.9
11:21:29.819	-44.7
11:21:29.831	-44.2
11:21:29.839	-44.0
11:21:29.852	-44.8
11:21:29.864	-42.5
11:21:29.872	-43.1
11:21:29.884	-42.8
11:21:29.897	-41.8
11:21:29.909	-41.5
11:21:29.917	-39.2
11:21:29.929	-37.8
11:21:29.942	-35.7
11:21:29.950	-34.2
11:21:29.963	-35.3
11:21:29.975	-34.0
11:21:29.988	-32.9
11:21:29.996	-30.6
11:21:30.008	-28.0
11:21:30.020	-25.5
11:21:30.029	-23.4
11:21:30.041	-22.5
11:21:30.053	-23.5
11:21:30.061	-23.6
11:21:30.074	-21.9
11:21:30.086	-21.8
11:21:30.094	-20.3
11:21:30.106	-22.1
11:21:30.119	-21.3
11:21:30.127	-20.9
11:21:30.139	-20.2
11:21:30.151	-20.2
11:21:30.164	-19.5
11:21:30.172	-18.6
11:21:30.184	-17.5
11:21:30.196	-16.0
11:21:30.205	-16.4
11:21:30.217	-14.2
11:21:30.229	-15.0
11:21:30.237	-13.6
11:21:30.250	-15.5
11:21:30.262	-15.9
11:21:30.274	-15.7
11:21:30.282	-14.8
11:21:30.295	-15.0
11:21:30.307	-14.1
11:21:30.315	-13.6
11:21:30.327	-14.8
11:21:30.340	-14.5
11:21:30.348	-15.8
11:21:30.360	-14.4
11:21:30.373	-11.5
11:21:30.381	-11.3
11:21:30.393	-11.2
11:21:30.405	-8.6
11:21:30.418	-7.5
11:21:30.426	-7.2
11:21:30.438	-5.7
11:21:30.450	-4.5
11:21:30.458	-2.7
11:21:30.471	-0.2
11:21:30.483	0.2
11:21:30.491	3.1
11:21:30.504	6.3
11:21:30.516	6.0
11:21:30.524	5.9
11:21:30.536	6.7
11:21:30.548	5.9
11:21:30.560	6.9
11:21:30.569	6.8
11:21:30.581	6.1
11:21:30.593	5.5
11:21:30.601	6.1
11:21:30.613	5.2
11:21:30.626	5.2
11:21:30.634	5.1
11:21:30.646	7.2
11:21:30.659	8.9
11:21:30.671	8.1
11:21:30.679	7.3
11:21:30.691	8.6
11:21:30.704	10.2
11:21:30.716	10.9
11:21:30.724	11.2
11:21:30.736	12.1
11:21:30.749	12.8
11:21:30.757	14.3
11:21:30.769	14.5
11:21:30.781	17.4
11:21:30.790	19.8
11:21:30.802	19.4
11:21:30.814	20.8
11:21:30.822	18.3
11:21:30.835	18.8
11:21:30.847	18.8
11:21:30.855	19.1
11:21:30.867	17.2
11:21:30.880	18.2
11:21:30.892	16.9
11:21:30.900	17.3
11:21:30.912	16.8
11:21:30.925	15.3
11:21:30.933	17.1
11:21:30.945	17.3
11:21:30.957	19.2
11:21:30.970	19.7
11:21:30.978	22.1
11:21:30.990	21.1
11:21:31.003	21.0
11:21:31.011	20.6
11:21:31.023	20.3
11:21:31.035	21.8
11:21:31.043	21.2
11:21:31.056	20.7
11:21:31.068	19.8
11:21:31.076	19.4
11:21:31.089	17.4
11:21:31.101	17.1
11:21:31.109	17.9
11:21:31.121	18.1
11:21:31.134	19.1
11:21:31.146	18.2
11:21:31.154	19.3
11:21:31.166	19.8
11:21:31.179	19.5
11:21:31.187	18.9
11:21:31.199	19.5
11:21:31.211	21.3
11:21:31.224	21.5
11:21:31.232	23.7
11:21:31.244	23.7
11:21:31.256	22.1
11:21:31.265	20.5
11:21:31.277	19.2
11:21:31.289	18.9
11:21:31.297	18.5
11:21:31.310	18.3
11:21:31.322	20.0
11:21:31.330	19.0
11:21:31.343	16.2
11:21:31.355	17.2
11:21:31.364	18.7
11:21:31.375	19.1
11:21:31.388	18.0
11:21:31.401	17.8
11:21:31.409	18.8
11:21:31.421	20.4
11:21:31.433	17.8
11:21:31.441	17.7
11:21:31.453	15.9
11:21:31.465	12.5
11:21:31.474	11.4
11:21:31.486	11.6
11:21:31.498	12.7
11:21:31.506	12.2
11:21:31.519	12.8
11:21:31.531	9.0
11:21:31.543	8.5
11:21:31.551	10.0
11:21:31.564	12.0
11:21:31.576	14.7
11:21:31.584	15.5
11:21:31.596	18.1
11:21:31.609	17.9
11:21:31.617	16.8
11:21:31.629	14.9
11:21:31.642	16.5
11:21:31.654	17.7
11:21:31.662	14.9
11:21:31.674	14.3
11:21:31.686	13.0
11:21:31.695	14.1
11:21:31.707	12.4
11:21:31.719	12.2
11:21:31.727	14.7
11:21:31.740	16.9
11:21:31.752	15.5
11:21:31.760	13.9
11:21:31.773	14.5
11:21:31.786	14.7
11:21:31.794	15.4
11:21:31.806	15.0
11:21:31.819	13.5
11:21:31.831	14.1
11:21:31.839	12.5
11:21:31.851	11.1
11:21:31.864	11.3
11:21:31.872	12.1
11:21:31.884	13.5
11:21:31.896	13.5
11:21:31.909	12.7
11:21:31.917	14.3
11:21:31.929	13.3
11:21:31.941	13.6
11:21:31.950	13.5
11:21:31.962	13.0
11:21:31.974	13.7
11:21:31.982	13.2
11:21:31.995	12.1
11:21:32.007	11.9
11:21:32.015	13.1
11:21:32.027	10.4
11:21:32.040	12.3
11:21:32.048	10.7
11:21:32.060	11.1
11:21:32.072	12.0
11:21:32.085	11.8
11:21:32.093	10.8
11:21:32.105	10.4
11:21:32.117	8.6
11:21:32.126	6.6
11:21:32.138	8.3
11:21:32.150	7.8
11:21:32.158	9.0
11:21:32.171	8.1
11:21:32.183	6.5
11:21:32.195	7.1
11:21:32.203	6.8
11:21:32.216	8.3
11:21:32.228	12.4
11:21:32.236	13.0
11:21:32.248	10.4
11:21:32.261	9.3
11:21:32.269	8.8
11:21:32.282	9.2
11:21:32.293	11.0
11:21:32.302	9.1
11:21:32.314	9.0
11:21:32.326	5.9
11:21:32.339	4.4
11:21:32.347	5.6
11:21:32.359	5.3
11:21:32.371	5.3
11:21:32.379	4.6
11:21:32.392	3.9
11:21:32.404	2.3
11:21:32.412	4.6
11:21:32.424	4.9
11:21:32.437	6.7
11:21:32.445	4.3
11:21:32.457	1.8
11:21:32.470	1.3
11:21:32.482	1.6
11:21:32.490	1.4
11:21:32.502	0.8
11:21:32.514	1.0
11:21:32.522	-1.0
11:21:32.534	-1.7
11:21:32.547	-4.2
11:21:32.555	-4.5
11:21:32.568	-3.2
11:21:32.580	-3.1
11:21:32.592	-4.5
11:21:32.600	-5.8
11:21:32.613	-6.9
11:21:32.625	-8.1
11:21:32.637	-8.1
11:21:32.645	-9.0
11:21:32.658	-6.7
11:21:32.670	-6.0
11:21:32.678	-6.8
11:21:32.690	-6.5
11:21:32.703	-7.3
11:21:32.711	-8.7
11:21:32.723	-9.2
11:21:32.735	-9.5
11:21:32.744	-10.2
11:21:32.756	-9.3
11:21:32.768	-10.9
11:21:32.776	-13.7
11:21:32.789	-14.3
11:21:32.801	-15.4
11:21:32.813	-15.3
11:21:32.821	-13.8
11:21:32.834	-13.7
11:21:32.846	-13.1
11:21:32.854	-14.4
11:21:32.867	-16.0
11:21:32.879	-14.3
11:21:32.891	-12.8
11:21:32.899	-14.4
11:21:32.912	-13.6
11:21:32.924	-13.5
11:21:32.932	-13.6
11:21:32.944	-12.5
11:21:32.957	-14.4
11:21:32.965	-13.9
11:21:32.977	-12.2
11:21:32.989	-13.6
11:21:32.998	-15.0
11:21:33.010	-13.8
11:21:33.022	-15.5
11:21:33.030	-14.0
11:21:33.043	-13.7
11:21:33.055	-13.6
11:21:33.067	-13.9
11:21:33.076	-15.1
11:21:33.088	-16.3
11:21:33.100	-18.8
11:21:33.108	-19.7
11:21:33.121	-20.7
11:21:33.133	-20.7
11:21:33.145	-21.7
11:21:33.153	-21.6
11:21:33.166	-22.6
11:21:33.178	-19.0
11:21:33.186	-17.6
11:21:33.198	-14.3
11:21:33.211	-12.5
11:21:33.219	-10.7
11:21:33.231	-9.6
11:21:33.243	-9.4
11:21:33.252	-9.6
11:21:33.264	-10.1
11:21:33.276	-8.1
11:21:33.284	-10.2
11:21:33.297	-6.8
11:21:33.309	-9.4
11:21:33.321	-10.6
11:21:33.329	-9.5
11:21:33.342	-9.0
11:21:33.354	-7.5
11:21:33.362	-5.1
11:21:33.374	-2.9
11:21:33.387	-3.7
11:21:33.395	-1.3
11:21:33.407	-3.2
11:21:33.419	-1.1
11:21:33.428	0.8
11:21:33.440	0.8
11:21:33.452	0.4
11:21:33.465	1.7
11:21:33.473	1.4
11:21:33.485	0.8
11:21:33.497	0.3
11:21:33.505	-0.7
11:21:33.518	-1.0
11:21:33.530	-2.2
11:21:33.538	-0.6
11:21:33.551	-0.6
11:21:33.563	1.0
11:21:33.575	-1.3
11:21:33.583	-1.4
11:21:33.596	-1.9
11:21:33.608	-1.1
11:21:33.616	2.1
11:21:33.628	3.5
11:21:33.641	5.8
11:21:33.649	4.0
11:21:33.661	4.6
11:21:33.674	3.4
11:21:33.682	5.3
11:21:33.694	5.9
11:21:33.707	6.8
11:21:33.715	7.7
11:21:33.727	5.1
11:21:33.739	4.9
11:21:33.752	3.6
11:21:33.760	5.8
11:21:33.772	8.1
11:21:33.785	11.0
11:21:33.793	12.8
11:21:33.805	12.8
11:21:33.817	12.4
11:21:33.829	12.0
11:21:33.838	13.3
11:21:33.850	14.9
11:21:33.862	15.8
11:21:33.870	16.2
11:21:33.883	16.6
11:21:33.895	16.4
11:21:33.903	15.3
11:21:33.915	15.2
11:21:33.928	15.0
11:21:33.936	15.8
11:21:33.948	13.6
11:21:33.961	12.4
11:21:33.969	13.1
11:21:33.981	12.7
11:21:33.993	13.8
11:21:34.005	12.6
11:21:34.014	12.0
11:21:34.026	12.1
11:21:34.038	12.7
11:21:34.046	12.8
11:21:34.059	13.9
11:21:34.071	16.5
11:21:34.079	15.1
11:21:34.091	15.7
11:21:34.104	12.6
11:21:34.116	13.9
11:21:34.124	14.4
11:21:34.136	15.1
11:21:34.149	16.1
11:21:34.157	16.9
11:21:34.169	17.7
11:21:34.182	15.8
11:21:34.190	15.4
11:21:34.202	15.0
11:21:34.214	17.1
11:21:34.222	15.5
11:21:34.235	14.8
11:21:34.247	14.4
11:21:34.259	14.3
11:21:34.267	14.9
11:21:34.280	13.4
11:21:34.292	13.2
11:21:34.300	13.8
11:21:34.313	15.0
11:21:34.325	12.3
11:21:34.333	14.1
11:21:34.345	16.2
11:21:34.358	15.9
11:21:34.366	16.8
11:21:34.378	15.7
11:21:34.390	17.6
11:21:34.403	17.6
11:21:34.415	19.0
11:21:34.423	18.6
11:21:34.435	19.5
11:21:34.448	21.6
11:21:34.456	21.5
11:21:34.468	22.5
11:21:34.480	21.4
11:21:34.488	21.2
11:21:34.500	19.8
11:21:34.513	19.0
11:21:34.521	19.9
11:21:34.533	19.6
11:21:34.545	20.3
11:21:34.558	16.4
11:21:34.566	14.2
11:21:34.578	13.4
11:21:34.590	13.0
11:21:34.599	13.2
11:21:34.611	15.1
11:21:34.623	15.2
11:21:34.631	14.5
11:21:34.644	15.3
11:21:34.656	15.5
11:21:34.664	15.9
11:21:34.676	15.5
11:21:34.689	14.6
11:21:34.697	15.3
11:21:34.709	14.5
11:21:34.721	13.0
11:21:34.735	14.1
11:21:34.743	14.4
11:21:34.755	13.5
11:21:34.768	12.1
11:21:34.776	12.8
11:21:34.788	14.0
11:21:34.800	17.0
11:21:34.813	17.2
11:21:34.821	17.6
11:21:34.833	18.4
11:21:34.845	18.5
11:21:34.854	16.2
11:21:34.866	14.5
11:21:34.878	14.7
11:21:34.886	14.5
11:21:34.899	14.5
11:21:34.911	12.5
11:21:34.919	11.4
11:21:34.931	12.7
11:21:34.944	12.8
11:21:34.952	11.4
11:21:34.964	12.8
11:21:34.976	13.3
11:21:34.989	12.6
11:21:34.997	11.0
11:21:35.009	10.8
11:21:35.021	8.9
11:21:35.030	8.9
11:21:35.042	6.8
11:21:35.054	6.1
11:21:35.066	6.5
11:21:35.075	5.5
11:21:35.087	6.0
11:21:35.099	5.6
11:21:35.108	6.1
11:21:35.120	4.9
11:21:35.132	5.5
11:21:35.140	5.7
11:21:35.152	5.6
11:21:35.165	4.6
11:21:35.173	3.3
11:21:35.185	1.9
11:21:35.197	1.1
11:21:35.205	1.5
11:21:35.217	0.8
11:21:35.230	1.4
11:21:35.242	1.5
11:21:35.250	0.6
11:21:35.262	2.0
11:21:35.275	3.6
11:21:35.283	3.5
11:21:35.295	5.5
11:21:35.307	4.7
11:21:35.316	5.0
11:21:35.328	4.4
11:21:35.340	3.5
11:21:35.349	4.2
11:21:35.361	4.1
11:21:35.373	3.0
11:21:35.385	1.4
11:21:35.394	2.5
11:21:35.406	-1.8
11:21:35.418	-0.4
11:21:35.426	-1.3
11:21:35.439	-2.5
11:21:35.451	-1.1
11:21:35.459	-3.0
11:21:35.471	-4.7
11:21:35.484	-5.5
11:21:35.496	-4.4
11:21:35.504	-6.8
11:21:35.516	-4.8
11:21:35.529	-7.3
11:21:35.537	-6.9
11:21:35.549	-5.2
11:21:35.561	-6.2
11:21:35.570	-4.6
11:21:35.582	-2.7
11:21:35.594	-3.5
11:21:35.602	-6.5
11:21:35.615	-6.6
11:21:35.627	-8.8
11:21:35.635	-8.3
11:21:35.647	-9.4
11:21:35.660	-9.9
11:21:35.672	-10.7
11:21:35.680	-13.1
11:21:35.693	-13.1
11:21:35.705	-13.0
11:21:35.714	-13.8
11:21:35.726	-14.4
11:21:35.738	-11.8
11:21:35.750	-11.2
11:21:35.759	-10.9
11:21:35.771	-10.5
11:21:35.783	-11.8
11:21:35.791	-12.2
11:21:35.804	-14.0
11:21:35.816	-14.6
11:21:35.824	-14.9
11:21:35.837	-14.2
11:21:35.849	-15.5
11:21:35.857	-14.8
11:21:35.869	-14.8
11:21:35.882	-16.7
11:21:35.890	-17.4
11:21:35.902	-17.0
11:21:35.914	-16.2
11:21:35.927	-15.5
11:21:35.935	-14.7
11:21:35.947	-14.8
11:21:35.959	-14.9
11:21:35.968	-17.5
11:21:35.980	-17.9
11:21:35.992	-15.6
11:21:36.000	-13.9
11:21:36.013	-12.2
11:21:36.025	-12.0
11:21:36.037	-12.9
11:21:36.045	-12.2
11:21:36.058	-10.9
11:21:36.070	-9.5
11:21:36.078	-7.8
11:21:36.091	-6.4
11:21:36.103	-6.5
11:21:36.111	-5.6
11:21:36.123	-6.5
11:21:36.136	-7.6
11:21:36.144	-3.5
11:21:36.156	-3.9
11:21:36.168	-3.4
11:21:36.181	-2.7
11:21:36.189	-0.7
11:21:36.201	0.6
11:21:36.213	1.8
11:21:36.221	1.7
11:21:36.234	4.6
11:21:36.246	7.1
11:21:36.254	4.5
11:21:36.267	6.4
11:21:36.279	8.1
11:21:36.287	8.1
11:21:36.299	8.2
11:21:36.312	7.0
11:21:36.324	6.1
11:21:36.332	10.2
11:21:36.344	8.5
11:21:36.357	8.4
11:21:36.365	9.4
11:21:36.377	9.7
11:21:36.389	10.6
11:21:36.402	10.3
11:21:36.410	9.2
11:21:36.422	9.0
11:21:36.434	11.5
11:21:36.443	8.1
11:21:36.455	8.9
11:21:36.467	8.5
11:21:36.475	8.9
11:21:36.488	9.3
11:21:36.500	6.9
11:21:36.508	9.7
11:21:36.520	10.6
11:21:36.533	12.3
11:21:36.541	9.0
11:21:36.553	9.1
11:21:36.565	10.2
11:21:36.578	13.2
11:21:36.586	13.2
11:21:36.598	12.6
11:21:36.611	14.6
11:21:36.619	12.4
11:21:36.631	13.4
11:21:36.644	12.4
11:21:36.656	14.0
11:21:36.664	13.9
11:21:36.676	12.2
11:21:36.688	10.2
11:21:36.696	12.0
11:21:36.709	12.3
11:21:36.721	11.3
11:21:36.733	11.9
11:21:36.742	11.0
11:21:36.754	11.7
11:21:36.766	11.1
11:21:36.774	13.7
11:21:36.787	13.2
11:21:36.799	13.8
11:21:36.807	11.2
11:21:36.819	11.7
11:21:36.832	10.4
11:21:36.840	11.4
11:21:36.852	10.3
11:21:36.864	12.7
11:21:36.873	14.0
11:21:36.885	14.7
11:21:36.897	15.0
11:21:36.910	14.2
11:21:36.918	15.4
11:21:36.930	14.9
11:21:36.942	16.4
11:21:36.950	15.4
11:21:36.963	17.9
11:21:36.975	14.7
11:21:36.987	15.5
11:21:36.995	13.5
11:21:37.008	16.4
11:21:37.020	15.4
11:21:37.028	16.5
11:21:37.040	16.6
11:21:37.053	15.3
11:21:37.061	16.7
11:21:37.073	14.7
11:21:37.086	15.3
11:21:37.094	15.0
11:21:37.106	13.8
11:21:37.118	13.1
11:21:37.127	15.6
11:21:37.139	15.4
11:21:37.151	18.2
11:21:37.163	18.9
11:21:37.171	16.6
11:21:37.184	16.4
11:21:37.196	16.7
11:21:37.204	16.5
11:21:37.217	16.3
11:21:37.229	16.0
11:21:37.237	16.1
11:21:37.249	15.9
11:21:37.262	13.3
11:21:37.270	14.0
11:21:37.282	15.6
11:21:37.294	16.5
11:21:37.307	15.5
11:21:37.315	14.1
11:21:37.327	15.1
11:21:37.339	14.9
11:21:37.348	12.4
11:21:37.360	10.9
11:21:37.372	10.9
11:21:37.380	10.7
11:21:37.393	8.2
11:21:37.405	9.2
11:21:37.417	9.6
11:21:37.425	9.8
11:21:37.438	10.2
11:21:37.450	9.5
11:21:37.458	11.2
11:21:37.470	10.6
11:21:37.483	10.8
11:21:37.491	10.8
11:21:37.503	13.1
11:21:37.515	12.2
11:21:37.524	12.2
11:21:37.536	12.5
11:21:37.548	13.2
11:21:37.556	13.7
11:21:37.569	13.0
11:21:37.581	16.9
11:21:37.593	16.5
11:21:37.601	17.2
11:21:37.614	17.7
11:21:37.626	17.7
11:21:37.634	22.1
11:21:37.646	22.7
11:21:37.659	22.7
11:21:37.671	21.8
11:21:37.679	21.3
11:21:37.692	17.7
11:21:37.704	17.9
11:21:37.712	17.2
11:21:37.724	18.4
11:21:37.737	18.8
11:21:37.745	14.2
11:21:37.757	13.8
11:21:37.769	12.5
11:21:37.778	12.8
11:21:37.790	13.5
11:21:37.802	14.9
11:21:37.810	14.9
11:21:37.823	14.8
11:21:37.835	11.6
11:21:37.847	11.2
11:21:37.855	11.1
11:21:37.868	11.9
11:21:37.880	12.3
11:21:37.888	12.2
11:21:37.900	12.1
11:21:37.913	11.6
11:21:37.921	12.2
11:21:37.933	14.5
11:21:37.945	15.2
11:21:37.958	15.6
11:21:37.966	16.6
11:21:37.978	17.6
11:21:37.990	18.3
11:21:37.999	18.0
11:21:38.011	19.8
11:21:38.023	20.2
11:21:38.031	19.1
11:21:38.044	15.6
11:21:38.056	15.7
11:21:38.064	14.6
11:21:38.076	13.8
11:21:38.089	12.5
11:21:38.101	10.8
11:21:38.109	11.1
11:21:38.121	8.4
11:21:38.134	8.3
11:21:38.142	7.5
11:21:38.154	9.2
11:21:38.167	9.0
11:21:38.175	8.5
11:21:38.187	9.1
11:21:38.199	8.4
11:21:38.207	9.8
11:21:38.220	10.0
11:21:38.232	9.0
11:21:38.244	8.3
11:21:38.252	8.6
11:21:38.265	6.8
11:21:38.277	4.7
11:21:38.285	4.1
11:21:38.298	4.0
11:21:38.310	4.1
11:21:38.318	2.2
11:21:38.330	1.5
11:21:38.343	2.9
11:21:38.355	1.9
11:21:38.363	1.4
11:21:38.375	1.1
11:21:38.388	2.5
11:21:38.396	3.1
11:21:38.408	2.2
11:21:38.420	3.0
11:21:38.429	2.4
11:21:38.441	2.7
11:21:38.453	1.6
11:21:38.461	2.5
11:21:38.474	2.4
11:21:38.486	3.2
11:21:38.494	1.4
11:21:38.506	2.9
11:21:38.519	2.7
11:21:38.531	0.5
11:21:38.539	0.8
11:21:38.551	0.8
11:21:38.564	1.2
11:21:38.572	0.7
11:21:38.584	1.4
11:21:38.597	0.3
11:21:38.609	1.5
11:21:38.617	-0.9
11:21:38.629	-1.2
11:21:38.642	-2.2
11:21:38.654	-1.7
11:21:38.662	-4.1
11:21:38.674	-5.0
11:21:38.686	-6.3
11:21:38.695	-7.3
11:21:38.707	-7.9
11:21:38.719	-8.7
11:21:38.727	-9.3
11:21:38.740	-9.7
11:21:38.752	-8.9
11:21:38.760	-11.3
11:21:38.773	-11.1
11:21:38.785	-12.4
11:21:38.793	-12.4
11:21:38.805	-13.7
11:21:38.818	-15.3
11:21:38.830	-14.9
11:21:38.838	-16.6
11:21:38.850	-18.7
11:21:38.863	-20.6
11:21:38.871	-20.1
11:21:38.883	-20.6
11:21:38.895	-19.9
11:21:38.908	-19.3
11:21:38.916	-19.2
11:21:38.928	-17.3
11:21:38.941	-19.0
11:21:38.949	-19.2
11:21:38.961	-18.1
11:21:38.973	-18.5
11:21:38.981	-15.8
11:21:38.994	-16.7
11:21:39.006	-16.2
11:21:39.014	-18.8
11:21:39.026	-17.7
11:21:39.039	-19.1
11:21:39.047	-18.0
11:21:39.059	-19.0
11:21:39.072	-19.1
11:21:39.084	-16.9
11:21:39.092	-21.0
11:21:39.104	-21.5
11:21:39.116	-22.3
11:21:39.125	-19.7
11:21:39.137	-21.8
11:21:39.149	-20.9
11:21:39.157	-21.5
11:21:39.170	-17.6
11:21:39.182	-19.1
11:21:39.190	-18.1
11:21:39.203	-16.4
11:21:39.215	-14.8
11:21:39.227	-14.9
11:21:39.235	-18.6
11:21:39.248	-17.8
11:21:39.260	-19.0
11:21:39.268	-19.9
11:21:39.282	-21.9
11:21:39.294	-20.0
11:21:39.302	-23.6
11:21:39.314	-24.8
11:21:39.326	-25.9
11:21:39.339	-25.7
11:21:39.347	-23.7
11:21:39.359	-24.2
11:21:39.371	-24.6
11:21:39.380	-23.0
11:21:39.392	-23.5
11:21:39.404	-23.2
11:21:39.413	-21.8
11:21:39.425	-20.7
11:21:39.437	-20.6
11:21:39.445	-20.4
11:21:39.457	-18.8
11:21:39.470	-13.7
11:21:39.478	-12.0
11:21:39.490	-10.3
11:21:39.503	-10.2
11:21:39.515	-10.8
11:21:39.523	-11.7
11:21:39.535	-11.4
11:21:39.547	-9.4
11:21:39.556	-8.8
11:21:39.568	-9.2
11:21:39.580	-12.9
11:21:39.593	-11.8
11:21:39.601	-12.8
11:21:39.613	-11.7
11:21:39.625	-10.5
11:21:39.634	-7.2
11:21:39.646	-5.5
11:21:39.658	-5.8
11:21:39.666	-4.3
11:21:39.679	-2.7
11:21:39.691	-0.6
11:21:39.699	-0.3
11:21:39.711	0.2
11:21:39.724	1.2
11:21:39.732	0.6
11:21:39.744	-0.4
11:21:39.756	-1.3
11:21:39.769	1.5
11:21:39.777	3.9
11:21:39.789	4.6
11:21:39.801	2.8
11:21:39.810	4.3
11:21:39.822	4.1
11:21:39.834	5.9
11:21:39.843	6.0
11:21:39.855	5.7
11:21:39.867	6.2
11:21:39.879	5.0
11:21:39.887	3.0
11:21:39.900	1.2
11:21:39.912	2.1
11:21:39.920	1.6
11:21:39.932	1.5
11:21:39.945	0.8
11:21:39.953	3.2
11:21:39.965	6.5
11:21:39.977	7.4
11:21:39.986	8.2
11:21:39.998	7.6
11:21:40.010	8.8
11:21:40.022	10.2
11:21:40.031	10.0
11:21:40.043	11.0
11:21:40.055	9.8
11:21:40.064	9.0
11:21:40.076	7.7
11:21:40.088	7.3
11:21:40.096	8.4
11:21:40.109	8.0
11:21:40.121	8.4
11:21:40.129	7.2
11:21:40.141	7.5
11:21:40.154	9.2
11:21:40.166	11.1
11:21:40.174	11.1
11:21:40.186	12.4
11:21:40.199	12.5
11:21:40.207	11.1
11:21:40.219	11.6
11:21:40.232	12.9
11:21:40.240	12.6
11:21:40.252	12.2
11:21:40.264	10.1
11:21:40.277	10.6
11:21:40.285	10.6
11:21:40.297	9.2
11:21:40.309	10.1
11:21:40.317	10.0
11:21:40.330	10.1
11:21:40.343	10.5
11:21:40.354	11.3
11:21:40.363	11.3
11:21:40.375	11.5
11:21:40.387	10.7
11:21:40.395	10.7
11:21:40.408	10.8
11:21:40.416	9.4
11:21:40.428	9.5
11:21:40.440	9.9
11:21:40.453	6.4
11:21:40.461	5.0
11:21:40.473	2.4
11:21:40.485	1.8
11:21:40.494	0.0
11:21:40.506	2.2
11:21:40.518	0.1
11:21:40.530	-0.4
11:21:40.539	-2.2
11:21:40.551	-4.2
11:21:40.563	-1.0
11:21:40.575	-0.5
11:21:40.584	0.9
11:21:40.596	0.0
11:21:40.608	-1.1
11:21:40.616	-4.0
11:21:40.629	-1.9
11:21:40.641	-1.5
11:21:40.649	-2.0
11:21:40.661	-1.9
11:21:40.674	-5.9
11:21:40.682	-7.5
11:21:40.694	-6.6
11:21:40.706	-5.7
11:21:40.715	-6.1
11:21:40.727	-6.9
11:21:40.739	-11.4
11:21:40.751	-14.5
11:21:40.759	-15.6
11:21:40.771	-15.0
11:21:40.784	-16.5
11:21:40.792	-16.8
11:21:40.804	-20.9
11:21:40.816	-23.5
11:21:40.829	-24.0
11:21:40.837	-24.7
11:21:40.849	-22.7
11:21:40.861	-21.0
11:21:40.870	-21.5
11:21:40.882	-24.2
11:21:40.894	-23.2
11:21:40.902	-22.6
11:21:40.915	-21.6
11:21:40.927	-18.9
11:21:40.935	-18.0
11:21:40.947	-17.1
11:21:40.960	-18.5
11:21:40.968	-16.8
11:21:40.980	-14.8
11:21:40.993	-13.0
11:21:41.005	-11.7
11:21:41.013	-10.9
11:21:41.025	-10.4
11:21:41.038	-11.2
11:21:41.046	-6.5
11:21:41.058	-6.1
11:21:41.070	-4.4
11:21:41.079	-3.3
11:21:41.091	-2.7
11:21:41.103	-2.6
11:21:41.111	-1.4
11:21:41.124	-1.2
11:21:41.136	-1.0
11:21:41.148	0.0
11:21:41.156	-3.8
11:21:41.169	-5.1
11:21:41.181	-3.8
11:21:41.189	-5.8
11:21:41.201	-5.2
11:21:41.214	-4.7
11:21:41.222	-5.6
11:21:41.234	-5.7
11:21:41.246	-3.5
11:21:41.259	-3.9
11:21:41.267	-1.2
11:21:41.279	0.3
11:21:41.291	1.0
11:21:41.300	2.1
11:21:41.312	1.3
11:21:41.324	2.2
11:21:41.332	4.6
11:21:41.345	5.0
11:21:41.357	4.1
11:21:41.365	5.9
11:21:41.378	4.0
11:21:41.390	5.1
11:21:41.399	4.8
11:21:41.411	5.1
11:21:41.423	5.8
11:21:41.436	5.1
11:21:41.444	3.6
11:21:41.456	3.5
11:21:41.469	3.2
11:21:41.477	1.0
11:21:41.489	0.4
11:21:41.501	-2.2
11:21:41.514	-2.7
11:21:41.522	-4.5
11:21:41.534	-5.3
11:21:41.546	-4.6
11:21:41.555	-3.8
11:21:41.567	-3.4
11:21:41.579	-3.4
11:21:41.587	-1.7
11:21:41.600	-0.9
11:21:41.612	-0.7
11:21:41.620	-0.5
11:21:41.632	1.5
11:21:41.645	1.4
11:21:41.653	1.6
11:21:41.665	0.2
11:21:41.677	0.0
11:21:41.690	1.4
11:21:41.698	-0.5
11:21:41.710	-1.1
11:21:41.722	0.7
11:21:41.731	0.5
11:21:41.743	-0.5
11:21:41.755	-0.8
11:21:41.763	-2.0
11:21:41.776	-1.8
11:21:41.788	-1.4
11:21:41.800	-2.3
11:21:41.808	-0.8
11:21:41.821	-0.9
11:21:41.833	-1.2
11:21:41.841	-1.7
11:21:41.853	-1.6
11:21:41.866	-1.0
11:21:41.874	0.1
11:21:41.886	1.9
11:21:41.898	1.7
11:21:41.907	1.4
11:21:41.919	-0.4
11:21:41.931	-1.0
11:21:41.943	-1.3
11:21:41.952	-1.0
11:21:41.964	-0.4
11:21:41.976	-0.2
11:21:41.984	0.5
11:21:41.997	-0.7
11:21:42.009	0.2
11:21:42.017	1.1
11:21:42.030	3.5
11:21:42.042	4.0
11:21:42.050	3.4
11:21:42.062	2.8
11:21:42.075	2.3
11:21:42.087	2.6
11:21:42.095	3.2
11:21:42.107	0.6
11:21:42.120	-2.0
11:21:42.128	-1.6
11:21:42.140	-1.8
11:21:42.152	-0.9
11:21:42.161	1.4
11:21:42.173	2.4
11:21:42.185	4.5
11:21:42.197	5.0
11:21:42.206	4.8
11:21:42.218	7.5
11:21:42.230	7.0
11:21:42.238	7.2
11:21:42.251	7.1
11:21:42.263	8.2
11:21:42.271	6.9
11:21:42.283	7.4
11:21:42.296	4.6
11:21:42.304	4.0
11:21:42.316	2.2
11:21:42.329	3.3
11:21:42.337	6.7
11:21:42.349	7.2
11:21:42.361	7.3
11:21:42.374	7.8
11:21:42.382	8.1
11:21:42.394	7.7
11:21:42.406	9.1
11:21:42.415	9.2
11:21:42.427	11.2
11:21:42.439	9.3
11:21:42.451	7.7
11:21:42.460	9.3
11:21:42.472	8.2
11:21:42.484	7.9
11:21:42.492	7.3
11:21:42.505	7.3
11:21:42.517	8.1
11:21:42.525	9.3
11:21:42.537	8.7
11:21:42.550	10.3
11:21:42.562	11.0
11:21:42.570	8.3
11:21:42.582	9.6
11:21:42.595	8.3
11:21:42.603	9.2
11:21:42.615	8.6
11:21:42.627	8.5
11:21:42.636	8.5
11:21:42.648	11.5
11:21:42.660	10.4
11:21:42.672	10.8
11:21:42.681	10.7
11:21:42.693	12.9
11:21:42.705	14.9
11:21:42.714	16.3
11:21:42.726	19.1
11:21:42.738	21.2
11:21:42.750	26.6
11:21:42.759	25.4
11:21:42.771	26.5
11:21:42.783	25.4
11:21:42.791	28.6
11:21:42.804	27.7
11:21:42.816	28.4
11:21:42.824	27.8
11:21:42.836	27.7
11:21:42.849	26.7
11:21:42.857	22.2
11:21:42.869	22.8
11:21:42.881	22.9
11:21:42.890	23.9
11:21:42.902	21.8
11:21:42.914	21.2
11:21:42.926	20.0
11:21:42.935	20.8
11:21:42.947	19.1
11:21:42.959	18.3
11:21:42.967	18.2
11:21:42.980	20.6
11:21:42.992	21.1
11:21:43.000	22.1
11:21:43.012	24.4
11:21:43.025	23.6
11:21:43.033	23.8
11:21:43.045	22.6
11:21:43.058	23.1
11:21:43.070	23.2
11:21:43.078	22.3
11:21:43.090	19.1
11:21:43.103	21.3
11:21:43.111	23.2
11:21:43.123	21.0
11:21:43.135	21.9
11:21:43.144	21.9
11:21:43.156	21.2
11:21:43.168	21.8
11:21:43.180	21.4
11:21:43.189	25.0
11:21:43.201	24.7
11:21:43.213	21.5
11:21:43.221	19.1
11:21:43.234	19.5
11:21:43.246	19.8
11:21:43.254	20.4
11:21:43.266	21.4
11:21:43.279	21.7
11:21:43.287	20.8
11:21:43.299	19.2
11:21:43.311	16.2
11:21:43.320	18.6
11:21:43.332	17.9
11:21:43.344	17.7
11:21:43.356	18.1
11:21:43.365	21.0
11:21:43.377	20.0
11:21:43.389	19.2
11:21:43.397	19.3
11:21:43.410	18.2
11:21:43.422	20.3
11:21:43.434	18.8
11:21:43.442	21.3
11:21:43.455	21.2
11:21:43.467	22.3
11:21:43.475	18.2
11:21:43.487	19.5
11:21:43.500	21.6
11:21:43.508	23.1
11:21:43.520	23.8
11:21:43.533	23.7
11:21:43.541	23.4
11:21:43.553	22.8
11:21:43.565	21.8
11:21:43.573	20.8
11:21:43.586	20.7
11:21:43.598	21.9
11:21:43.610	19.6
11:21:43.618	20.9
11:21:43.631	22.5
11:21:43.643	23.9
11:21:43.651	23.7
11:21:43.664	24.1
11:21:43.676	24.9
11:21:43.684	26.0
11:21:43.696	25.9
11:21:43.709	25.4
11:21:43.721	26.1
11:21:43.729	26.4
11:21:43.741	24.0
11:21:43.754	22.4
11:21:43.762	23.8
11:21:43.774	22.4
11:21:43.786	27.0
11:21:43.794	26.0
11:21:43.807	26.7
11:21:43.820	24.1
11:21:43.827	23.3
11:21:43.840	21.8
11:21:43.852	23.4
11:21:43.865	24.8
11:21:43.873	23.5
11:21:43.885	23.9
11:21:43.897	19.7
11:21:43.906	16.6
11:21:43.918	13.3
11:21:43.930	14.2
11:21:43.938	15.4
11:21:43.951	15.8
11:21:43.963	13.2
11:21:43.971	11.7
11:21:43.983	12.3
11:21:43.996	11.3
11:21:44.008	11.5
11:21:44.016	11.8
11:21:44.028	15.0
11:21:44.041	16.4
11:21:44.049	14.8
11:21:44.061	12.9
11:21:44.073	13.8
11:21:44.082	13.5
11:21:44.094	11.7
11:21:44.106	11.0
11:21:44.119	10.4
11:21:44.127	10.3
11:21:44.139	7.5
11:21:44.151	4.8
11:21:44.159	4.4
11:21:44.172	4.2
11:21:44.184	2.8
11:21:44.192	1.5
11:21:44.205	1.0
11:21:44.217	0.5
11:21:44.225	0.5
11:21:44.237	-1.3
11:21:44.250	1.1
11:21:44.258	-1.1
11:21:44.270	-1.6
11:21:44.282	-3.8
11:21:44.295	-4.4
11:21:44.303	-4.1
11:21:44.315	-5.0
11:21:44.327	-5.6
11:21:44.336	-7.5
11:21:44.348	-6.6
11:21:44.360	-8.4
11:21:44.372	-7.2
11:21:44.381	-8.1
11:21:44.393	-6.5
11:21:44.405	-4.9
11:21:44.413	-4.9
11:21:44.426	-2.6
11:21:44.438	-1.2
11:21:44.446	-0.2
11:21:44.458	-0.6
11:21:44.471	-1.9
11:21:44.479	-1.5
11:21:44.491	-0.1
11:21:44.503	-0.7
11:21:44.512	-0.7
11:21:44.524	-1.9
11:21:44.536	-4.5
11:21:44.548	-5.2
11:21:44.557	-7.2
11:21:44.569	-7.1
11:21:44.581	-7.0
11:21:44.594	-7.4
11:21:44.602	-9.8
11:21:44.614	-10.4
11:21:44.626	-13.8
11:21:44.635	-14.6
11:21:44.647	-14.7
11:21:44.659	-16.5
11:21:44.671	-16.6
11:21:44.680	-16.5
11:21:44.692	-17.6
11:21:44.704	-19.3
11:21:44.712	-19.4
11:21:44.725	-20.8
11:21:44.737	-19.8
11:21:44.745	-16.8
11:21:44.757	-15.6
11:21:44.770	-14.3
11:21:44.778	-14.2
11:21:44.790	-14.4
11:21:44.803	-13.3
11:21:44.811	-11.6
11:21:44.823	-11.2
11:21:44.835	-7.8
11:21:44.848	-5.6
11:21:44.856	-7.9
11:21:44.868	-9.3
11:21:44.880	-8.1
11:21:44.888	-6.9
11:21:44.901	-5.9
11:21:44.913	-1.7
11:21:44.921	1.9
11:21:44.934	4.4
11:21:44.946	3.4
11:21:44.954	2.4
11:21:44.966	4.1
11:21:44.979	7.0
11:21:44.991	6.8
11:21:44.999	8.0
11:21:45.011	9.2
11:21:45.024	7.2
11:21:45.032	5.5
11:21:45.044	3.7
11:21:45.056	4.3
11:21:45.065	4.9
11:21:45.077	6.9
11:21:45.089	7.0
11:21:45.101	7.0
11:21:45.110	6.4
11:21:45.122	4.0
11:21:45.134	4.2
11:21:45.143	4.3
11:21:45.155	7.0
11:21:45.167	8.1
11:21:45.175	7.7
11:21:45.188	6.7
11:21:45.200	5.8
11:21:45.208	8.9
11:21:45.220	9.5
11:21:45.233	14.4
11:21:45.241	14.2
11:21:45.253	15.6
11:21:45.265	16.2
11:21:45.278	16.4
11:21:45.286	15.5
11:21:45.298	16.3
11:21:45.310	18.8
11:21:45.319	17.7
11:21:45.331	20.6
11:21:45.343	16.2
11:21:45.355	17.0
11:21:45.364	16.8
11:21:45.376	16.1
11:21:45.388	16.2
11:21:45.396	17.4
11:21:45.409	17.2
11:21:45.421	15.4
11:21:45.429	13.5
11:21:45.442	10.9
11:21:45.454	11.9
11:21:45.462	12.6
11:21:45.474	10.8
11:21:45.486	12.0
11:21:45.495	10.7
11:21:45.507	12.2
11:21:45.519	13.4
11:21:45.532	12.4
11:21:45.540	14.2
11:21:45.552	14.3
11:21:45.564	16.5
11:21:45.573	16.7
11:21:45.585	18.6
11:21:45.597	17.4
11:21:45.605	23.9
11:21:45.618	22.5
11:21:45.630	22.1
11:21:45.641	23.8
11:21:45.650	23.7
11:21:45.662	23.9
11:21:45.674	23.9
11:21:45.682	23.5
11:21:45.695	23.7
11:21:45.707	24.0
11:21:45.715	18.7
11:21:45.727	19.4
11:21:45.740	18.8
11:21:45.748	19.4
11:21:45.760	18.5
11:21:45.772	20.3
11:21:45.785	19.4
11:21:45.793	19.6
11:21:45.805	21.2
11:21:45.817	22.3
11:21:45.826	21.6
11:21:45.838	21.5
11:21:45.850	20.7
11:21:45.858	19.0
11:21:45.871	20.0
11:21:45.883	19.0
11:21:45.891	21.7
11:21:45.903	22.2
11:21:45.916	18.9
11:21:45.928	17.8
11:21:45.937	19.1
11:21:45.948	22.0
11:21:45.962	22.4
11:21:45.970	22.5
11:21:45.982	22.1
11:21:45.995	22.8
11:21:46.003	20.4
11:21:46.015	19.9
11:21:46.027	20.7
11:21:46.040	21.1
11:21:46.047	20.6
11:21:46.059	18.5
11:21:46.071	18.5
11:21:46.080	20.3
11:21:46.092	21.1
11:21:46.104	19.9
11:21:46.112	19.6
11:21:46.125	18.0
11:21:46.137	18.2
11:21:46.145	18.8
11:21:46.158	18.9
11:21:46.170	18.6
11:21:46.178	17.4
11:21:46.190	17.2
11:21:46.203	16.6
11:21:46.215	17.6
11:21:46.223	17.0
11:21:46.235	18.1
11:21:46.248	18.1
11:21:46.256	16.2
11:21:46.268	15.2
11:21:46.280	13.9
11:21:46.293	15.3
11:21:46.301	16.2
11:21:46.313	17.9
11:21:46.326	17.5
11:21:46.338	19.8
11:21:46.346	21.9
11:21:46.358	20.8
11:21:46.371	20.9
11:21:46.379	20.9
11:21:46.391	22.2
11:21:46.403	21.1
11:21:46.412	20.2
11:21:46.424	17.5
11:21:46.436	15.5
11:21:46.444	14.3
11:21:46.457	13.7
11:21:46.469	14.4
11:21:46.477	15.4
11:21:46.489	16.0
11:21:46.502	16.4
11:21:46.514	17.5
11:21:46.522	16.2
11:21:46.534	17.0
11:21:46.547	21.9
11:21:46.555	24.4
11:21:46.567	21.4
11:21:46.579	22.6
11:21:46.592	22.0
11:21:46.600	22.6
11:21:46.612	21.5
11:21:46.624	20.6
11:21:46.633	21.0
11:21:46.645	21.3
11:21:46.657	17.1
11:21:46.665	13.9
11:21:46.678	15.7
11:21:46.690	15.3
11:21:46.698	13.7
11:21:46.710	13.1
11:21:46.723	12.1
11:21:46.731	12.7
11:21:46.743	16.5
11:21:46.755	15.8
11:21:46.768	18.3
11:21:46.776	16.5
11:21:46.788	18.3
11:21:46.800	18.0
11:21:46.809	21.4
11:21:46.821	21.1
11:21:46.833	22.4
11:21:46.841	22.6
11:21:46.854	18.2
11:21:46.866	19.0
11:21:46.874	17.7
11:21:46.886	20.5
11:21:46.899	19.8
11:21:46.911	17.5
11:21:46.919	17.0
11:21:46.932	16.2
11:21:46.944	17.0
11:21:46.952	17.1
11:21:46.964	17.8
11:21:46.977	16.7
11:21:46.985	14.9
11:21:46.997	13.4
11:21:47.009	11.9
11:21:47.023	14.2
11:21:47.031	12.1
11:21:47.043	12.8
11:21:47.055	11.0
11:21:47.064	12.7
11:21:47.076	11.1
11:21:47.088	9.6
11:21:47.096	11.5
11:21:47.109	10.7
11:21:47.121	10.2
11:21:47.129	8.7
11:21:47.141	8.6
11:21:47.154	7.7
11:21:47.162	6.5
11:21:47.174	3.8
11:21:47.186	3.2
11:21:47.199	5.4
11:21:47.207	3.6
11:21:47.219	3.1
11:21:47.231	2.0
11:21:47.240	1.7
11:21:47.252	-0.3
11:21:47.264	-2.7
11:21:47.276	-1.0
11:21:47.285	-3.8
11:21:47.297	-4.6
11:21:47.309	-8.2
11:21:47.317	-8.6
11:21:47.330	-8.3
11:21:47.342	-9.1
11:21:47.350	-10.8
11:21:47.363	-8.7
11:21:47.375	-8.7
11:21:47.383	-8.5
11:21:47.395	-7.6
11:21:47.408	-7.1
11:21:47.416	-4.9
11:21:47.428	-3.0
11:21:47.440	-3.7
11:21:47.453	-4.4
11:21:47.461	-3.1
11:21:47.473	-4.3
11:21:47.485	-2.9
11:21:47.494	-6.2
11:21:47.506	-7.1
11:21:47.518	-9.1
11:21:47.526	-10.5
11:21:47.539	-13.4
11:21:47.551	-14.7
11:21:47.563	-15.2
11:21:47.571	-14.8
11:21:47.584	-15.3
11:21:47.596	-15.1
11:21:47.604	-15.6
11:21:47.616	-15.5
11:21:47.629	-12.9
11:21:47.637	-13.4
11:21:47.649	-14.8
11:21:47.661	-13.7
11:21:47.670	-14.6
11:21:47.682	-14.5
11:21:47.694	-14.2
11:21:47.706	-15.0
11:21:47.715	-13.9
11:21:47.727	-12.5
11:21:47.739	-14.3
11:21:47.747	-14.4
11:21:47.760	-13.7
11:21:47.772	-14.0
11:21:47.780	-11.3
11:21:47.792	-12.4
11:21:47.805	-11.8
11:21:47.813	-12.1
11:21:47.825	-11.3
11:21:47.838	-14.5
11:21:47.850	-14.5
11:21:47.858	-14.6
11:21:47.870	-16.1
11:21:47.883	-16.1
11:21:47.891	-18.0
11:21:47.903	-17.4
11:21:47.915	-20.5
11:21:47.924	-21.6
11:21:47.936	-22.7
11:21:47.948	-17.1
11:21:47.960	-16.6
11:21:47.969	-16.6
11:21:47.981	-16.4
11:21:47.993	-16.2
11:21:48.001	-15.9
11:21:48.014	-16.6
11:21:48.026	-15.0
11:21:48.034	-10.5
11:21:48.046	-11.2
11:21:48.059	-13.8
11:21:48.067	-14.8
11:21:48.079	-15.1
11:21:48.091	-13.8
11:21:48.100	-13.5
11:21:48.112	-12.0
11:21:48.124	-12.1
11:21:48.136	-10.4
11:21:48.145	-13.0
11:21:48.157	-12.8
11:21:48.169	-10.6
11:21:48.177	-9.9
11:21:48.190	-8.9
11:21:48.202	-7.3
11:21:48.214	-6.3
11:21:48.223	-5.0
11:21:48.235	-2.8
11:21:48.247	-2.4
11:21:48.255	1.0
11:21:48.267	2.2
11:21:48.280	-0.1
11:21:48.288	2.3
11:21:48.300	2.9
11:21:48.313	3.1
11:21:48.321	6.2
11:21:48.333	4.9
11:21:48.345	6.2
11:21:48.353	4.9
11:21:48.366	3.9
11:21:48.378	6.6
11:21:48.390	6.6
11:21:48.398	5.8
11:21:48.411	5.6
11:21:48.423	7.2
11:21:48.431	4.4
11:21:48.444	7.0
11:21:48.456	6.5
11:21:48.464	7.9
11:21:48.476	6.4
11:21:48.489	6.5
11:21:48.501	7.4
11:21:48.513	8.3
11:21:48.521	10.0
11:21:48.534	9.3
11:21:48.546	9.6
11:21:48.554	8.8
11:21:48.566	6.9
11:21:48.579	8.7
11:21:48.587	10.1
11:21:48.599	8.6
11:21:48.611	8.3
11:21:48.620	9.0
11:21:48.632	10.3
11:21:48.644	10.7
11:21:48.652	11.0
11:21:48.665	9.9
11:21:48.677	10.7
11:21:48.689	7.3
11:21:48.697	7.8
11:21:48.710	8.6
11:21:48.722	9.6
11:21:48.730	8.0
11:21:48.742	8.6
11:21:48.755	8.8
11:21:48.763	10.6
11:21:48.775	14.6
11:21:48.787	16.1
11:21:48.796	18.1
11:21:48.808	17.9
11:21:48.820	17.6
11:21:48.833	16.4
11:21:48.841	17.9
11:21:48.853	16.0
11:21:48.865	18.0
11:21:48.873	15.8
11:21:48.886	13.3
11:21:48.898	13.4
11:21:48.906	15.1
11:21:48.919	15.2
11:21:48.931	15.2
11:21:48.943	17.4
11:21:48.951	16.6
11:21:48.964	16.6
11:21:48.976	15.1
11:21:48.984	16.5
11:21:48.996	15.8
11:21:49.009	17.3
11:21:49.017	15.7
11:21:49.029	15.1
11:21:49.041	15.5
11:21:49.050	15.3
11:21:49.062	16.7
11:21:49.074	17.0
11:21:49.082	16.5
11:21:49.095	17.9
11:21:49.107	20.3
11:21:49.119	18.0
11:21:49.127	18.6
11:21:49.140	18.7
11:21:49.152	20.5
11:21:49.160	23.9
11:21:49.172	22.8
11:21:49.185	25.0
11:21:49.197	26.6
11:21:49.205	25.2
11:21:49.217	22.9
11:21:49.230	23.7
11:21:49.238	22.5
11:21:49.250	22.5
11:21:49.262	20.8
11:21:49.271	17.6
11:21:49.283	17.9
11:21:49.295	18.2
11:21:49.303	15.8
11:21:49.316	17.2
11:21:49.328	17.6
11:21:49.336	17.3
11:21:49.348	20.0
11:21:49.361	20.0
11:21:49.373	22.0
11:21:49.381	22.1
11:21:49.394	22.7
11:21:49.406	20.9
11:21:49.414	20.6
11:21:49.426	20.3
11:21:49.439	20.3
11:21:49.447	20.1
11:21:49.459	18.3
11:21:49.471	18.5
11:21:49.484	19.4
11:21:49.492	18.8
11:21:49.504	19.2
11:21:49.516	20.0
11:21:49.525	21.5
11:21:49.537	20.2
11:21:49.549	19.9
11:21:49.557	20.9
11:21:49.570	20.6
11:21:49.582	21.8
11:21:49.590	18.7
11:21:49.602	19.2
11:21:49.615	19.2
11:21:49.627	17.6
11:21:49.635	17.7
11:21:49.647	19.8
11:21:49.660	20.3
11:21:49.668	19.2
11:21:49.680	19.6
11:21:49.692	17.5
11:21:49.701	18.7
11:21:49.713	16.9
11:21:49.725	16.4
11:21:49.733	16.0
11:21:49.746	13.7
11:21:49.758	10.7
11:21:49.770	10.0
11:21:49.778	10.8
11:21:49.791	10.6
11:21:49.803	11.1
11:21:49.811	7.9
11:21:49.823	9.4
11:21:49.836	8.1
11:21:49.844	7.9
11:21:49.856	9.0
11:21:49.869	9.2
11:21:49.881	9.8
11:21:49.889	10.6
11:21:49.901	11.4
11:21:49.914	11.8
11:21:49.922	13.0
11:21:49.934	13.3
11:21:49.947	16.1
11:21:49.955	16.4
11:21:49.967	16.0
11:21:49.979	16.3
11:21:49.987	15.5
11:21:50.000	13.6
11:21:50.012	12.7
11:21:50.020	13.6
11:21:50.033	14.9
11:21:50.045	14.0
11:21:50.057	12.4
11:21:50.065	11.8
11:21:50.078	12.4
11:21:50.090	11.5
11:21:50.098	13.2
11:21:50.111	12.3
11:21:50.123	13.1
11:21:50.135	10.2
11:21:50.143	8.2
11:21:50.156	9.4
11:21:50.168	12.3
11:21:50.176	12.1
11:21:50.188	12.1
11:21:50.201	13.0
11:21:50.209	10.6
11:21:50.221	10.7
11:21:50.233	8.8
11:21:50.242	10.5
11:21:50.254	12.8
11:21:50.266	10.7
11:21:50.275	7.5
11:21:50.287	8.0
11:21:50.299	6.6
11:21:50.311	5.9
11:21:50.319	7.9
11:21:50.332	6.9
11:21:50.344	7.7
11:21:50.352	4.9
11:21:50.365	4.2
11:21:50.377	5.3
11:21:50.385	6.1
11:21:50.397	6.0
11:21:50.410	6.1
11:21:50.422	8.2
11:21:50.430	7.0
11:21:50.442	7.2
11:21:50.455	7.4
11:21:50.467	12.1
11:21:50.475	12.4
11:21:50.487	10.4
11:21:50.496	8.5
11:21:50.508	8.2
11:21:50.520	9.0
11:21:50.532	7.0
11:21:50.541	8.0
11:21:50.553	7.7
11:21:50.565	7.2
11:21:50.573	4.4
11:21:50.586	2.2
11:21:50.598	2.9
11:21:50.610	2.8
11:21:50.618	1.6
11:21:50.631	0.8
11:21:50.643	0.9
11:21:50.651	-2.4
11:21:50.663	-2.6
11:21:50.676	-2.3
11:21:50.684	-4.0
11:21:50.696	-3.6
11:21:50.709	-4.6
11:21:50.717	-5.2
11:21:50.729	-4.6
11:21:50.741	-4.0
11:21:50.753	-4.5
11:21:50.762	-5.3
11:21:50.774	-5.2
11:21:50.786	-7.3
11:21:50.795	-7.0
11:21:50.807	-8.1
11:21:50.819	-7.6
11:21:50.827	-9.3
11:21:50.839	-10.1
11:21:50.852	-13.0
11:21:50.864	-15.3
11:21:50.872	-15.6
11:21:50.885	-13.2
11:21:50.897	-13.1
11:21:50.905	-13.8
11:21:50.917	-14.1
11:21:50.930	-14.3
11:21:50.938	-13.9
11:21:50.950	-14.7
11:21:50.962	-13.6
11:21:50.971	-12.8
11:21:50.983	-11.4
11:21:50.995	-15.6
11:21:51.003	-16.3
11:21:51.016	-17.1
11:21:51.028	-18.3
11:21:51.040	-19.9
11:21:51.048	-19.8
11:21:51.061	-19.4
11:21:51.073	-20.1
11:21:51.081	-21.0
11:21:51.093	-22.0
11:21:51.106	-22.0
11:21:51.118	-23.8
11:21:51.126	-22.5
11:21:51.138	-21.7
11:21:51.151	-19.7
11:21:51.159	-20.3
11:21:51.171	-21.5
11:21:51.183	-19.2
11:21:51.192	-19.9
11:21:51.204	-21.2
11:21:51.216	-21.9
11:21:51.224	-21.4
11:21:51.237	-23.1
11:21:51.249	-23.7
11:21:51.257	-26.6
11:21:51.269	-26.9
11:21:51.282	-26.9
11:21:51.294	-28.9
11:21:51.302	-29.9
11:21:51.315	-29.1
11:21:51.327	-28.9
11:21:51.335	-28.0
11:21:51.347	-26.8
11:21:51.360	-25.8
11:21:51.368	-26.1
11:21:51.380	-27.4
11:21:51.392	-29.2
11:21:51.405	-32.1
11:21:51.413	-29.4
11:21:51.425	-29.1
11:21:51.437	-30.0
11:21:51.446	-28.2
11:21:51.458	-27.1
11:21:51.470	-29.2
11:21:51.478	-26.8
11:21:51.491	-24.7
11:21:51.503	-20.4
11:21:51.511	-16.7
11:21:51.523	-17.6
11:21:51.536	-17.8
11:21:51.548	-15.8
11:21:51.556	-15.0
11:21:51.568	-17.3
11:21:51.581	-16.7
11:21:51.589	-18.1
11:21:51.601	-17.3
11:21:51.613	-17.1
11:21:51.622	-15.9
11:21:51.634	-16.1
11:21:51.646	-14.0
11:21:51.654	-13.9
11:21:51.667	-15.1
11:21:51.679	-12.6
11:21:51.691	-10.3
11:21:51.699	-6.8
11:21:51.712	-6.8
11:21:51.724	-5.2
11:21:51.732	-5.0
11:21:51.744	-2.5
11:21:51.757	-2.8
11:21:51.765	-1.1
11:21:51.777	0.2
11:21:51.790	2.8
11:21:51.802	2.8
11:21:51.810	1.9
11:21:51.822	3.4
11:21:51.834	2.4
11:21:51.843	2.7
11:21:51.855	3.5
11:21:51.867	4.4
11:21:51.876	5.4
11:21:51.888	5.5
11:21:51.900	4.5
11:21:51.908	6.5
11:21:51.920	6.8
11:21:51.934	9.1
11:21:51.941	12.0
11:21:51.953	10.8
11:21:51.966	9.8
11:21:51.978	10.5
11:21:51.986	11.0
11:21:51.998	11.8
11:21:52.011	11.0
11:21:52.019	12.9
11:21:52.031	13.4
11:21:52.043	13.5
11:21:52.056	12.5
11:21:52.064	15.0
11:21:52.076	14.4
11:21:52.088	14.8
11:21:52.097	14.4
11:21:52.109	13.0
11:21:52.121	13.1
11:21:52.129	13.5
11:21:52.142	13.6
11:21:52.154	12.6
11:21:52.162	13.4
11:21:52.174	13.2
11:21:52.187	15.8
11:21:52.195	14.0
11:21:52.207	14.3
11:21:52.219	14.5
11:21:52.232	14.9
11:21:52.240	10.9
11:21:52.252	13.1
11:21:52.264	11.3
11:21:52.273	10.1
11:21:52.285	9.2
11:21:52.297	11.4
11:21:52.309	13.1
11:21:52.318	13.0
11:21:52.331	14.3
11:21:52.343	14.1
11:21:52.356	17.5
11:21:52.364	14.8
11:21:52.376	15.4
11:21:52.388	15.2
11:21:52.397	16.0
11:21:52.409	12.9
11:21:52.421	14.1
11:21:52.429	14.0
11:21:52.442	14.3
11:21:52.454	13.6
11:21:52.462	12.3
11:21:52.474	13.0
11:21:52.487	14.2
11:21:52.495	14.0
11:21:52.507	13.4
11:21:52.519	16.2
11:21:52.532	14.5
11:21:52.540	15.2
11:21:52.552	15.5
11:21:52.564	17.6
11:21:52.573	16.9
11:21:52.585	16.1
11:21:52.597	14.7
11:21:52.605	14.8
11:21:52.618	14.6
11:21:52.630	11.4
11:21:52.638	12.5
11:21:52.650	12.2
11:21:52.663	11.9
11:21:52.675	9.9
11:21:52.683	9.3
11:21:52.695	11.8
11:21:52.708	12.2
11:21:52.716	11.2
11:21:52.728	9.9
11:21:52.740	12.4
11:21:52.749	12.6
11:21:52.761	15.7
11:21:52.773	15.4
11:21:52.785	15.4
11:21:52.794	15.2
11:21:52.806	15.9
11:21:52.818	16.1
11:21:52.826	16.0
11:21:52.839	17.1
11:21:52.851	15.6
11:21:52.859	20.5
11:21:52.871	17.3
11:21:52.884	18.6
11:21:52.892	20.0
11:21:52.904	19.2
11:21:52.917	16.6
11:21:52.925	16.8
11:21:52.937	17.2
11:21:52.949	17.0
11:21:52.962	15.6
11:21:52.970	10.7
11:21:52.982	9.6
11:21:52.994	6.9
11:21:53.003	5.3
11:21:53.015	6.7
11:21:53.027	7.1
11:21:53.039	8.1
11:21:53.048	8.0
11:21:53.060	7.8
11:21:53.072	6.6
11:21:53.080	7.1
11:21:53.093	8.6
11:21:53.105	8.2
11:21:53.113	8.2
11:21:53.125	6.5
11:21:53.138	5.1
11:21:53.146	3.9
11:21:53.158	3.2
11:21:53.170	1.7
11:21:53.179	1.8
11:21:53.191	-1.8
11:21:53.203	-3.2
11:21:53.215	-3.3
11:21:53.224	-2.3
11:21:53.236	-2.4
11:21:53.248	-3.2
11:21:53.256	-5.7
11:21:53.269	-6.0
11:21:53.281	-5.2
11:21:53.289	-4.8
11:21:53.301	-3.7
11:21:53.314	-5.9
11:21:53.326	-7.2
11:21:53.334	-9.2
11:21:53.346	-8.9
11:21:53.359	-9.6
11:21:53.367	-7.9
11:21:53.379	-10.2
11:21:53.392	-11.1
11:21:53.400	-12.0
11:21:53.412	-15.2
11:21:53.424	-13.0
11:21:53.433	-12.7
11:21:53.445	-14.4
11:21:53.457	-17.1
11:21:53.469	-17.6
11:21:53.478	-18.7
11:21:53.490	-19.3
11:21:53.502	-21.0
11:21:53.510	-22.9
11:21:53.523	-20.9
11:21:53.535	-24.2
11:21:53.543	-23.3
11:21:53.555	-20.6
11:21:53.568	-19.0
11:21:53.576	-18.4
11:21:53.588	-20.1
11:21:53.600	-18.1
11:21:53.613	-17.4
11:21:53.621	-15.7
11:21:53.633	-16.6
11:21:53.645	-16.3
11:21:53.654	-18.5
11:21:53.666	-18.8
11:21:53.678	-19.7
11:21:53.686	-20.6
11:21:53.699	-19.4
11:21:53.711	-20.2
11:21:53.723	-20.9
11:21:53.731	-22.3
11:21:53.744	-21.6
11:21:53.756	-21.6
11:21:53.764	-20.4
11:21:53.776	-21.5
11:21:53.789	-20.8
11:21:53.797	-19.0
11:21:53.809	-18.9
11:21:53.822	-19.3
11:21:53.830	-17.9
11:21:53.842	-17.6
11:21:53.854	-18.1
11:21:53.862	-17.1
11:21:53.875	-16.2
11:21:53.887	-16.2
11:21:53.899	-16.0
11:21:53.908	-16.3
11:21:53.920	-16.2
11:21:53.932	-18.4
11:21:53.940	-16.9
11:21:53.953	-16.3
11:21:53.965	-18.6
11:21:53.977	-18.7
11:21:53.985	-20.0
11:21:53.998	-20.3
11:21:54.010	-21.8
11:21:54.018	-22.8
11:21:54.030	-24.1
11:21:54.043	-21.8
11:21:54.051	-23.8
11:21:54.063	-22.9
11:21:54.075	-21.2
11:21:54.084	-20.9
11:21:54.096	-21.0
11:21:54.108	-19.9
11:21:54.116	-18.3
11:21:54.129	-17.1
11:21:54.141	-13.9
11:21:54.153	-12.1
11:21:54.161	-10.8
11:21:54.174	-11.4
11:21:54.186	-9.1
11:21:54.194	-7.0
11:21:54.207	-6.4
11:21:54.219	-5.8
11:21:54.227	-6.4
11:21:54.239	-5.0
11:21:54.252	-7.0
11:21:54.264	-5.8
11:21:54.272	-5.5
11:21:54.284	-5.0
11:21:54.297	-6.1
11:21:54.305	-5.5
11:21:54.317	-4.6
11:21:54.329	-5.3
11:21:54.338	-3.2
11:21:54.350	-4.9
11:21:54.362	-5.2
11:21:54.370	-7.2
11:21:54.383	-6.2
11:21:54.395	-7.0
11:21:54.407	-5.9
11:21:54.415	-6.6
11:21:54.428	-7.2
11:21:54.440	-8.7
11:21:54.452	-10.1
11:21:54.460	-10.0
11:21:54.473	-10.1
11:21:54.485	-11.2
11:21:54.494	-12.3
11:21:54.506	-12.4
11:21:54.518	-14.4
11:21:54.526	-16.3
11:21:54.538	-16.7
11:21:54.550	-13.3
11:21:54.559	-12.8
11:21:54.571	-13.6
11:21:54.583	-12.9
11:21:54.596	-11.8
11:21:54.604	-10.8
11:21:54.616	-9.4
11:21:54.628	-7.5
11:21:54.637	-7.3
11:21:54.649	-6.4
11:21:54.661	-7.4
11:21:54.669	-6.4
11:21:54.682	-4.5
11:21:54.694	-3.3
11:21:54.706	-2.0
11:21:54.714	-4.1
11:21:54.727	-3.8
11:21:54.739	-2.9
11:21:54.747	-1.7
11:21:54.759	1.4
11:21:54.772	2.7
11:21:54.780	4.1
11:21:54.792	5.2
11:21:54.804	6.2
11:21:54.813	7.4
11:21:54.825	10.7
11:21:54.837	11.5
11:21:54.845	12.1
11:21:54.858	14.5
11:21:54.870	11.3
11:21:54.882	11.0
11:21:54.890	11.7
11:21:54.903	13.0
11:21:54.915	14.6
11:21:54.923	13.6
11:21:54.935	12.9
11:21:54.948	13.5
11:21:54.960	13.9
11:21:54.968	12.8
11:21:54.980	14.7
11:21:54.993	16.0
11:21:55.001	13.4
11:21:55.013	12.5
11:21:55.025	9.0
11:21:55.034	8.4
11:21:55.046	7.8
11:21:55.058	7.0
11:21:55.066	5.0
11:21:55.079	2.9
11:21:55.091	2.6
11:21:55.099	1.0
11:21:55.111	2.6
11:21:55.124	2.2
11:21:55.136	2.3
11:21:55.144	3.3
11:21:55.157	4.9
11:21:55.169	4.3
11:21:55.177	5.9
11:21:55.189	5.3
11:21:55.202	4.5
11:21:55.210	2.6
11:21:55.222	5.1
11:21:55.234	3.3
11:21:55.247	3.6
11:21:55.255	2.4
11:21:55.267	0.0
11:21:55.279	2.3
11:21:55.288	3.4
11:21:55.300	7.1
11:21:55.312	5.7
11:21:55.320	7.7
11:21:55.333	4.5
11:21:55.345	6.9
11:21:55.353	8.4
11:21:55.365	9.4
11:21:55.378	9.9
11:21:55.390	9.1
11:21:55.398	5.6
11:21:55.410	5.7
11:21:55.423	7.2
11:21:55.431	8.0
11:21:55.443	9.5
11:21:55.455	10.3
11:21:55.464	10.2
11:21:55.476	12.6
11:21:55.488	14.4
11:21:55.496	15.2
11:21:55.509	16.9
11:21:55.521	16.4
11:21:55.533	18.0
11:21:55.542	18.4
11:21:55.554	18.7
11:21:55.566	18.5
11:21:55.574	20.1
11:21:55.586	19.2
11:21:55.599	19.0
11:21:55.607	19.6
11:21:55.619	21.1
11:21:55.632	21.2
11:21:55.644	21.6
11:21:55.652	21.8
11:21:55.664	24.7
11:21:55.677	27.7
11:21:55.685	28.7
11:21:55.697	28.7
11:21:55.709	30.9
11:21:55.718	30.7
11:21:55.730	30.8
11:21:55.742	31.1
11:21:55.750	31.5
11:21:55.763	32.7
11:21:55.775	33.7
11:21:55.783	30.7
11:21:55.795	30.0
11:21:55.808	31.0
11:21:55.820	30.5
11:21:55.828	31.2
11:21:55.840	32.8
11:21:55.853	33.6
11:21:55.861	34.6
11:21:55.873	34.1
11:21:55.885	30.7
11:21:55.898	31.9
11:21:55.906	32.4
11:21:55.918	31.7
11:21:55.930	31.9
11:21:55.939	31.1
11:21:55.951	29.2
11:21:55.963	28.9
11:21:55.971	27.7
11:21:55.984	27.7
11:21:55.996	27.6
11:21:56.004	26.7
11:21:56.016	24.6
11:21:56.029	24.0
11:21:56.037	23.2
11:21:56.049	23.9
11:21:56.062	25.2
11:21:56.074	24.7
11:21:56.082	24.4
11:21:56.094	23.3
11:21:56.107	23.7
11:21:56.115	23.5
11:21:56.127	25.4
11:21:56.139	25.8
11:21:56.148	25.2
11:21:56.160	22.9
11:21:56.172	20.7
11:21:56.184	20.3
11:21:56.193	21.7
11:21:56.205	22.7
11:21:56.217	21.2
11:21:56.225	20.7
11:21:56.238	19.7
11:21:56.250	19.3
11:21:56.262	19.5
11:21:56.270	20.7
11:21:56.283	21.8
11:21:56.295	21.3
11:21:56.303	20.7
11:21:56.315	20.2
11:21:56.328	21.6
11:21:56.336	21.8
11:21:56.348	21.9
11:21:56.360	21.0
11:21:56.373	20.0
11:21:56.381	20.9
11:21:56.393	18.6
11:21:56.405	17.9
11:21:56.414	16.2
11:21:56.426	16.7
11:21:56.438	16.6
11:21:56.446	15.3
11:21:56.459	15.0
11:21:56.471	14.6
11:21:56.479	14.2
11:21:56.491	12.3
11:21:56.504	13.3
11:21:56.516	14.4
11:21:56.524	13.6
11:21:56.536	12.8
11:21:56.549	11.1
11:21:56.557	12.3
11:21:56.569	12.1
11:21:56.582	10.3
11:21:56.591	10.7
11:21:56.603	9.6
11:21:56.615	11.4
11:21:56.628	9.4
11:21:56.636	10.6
11:21:56.648	9.6
11:21:56.660	10.0
11:21:56.669	8.1
11:21:56.681	5.7
11:21:56.693	8.1
11:21:56.701	7.6
11:21:56.714	11.2
11:21:56.726	9.4
11:21:56.734	12.8
11:21:56.746	11.2
11:21:56.759	11.7
11:21:56.767	12.6
11:21:56.779	14.4
11:21:56.791	15.8
11:21:56.804	17.4
11:21:56.812	17.8
11:21:56.824	18.1
11:21:56.836	18.2
11:21:56.845	16.1
11:21:56.857	18.5
11:21:56.869	19.8
11:21:56.881	19.5
11:21:56.890	19.4
11:21:56.902	19.4
11:21:56.914	18.1
11:21:56.922	19.0
11:21:56.935	15.3
11:21:56.947	17.1
11:21:56.955	17.6
11:21:56.967	17.5
11:21:56.980	16.1
11:21:56.988	14.8
11:21:57.000	14.0
11:21:57.012	13.9
11:21:57.021	14.0
11:21:57.033	15.4
11:21:57.045	16.1
11:21:57.058	15.9
11:21:57.066	15.4
11:21:57.078	13.2
11:21:57.090	10.2
11:21:57.098	10.9
11:21:57.111	10.7
11:21:57.123	10.0
11:21:57.131	9.8
11:21:57.144	7.5
11:21:57.156	8.7
11:21:57.168	6.6
11:21:57.176	6.5
11:21:57.189	5.5
11:21:57.201	7.9
11:21:57.209	7.0
11:21:57.221	6.8
11:21:57.234	8.3
11:21:57.242	7.9
11:21:57.254	9.1
11:21:57.266	7.5
11:21:57.275	7.8
11:21:57.287	8.0
11:21:57.299	9.0
11:21:57.311	7.8
11:21:57.320	7.6
11:21:57.332	7.5
11:21:57.344	6.9
11:21:57.352	4.3
11:21:57.365	1.1
11:21:57.377	-0.1
11:21:57.385	-2.1
11:21:57.397	-4.1
11:21:57.410	-4.7
11:21:57.418	-3.3
11:21:57.430	-4.5
11:21:57.443	-5.8
11:21:57.455	-7.3
11:21:57.463	-5.8
11:21:57.475	-4.9
11:21:57.488	-3.8
11:21:57.496	-2.1
11:21:57.508	-3.0
11:21:57.520	-3.6
11:21:57.528	-6.1
11:21:57.541	-6.2
11:21:57.553	-6.8
11:21:57.565	-7.9
11:21:57.574	-9.2
11:21:57.586	-10.3
11:21:57.598	-10.9
11:21:57.606	-11.4
11:21:57.619	-10.7
11:21:57.631	-10.6
11:21:57.639	-9.3
11:21:57.651	-8.9
11:21:57.664	-9.7
11:21:57.672	-9.5
11:21:57.684	-10.0
11:21:57.696	-10.6
11:21:57.705	-11.3
11:21:57.717	-12.4
11:21:57.729	-12.5
11:21:57.741	-13.2
11:21:57.750	-14.7
11:21:57.762	-14.6
11:21:57.774	-14.7
11:21:57.782	-15.7
11:21:57.795	-15.7
11:21:57.807	-15.6
11:21:57.819	-15.2
11:21:57.827	-14.9
11:21:57.840	-15.3
11:21:57.852	-15.1
11:21:57.860	-15.6
11:21:57.872	-17.1
11:21:57.885	-17.4
11:21:57.893	-14.4
11:21:57.905	-13.9
11:21:57.917	-13.2
11:21:57.926	-15.2
11:21:57.938	-15.8
11:21:57.950	-16.9
11:21:57.958	-17.7
11:21:57.971	-16.5
11:21:57.983	-16.6
11:21:57.995	-15.1
11:21:58.004	-17.5
11:21:58.016	-17.3
11:21:58.028	-20.0
11:21:58.036	-20.6
11:21:58.049	-20.3
11:21:58.061	-20.2
11:21:58.069	-18.9
11:21:58.081	-19.7
11:21:58.094	-19.3
11:21:58.106	-19.1
11:21:58.114	-16.4
11:21:58.126	-14.8
11:21:58.139	-9.9
11:21:58.147	-8.6
11:21:58.159	-7.2
11:21:58.171	-5.7
11:21:58.180	-6.5
11:21:58.192	-4.6
11:21:58.204	-5.2
11:21:58.212	-5.4
11:21:58.225	-6.5
11:21:58.237	-9.7
11:21:58.249	-11.5
11:21:58.257	-10.3
11:21:58.270	-10.6
11:21:58.282	-10.1
11:21:58.290	-8.8
11:21:58.303	-9.3
11:21:58.315	-7.2
11:21:58.323	-6.7
11:21:58.335	-9.0
11:21:58.348	-5.2
11:21:58.356	-5.7
11:21:58.368	-5.8
11:21:58.381	-6.0
11:21:58.389	-5.3
11:21:58.401	-3.0
11:21:58.413	-0.5
11:21:58.426	3.2
11:21:58.434	3.7
11:21:58.446	8.7
11:21:58.458	7.9
11:21:58.471	10.0
11:21:58.479	10.4
11:21:58.491	11.2
11:21:58.503	12.8
11:21:58.512	11.7
11:21:58.524	10.6
11:21:58.536	7.5
11:21:58.548	8.6
11:21:58.557	7.9
11:21:58.569	7.7
11:21:58.581	6.1
11:21:58.589	7.8
11:21:58.602	7.8
11:21:58.614	9.5
11:21:58.622	11.5
11:21:58.635	12.2
11:21:58.647	13.8
11:21:58.655	15.4
11:21:58.667	15.5
11:21:58.680	17.3
11:21:58.688	17.1
11:21:58.700	16.8
11:21:58.712	18.3
11:21:58.725	16.5
11:21:58.733	15.2
11:21:58.745	15.1
11:21:58.757	13.6
11:21:58.766	10.9
11:21:58.778	10.7
11:21:58.790	11.2
11:21:58.802	13.7
11:21:58.811	14.8
11:21:58.823	16.3
11:21:58.835	14.7
11:21:58.843	14.7
11:21:58.856	18.7
11:21:58.868	19.4
11:21:58.876	23.1
11:21:58.888	23.1
11:21:58.901	21.1
11:21:58.909	19.9
11:21:58.921	17.1
11:21:58.933	14.7
11:21:58.942	16.0
11:21:58.954	17.2
11:21:58.966	13.7
11:21:58.978	14.1
11:21:58.987	11.9
11:21:58.999	12.0
11:21:59.011	14.6
11:21:59.019	14.5
11:21:59.032	16.9
11:21:59.044	16.2
11:21:59.052	17.1
11:21:59.064	15.7
11:21:59.077	16.7
11:21:59.089	18.3
11:21:59.097	18.6
11:21:59.110	19.7
11:21:59.122	20.8
11:21:59.130	21.1
11:21:59.142	22.1
11:21:59.155	23.3
11:21:59.163	24.1
11:21:59.175	25.0
11:21:59.187	23.7
11:21:59.196	22.9
11:21:59.208	22.8
11:21:59.220	21.8
11:21:59.232	20.3
11:21:59.241	21.6
11:21:59.253	21.1
11:21:59.265	20.9
11:21:59.273	21.3
11:21:59.286	21.8
11:21:59.298	23.3
11:21:59.306	22.9
11:21:59.318	23.4
11:21:59.331	22.7
11:21:59.339	22.9
11:21:59.351	22.8
11:21:59.363	24.4
11:21:59.376	26.0
11:21:59.384	24.6
11:21:59.396	25.9
11:21:59.408	27.0
11:21:59.417	29.8
11:21:59.429	29.5
11:21:59.441	29.2
11:21:59.449	27.7
11:21:59.462	27.3
11:21:59.474	25.3
11:21:59.486	25.5
11:21:59.494	24.8
11:21:59.507	22.4
11:21:59.519	20.6
11:21:59.527	18.1
11:21:59.539	17.1
11:21:59.552	17.5
11:21:59.560	19.7
11:21:59.572	20.1
11:21:59.585	20.6
11:21:59.593	19.3
11:21:59.605	19.2
11:21:59.617	19.8
11:21:59.626	20.7
11:21:59.638	19.3
11:21:59.650	19.5
11:21:59.662	21.7
11:21:59.671	19.3
11:21:59.683	19.0
11:21:59.695	20.0
11:21:59.703	20.9
11:21:59.716	22.2
11:21:59.728	21.1
11:21:59.740	20.2
11:21:59.748	20.8
11:21:59.761	23.6
11:21:59.773	21.8
11:21:59.781	22.6
11:21:59.793	22.4
11:21:59.806	21.1
11:21:59.814	19.8
11:21:59.826	18.6
11:21:59.839	20.8
11:21:59.847	19.9
11:21:59.859	20.7
11:21:59.871	18.2
11:21:59.879	17.8
11:21:59.892	17.9
11:21:59.904	17.8
11:21:59.916	18.0
11:21:59.924	17.2
11:21:59.937	17.1
11:21:59.949	14.5
11:21:59.957	13.9
11:21:59.969	13.2
11:21:59.982	13.1
11:21:59.990	13.1
11:22:00.002	13.7
11:22:00.014	14.6
11:22:00.027	14.3
11:22:00.035	16.9
11:22:00.047	18.0
11:22:00.060	18.4
11:22:00.068	19.9
11:22:00.080	20.2
11:22:00.092	20.6
11:22:00.101	20.2
11:22:00.113	20.8
11:22:00.125	20.4
11:22:00.133	23.6
11:22:00.146	21.3
11:22:00.158	21.7
11:22:00.170	22.1
11:22:00.178	23.8
11:22:00.191	22.8
11:22:00.203	22.9
11:22:00.211	23.8
11:22:00.223	21.1
11:22:00.235	19.6
11:22:00.247	13.6
11:22:00.256	15.1
11:22:00.268	13.9
11:22:00.280	14.6
11:22:00.288	10.0
11:22:00.301	10.2
11:22:00.310	8.6
11:22:00.322	7.0
11:22:00.334	8.8
11:22:00.347	8.7
11:22:00.359	10.4
11:22:00.367	8.4
11:22:00.379	6.4
11:22:00.388	5.1
11:22:00.400	7.2
11:22:00.412	7.6
11:22:00.424	8.1
11:22:00.433	9.5
11:22:00.445	7.9
11:22:00.457	9.2
11:22:00.469	9.5
11:22:00.478	9.4
11:22:00.490	11.2
11:22:00.502	11.7
11:22:00.511	10.0
11:22:00.523	7.4
11:22:00.535	7.9
11:22:00.543	6.5
11:22:00.556	6.9
11:22:00.568	6.3
11:22:00.576	5.4
11:22:00.588	4.8
11:22:00.601	3.9
11:22:00.609	2.5
11:22:00.621	3.4
11:22:00.633	3.6
11:22:00.646	1.6
11:22:00.654	4.1
11:22:00.666	2.3
11:22:00.678	1.9
11:22:00.687	1.6
11:22:00.699	1.7
11:22:00.711	1.4
11:22:00.723	1.4
11:22:00.732	1.0
11:22:00.744	2.2
11:22:00.756	2.4
11:22:00.764	0.1
11:22:00.777	-0.3
11:22:00.789	-2.5
11:22:00.797	-2.6
11:22:00.809	-2.8
11:22:00.822	-4.3
11:22:00.830	-4.4
11:22:00.842	-6.2
11:22:00.854	-7.6
11:22:00.863	-7.9
11:22:00.875	-8.8
11:22:00.887	-9.2
11:22:00.900	-9.2
11:22:00.908	-9.3
11:22:00.920	-9.0
11:22:00.932	-8.8
11:22:00.940	-7.9
11:22:00.953	-8.3
11:22:00.965	-9.1
11:22:00.973	-8.4
11:22:00.985	-8.9
11:22:00.998	-9.9
11:22:01.010	-10.6
11:22:01.018	-11.6
11:22:01.031	-11.8
11:22:01.043	-10.6
11:22:01.051	-11.4
11:22:01.063	-10.9
11:22:01.076	-8.9
11:22:01.084	-10.3
11:22:01.096	-10.3
11:22:01.108	-10.1
11:22:01.117	-9.8
11:22:01.129	-8.7
11:22:01.141	-10.4
11:22:01.153	-11.8
11:22:01.162	-13.6
11:22:01.174	-12.9
11:22:01.186	-14.6
11:22:01.194	-15.8
11:22:01.207	-16.3
11:22:01.219	-13.8
11:22:01.227	-12.3
11:22:01.239	-13.6
11:22:01.252	-13.8
11:22:01.260	-14.5
11:22:01.272	-14.6
11:22:01.284	-14.2
11:22:01.297	-13.3
11:22:01.305	-13.1
11:22:01.317	-11.8
11:22:01.330	-13.9
11:22:01.338	-15.4
11:22:01.350	-15.6
11:22:01.362	-15.5
11:22:01.371	-15.1
11:22:01.383	-15.5
11:22:01.395	-16.6
11:22:01.407	-18.1
11:22:01.416	-16.3
11:22:01.428	-17.0
11:22:01.440	-15.2
11:22:01.448	-16.0
11:22:01.461	-16.0
11:22:01.473	-14.7
11:22:01.481	-15.1
11:22:01.493	-13.0
11:22:01.506	-14.0
11:22:01.514	-13.0
11:22:01.526	-12.7
11:22:01.538	-12.8
11:22:01.547	-13.6
11:22:01.559	-10.4
11:22:01.571	-9.4
11:22:01.583	-9.7
11:22:01.592	-9.5
11:22:01.604	-10.1
11:22:01.616	-5.5
11:22:01.624	-3.3
11:22:01.637	-1.3
11:22:01.649	-0.4
11:22:01.661	-0.2
11:22:01.669	-0.7
11:22:01.682	-1.3
11:22:01.694	-0.1
11:22:01.702	1.6
11:22:01.714	1.1
11:22:01.727	-2.0
11:22:01.735	-1.7
11:22:01.747	-3.9
11:22:01.760	-3.2
11:22:01.768	-2.8
11:22:01.780	-0.8
11:22:01.792	1.6
11:22:01.800	2.3
11:22:01.813	2.1
11:22:01.825	4.6
11:22:01.837	5.6
11:22:01.845	3.1
11:22:01.858	5.7
11:22:01.870	6.8
11:22:01.878	8.9
11:22:01.891	8.3
11:22:01.903	7.8
11:22:01.911	7.3
11:22:01.923	8.7
11:22:01.936	11.7
11:22:01.948	12.1
11:22:01.956	14.3
11:22:01.968	13.8
11:22:01.981	12.7
11:22:01.989	13.0
11:22:02.001	13.0
11:22:02.013	13.7
11:22:02.022	14.8
11:22:02.034	14.6
11:22:02.046	11.6
11:22:02.054	11.4
11:22:02.067	11.4
11:22:02.079	10.7
11:22:02.091	11.4
11:22:02.099	10.9
11:22:02.112	10.9
11:22:02.124	11.1
11:22:02.132	11.3
11:22:02.144	10.1
11:22:02.157	10.8
11:22:02.165	11.3
11:22:02.177	12.7
11:22:02.189	12.4
11:22:02.202	12.4
11:22:02.210	11.3
11:22:02.222	10.7
11:22:02.234	10.6
11:22:02.243	11.0
11:22:02.255	12.5
11:22:02.267	10.8
11:22:02.280	13.5
11:22:02.288	12.6
11:22:02.300	17.8
11:22:02.312	17.8
11:22:02.320	19.2
11:22:02.333	20.8
11:22:02.345	18.3
11:22:02.353	17.9
11:22:02.366	18.0
11:22:02.378	19.3
11:22:02.390	16.5
11:22:02.398	15.5
11:22:02.411	11.0
11:22:02.423	11.8
11:22:02.431	12.3
11:22:02.443	10.7
11:22:02.456	15.6
11:22:02.464	15.2
11:22:02.476	17.3
11:22:02.488	18.0
11:22:02.497	18.7
11:22:02.509	19.1
11:22:02.521	19.4
11:22:02.529	18.6
11:22:02.542	18.2
11:22:02.554	19.6
11:22:02.566	16.5
11:22:02.574	18.9
11:22:02.587	19.2
11:22:02.599	17.3
11:22:02.607	16.7
11:22:02.619	18.8
11:22:02.632	18.7
11:22:02.644	20.9
11:22:02.652	20.7
11:22:02.664	18.2
11:22:02.677	18.3
11:22:02.685	16.7
11:22:02.697	15.4
11:22:02.709	16.9
11:22:02.718	17.6
11:22:02.730	16.4
11:22:02.742	17.7
11:22:02.750	16.1
11:22:02.763	16.1
11:22:02.775	18.1
11:22:02.783	19.5
11:22:02.796	18.1
11:22:02.808	18.2
11:22:02.820	17.1
11:22:02.828	16.7
11:22:02.841	15.9
11:22:02.853	13.4
11:22:02.861	12.7
11:22:02.873	13.7
11:22:02.886	12.9
11:22:02.894	14.4
11:22:02.906	13.3
11:22:02.918	12.8
11:22:02.931	15.3
11:22:02.939	13.8
11:22:02.951	15.5
11:22:02.963	17.2
11:22:02.972	17.4
11:22:02.984	16.1
11:22:02.996	14.3
11:22:03.004	12.2
11:22:03.017	13.1
11:22:03.029	12.7
11:22:03.037	10.0
11:22:03.050	10.6
11:22:03.062	9.7
11:22:03.074	10.3
11:22:03.082	8.1
11:22:03.095	7.4
11:22:03.107	9.2
11:22:03.115	11.1
11:22:03.127	11.7
11:22:03.140	9.8
11:22:03.148	10.0
11:22:03.160	9.3
11:22:03.172	8.0
11:22:03.181	9.1
11:22:03.193	11.0
11:22:03.205	11.2
11:22:03.217	11.6
11:22:03.226	10.4
11:22:03.238	8.8
11:22:03.250	10.9
11:22:03.258	12.0
11:22:03.271	12.2
11:22:03.283	13.2
11:22:03.291	13.0
11:22:03.303	13.0
11:22:03.316	13.2
11:22:03.328	12.0
11:22:03.336	9.2
11:22:03.348	9.9
11:22:03.361	10.5
11:22:03.369	9.6
11:22:03.381	10.0
11:22:03.393	9.6
11:22:03.402	7.1
11:22:03.414	7.9
11:22:03.426	7.6
11:22:03.434	7.1
11:22:03.447	9.9
11:22:03.459	10.6
11:22:03.467	8.4
11:22:03.480	8.5
11:22:03.492	8.5
11:22:03.504	8.4
11:22:03.512	8.8
11:22:03.524	7.6
11:22:03.537	8.1
11:22:03.545	8.1
11:22:03.557	5.4
11:22:03.570	4.8
11:22:03.582	5.0
11:22:03.590	5.1
11:22:03.602	5.6
11:22:03.615	4.8
11:22:03.623	1.3
11:22:03.635	1.2
11:22:03.647	0.7
11:22:03.655	0.8
11:22:03.668	1.1
11:22:03.680	0.7
11:22:03.688	-0.7
11:22:03.701	-1.7
11:22:03.713	-0.9
11:22:03.721	-2.5
11:22:03.733	2.0
11:22:03.746	1.2
11:22:03.758	-0.7
11:22:03.766	-1.3
11:22:03.778	0.0
11:22:03.791	0.2
11:22:03.799	-0.2
11:22:03.811	-2.2
11:22:03.823	-4.9
11:22:03.832	-3.8
11:22:03.844	-6.7
11:22:03.856	-8.3
11:22:03.868	-6.9
11:22:03.877	-7.2
11:22:03.889	-8.5
11:22:03.901	-9.4
11:22:03.909	-7.5
11:22:03.922	-6.8
11:22:03.934	-5.3
11:22:03.942	-6.3
11:22:03.955	-7.2
11:22:03.967	-7.1
11:22:03.975	-9.6
11:22:03.987	-8.8
11:22:03.999	-7.4
11:22:04.012	-7.8
11:22:04.020	-9.7
11:22:04.032	-9.3
11:22:04.045	-11.1
11:22:04.053	-9.2
11:22:04.065	-9.3
11:22:04.077	-9.9
11:22:04.085	-9.9
11:22:04.098	-11.1
11:22:04.110	-13.9
11:22:04.118	-14.4
11:22:04.130	-15.9
11:22:04.143	-17.7
11:22:04.151	-18.4
11:22:04.163	-23.3
11:22:04.176	-24.1
11:22:04.188	-24.3
11:22:04.200	-25.5
11:22:04.208	-26.5
11:22:04.221	-27.0
11:22:04.233	-29.1
11:22:04.241	-30.0
11:22:04.253	-32.3
11:22:04.266	-34.2
11:22:04.274	-33.8
11:22:04.286	-34.0
11:22:04.298	-35.1
11:22:04.311	-34.1
11:22:04.319	-38.2
11:22:04.331	-38.8
11:22:04.343	-38.3
11:22:04.352	-37.6
11:22:04.364	-37.1
11:22:04.376	-37.2
11:22:04.384	-35.5
11:22:04.397	-33.0
11:22:04.409	-32.1
11:22:04.417	-32.5
11:22:04.429	-28.6
11:22:04.442	-28.9
11:22:04.450	-27.8
11:22:04.462	-27.9
11:22:04.474	-22.9
11:22:04.487	-21.6
11:22:04.495	-23.5
11:22:04.507	-26.8
11:22:04.520	-26.1
11:22:04.528	-25.9
11:22:04.540	-25.8
11:22:04.552	-24.8
11:22:04.565	-24.3
11:22:04.573	-22.7
11:22:04.585	-26.4
11:22:04.597	-26.6
11:22:04.606	-24.4
11:22:04.618	-23.6
11:22:04.630	-24.7
11:22:04.638	-23.7
11:22:04.651	-22.9
11:22:04.664	-22.8
11:22:04.671	-22.2
11:22:04.684	-22.2
11:22:04.697	-20.7
11:22:04.705	-20.0
11:22:04.717	-20.9
11:22:04.729	-19.9
11:22:04.742	-18.4
11:22:04.750	-18.2
11:22:04.762	-17.8
11:22:04.774	-16.8
11:22:04.783	-17.0
11:22:04.795	-16.9
11:22:04.807	-15.4
11:22:04.815	-15.2
11:22:04.828	-13.3
11:22:04.840	-13.3
11:22:04.852	-12.5
11:22:04.860	-12.3
11:22:04.873	-11.1
11:22:04.885	-12.2
11:22:04.893	-14.0
11:22:04.905	-14.4
11:22:04.918	-16.1
11:22:04.926	-16.4
11:22:04.938	-13.5
11:22:04.950	-12.7
11:22:04.959	-11.3
11:22:04.971	-12.0
11:22:04.983	-12.7
11:22:04.995	-12.0
11:22:05.004	-10.8
11:22:05.016	-11.3
11:22:05.028	-10.3
11:22:05.037	-7.5
11:22:05.049	-10.3
11:22:05.061	-11.7
11:22:05.069	-13.4
11:22:05.081	-14.9
11:22:05.094	-13.6
11:22:05.101	-15.1
11:22:05.114	-13.5
11:22:05.126	-10.1
11:22:05.138	-10.8
11:22:05.146	-12.9
11:22:05.159	-12.6
11:22:05.171	-12.5
11:22:05.179	-12.9
11:22:05.191	-9.1
11:22:05.204	-7.4
11:22:05.212	-5.6
11:22:05.224	-4.9
11:22:05.236	-3.9
11:22:05.249	-3.5
11:22:05.257	-1.9
11:22:05.269	-2.2
11:22:05.281	0.0
11:22:05.290	2.8
11:22:05.302	1.8
11:22:05.314	-0.4
11:22:05.322	-0.1
11:22:05.335	-0.1
11:22:05.347	-1.3
11:22:05.355	-0.6
11:22:05.367	-1.4
11:22:05.380	0.1
11:22:05.388	-1.7
11:22:05.400	-4.6
11:22:05.412	-3.9
11:22:05.425	-2.2
11:22:05.433	-0.9
11:22:05.445	-1.7
11:22:05.457	-3.1
11:22:05.466	-2.4
11:22:05.478	0.0
11:22:05.490	-0.3
11:22:05.503	0.5
11:22:05.511	2.3
11:22:05.523	2.5
11:22:05.535	0.4
11:22:05.543	-2.2
11:22:05.556	-2.2
11:22:05.568	-1.5
11:22:05.576	-1.6
11:22:05.588	-4.5
11:22:05.601	-4.3
11:22:05.609	-3.4
11:22:05.621	-3.2
11:22:05.634	-3.6
11:22:05.642	-5.6
11:22:05.655	-1.6
11:22:05.667	-1.5
11:22:05.680	-0.8
11:22:05.688	-1.9
11:22:05.700	0.0
11:22:05.712	-0.6
11:22:05.721	-0.7
11:22:05.733	-0.9
11:22:05.745	0.0
11:22:05.753	2.3
11:22:05.766	2.3
11:22:05.778	4.5
11:22:05.790	4.5
11:22:05.798	7.6
11:22:05.811	9.7
11:22:05.823	11.8
11:22:05.831	14.7
11:22:05.843	16.4
11:22:05.856	15.7
11:22:05.864	17.6
11:22:05.876	17.6
11:22:05.888	17.0
11:22:05.897	19.8
11:22:05.909	20.1
11:22:05.921	20.0
11:22:05.933	20.2
11:22:05.942	20.1
11:22:05.954	20.6
11:22:05.966	22.9
11:22:05.974	25.2
11:22:05.987	25.4
11:22:05.999	27.5
11:22:06.007	26.6
11:22:06.019	26.2
11:22:06.032	24.0
11:22:06.040	24.3
11:22:06.052	23.7
11:22:06.065	22.5
11:22:06.073	22.6
11:22:06.085	20.5
11:22:06.097	19.9
11:22:06.110	19.5
11:22:06.118	18.4
11:22:06.130	19.2
11:22:06.142	21.2
11:22:06.151	21.1
11:22:06.163	21.7
11:22:06.175	22.1
11:22:06.187	21.0
11:22:06.196	21.9
11:22:06.208	22.8
11:22:06.220	23.6
11:22:06.232	24.5
11:22:06.241	23.7
11:22:06.253	25.0
11:22:06.265	24.2
11:22:06.273	22.9
11:22:06.286	24.7
11:22:06.298	24.8
11:22:06.306	23.9
11:22:06.318	21.4
11:22:06.331	19.3
11:22:06.339	19.5
11:22:06.351	22.3
11:22:06.363	22.5
11:22:06.372	23.3
11:22:06.384	25.6
11:22:06.396	25.2
11:22:06.408	26.4
11:22:06.417	27.3
11:22:06.429	29.4
11:22:06.441	30.7
11:22:06.449	31.5
11:22:06.462	31.3
11:22:06.474	29.4
11:22:06.486	30.2
11:22:06.494	29.9
11:22:06.507	29.6
11:22:06.519	29.9
11:22:06.527	27.7
11:22:06.540	28.5
11:22:06.552	27.6
11:22:06.560	26.2
11:22:06.572	24.3
11:22:06.585	23.6
11:22:06.593	20.7
11:22:06.605	18.8
11:22:06.617	18.5
11:22:06.625	17.6
11:22:06.638	18.9
11:22:06.650	18.8
11:22:06.662	17.9
11:22:06.671	17.9
11:22:06.683	16.8
11:22:06.695	15.0
11:22:06.703	16.4
11:22:06.716	15.8
11:22:06.728	13.3
11:22:06.736	12.3
11:22:06.748	11.7
11:22:06.761	10.1
11:22:06.773	10.4
11:22:06.781	9.7
11:22:06.793	8.5
11:22:06.806	10.7
11:22:06.814	8.6
11:22:06.826	8.2
11:22:06.838	8.9
11:22:06.847	8.1
11:22:06.859	9.0
11:22:06.871	8.5
11:22:06.879	6.5
11:22:06.892	4.8
11:22:06.904	4.9
11:22:06.916	2.4
11:22:06.924	3.7
11:22:06.937	2.4
11:22:06.949	1.9
11:22:06.957	0.4
11:22:06.970	-2.0
11:22:06.982	-2.1
11:22:06.990	-1.8
11:22:07.002	-4.0
11:22:07.015	-5.5
11:22:07.023	-5.4
11:22:07.035	-7.3
11:22:07.048	-7.1
11:22:07.060	-7.6
11:22:07.068	-6.2
11:22:07.080	-6.4
11:22:07.093	-7.4
11:22:07.101	-8.0
11:22:07.113	-5.4
11:22:07.125	-3.4
11:22:07.134	-1.5
11:22:07.146	-1.6
11:22:07.158	-1.4
11:22:07.170	-2.3
11:22:07.179	-3.1
11:22:07.191	-2.7
11:22:07.203	-3.1
11:22:07.211	-3.1
11:22:07.224	-4.5
11:22:07.236	-5.9
11:22:07.244	-8.4
11:22:07.256	-8.3
11:22:07.269	-9.8
11:22:07.277	-9.4
11:22:07.289	-11.6
11:22:07.301	-12.6
11:22:07.310	-14.5
11:22:07.322	-15.6
11:22:07.334	-14.1
11:22:07.346	-14.4
11:22:07.355	-12.5
11:22:07.367	-14.1
11:22:07.380	-13.7
11:22:07.387	-13.6
11:22:07.400	-13.3
11:22:07.412	-13.1
11:22:07.424	-12.0
11:22:07.432	-10.5
11:22:07.445	-12.7
11:22:07.457	-13.3
11:22:07.465	-16.6
11:22:07.477	-16.4
11:22:07.490	-16.3
11:22:07.498	-17.6
11:22:07.510	-16.2
11:22:07.523	-17.2
11:22:07.531	-15.9
11:22:07.543	-12.9
11:22:07.555	-12.8
11:22:07.563	-11.9
11:22:07.576	-9.3
11:22:07.588	-7.7
11:22:07.600	-8.4
11:22:07.608	-6.2
11:22:07.621	-4.2
11:22:07.633	-3.6
11:22:07.641	-2.8
11:22:07.654	-0.7
11:22:07.666	0.9
11:22:07.674	2.1
11:22:07.686	1.2
11:22:07.699	3.1
11:22:07.711	6.3
11:22:07.719	6.4
11:22:07.731	5.5
11:22:07.744	7.1
11:22:07.752	8.6
11:22:07.764	5.5
11:22:07.776	5.7
11:22:07.785	5.7
11:22:07.797	7.4
11:22:07.809	7.7
11:22:07.817	5.6
11:22:07.830	5.8
11:22:07.842	6.8
11:22:07.854	5.5
11:22:07.862	5.5
11:22:07.875	5.8
11:22:07.887	6.3
11:22:07.895	6.0
11:22:07.907	6.9
11:22:07.920	7.9
11:22:07.928	10.4
11:22:07.940	12.2
11:22:07.953	12.7
11:22:07.961	15.2
11:22:07.973	17.2
11:22:07.985	18.2
11:22:07.993	18.6
11:22:08.006	19.5
11:22:08.018	20.7
11:22:08.030	20.1
11:22:08.038	20.5
11:22:08.051	18.9
11:22:08.063	19.2
11:22:08.071	18.3
11:22:08.084	14.6
11:22:08.096	13.0
11:22:08.108	12.9
11:22:08.116	12.8
11:22:08.129	11.1
11:22:08.141	8.9
11:22:08.149	8.7
11:22:08.161	10.8
11:22:08.174	9.3
11:22:08.186	12.2
11:22:08.194	12.5
11:22:08.206	13.7
11:22:08.219	12.8
11:22:08.227	13.6
11:22:08.239	14.3
11:22:08.251	14.8
11:22:08.260	15.0
11:22:08.272	13.7
11:22:08.284	15.7
11:22:08.292	14.4
11:22:08.305	16.7
11:22:08.317	16.1
11:22:08.329	18.0
11:22:08.338	17.9
11:22:08.350	17.4
11:22:08.362	18.5
11:22:08.370	19.1
11:22:08.382	21.0
11:22:08.395	20.9
11:22:08.407	20.5
11:22:08.415	24.4
11:22:08.428	24.7
11:22:08.440	26.1
11:22:08.448	25.6
11:22:08.460	26.9
11:22:08.473	29.2
11:22:08.481	28.4
11:22:08.493	27.0
11:22:08.505	27.0
11:22:08.514	26.6
11:22:08.526	21.4
11:22:08.538	21.2
11:22:08.546	20.0
11:22:08.558	22.2
11:22:08.570	21.5
11:22:08.583	18.9
11:22:08.591	18.4
11:22:08.603	19.9
11:22:08.615	18.5
11:22:08.624	18.6
11:22:08.636	19.9
11:22:08.648	18.5
11:22:08.656	20.9
11:22:08.669	20.5
11:22:08.681	19.5
11:22:08.694	23.8
11:22:08.702	24.2
11:22:08.714	22.7
11:22:08.726	25.9
11:22:08.735	25.7
11:22:08.747	25.6
11:22:08.759	26.2
11:22:08.768	24.7
11:22:08.780	23.2
11:22:08.792	24.6
11:22:08.800	21.8
11:22:08.813	23.5
11:22:08.825	21.9
11:22:08.837	19.7
11:22:08.845	19.8
11:22:08.858	20.3
11:22:08.870	21.3
11:22:08.878	20.0
11:22:08.890	20.5
11:22:08.903	20.0
11:22:08.911	18.5
11:22:08.923	17.8
11:22:08.936	21.0
11:22:08.944	21.1
11:22:08.956	22.3
11:22:08.968	21.8
11:22:08.980	22.3
11:22:08.989	23.6
11:22:09.001	23.4
11:22:09.013	25.1
11:22:09.021	26.8
11:22:09.034	27.0
11:22:09.046	24.4
11:22:09.054	26.8
11:22:09.066	25.3
11:22:09.079	24.5
11:22:09.091	24.3
11:22:09.099	24.6
11:22:09.112	24.7
11:22:09.124	21.6
11:22:09.132	20.1
11:22:09.145	18.1
11:22:09.157	18.8
11:22:09.165	16.4
11:22:09.178	16.4
11:22:09.190	17.3
11:22:09.198	16.8
11:22:09.210	15.6
11:22:09.222	16.0
11:22:09.231	20.7
11:22:09.242	20.3
11:22:09.255	20.0
11:22:09.267	19.7
11:22:09.275	20.2
11:22:09.287	20.4
11:22:09.300	19.3
11:22:09.308	19.4
11:22:09.320	19.4
11:22:09.332	19.3
11:22:09.345	15.8
11:22:09.353	15.6
11:22:09.365	17.6
11:22:09.377	19.4
11:22:09.386	18.4
11:22:09.398	18.5
11:22:09.410	19.0
11:22:09.418	18.1
11:22:09.431	19.8
11:22:09.443	18.7
11:22:09.451	18.0
11:22:09.463	18.8
11:22:09.476	18.9
11:22:09.484	17.7
11:22:09.496	18.2
11:22:09.509	17.9
11:22:09.521	18.2
11:22:09.529	18.7
11:22:09.541	17.3
11:22:09.553	20.7
11:22:09.562	20.9
11:22:09.574	22.5
11:22:09.586	21.9
11:22:09.595	21.6
11:22:09.607	20.5
11:22:09.619	21.0
11:22:09.631	21.3
11:22:09.639	21.5
11:22:09.652	23.0
11:22:09.664	18.6
11:22:09.672	19.3
11:22:09.685	16.7
11:22:09.697	16.5
11:22:09.705	16.5
11:22:09.717	16.2
11:22:09.730	16.5
11:22:09.738	15.2
11:22:09.750	13.2
11:22:09.762	10.1
11:22:09.775	11.8
11:22:09.783	10.7
11:22:09.795	10.3
11:22:09.807	9.2
11:22:09.816	8.7
11:22:09.828	9.6
11:22:09.840	9.0
11:22:09.848	6.8
11:22:09.861	7.0
11:22:09.873	6.9
11:22:09.881	5.2
11:22:09.893	6.0
11:22:09.907	6.2
11:22:09.915	8.2
11:22:09.927	7.1
11:22:09.939	5.6
11:22:09.952	3.6
11:22:09.960	5.2
11:22:09.972	5.6
11:22:09.984	6.0
11:22:09.993	5.8
11:22:10.005	3.4
11:22:10.017	2.8
11:22:10.029	-0.1
11:22:10.038	-0.2
11:22:10.050	0.7
11:22:10.062	0.7
11:22:10.070	-1.8
11:22:10.083	-1.8
11:22:10.095	-3.8
11:22:10.103	-5.1
11:22:10.115	-5.0
11:22:10.128	-6.3
11:22:10.136	-8.5
11:22:10.148	-6.4
11:22:10.161	-7.0
11:22:10.169	-7.6
11:22:10.181	-6.0
11:22:10.193	-7.6
11:22:10.206	-6.2
11:22:10.214	-6.0
11:22:10.226	-6.0
11:22:10.238	-5.1
11:22:10.246	-2.7
11:22:10.259	-5.7
11:22:10.271	-6.0
11:22:10.283	-5.1
11:22:10.292	-5.9
11:22:10.304	-6.2
11:22:10.316	-8.0
11:22:10.324	-8.3
11:22:10.337	-9.7
11:22:10.349	-10.9
11:22:10.361	-12.1
11:22:10.369	-11.3
11:22:10.382	-12.4
11:22:10.394	-12.2
11:22:10.402	-13.7
11:22:10.414	-15.0
11:22:10.427	-15.1
11:22:10.435	-14.4
11:22:10.447	-13.3
11:22:10.459	-13.3
11:22:10.468	-14.8
11:22:10.480	-15.7
11:22:10.492	-16.4
11:22:10.504	-18.6
11:22:10.513	-17.6
11:22:10.525	-16.8
11:22:10.537	-18.2
11:22:10.545	-20.5
11:22:10.558	-21.2
11:22:10.570	-19.4
11:22:10.578	-18.0
11:22:10.590	-18.6
11:22:10.603	-20.3
11:22:10.615	-19.7
11:22:10.623	-21.3
11:22:10.636	-21.0
11:22:10.648	-20.1
11:22:10.656	-18.8
11:22:10.668	-18.6
11:22:10.680	-20.8
11:22:10.689	-19.9
11:22:10.701	-20.2
11:22:10.713	-17.3
11:22:10.721	-19.3
11:22:10.734	-16.3
11:22:10.746	-15.4
11:22:10.758	-14.2
11:22:10.767	-14.8
11:22:10.779	-12.3
11:22:10.791	-10.8
11:22:10.799	-11.6
11:22:10.812	-9.3
11:22:10.824	-9.5
11:22:10.832	-7.5
11:22:10.844	-7.7
11:22:10.857	-8.2
11:22:10.865	-8.2
11:22:10.877	-7.4
11:22:10.889	-9.0
11:22:10.902	-9.3
11:22:10.910	-8.9
11:22:10.922	-10.9
11:22:10.934	-10.5
11:22:10.943	-9.1
11:22:10.955	-10.6
11:22:10.967	-9.3
11:22:10.975	-8.3
11:22:10.988	-7.0
11:22:11.000	-6.2
11:22:11.012	-3.7
11:22:11.020	-2.7
11:22:11.033	-0.8
11:22:11.045	0.7
11:22:11.053	0.4
11:22:11.065	1.3
11:22:11.078	2.2
11:22:11.086	2.8
11:22:11.098	2.5
11:22:11.111	1.6
11:22:11.119	1.3
11:22:11.131	1.9
11:22:11.143	1.6
11:22:11.151	0.4
11:22:11.164	-0.1
11:22:11.176	1.0
11:22:11.188	0.1
11:22:11.196	0.4
11:22:11.209	1.4
11:22:11.221	3.0
11:22:11.229	2.6
11:22:11.242	5.2
11:22:11.254	6.0
11:22:11.266	5.6
11:22:11.274	7.3
11:22:11.287	7.8
11:22:11.299	8.6
11:22:11.307	8.6
11:22:11.319	8.6
11:22:11.332	9.2
11:22:11.340	8.5
11:22:11.352	6.8
11:22:11.364	6.7
11:22:11.373	6.1
11:22:11.385	5.6
11:22:11.397	5.2
11:22:11.405	4.3
11:22:11.418	4.5
11:22:11.430	5.6
11:22:11.442	4.1
11:22:11.450	5.3
11:22:11.463	4.0
11:22:11.475	3.4
11:22:11.483	5.9
11:22:11.495	6.5
11:22:11.508	6.3
11:22:11.516	7.6
11:22:11.528	8.6
11:22:11.541	8.5
11:22:11.553	10.2
11:22:11.561	10.1
11:22:11.573	10.7
11:22:11.586	10.9
11:22:11.594	12.2
11:22:11.606	14.2
11:22:11.619	13.9
11:22:11.627	14.8
11:22:11.639	12.5
11:22:11.651	12.0
11:22:11.659	11.8
11:22:11.672	11.6
11:22:11.684	13.2
11:22:11.696	12.3
11:22:11.704	9.7
11:22:11.717	7.9
11:22:11.729	9.0
11:22:11.737	7.4
11:22:11.750	9.9
11:22:11.762	10.3
11:22:11.770	11.2
11:22:11.782	10.8
11:22:11.795	10.2
11:22:11.803	12.7
11:22:11.815	14.5
11:22:11.827	14.9
11:22:11.836	15.4
11:22:11.848	16.3
11:22:11.860	16.2
11:22:11.872	18.6
11:22:11.881	16.4
11:22:11.893	17.1
11:22:11.905	15.9
11:22:11.913	15.1
11:22:11.926	14.9
11:22:11.938	14.0
11:22:11.950	14.2
11:22:11.958	13.5
11:22:11.971	13.2
11:22:11.983	10.6
11:22:11.991	12.4
11:22:12.003	12.5
11:22:12.016	13.2
11:22:12.024	14.3
11:22:12.036	14.4
11:22:12.048	15.5
11:22:12.057	14.3
11:22:12.069	15.0
11:22:12.081	14.6
11:22:12.089	13.0
11:22:12.102	12.6
11:22:12.114	11.7
11:22:12.126	11.6
11:22:12.134	11.6
11:22:12.147	10.4
11:22:12.159	10.4
11:22:12.167	9.1
11:22:12.180	9.2
11:22:12.192	9.2
11:22:12.204	10.5
11:22:12.212	8.0
11:22:12.225	9.0
11:22:12.237	8.3
11:22:12.245	8.2
11:22:12.257	9.6
11:22:12.270	9.0
11:22:12.282	10.3
11:22:12.290	11.4
11:22:12.302	10.7
11:22:12.315	10.9
11:22:12.323	13.2
11:22:12.335	16.0
11:22:12.347	15.9
11:22:12.356	15.4
11:22:12.368	15.5
11:22:12.380	16.3
11:22:12.389	18.2
11:22:12.401	15.7
11:22:12.413	17.2
11:22:12.425	15.8
11:22:12.434	17.8
11:22:12.446	13.7
11:22:12.458	13.8
11:22:12.466	14.3
11:22:12.479	15.0
11:22:12.491	15.8
11:22:12.499	14.9
11:22:12.512	15.2
11:22:12.524	12.3
11:22:12.536	13.7
11:22:12.544	12.4
11:22:12.556	17.7
11:22:12.569	17.4
11:22:12.577	16.6
11:22:12.589	15.7
11:22:12.601	14.5
11:22:12.610	15.4
11:22:12.622	15.0
11:22:12.634	16.8
11:22:12.642	16.6
11:22:12.655	15.2
11:22:12.667	11.4
11:22:12.679	12.3
11:22:12.687	12.9
11:22:12.700	11.5
11:22:12.712	10.3
11:22:12.720	9.4
11:22:12.732	10.0
11:22:12.745	9.5
11:22:12.753	7.7
11:22:12.765	8.4
11:22:12.777	7.9
11:22:12.786	7.0
11:22:12.798	6.0
11:22:12.811	7.5
11:22:12.823	9.1
11:22:12.831	8.0
11:22:12.843	6.9
11:22:12.855	10.4
11:22:12.864	11.4
11:22:12.876	10.7
11:22:12.888	11.8
11:22:12.896	13.6
11:22:12.909	13.4
11:22:12.921	12.5
11:22:12.933	13.8
11:22:12.942	13.4
11:22:12.954	14.1
11:22:12.966	11.6
11:22:12.974	12.5
11:22:12.987	12.6
11:22:12.999	12.7
11:22:13.007	12.5
11:22:13.019	13.4
11:22:13.032	12.5
11:22:13.040	11.5
11:22:13.052	13.7
11:22:13.064	14.4
11:22:13.073	13.5
11:22:13.085	13.7
11:22:13.097	14.9
11:22:13.109	13.4
11:22:13.118	13.4
11:22:13.130	13.8
11:22:13.142	13.2
11:22:13.150	12.1
11:22:13.163	10.3
11:22:13.175	9.9
11:22:13.187	9.9
11:22:13.195	9.5
11:22:13.208	8.3
11:22:13.220	8.0
11:22:13.228	7.2
11:22:13.240	5.7
11:22:13.253	8.3
11:22:13.261	7.6
11:22:13.273	8.2
11:22:13.285	7.3
11:22:13.294	7.8
11:22:13.306	6.5
11:22:13.318	6.6
11:22:13.327	7.9
11:22:13.339	9.0
11:22:13.351	9.0
11:22:13.363	7.7
11:22:13.372	10.0
11:22:13.384	9.8
11:22:13.396	9.7
11:22:13.404	8.8
11:22:13.417	7.9
11:22:13.429	7.4
11:22:13.437	5.4
11:22:13.449	2.1
11:22:13.462	2.0
11:22:13.474	1.3
11:22:13.482	-1.7
11:22:13.494	-2.4
11:22:13.507	-1.4
11:22:13.515	-4.1
11:22:13.527	-1.3
11:22:13.539	-1.0
11:22:13.548	-1.9
11:22:13.560	-0.9
11:22:13.572	-2.7
11:22:13.580	-3.2
11:22:13.593	-2.6
11:22:13.605	-3.0
11:22:13.617	-3.1
11:22:13.625	-1.7
11:22:13.638	-3.4
11:22:13.650	-3.3
11:22:13.658	-2.1
11:22:13.670	-1.4
11:22:13.683	-1.0
11:22:13.691	0.1
11:22:13.703	-1.5
11:22:13.715	-1.2
11:22:13.724	-3.4
11:22:13.736	-3.1
11:22:13.748	-4.4
11:22:13.756	-5.7
11:22:13.769	-3.8
11:22:13.781	-4.7
11:22:13.793	-4.2
11:22:13.801	-8.1
11:22:13.814	-4.5
11:22:13.826	-7.1
11:22:13.834	-5.5
11:22:13.847	-5.3
11:22:13.859	-6.3
11:22:13.871	-6.6
11:22:13.879	-10.1
11:22:13.892	-10.8
11:22:13.904	-13.0
11:22:13.912	-9.9
11:22:13.924	-12.9
11:22:13.937	-11.9
11:22:13.945	-12.4
11:22:13.957	-14.9
11:22:13.969	-12.6
11:22:13.978	-13.0
11:22:13.990	-12.4
11:22:14.002	-13.0
11:22:14.010	-11.8
11:22:14.023	-13.4
11:22:14.035	-14.2
11:22:14.047	-14.6
11:22:14.055	-16.2
11:22:14.068	-13.3
11:22:14.080	-14.5
11:22:14.088	-13.2
11:22:14.100	-14.2
11:22:14.113	-16.0
11:22:14.125	-16.4
11:22:14.133	-16.1
11:22:14.145	-16.5
11:22:14.158	-14.1
11:22:14.170	-15.5
11:22:14.178	-17.4
11:22:14.190	-18.3
11:22:14.203	-19.2
11:22:14.211	-18.0
11:22:14.223	-16.5
11:22:14.235	-17.6
11:22:14.244	-17.6
11:22:14.256	-16.5
11:22:14.268	-17.4
11:22:14.276	-15.1
11:22:14.289	-12.2
11:22:14.301	-11.2
11:22:14.309	-11.2
11:22:14.321	-11.9
11:22:14.334	-12.7
11:22:14.346	-9.9
11:22:14.354	-9.3
11:22:14.367	-10.8
11:22:14.379	-9.8
11:22:14.387	-9.7
11:22:14.399	-10.8
11:22:14.411	-9.5
11:22:14.420	-8.7
11:22:14.432	-8.8
11:22:14.444	-6.5
11:22:14.457	-6.4
11:22:14.465	-6.2
11:22:14.477	-4.5
11:22:14.489	-4.0
11:22:14.498	-1.2
11:22:14.510	-0.1
11:22:14.522	-0.4
11:22:14.530	0.4
11:22:14.543	5.5
11:22:14.555	5.6
11:22:14.563	6.4
11:22:14.575	7.0
11:22:14.588	8.2
11:22:14.600	8.2
11:22:14.608	8.6
11:22:14.620	8.3
11:22:14.633	9.9
11:22:14.641	11.8
11:22:14.653	8.2
11:22:14.665	8.5
11:22:14.674	8.4
11:22:14.686	8.2
11:22:14.698	8.3
11:22:14.706	8.5
11:22:14.719	6.7
11:22:14.731	8.1
11:22:14.743	8.5
11:22:14.751	6.3
11:22:14.764	8.7
11:22:14.776	10.1
11:22:14.784	10.3
11:22:14.797	11.0
11:22:14.809	11.7
11:22:14.817	10.3
11:22:14.829	12.3
11:22:14.842	11.6
11:22:14.854	11.1
11:22:14.862	13.5
11:22:14.874	12.9
11:22:14.887	13.4
11:22:14.895	13.5
11:22:14.907	12.3
11:22:14.919	11.5
11:22:14.928	13.4
11:22:14.940	12.1
11:22:14.952	12.7
11:22:14.960	11.5
11:22:14.973	8.8
11:22:14.985	7.4
11:22:14.993	6.8
11:22:15.005	7.2
11:22:15.018	10.3
11:22:15.030	11.7
11:22:15.038	11.5
11:22:15.050	11.6
11:22:15.063	10.3
11:22:15.071	10.3
11:22:15.083	11.3
11:22:15.095	13.1
11:22:15.108	13.6
11:22:15.116	13.2
11:22:15.128	12.3
11:22:15.140	11.7
11:22:15.149	11.0
11:22:15.161	10.9
11:22:15.173	10.5
11:22:15.181	11.6
11:22:15.194	11.7
11:22:15.206	10.3
11:22:15.214	9.4
11:22:15.226	10.3
11:22:15.239	10.7
11:22:15.247	10.7
11:22:15.259	11.1
11:22:15.272	13.3
11:22:15.284	13.3
11:22:15.292	11.6
11:22:15.304	12.1
11:22:15.317	12.9
11:22:15.325	12.6
11:22:15.337	12.3
11:22:15.349	11.9
11:22:15.357	11.2
11:22:15.370	10.7
11:22:15.382	6.7
11:22:15.394	9.5
11:22:15.403	11.2
11:22:15.415	10.4
11:22:15.427	10.1
11:22:15.435	10.4
11:22:15.448	10.4
11:22:15.460	9.1
11:22:15.468	9.1
11:22:15.480	9.5
11:22:15.493	13.6
11:22:15.501	11.1
11:22:15.513	11.4
11:22:15.525	10.6
11:22:15.538	8.4
11:22:15.546	7.7
11:22:15.558	6.0
11:22:15.571	7.3
11:22:15.579	7.7
11:22:15.591	6.4
11:22:15.603	4.2
11:22:15.611	4.9
11:22:15.624	4.0
11:22:15.636	3.9
11:22:15.644	5.3
11:22:15.656	6.7
11:22:15.669	7.3
11:22:15.677	5.8
11:22:15.689	6.4
11:22:15.701	6.3
11:22:15.714	7.4
11:22:15.722	6.0
11:22:15.734	7.5
11:22:15.746	8.5
11:22:15.755	9.8
11:22:15.767	9.7
11:22:15.779	9.1
11:22:15.791	9.8
11:22:15.800	11.0
11:22:15.812	9.8
11:22:15.824	6.9
11:22:15.833	6.1
11:22:15.845	4.5
11:22:15.857	2.1
11:22:15.865	1.0
11:22:15.878	-1.3
11:22:15.890	-0.5
11:22:15.898	-1.4
11:22:15.910	-2.4
11:22:15.923	-0.2
11:22:15.931	0.3
11:22:15.943	2.8
11:22:15.955	1.6
11:22:15.968	3.0
11:22:15.976	1.8
11:22:15.988	0.4
11:22:16.000	-0.7
11:22:16.010	-1.4
11:22:16.022	-3.5
11:22:16.034	-5.5
11:22:16.046	-5.3
11:22:16.055	-7.8
11:22:16.067	-7.1
11:22:16.079	-7.8
11:22:16.087	-7.4
11:22:16.100	-5.6
11:22:16.112	-5.0
11:22:16.120	-6.0
11:22:16.132	-7.0
11:22:16.145	-6.7
11:22:16.153	-5.8
11:22:16.165	-6.9
11:22:16.177	-6.4
11:22:16.186	-7.1
11:22:16.198	-7.3
11:22:16.210	-6.5
11:22:16.222	-8.0
11:22:16.231	-7.6
11:22:16.243	-9.8
11:22:16.255	-10.8
11:22:16.267	-13.3
11:22:16.276	-14.0
11:22:16.288	-15.3
11:22:16.300	-16.0
11:22:16.309	-16.1
11:22:16.321	-18.2
11:22:16.333	-19.5
11:22:16.341	-20.5
11:22:16.354	-18.1
11:22:16.366	-17.4
11:22:16.378	-15.9
11:22:16.386	-15.2
11:22:16.399	-15.3
11:22:16.411	-16.7
11:22:16.419	-17.7
11:22:16.431	-18.4
11:22:16.444	-17.4
11:22:16.452	-16.9
11:22:16.464	-16.4
11:22:16.476	-15.0
11:22:16.485	-16.1
11:22:16.497	-15.5
11:22:16.509	-14.3
11:22:16.521	-12.0
11:22:16.530	-10.0
11:22:16.542	-8.3
11:22:16.554	-9.6
11:22:16.562	-9.6
11:22:16.575	-9.8
11:22:16.587	-11.0
11:22:16.595	-10.6
11:22:16.607	-10.1
11:22:16.620	-11.2
11:22:16.628	-9.9
11:22:16.640	-11.2
11:22:16.652	-10.8
11:22:16.665	-7.0
11:22:16.673	-6.6
11:22:16.685	-5.9
11:22:16.697	-4.5
11:22:16.706	-3.2
11:22:16.718	-3.3
11:22:16.730	0.4
11:22:16.738	1.1
11:22:16.751	2.1
11:22:16.763	1.1
11:22:16.775	0.1
11:22:16.784	2.3
11:22:16.796	2.4
11:22:16.808	3.5
11:22:16.816	2.3
11:22:16.829	3.0
11:22:16.841	-0.6
11:22:16.849	-2.2
11:22:16.861	-0.9
11:22:16.874	2.6
11:22:16.882	4.9
11:22:16.894	4.3
11:22:16.906	5.4
11:22:16.914	3.8
11:22:16.927	4.9
11:22:16.939	5.8
11:22:16.951	6.4
11:22:16.960	8.1
11:22:16.972	7.6
11:22:16.984	8.2
11:22:16.992	8.3
11:22:17.005	8.7
11:22:17.017	8.8
11:22:17.029	10.1
11:22:17.037	8.1
11:22:17.050	8.8
11:22:17.062	10.1
11:22:17.070	9.1
11:22:17.083	8.9
11:22:17.095	4.8
11:22:17.103	3.0
11:22:17.115	2.9
11:22:17.128	0.3
11:22:17.136	-0.9
11:22:17.148	1.5
11:22:17.160	-0.1
11:22:17.168	-1.3
11:22:17.181	-1.9
11:22:17.193	-1.7
11:22:17.205	0.1
11:22:17.213	-1.5
11:22:17.226	-1.4
11:22:17.238	2.8
11:22:17.246	3.3
11:22:17.259	3.7
11:22:17.271	4.1
11:22:17.279	5.6
11:22:17.291	8.2
11:22:17.304	7.9
11:22:17.316	8.5
11:22:17.324	10.0
11:22:17.336	9.4
11:22:17.349	6.4
11:22:17.357	5.9
11:22:17.369	5.0
11:22:17.381	5.2
11:22:17.389	4.7
11:22:17.402	1.5
11:22:17.414	0.7
11:22:17.422	-2.3
11:22:17.435	-3.4
11:22:17.447	-2.7
11:22:17.459	-3.6
11:22:17.467	-3.7
11:22:17.480	-3.0
11:22:17.492	-2.6
11:22:17.500	-3.6
11:22:17.512	-2.4
11:22:17.525	0.2
11:22:17.533	3.5
11:22:17.545	5.1
11:22:17.558	4.9
11:22:17.566	5.1
11:22:17.578	5.9
11:22:17.590	5.8
11:22:17.598	7.4
11:22:17.611	8.9
11:22:17.623	8.5
11:22:17.635	10.0
11:22:17.643	9.3
11:22:17.656	9.2
11:22:17.668	9.7
11:22:17.676	10.4
11:22:17.689	12.4
11:22:17.701	11.6
11:22:17.713	9.5
11:22:17.721	8.2
11:22:17.734	8.7
11:22:17.746	4.4
11:22:17.754	3.8
11:22:17.766	2.5
11:22:17.779	2.9
11:22:17.787	4.1
11:22:17.799	2.4
11:22:17.811	3.1
11:22:17.820	1.7
11:22:17.832	3.1
11:22:17.844	3.3
11:22:17.852	5.3
11:22:17.865	6.3
11:22:17.877	6.2
11:22:17.889	4.1
11:22:17.897	2.9
11:22:17.910	1.8
11:22:17.922	2.3
11:22:17.930	3.0
11:22:17.942	1.2
11:22:17.955	2.0
11:22:17.967	-0.1
11:22:17.975	-1.3
11:22:17.987	0.1
11:22:18.000	1.4
11:22:18.008	0.8
11:22:18.020	1.0
11:22:18.032	1.2
11:22:18.041	1.6
11:22:18.053	0.4
11:22:18.065	0.0
11:22:18.073	-0.7
11:22:18.086	-2.7
11:22:18.098	-2.2
11:22:18.106	-2.9
11:22:18.118	-2.8
11:22:18.131	-4.0
11:22:18.143	-6.1
11:22:18.151	-8.7
11:22:18.163	-8.1
11:22:18.176	-10.5
11:22:18.188	-10.3
11:22:18.196	-9.7
11:22:18.209	-10.8
11:22:18.221	-12.0
11:22:18.229	-13.7
11:22:18.242	-15.1
11:22:18.254	-15.7
11:22:18.262	-12.2
11:22:18.274	-13.2
11:22:18.287	-12.0
11:22:18.299	-13.1
11:22:18.307	-11.7
11:22:18.319	-13.7
11:22:18.332	-14.4
11:22:18.340	-12.6
11:22:18.352	-13.0
11:22:18.364	-13.2
11:22:18.373	-13.7
11:22:18.385	-12.6
11:22:18.397	-12.6
11:22:18.405	-10.5
11:22:18.418	-10.2
11:22:18.430	-7.4
11:22:18.442	-5.6
11:22:18.451	-3.9
11:22:18.463	-0.8
11:22:18.475	2.0
11:22:18.483	0.8
11:22:18.496	2.9
11:22:18.508	4.3
11:22:18.516	4.7
11:22:18.528	5.3
11:22:18.541	4.5
11:22:18.549	7.6
11:22:18.561	7.2
11:22:18.573	8.7
11:22:18.586	9.4
11:22:18.594	11.4
11:22:18.606	9.7
11:22:18.618	8.7
11:22:18.627	8.9
11:22:18.639	9.2
11:22:18.651	9.8
11:22:18.659	7.4
11:22:18.672	9.2
11:22:18.684	7.8
11:22:18.696	5.5
11:22:18.704	3.4
11:22:18.717	2.0
11:22:18.729	2.3
11:22:18.737	2.7
11:22:18.749	2.3
11:22:18.762	2.8
11:22:18.770	4.5
11:22:18.782	4.1
11:22:18.794	4.3
11:22:18.803	5.5
11:22:18.815	8.9
11:22:18.827	11.9
11:22:18.835	12.7
11:22:18.848	13.5
11:22:18.860	13.9
11:22:18.872	14.6
11:22:18.880	14.3
11:22:18.893	13.4
11:22:18.905	12.5
11:22:18.913	16.5
11:22:18.926	16.3
11:22:18.938	15.4
11:22:18.950	17.2
11:22:18.958	15.8
11:22:18.970	16.0
11:22:18.983	14.8
11:22:18.991	14.8
11:22:19.003	14.5
11:22:19.016	18.7
11:22:19.024	15.2
11:22:19.036	12.2
11:22:19.048	12.5
11:22:19.056	12.0
11:22:19.069	13.0
11:22:19.081	13.5
11:22:19.089	15.9
11:22:19.102	16.9
11:22:19.114	17.4
11:22:19.126	16.0
11:22:19.134	15.9
11:22:19.147	19.1
11:22:19.159	20.0
11:22:19.167	20.1
11:22:19.179	21.9
11:22:19.192	23.1
11:22:19.200	23.5
11:22:19.212	22.9
11:22:19.224	23.5
11:22:19.237	24.3
11:22:19.245	26.3
11:22:19.257	26.1
11:22:19.270	26.6
11:22:19.278	25.8
11:22:19.290	26.2
11:22:19.302	25.2
11:22:19.310	22.5
11:22:19.323	22.7
11:22:19.335	23.1
11:22:19.343	21.2
11:22:19.355	19.3
11:22:19.368	18.1
11:22:19.380	17.0
11:22:19.388	19.1
11:22:19.401	16.9
11:22:19.413	18.8
11:22:19.421	19.1
11:22:19.433	16.9
11:22:19.446	15.8
11:22:19.454	15.4
11:22:19.466	15.6
11:22:19.478	14.9
11:22:19.486	15.2
11:22:19.499	13.1
11:22:19.511	12.9
11:22:19.519	8.3
11:22:19.532	8.0
11:22:19.544	9.8
11:22:19.556	10.1
11:22:19.564	9.8
11:22:19.577	9.6
11:22:19.589	9.8
11:22:19.597	11.5
11:22:19.609	10.1
11:22:19.622	9.4
11:22:19.634	11.5
11:22:19.642	13.0
11:22:19.654	13.6
11:22:19.667	12.9
11:22:19.675	13.5
11:22:19.687	12.3
11:22:19.699	12.1
11:22:19.708	10.6
11:22:19.720	12.5
11:22:19.732	12.7
11:22:19.740	13.4
11:22:19.753	13.0
11:22:19.765	13.8
11:22:19.773	14.8
11:22:19.785	14.3
11:22:19.798	15.8
11:22:19.810	15.4
11:22:19.818	15.9
11:22:19.831	14.4
11:22:19.843	14.4
11:22:19.851	14.2
11:22:19.863	14.1
11:22:19.876	10.8
11:22:19.888	10.2
11:22:19.896	8.3
11:22:19.908	7.7
11:22:19.921	9.2
11:22:19.929	7.6
11:22:19.941	9.8
11:22:19.953	9.9
11:22:19.961	7.3
11:22:19.974	7.9
11:22:19.986	8.6
11:22:19.994	9.5
11:22:20.007	12.1
11:22:20.019	12.6
11:22:20.027	12.3
11:22:20.039	13.8
11:22:20.052	13.2
11:22:20.064	12.5
11:22:20.072	14.2
11:22:20.084	12.1
11:22:20.097	12.9
11:22:20.109	10.9
11:22:20.117	10.0
11:22:20.129	10.5
11:22:20.142	10.2
11:22:20.150	9.8
11:22:20.162	8.4
11:22:20.170	9.6
11:22:20.183	9.2
11:22:20.195	12.7
11:22:20.207	12.7
11:22:20.219	13.8
11:22:20.228	14.0
11:22:20.240	11.7
11:22:20.252	12.1
11:22:20.260	10.8
11:22:20.273	10.2
11:22:20.285	9.1
11:22:20.293	8.7
11:22:20.305	5.9
11:22:20.318	4.6
11:22:20.326	3.9
11:22:20.338	2.7
11:22:20.350	5.2
11:22:20.363	4.6
11:22:20.371	4.1
11:22:20.383	4.6
11:22:20.395	6.7
11:22:20.404	7.7
11:22:20.416	7.2
11:22:20.428	6.7
11:22:20.436	6.4
11:22:20.449	6.7
11:22:20.461	4.7
11:22:20.469	6.1
11:22:20.482	6.6
11:22:20.494	7.0
11:22:20.506	4.5
11:22:20.514	3.4
11:22:20.527	1.8
11:22:20.539	0.4
11:22:20.547	-0.4
11:22:20.559	-0.6
11:22:20.572	0.7
11:22:20.580	-2.8
11:22:20.592	-3.3
11:22:20.604	-6.3
11:22:20.617	-7.1
11:22:20.625	-8.4
11:22:20.637	-8.8
11:22:20.649	-7.3
11:22:20.658	-5.6
11:22:20.670	-5.9
11:22:20.682	-9.0
11:22:20.690	-7.7
11:22:20.703	-9.1
11:22:20.715	-8.3
11:22:20.723	-9.4
11:22:20.735	-9.0
11:22:20.748	-8.0
11:22:20.756	-9.3
11:22:20.768	-12.8
11:22:20.781	-14.0
11:22:20.793	-13.7
11:22:20.801	-16.1
11:22:20.813	-14.4
11:22:20.826	-14.1
11:22:20.834	-12.9
11:22:20.846	-14.5
11:22:20.858	-15.5
11:22:20.871	-16.9
11:22:20.879	-18.2
11:22:20.892	-18.8
11:22:20.904	-19.8
11:22:20.912	-16.5
11:22:20.924	-19.6
11:22:20.937	-20.8
11:22:20.945	-21.7
11:22:20.957	-20.9
11:22:20.969	-20.5
11:22:20.978	-20.0
11:22:20.990	-17.3
11:22:21.002	-16.8
11:22:21.010	-15.7
11:22:21.023	-19.2
11:22:21.035	-16.7
11:22:21.047	-14.9
11:22:21.055	-15.7
11:22:21.068	-16.7
11:22:21.080	-18.5
11:22:21.088	-18.2
11:22:21.100	-18.6
11:22:21.113	-19.6
11:22:21.121	-18.7
11:22:21.133	-18.3
11:22:21.146	-19.8
11:22:21.158	-20.1
11:22:21.166	-19.5
11:22:21.178	-17.3
11:22:21.191	-15.5
11:22:21.199	-14.6
11:22:21.211	-14.1
11:22:21.223	-11.5
11:22:21.232	-13.5
11:22:21.244	-13.1
11:22:21.256	-13.0
11:22:21.264	-12.4
11:22:21.277	-11.3
11:22:21.289	-12.8
11:22:21.301	-13.7
11:22:21.309	-12.8
11:22:21.322	-12.1
11:22:21.334	-12.3
11:22:21.342	-13.0
11:22:21.354	-11.7
11:22:21.367	-9.9
11:22:21.375	-11.5
11:22:21.387	-11.4
11:22:21.399	-11.4
11:22:21.408	-10.2
11:22:21.420	-9.5
11:22:21.432	-11.0
11:22:21.440	-10.2
11:22:21.453	-6.9
11:22:21.465	-8.3
11:22:21.477	-10.3
11:22:21.485	-9.1
11:22:21.498	-7.3
11:22:21.510	-6.5
11:22:21.518	-6.5
11:22:21.530	-7.3
11:22:21.543	-5.7
11:22:21.555	-6.1
11:22:21.563	-5.1
11:22:21.576	-4.2
11:22:21.588	-1.6
11:22:21.596	-2.9
11:22:21.608	-3.3
11:22:21.621	-1.8
11:22:21.629	1.7
11:22:21.641	3.0
11:22:21.653	3.7
11:22:21.662	3.8
11:22:21.674	0.9
11:22:21.686	2.4
11:22:21.694	2.5
11:22:21.706	3.8
11:22:21.719	2.8
11:22:21.731	5.1
11:22:21.739	0.8
11:22:21.752	2.5
11:22:21.764	2.1
11:22:21.772	2.7
11:22:21.784	5.8
11:22:21.797	4.5
11:22:21.809	2.2
11:22:21.817	4.4
11:22:21.829	4.7
11:22:21.842	1.7
11:22:21.850	4.1
11:22:21.862	0.6
11:22:21.874	1.1
11:22:21.883	1.0
11:22:21.895	1.2
11:22:21.907	2.8
11:22:21.915	5.5
11:22:21.928	2.0
11:22:21.940	4.1
11:22:21.948	5.5
11:22:21.961	5.4
11:22:21.973	6.9
11:22:21.985	5.0
11:22:21.993	5.6
11:22:22.006	3.0
11:22:22.018	4.1
11:22:22.026	3.5
11:22:22.038	6.7
11:22:22.051	6.6
11:22:22.059	6.3
11:22:22.071	5.6
11:22:22.083	6.9
11:22:22.092	8.8
11:22:22.104	8.6
11:22:22.116	9.4
11:22:22.128	7.5
11:22:22.137	8.9
11:22:22.149	8.3
11:22:22.161	7.2
11:22:22.169	7.3
11:22:22.182	8.7
11:22:22.194	7.7
11:22:22.202	9.5
11:22:22.214	10.4
11:22:22.227	10.5
11:22:22.239	12.4
11:22:22.247	11.2
11:22:22.259	9.5
11:22:22.272	9.1
11:22:22.284	8.8
11:22:22.292	6.5
11:22:22.304	6.2
11:22:22.317	3.6
11:22:22.325	2.9
11:22:22.337	4.3
11:22:22.349	3.2
11:22:22.358	7.2
11:22:22.370	9.3
11:22:22.382	9.3
11:22:22.390	9.9
11:22:22.403	10.7
11:22:22.415	11.3
11:22:22.427	12.0
11:22:22.435	15.0
11:22:22.448	14.2
11:22:22.460	12.9
11:22:22.468	8.6
11:22:22.481	9.6
11:22:22.493	10.9
11:22:22.501	10.3
11:22:22.513	10.8
11:22:22.526	9.3
11:22:22.538	10.5
11:22:22.546	5.6
11:22:22.558	7.4
11:22:22.571	9.6
11:22:22.579	8.5
11:22:22.591	6.6
11:22:22.603	5.3
11:22:22.612	5.3
11:22:22.624	5.6
11:22:22.636	6.3
11:22:22.644	3.9
11:22:22.657	6.0
11:22:22.669	4.7
11:22:22.677	2.9
11:22:22.689	3.7
11:22:22.702	4.4
11:22:22.714	4.9
11:22:22.722	5.3
11:22:22.734	5.0
11:22:22.747	7.2
11:22:22.755	8.6
11:22:22.767	8.2
11:22:22.779	7.0
11:22:22.792	7.6
11:22:22.800	8.4
11:22:22.812	10.8
11:22:22.824	12.0
11:22:22.833	10.1
11:22:22.845	9.6
11:22:22.857	8.1
11:22:22.865	7.2
11:22:22.878	6.0
11:22:22.890	7.2
11:22:22.898	8.4
11:22:22.910	9.9
11:22:22.923	8.7
11:22:22.931	8.4
11:22:22.943	10.1
11:22:22.956	12.3
11:22:22.968	14.8
11:22:22.976	17.4
11:22:22.988	19.2
11:22:23.001	19.9
11:22:23.009	20.5
11:22:23.021	19.0
11:22:23.034	17.5
11:22:23.041	17.3
11:22:23.054	16.4
11:22:23.066	14.4
11:22:23.078	12.1
11:22:23.087	10.6
11:22:23.099	14.7
11:22:23.112	13.6
11:22:23.120	14.3
11:22:23.132	15.3
11:22:23.144	15.8
11:22:23.153	15.1
11:22:23.165	17.0
11:22:23.177	17.2
11:22:23.185	18.5
11:22:23.198	18.0
11:22:23.210	13.1
11:22:23.222	14.3
11:22:23.230	13.6
11:22:23.243	12.5
11:22:23.255	13.1
11:22:23.263	14.0
11:22:23.275	13.1
11:22:23.288	12.0
11:22:23.296	9.3
11:22:23.308	9.4
11:22:23.320	10.4
11:22:23.329	9.7
11:22:23.341	10.7
11:22:23.353	10.5
11:22:23.361	9.6
11:22:23.374	9.3
11:22:23.386	10.1
11:22:23.398	12.6
11:22:23.406	12.9
11:22:23.419	14.2
11:22:23.431	13.7
11:22:23.439	14.4
11:22:23.451	12.6
11:22:23.464	14.4
11:22:23.476	16.0
11:22:23.484	17.1
11:22:23.497	16.9
11:22:23.509	17.1
11:22:23.517	17.6
11:22:23.529	17.2
11:22:23.542	16.4
11:22:23.550	16.5
11:22:23.562	15.9
11:22:23.574	13.2
11:22:23.582	7.8
11:22:23.595	1.7
11:22:23.607	1.1
11:22:23.615	-1.9
11:22:23.628	-3.9
11:22:23.640	-4.5
11:22:23.652	-7.7
11:22:23.660	-9.1
11:22:23.673	-11.1
11:22:23.685	-11.9
11:22:23.693	-10.1
11:22:23.705	-7.9
11:22:23.718	-10.7
11:22:23.730	-10.8
11:22:23.738	-10.5
11:22:23.750	-12.9
11:22:23.763	-12.4
11:22:23.771	-14.4
11:22:23.783	-15.6
11:22:23.795	-13.7
11:22:23.804	-14.1
11:22:23.816	-13.2
11:22:23.828	-12.0
11:22:23.836	-11.4
11:22:23.849	-9.8
11:22:23.861	-9.5
11:22:23.869	-6.7
11:22:23.882	-5.7
11:22:23.894	-2.1
11:22:23.906	-2.6
11:22:23.914	-0.8
11:22:23.926	-0.6
11:22:23.939	-0.7
11:22:23.947	0.1
11:22:23.959	-1.0
11:22:23.972	0.8
11:22:23.980	0.9
11:22:23.992	1.3
11:22:24.004	-0.9
11:22:24.012	0.3
11:22:24.025	0.1
11:22:24.037	0.1
11:22:24.049	0.7
11:22:24.058	0.8
11:22:24.070	2.1
11:22:24.082	1.3
11:22:24.090	0.6
11:22:24.103	1.0
11:22:24.115	2.3
11:22:24.123	0.5
11:22:24.135	1.5
11:22:24.148	1.0
11:22:24.160	0.0
11:22:24.168	-1.8
11:22:24.180	-3.4
11:22:24.193	-3.1
11:22:24.201	-3.4
11:22:24.213	-1.9
11:22:24.225	-2.2
11:22:24.238	-1.4
11:22:24.246	-3.2
11:22:24.258	-2.0
11:22:24.270	-2.0
11:22:24.279	0.9
11:22:24.291	1.5
11:22:24.303	1.2
11:22:24.311	1.5
11:22:24.324	-0.5
11:22:24.336	-2.3
11:22:24.348	-2.7
11:22:24.356	-3.0
11:22:24.369	-4.3
11:22:24.381	-4.0
11:22:24.389	-4.6
11:22:24.401	-3.3
11:22:24.414	-3.9
11:22:24.422	-4.2
11:22:24.434	-5.4
11:22:24.446	-3.4
11:22:24.459	-4.8
11:22:24.467	-5.0
11:22:24.479	-4.9
11:22:24.491	-4.8
11:22:24.500	-6.6
11:22:24.512	-6.8
11:22:24.524	-6.6
11:22:24.532	-5.2
11:22:24.545	-4.6
11:22:24.557	-5.2
11:22:24.565	-3.3
11:22:24.577	-0.9
11:22:24.590	-1.3
11:22:24.598	0.8
11:22:24.610	2.8
11:22:24.623	2.1
11:22:24.635	2.8
11:22:24.643	3.6
11:22:24.655	4.5
11:22:24.668	6.4
11:22:24.676	6.9
11:22:24.688	6.7
11:22:24.700	8.0
11:22:24.713	7.8
11:22:24.721	8.2
11:22:24.733	9.7
11:22:24.746	10.6
11:22:24.754	10.6
11:22:24.766	12.5
11:22:24.778	15.3
11:22:24.787	15.3
11:22:24.799	15.0
11:22:24.811	16.1
11:22:24.819	17.1
11:22:24.832	17.5
11:22:24.844	16.1
11:22:24.852	17.9
11:22:24.864	17.9
11:22:24.877	16.5
11:22:24.889	13.1
11:22:24.897	14.3
11:22:24.909	15.5
11:22:24.922	14.6
11:22:24.930	15.2
11:22:24.942	14.5
11:22:24.954	15.9
11:22:24.963	14.5
11:22:24.975	14.7
11:22:24.987	16.6
11:22:25.000	18.3
11:22:25.008	18.3
11:22:25.020	18.4
11:22:25.032	20.3
11:22:25.041	19.9
11:22:25.053	19.4
11:22:25.065	19.8
11:22:25.073	20.3
11:22:25.086	19.6
11:22:25.098	20.0
11:22:25.106	19.2
11:22:25.118	20.2
11:22:25.131	20.9
11:22:25.143	20.6
11:22:25.151	21.0
11:22:25.163	21.8
11:22:25.176	21.1
11:22:25.184	20.3
11:22:25.196	22.1
11:22:25.209	21.0
11:22:25.217	21.4
11:22:25.229	19.6
11:22:25.241	16.9
11:22:25.249	16.4
11:22:25.262	16.0
11:22:25.274	15.6
11:22:25.282	16.5
11:22:25.294	17.3
11:22:25.307	16.8
11:22:25.319	18.6
11:22:25.327	18.4
11:22:25.340	17.6
11:22:25.352	19.2
11:22:25.360	18.9
11:22:25.372	20.1
11:22:25.385	21.0
11:22:25.397	21.0
11:22:25.405	20.4
11:22:25.417	21.0
11:22:25.430	18.9
11:22:25.438	19.3
11:22:25.450	21.2
11:22:25.462	20.9
11:22:25.471	21.8
11:22:25.483	20.5
11:22:25.495	20.3
11:22:25.503	17.7
11:22:25.516	18.6
11:22:25.528	17.3
11:22:25.536	15.4
11:22:25.549	15.4
11:22:25.561	13.6
11:22:25.573	15.5
11:22:25.581	14.6
11:22:25.593	14.4
11:22:25.606	13.9
11:22:25.614	14.8
11:22:25.626	15.5
11:22:25.639	15.6
11:22:25.651	17.8
11:22:25.659	15.7
11:22:25.671	18.2
11:22:25.684	16.5
11:22:25.692	17.4
11:22:25.704	17.2
11:22:25.716	19.2
11:22:25.725	19.9
11:22:25.737	18.1
11:22:25.749	17.7
11:22:25.757	18.2
11:22:25.770	19.5
11:22:25.782	17.7
11:22:25.790	18.5
11:22:25.802	19.4
11:22:25.815	21.8
11:22:25.827	20.3
11:22:25.835	19.7
11:22:25.847	20.3
11:22:25.860	20.7
11:22:25.868	18.6
11:22:25.880	17.8
11:22:25.892	17.8
11:22:25.901	17.5
11:22:25.913	14.7
11:22:25.925	12.0
11:22:25.933	14.6
11:22:25.946	14.6
11:22:25.958	13.1
11:22:25.970	13.1
11:22:25.978	13.8
11:22:25.991	16.3
11:22:26.003	16.5
11:22:26.011	16.9
11:22:26.024	17.8
11:22:26.036	17.2
11:22:26.048	15.1
11:22:26.056	14.9
11:22:26.069	16.4
11:22:26.081	15.6
11:22:26.089	15.4
11:22:26.101	14.3
11:22:26.114	17.6
11:22:26.126	17.6
11:22:26.134	16.9
11:22:26.146	17.7
11:22:26.159	15.2
11:22:26.167	17.5
11:22:26.179	16.0
11:22:26.191	15.4
11:22:26.200	14.9
11:22:26.212	13.7
11:22:26.220	9.7
11:22:26.232	5.9
11:22:26.245	6.3
11:22:26.257	5.3
11:22:26.269	5.7
11:22:26.277	3.7
11:22:26.290	4.2
11:22:26.302	4.7
11:22:26.310	6.3
11:22:26.322	6.0
11:22:26.335	5.7
11:22:26.343	7.8
11:22:26.355	5.2
11:22:26.367	4.9
11:22:26.380	4.9
11:22:26.388	4.6
11:22:26.400	3.4
11:22:26.412	2.3
11:22:26.421	-2.5
11:22:26.433	-2.9
11:22:26.445	-3.9
11:22:26.453	-5.4
11:22:26.466	-3.0
11:22:26.478	-4.1
11:22:26.486	-5.9
11:22:26.499	-6.8
11:22:26.511	-7.8
11:22:26.519	-8.6
11:22:26.531	-7.5
11:22:26.543	-7.8
11:22:26.556	-9.1
11:22:26.564	-9.1
11:22:26.576	-11.2
11:22:26.588	-11.0
11:22:26.597	-11.2
11:22:26.609	-12.8
11:22:26.621	-12.7
11:22:26.634	-13.3
11:22:26.642	-14.2
11:22:26.654	-13.2
11:22:26.666	-12.7
11:22:26.675	-14.1
11:22:26.687	-14.5
11:22:26.699	-15.9
11:22:26.707	-14.4
11:22:26.720	-14.3
11:22:26.732	-14.6
11:22:26.740	-15.2
11:22:26.752	-13.9
11:22:26.765	-16.6
11:22:26.773	-16.4
11:22:26.785	-16.1
11:22:26.797	-17.2
11:22:26.810	-18.0
11:22:26.818	-19.9
11:22:26.830	-19.4
11:22:26.843	-19.1
11:22:26.851	-20.3
11:22:26.863	-21.3
11:22:26.875	-21.2
11:22:26.883	-23.1
11:22:26.896	-22.6
11:22:26.908	-22.1
11:22:26.920	-22.0
11:22:26.928	-22.0
11:22:26.941	-19.8
11:22:26.953	-18.7
11:22:26.961	-17.5
11:22:26.974	-15.4
11:22:26.986	-15.1
11:22:26.994	-13.2
11:22:27.006	-12.4
11:22:27.018	-9.5
11:22:27.027	-8.3
11:22:27.039	-6.3
11:22:27.051	-7.9
11:22:27.064	-7.8
11:22:27.072	-5.9
11:22:27.084	-7.1
11:22:27.096	-6.4
11:22:27.104	-5.1
11:22:27.117	-5.0
11:22:27.129	-7.7
11:22:27.137	-5.6
11:22:27.150	-4.9
11:22:27.162	-3.4
11:22:27.170	-2.5
11:22:27.182	-2.5
11:22:27.195	-0.9
11:22:27.203	-0.5
11:22:27.215	-0.6
11:22:27.227	-0.6
11:22:27.240	1.5
11:22:27.248	0.3
11:22:27.260	-1.1
11:22:27.273	-1.2
11:22:27.282	-0.8
11:22:27.294	-0.3
11:22:27.306	-0.9
11:22:27.318	-2.8
11:22:27.327	-1.6
11:22:27.339	0.8
11:22:27.351	1.4
11:22:27.359	2.9
11:22:27.372	5.9
11:22:27.384	5.4
11:22:27.392	5.3
11:22:27.404	5.5
11:22:27.417	7.1
11:22:27.425	8.1
11:22:27.437	7.2
11:22:27.449	6.0
11:22:27.458	6.1
11:22:27.470	6.1
11:22:27.482	4.2
11:22:27.494	6.7
11:22:27.503	6.2
11:22:27.515	6.8
11:22:27.527	7.1
11:22:27.535	8.7
11:22:27.548	9.8
11:22:27.560	9.7
11:22:27.572	10.3
11:22:27.580	10.0
11:22:27.593	12.5
11:22:27.605	11.2
11:22:27.613	12.6
11:22:27.626	12.6
11:22:27.638	13.6
11:22:27.646	14.9
11:22:27.658	14.1
11:22:27.671	13.7
11:22:27.679	12.6
11:22:27.691	12.8
11:22:27.703	11.5
11:22:27.712	11.7
11:22:27.724	11.4
11:22:27.736	12.4
11:22:27.748	11.3
11:22:27.757	11.6
11:22:27.769	12.8
11:22:27.781	13.8
11:22:27.789	14.7
11:22:27.802	15.8
11:22:27.814	16.2
11:22:27.822	14.5
11:22:27.834	15.7
11:22:27.847	14.9
11:22:27.855	17.0
11:22:27.867	15.5
11:22:27.879	14.1
11:22:27.892	13.8
11:22:27.900	13.6
11:22:27.912	15.8
11:22:27.924	15.5
11:22:27.933	18.1
11:22:27.945	17.5
11:22:27.957	18.7
11:22:27.965	15.9
11:22:27.978	16.4
11:22:27.990	15.2
11:22:28.002	16.9
11:22:28.010	16.3
11:22:28.023	13.5
11:22:28.035	13.3
11:22:28.047	13.2
11:22:28.055	12.3
11:22:28.068	9.5
11:22:28.080	11.1
11:22:28.088	11.9
11:22:28.101	15.3
11:22:28.113	13.3
11:22:28.121	15.0
11:22:28.133	17.4
11:22:28.146	17.8
11:22:28.154	19.0
11:22:28.166	20.0
11:22:28.178	21.9
11:22:28.191	21.5
11:22:28.199	21.1
11:22:28.211	19.5
11:22:28.223	20.6
11:22:28.232	18.8
11:22:28.244	16.6
11:22:28.256	17.3
11:22:28.264	15.8
11:22:28.277	17.9
11:22:28.289	17.7
11:22:28.301	16.4
11:22:28.309	15.8
11:22:28.322	17.8
11:22:28.334	17.9
11:22:28.342	18.7
11:22:28.354	20.1
11:22:28.367	19.4
11:22:28.375	19.7
11:22:28.387	18.2
11:22:28.399	19.3
11:22:28.408	19.7
11:22:28.420	19.8
11:22:28.432	19.2
11:22:28.440	19.8
11:22:28.453	21.0
11:22:28.465	22.0
11:22:28.477	23.8
11:22:28.485	23.5
11:22:28.498	22.2
11:22:28.510	20.2
11:22:28.518	20.5
11:22:28.530	21.4
11:22:28.543	22.6
11:22:28.555	23.2
11:22:28.563	21.8
11:22:28.576	20.3
11:22:28.588	18.3
11:22:28.596	16.8
11:22:28.608	17.7
11:22:28.621	19.5
11:22:28.629	20.3
11:22:28.641	19.3
11:22:28.653	19.3
11:22:28.662	16.8
11:22:28.674	18.7
11:22:28.686	18.6
11:22:28.694	19.6
11:22:28.707	19.9
11:22:28.719	19.8
11:22:28.731	19.3
11:22:28.739	17.8
11:22:28.752	18.9
11:22:28.764	16.1
11:22:28.772	16.8
11:22:28.784	16.3
11:22:28.797	16.2
11:22:28.805	17.2
11:22:28.817	20.8
11:22:28.829	18.2
11:22:28.842	18.5
11:22:28.850	21.1
11:22:28.862	21.6
11:22:28.874	23.1
11:22:28.883	24.5
11:22:28.895	26.4
11:22:28.907	24.7
11:22:28.915	22.5
11:22:28.928	19.3
11:22:28.940	19.4
11:22:28.948	17.5
11:22:28.960	15.2
11:22:28.973	14.8
11:22:28.985	13.1
11:22:28.993	12.2
11:22:29.005	9.1
11:22:29.018	10.9
11:22:29.026	10.5
11:22:29.038	7.9
11:22:29.050	8.5
11:22:29.059	8.8
11:22:29.071	7.7
11:22:29.083	6.9
11:22:29.091	7.7
11:22:29.104	6.2
11:22:29.116	8.7
11:22:29.124	6.6
11:22:29.136	5.1
11:22:29.149	7.8
11:22:29.161	7.4
11:22:29.169	7.6
11:22:29.182	7.4
11:22:29.194	6.8
11:22:29.202	7.6
11:22:29.214	8.6
11:22:29.227	6.8
11:22:29.239	7.5
11:22:29.247	10.2
11:22:29.259	10.5
11:22:29.272	11.9
11:22:29.280	12.2
11:22:29.292	13.7
11:22:29.304	13.5
11:22:29.313	11.4
11:22:29.325	10.1
11:22:29.337	10.2
11:22:29.345	10.1
11:22:29.358	7.8
11:22:29.370	6.3
11:22:29.378	4.9
11:22:29.390	5.4
11:22:29.403	5.1
11:22:29.415	6.3
11:22:29.423	7.0
11:22:29.435	9.3
11:22:29.448	8.3
11:22:29.456	8.5
11:22:29.468	10.2
11:22:29.481	12.7
11:22:29.493	13.9
11:22:29.501	14.1
11:22:29.513	14.5
11:22:29.526	13.2
11:22:29.534	11.7
11:22:29.546	10.7
11:22:29.558	9.8
11:22:29.566	10.7
11:22:29.579	9.6
11:22:29.591	8.8
11:22:29.599	9.1
11:22:29.612	7.9
11:22:29.624	6.3
11:22:29.632	5.6
11:22:29.644	6.8
11:22:29.657	6.4
11:22:29.669	5.7
11:22:29.677	4.7
11:22:29.689	5.1
11:22:29.702	3.2
11:22:29.710	2.3
11:22:29.722	1.2
11:22:29.734	1.0
11:22:29.743	1.6
11:22:29.755	1.9
11:22:29.767	1.0
11:22:29.775	3.6
11:22:29.788	1.1
11:22:29.800	1.8
11:22:29.812	4.2
11:22:29.820	3.3
11:22:29.833	4.9
11:22:29.845	6.5
11:22:29.853	5.9
11:22:29.865	3.3
11:22:29.878	2.2
11:22:29.886	-0.8
11:22:29.898	0.8
11:22:29.910	-0.8
11:22:29.923	-3.7
11:22:29.931	-3.7
11:22:29.943	-4.6
11:22:29.956	-5.2
11:22:29.964	-5.4
11:22:29.976	-5.2
11:22:29.988	-4.4
11:22:29.996	-2.7
11:22:30.009	-3.0
11:22:30.021	-3.9
11:22:30.029	-4.8
11:22:30.041	-6.2
11:22:30.054	-6.3
11:22:30.062	-8.2
11:22:30.074	-7.9
11:22:30.087	-8.4
11:22:30.099	-9.1
11:22:30.111	-11.4
11:22:30.119	-13.1
11:22:30.132	-13.0
11:22:30.144	-12.2
11:22:30.152	-11.1
11:22:30.164	-13.1
11:22:30.177	-13.7
11:22:30.185	-14.9
11:22:30.197	-14.6
11:22:30.209	-15.7
11:22:30.222	-17.4
11:22:30.230	-17.7
11:22:30.242	-19.4
11:22:30.254	-21.2
11:22:30.263	-23.8
11:22:30.275	-22.2
11:22:30.287	-21.6
11:22:30.295	-22.1
11:22:30.308	-22.4
11:22:30.320	-24.2
11:22:30.328	-23.1
11:22:30.340	-20.5
11:22:30.353	-19.7
11:22:30.361	-19.6
11:22:30.373	-19.2
11:22:30.385	-21.8
11:22:30.398	-21.9
11:22:30.406	-22.5
11:22:30.418	-23.3
11:22:30.430	-22.0
11:22:30.439	-23.4
11:22:30.451	-25.9
11:22:30.463	-26.9
11:22:30.475	-26.7
11:22:30.484	-26.7
11:22:30.496	-25.9
11:22:30.508	-27.3
11:22:30.517	-26.8
11:22:30.529	-26.8
11:22:30.541	-26.5
11:22:30.549	-26.4
11:22:30.562	-27.1
11:22:30.574	-26.8
11:22:30.582	-25.8
11:22:30.594	-23.8
11:22:30.607	-24.1
11:22:30.615	-21.4
11:22:30.627	-20.2
11:22:30.639	-19.4
11:22:30.652	-19.6
11:22:30.660	-17.0
11:22:30.672	-16.8
11:22:30.684	-15.6
11:22:30.693	-16.6
11:22:30.705	-17.6
11:22:30.717	-16.0
11:22:30.725	-16.1
11:22:30.738	-15.9
11:22:30.750	-13.0
11:22:30.762	-11.9
11:22:30.770	-11.8
11:22:30.783	-6.5
11:22:30.795	-6.5
11:22:30.803	-5.1
11:22:30.815	-4.5
11:22:30.828	-4.5
11:22:30.836	-4.4
11:22:30.848	-4.2
11:22:30.860	-4.9
11:22:30.869	-4.0
11:22:30.881	-3.7
11:22:30.893	-6.1
11:22:30.906	-5.4
11:22:30.914	-2.9
11:22:30.927	-1.5
11:22:30.939	-0.2
11:22:30.947	0.4
11:22:30.960	2.4
11:22:30.972	2.9
11:22:30.980	2.7
11:22:30.992	3.3
11:22:31.005	4.2
11:22:31.013	6.4
11:22:31.025	5.4
11:22:31.038	7.3
11:22:31.046	10.2
11:22:31.058	12.0
11:22:31.070	10.9
11:22:31.083	8.0
11:22:31.091	8.5
11:22:31.103	10.6
11:22:31.115	10.5
11:22:31.123	9.2
11:22:31.136	9.2
11:22:31.148	7.0
11:22:31.160	3.0
11:22:31.169	1.7
11:22:31.181	2.7
11:22:31.193	5.5
11:22:31.201	5.2
11:22:31.214	2.8
11:22:31.226	2.3
11:22:31.234	4.0
11:22:31.246	3.6
11:22:31.259	3.4
11:22:31.267	2.8
11:22:31.279	3.9
11:22:31.291	2.5
11:22:31.300	2.3
11:22:31.312	3.8
11:22:31.324	4.6
11:22:31.336	3.6
11:22:31.345	2.9
11:22:31.357	5.0
11:22:31.369	6.0
11:22:31.377	7.7
11:22:31.390	6.9
11:22:31.402	6.7
11:22:31.414	6.7
11:22:31.422	7.1
11:22:31.435	7.5
11:22:31.447	7.3
11:22:31.455	7.4
11:22:31.467	5.4
11:22:31.480	3.6
11:22:31.488	2.1
11:22:31.500	0.9
11:22:31.513	0.1
11:22:31.521	1.1
11:22:31.533	0.5
11:22:31.545	0.2
11:22:31.553	1.6
11:22:31.566	0.2
11:22:31.578	0.6
11:22:31.590	2.8
11:22:31.599	2.7
11:22:31.611	2.2
11:22:31.623	2.3
11:22:31.631	1.4
11:22:31.644	2.7
11:22:31.656	2.7
11:22:31.664	0.5
11:22:31.676	1.9
11:22:31.689	4.0
11:22:31.697	3.2
11:22:31.709	4.6
11:22:31.721	5.4
11:22:31.734	6.9
11:22:31.742	7.8
11:22:31.754	6.2
11:22:31.766	6.0
11:22:31.775	7.6
11:22:31.787	6.4
11:22:31.799	5.5
11:22:31.807	5.0
11:22:31.820	5.5
11:22:31.832	6.8
11:22:31.844	5.4
11:22:31.852	4.8
11:22:31.865	3.8
11:22:31.877	3.7
11:22:31.885	3.3
11:22:31.897	5.9
11:22:31.910	2.6
11:22:31.918	3.4
11:22:31.930	2.4
11:22:31.942	1.4
11:22:31.951	2.7
11:22:31.963	3.0
11:22:31.975	4.2
11:22:31.983	4.9
11:22:31.996	6.0
11:22:32.008	4.3
11:22:32.020	5.1
11:22:32.028	5.7
11:22:32.041	4.2
11:22:32.053	3.0
11:22:32.061	4.6
11:22:32.073	5.5
11:22:32.086	3.5
11:22:32.098	1.9
11:22:32.106	-0.1
11:22:32.119	-1.4
11:22:32.131	-1.8
11:22:32.139	-3.0
11:22:32.151	-0.9
11:22:32.164	-1.9
11:22:32.172	-3.7
11:22:32.184	-4.8
11:22:32.196	-4.6
11:22:32.209	-3.3
11:22:32.217	-3.0
11:22:32.229	-2.9
11:22:32.242	-2.8
11:22:32.250	-3.7
11:22:32.262	-4.0
11:22:32.274	-3.3
11:22:32.283	-4.9
11:22:32.295	-6.2
11:22:32.307	-5.7
11:22:32.319	-7.4
11:22:32.328	-7.5
11:22:32.340	-6.7
11:22:32.352	-8.0
11:22:32.360	-9.2
11:22:32.373	-11.2
11:22:32.385	-11.4
11:22:32.397	-10.8
11:22:32.405	-12.9
11:22:32.418	-11.1
11:22:32.430	-11.0
11:22:32.438	-9.9
11:22:32.451	-10.7
11:22:32.463	-9.6
11:22:32.471	-8.2
11:22:32.483	-6.8
11:22:32.496	-6.7
11:22:32.504	-7.3
11:22:32.516	-4.7
11:22:32.528	-7.5
11:22:32.537	-7.3
11:22:32.549	-7.9
11:22:32.561	-9.2
11:22:32.573	-9.3
11:22:32.582	-8.6
11:22:32.594	-8.1
11:22:32.606	-7.5
11:22:32.614	-7.7
11:22:32.627	-6.7
11:22:32.639	-3.9
11:22:32.647	-3.0
11:22:32.659	-3.0
11:22:32.672	-1.1
11:22:32.684	0.0
11:22:32.692	-0.3
11:22:32.704	1.2
11:22:32.716	2.4
11:22:32.724	4.6
11:22:32.736	4.0
11:22:32.749	4.1
11:22:32.757	2.6
11:22:32.769	5.5
11:22:32.782	6.2
11:22:32.790	6.7
11:22:32.803	6.8
11:22:32.815	5.1
11:22:32.827	4.7
11:22:32.836	6.5
11:22:32.848	5.7
11:22:32.860	6.1
11:22:32.868	7.7
11:22:32.881	7.7
11:22:32.893	8.4
11:22:32.901	8.7
11:22:32.914	9.7
11:22:32.926	11.2
11:22:32.934	11.8
11:22:32.946	10.8
11:22:32.958	12.2
11:22:32.967	10.2
11:22:32.979	10.7
11:22:32.991	8.0
11:22:33.004	8.4
11:22:33.012	8.2
11:22:33.024	9.2
11:22:33.036	8.8
11:22:33.044	8.4
11:22:33.057	8.5
11:22:33.069	9.0
11:22:33.081	11.4
11:22:33.090	12.2
11:22:33.102	14.5
11:22:33.114	13.6
11:22:33.122	15.0
11:22:33.135	14.2
11:22:33.147	14.7
11:22:33.155	16.1
11:22:33.167	16.6
11:22:33.180	17.4
11:22:33.188	16.5
11:22:33.200	16.4
11:22:33.212	16.0
11:22:33.221	15.7
11:22:33.233	15.5
11:22:33.245	16.1
11:22:33.257	17.1
11:22:33.266	17.3
11:22:33.278	16.8
11:22:33.290	16.1
11:22:33.298	16.9
11:22:33.311	17.1
11:22:33.323	17.9
11:22:33.335	19.0
11:22:33.343	19.1
11:22:33.356	19.4
11:22:33.368	19.0
11:22:33.376	19.0
11:22:33.388	19.0
11:22:33.401	18.6
11:22:33.409	19.2
11:22:33.421	19.8
11:22:33.434	18.2
11:22:33.442	18.3
11:22:33.454	18.0
11:22:33.466	17.4
11:22:33.474	17.6
11:22:33.487	16.3
11:22:33.499	16.3
11:22:33.511	17.6
11:22:33.519	16.1
11:22:33.532	15.4
11:22:33.544	15.9
11:22:33.552	15.9
11:22:33.565	14.0
11:22:33.577	14.5
11:22:33.585	13.3
11:22:33.597	13.5
11:22:33.610	13.8
11:22:33.618	14.3
11:22:33.630	15.4
11:22:33.642	17.1
11:22:33.655	17.8
11:22:33.663	17.7
11:22:33.675	19.9
11:22:33.687	20.3
11:22:33.696	21.2
11:22:33.708	22.8
11:22:33.720	23.3
11:22:33.728	22.3
11:22:33.741	21.8
11:22:33.753	20.4
11:22:33.765	20.9
11:22:33.773	20.7
11:22:33.786	20.9
11:22:33.798	20.8
11:22:33.806	21.2
11:22:33.818	21.2
11:22:33.831	20.0
11:22:33.839	20.5
11:22:33.851	19.3
11:22:33.864	19.6
11:22:33.872	19.1
11:22:33.884	18.2
11:22:33.896	17.2
11:22:33.904	16.1
11:22:33.917	15.4
11:22:33.929	13.0
11:22:33.941	17.3
11:22:33.953	17.7
11:22:33.962	18.4
11:22:33.974	18.2
11:22:33.986	17.0
11:22:33.995	17.7
11:22:34.007	18.0
11:22:34.019	21.4
11:22:34.027	21.4
11:22:34.040	25.1
11:22:34.052	21.8
11:22:34.064	21.9
11:22:34.072	21.5
11:22:34.085	21.7
11:22:34.097	21.8
11:22:34.105	22.8
11:22:34.117	25.3
11:22:34.130	20.9
11:22:34.138	19.9
11:22:34.150	17.9
11:22:34.162	18.3
11:22:34.171	16.0
11:22:34.183	17.4
11:22:34.195	15.7
11:22:34.203	15.6
11:22:34.216	13.5
11:22:34.228	9.9
11:22:34.240	10.7
11:22:34.248	10.6
11:22:34.261	10.9
11:22:34.273	8.7
11:22:34.281	8.6
11:22:34.293	7.0
11:22:34.306	6.1
11:22:34.318	7.2
11:22:34.326	7.4
11:22:34.339	7.7
11:22:34.351	7.3
11:22:34.359	7.0
11:22:34.371	3.9
11:22:34.384	3.3
11:22:34.392	3.0
11:22:34.404	2.4
11:22:34.416	1.5
11:22:34.425	-0.9
11:22:34.437	-0.4
11:22:34.449	-1.8
11:22:34.457	-2.6
11:22:34.469	-1.0
11:22:34.481	0.1
11:22:34.494	-1.4
11:22:34.502	-2.2
11:22:34.514	-1.1
11:22:34.526	-0.4
11:22:34.535	-0.3
11:22:34.547	-1.8
11:22:34.559	-2.0
11:22:34.567	-2.3
11:22:34.580	-4.3
11:22:34.592	-3.9
11:22:34.604	-1.4
11:22:34.612	-2.2
11:22:34.625	-3.2
11:22:34.637	-3.0
11:22:34.645	-3.0
11:22:34.658	-3.6
11:22:34.670	-2.8
11:22:34.678	-2.9
11:22:34.690	-4.4
11:22:34.703	-3.8
11:22:34.711	-6.0
11:22:34.723	-5.6
11:22:34.735	-7.3
11:22:34.748	-8.8
11:22:34.756	-12.6
11:22:34.768	-13.8
11:22:34.780	-15.1
11:22:34.789	-14.8
11:22:34.801	-16.0
11:22:34.813	-19.2
11:22:34.821	-19.8
11:22:34.834	-21.5
11:22:34.846	-20.0
11:22:34.854	-20.0
11:22:34.866	-17.6
11:22:34.879	-18.2
11:22:34.887	-18.7
11:22:34.899	-20.0
11:22:34.911	-18.1
11:22:34.924	-18.8
11:22:34.932	-19.2
11:22:34.944	-17.1
11:22:34.956	-18.0
11:22:34.965	-19.4
11:22:34.977	-19.8
11:22:34.989	-20.6
11:22:35.001	-20.6
11:22:35.010	-21.2
11:22:35.022	-21.2
11:22:35.034	-21.6
11:22:35.042	-21.2
11:22:35.055	-23.6
11:22:35.067	-25.0
11:22:35.075	-20.7
11:22:35.088	-22.5
11:22:35.100	-18.3
11:22:35.108	-18.1
11:22:35.120	-18.1
11:22:35.133	-19.6
11:22:35.141	-17.7
11:22:35.153	-18.8
11:22:35.165	-19.6
11:22:35.178	-19.1
11:22:35.186	-21.7
11:22:35.198	-18.9
11:22:35.210	-22.7
11:22:35.219	-23.6
11:22:35.231	-22.5
11:22:35.243	-21.8
11:22:35.256	-23.9
11:22:35.264	-23.7
11:22:35.276	-20.7
11:22:35.288	-19.9
11:22:35.297	-18.6
11:22:35.309	-19.8
11:22:35.321	-17.3
11:22:35.329	-17.2
11:22:35.342	-17.7
11:22:35.354	-19.0
11:22:35.362	-17.7
11:22:35.374	-17.4
11:22:35.387	-18.3
11:22:35.395	-18.2
11:22:35.407	-18.9
11:22:35.420	-19.1
11:22:35.432	-19.2
11:22:35.440	-18.4
11:22:35.452	-17.6
11:22:35.465	-16.2
11:22:35.473	-14.9
11:22:35.485	-15.3
11:22:35.497	-15.4
11:22:35.506	-15.4
11:22:35.518	-14.9
11:22:35.530	-13.6
11:22:35.538	-14.1
11:22:35.551	-13.7
11:22:35.563	-12.5
11:22:35.575	-11.4
11:22:35.583	-10.8
11:22:35.596	-6.9
11:22:35.608	-6.9
11:22:35.616	-6.6
11:22:35.628	-5.7
11:22:35.641	-5.5
11:22:35.649	-4.6
11:22:35.661	-5.4
11:22:35.673	-5.3
11:22:35.686	-5.3
11:22:35.694	-6.2
11:22:35.706	-7.4
11:22:35.718	-5.4
11:22:35.727	-5.0
11:22:35.739	-6.1
11:22:35.751	-5.8
11:22:35.759	-6.7
11:22:35.772	-4.3
11:22:35.784	-6.2
11:22:35.792	-6.4
11:22:35.805	-5.5
11:22:35.817	-4.6
11:22:35.825	-6.1
11:22:35.837	-4.8
11:22:35.850	-5.8
11:22:35.862	-7.1
11:22:35.870	-6.0
11:22:35.882	-6.3
11:22:35.895	-5.0
11:22:35.903	-5.4
11:22:35.915	-6.1
11:22:35.927	-7.5
11:22:35.940	-5.2
11:22:35.948	-6.7
11:22:35.960	-4.9
11:22:35.972	-2.0
11:22:35.981	-1.0
11:22:35.993	-0.6
11:22:36.005	1.5
11:22:36.013	2.4
11:22:36.026	1.9
11:22:36.038	2.3
11:22:36.046	-0.2
11:22:36.058	0.5
11:22:36.071	0.1
11:22:36.079	-0.6
11:22:36.091	-1.4
11:22:36.104	-2.3
11:22:36.116	-4.3
11:22:36.124	-3.6
11:22:36.136	-1.7
11:22:36.148	-1.4
11:22:36.157	1.0
11:22:36.169	-0.2
11:22:36.181	1.1
11:22:36.193	1.1
11:22:36.202	1.3
11:22:36.214	1.8
11:22:36.226	2.8
11:22:36.239	3.1
11:22:36.247	2.0
11:22:36.259	3.0
11:22:36.271	2.6
11:22:36.279	2.6
11:22:36.292	1.4
11:22:36.304	1.7
11:22:36.312	1.5
11:22:36.325	2.3
11:22:36.337	0.5
11:22:36.345	-0.3
11:22:36.357	-0.1
11:22:36.370	-0.6
11:22:36.378	0.3
11:22:36.390	1.7
11:22:36.402	2.9
11:22:36.415	1.8
11:22:36.423	1.5
11:22:36.435	0.1
11:22:36.447	1.8
11:22:36.456	1.5
11:22:36.468	3.3
11:22:36.480	2.5
11:22:36.488	1.2
11:22:36.501	1.0
11:22:36.513	2.5
11:22:36.525	4.2
11:22:36.533	5.2
11:22:36.546	7.2
11:22:36.558	7.1
11:22:36.566	9.2
11:22:36.578	8.0
11:22:36.591	9.4
11:22:36.599	9.9
11:22:36.611	10.0
11:22:36.623	8.2
11:22:36.632	9.7
11:22:36.644	9.9
11:22:36.656	10.4
11:22:36.668	10.8
11:22:36.677	9.8
11:22:36.689	11.3
11:22:36.701	13.7
11:22:36.709	14.2
11:22:36.722	14.6
11:22:36.734	14.1
11:22:36.742	13.0
11:22:36.754	12.9
11:22:36.767	11.3
11:22:36.775	12.4
11:22:36.787	12.4
11:22:36.800	12.1
11:22:36.808	9.9
11:22:36.820	8.9
11:22:36.833	8.5
11:22:36.846	8.5
11:22:36.854	6.8
11:22:36.866	5.9
11:22:36.878	6.2
11:22:36.886	4.9
11:22:36.899	5.8
11:22:36.911	5.3
11:22:36.923	3.1
11:22:36.932	4.2
11:22:36.944	5.7
11:22:36.956	6.4
11:22:36.964	7.7
11:22:36.977	7.5
11:22:36.989	7.1
11:22:36.997	7.7
11:22:37.009	7.4
11:22:37.022	6.3
11:22:37.030	8.4
11:22:37.042	6.8
11:22:37.054	4.6
11:22:37.063	4.8
11:22:37.075	4.8
11:22:37.087	5.0
11:22:37.099	6.0
11:22:37.108	2.6
11:22:37.120	3.0
11:22:37.132	5.3
11:22:37.140	5.5
11:22:37.153	7.4
11:22:37.165	8.1
11:22:37.177	7.5
11:22:37.185	6.6
11:22:37.198	6.5
11:22:37.210	4.7
11:22:37.218	7.5
11:22:37.230	6.2
11:22:37.243	6.6
11:22:37.251	7.4
11:22:37.263	6.5
11:22:37.276	6.5
11:22:37.284	7.1
11:22:37.296	7.2
11:22:37.308	8.1
11:22:37.317	10.0
11:22:37.329	9.2
11:22:37.341	9.5
11:22:37.353	8.3
11:22:37.362	6.1
11:22:37.374	6.5
11:22:37.386	6.2
11:22:37.394	5.3
11:22:37.407	6.1
11:22:37.419	5.6
11:22:37.427	5.4
11:22:37.439	6.1
11:22:37.452	6.4
11:22:37.460	6.5
11:22:37.472	4.4
11:22:37.484	4.3
11:22:37.497	3.3
11:22:37.505	4.1
11:22:37.517	3.7
11:22:37.529	4.4
11:22:37.538	3.7
11:22:37.550	4.3
11:22:37.562	5.4
11:22:37.570	5.5
11:22:37.583	8.3
11:22:37.595	8.2
11:22:37.607	10.7
11:22:37.615	10.6
11:22:37.628	11.0
11:22:37.640	12.6
11:22:37.648	14.5
11:22:37.660	14.7
11:22:37.673	13.7
11:22:37.681	14.5
11:22:37.693	15.8
11:22:37.706	17.3
11:22:37.714	18.0
11:22:37.726	18.4
11:22:37.738	19.4
11:22:37.746	18.3
11:22:37.759	18.3
11:22:37.771	19.4
11:22:37.783	20.0
11:22:37.791	20.1
11:22:37.804	20.2
11:22:37.816	18.6
11:22:37.824	18.8
11:22:37.837	20.0
11:22:37.849	19.8
11:22:37.861	21.3
11:22:37.869	21.3
11:22:37.882	21.6
11:22:37.894	21.9
11:22:37.902	23.0
11:22:37.914	22.7
11:22:37.927	22.6
11:22:37.939	23.0
11:22:37.947	23.5
11:22:37.959	24.3
11:22:37.972	23.7
11:22:37.980	24.9
11:22:37.992	23.9
11:22:38.004	26.2
11:22:38.013	25.4
11:22:38.025	27.4
11:22:38.037	28.2
11:22:38.045	29.2
11:22:38.058	27.1
11:22:38.070	27.1
11:22:38.082	27.0
11:22:38.090	26.0
11:22:38.103	24.5
11:22:38.115	21.4
11:22:38.123	19.6
11:22:38.135	17.4
11:22:38.148	17.7
11:22:38.160	15.5
11:22:38.168	17.8
11:22:38.180	18.5
11:22:38.193	16.8
11:22:38.201	16.9
11:22:38.213	18.3
11:22:38.225	19.1
11:22:38.234	20.2
11:22:38.246	21.6
11:22:38.258	21.7
11:22:38.266	23.7
11:22:38.279	26.1
11:22:38.291	24.9
11:22:38.299	27.4
11:22:38.312	25.7
11:22:38.324	25.0
11:22:38.336	25.3
11:22:38.344	27.7
11:22:38.357	27.4
11:22:38.369	27.5
11:22:38.377	26.7
11:22:38.389	24.0
11:22:38.402	24.4
11:22:38.410	23.4
11:22:38.422	24.5
11:22:38.434	25.2
11:22:38.447	23.1
11:22:38.455	19.9
11:22:38.467	19.5
11:22:38.479	19.5
11:22:38.488	20.7
11:22:38.500	19.8
11:22:38.512	20.7
11:22:38.520	20.7
11:22:38.533	21.6
11:22:38.545	22.5
11:22:38.553	25.3
11:22:38.565	26.6
11:22:38.578	24.7
11:22:38.590	25.4
11:22:38.598	22.8
11:22:38.610	23.5
11:22:38.623	25.3
11:22:38.631	26.0
11:22:38.643	23.1
11:22:38.655	23.2
11:22:38.664	21.0
11:22:38.676	20.6
11:22:38.688	22.5
11:22:38.696	21.1
11:22:38.709	21.4
11:22:38.721	22.5
11:22:38.729	19.7
11:22:38.741	19.6
11:22:38.754	24.3
11:22:38.766	23.3
11:22:38.775	25.4
11:22:38.787	24.2
11:22:38.799	23.7
11:22:38.807	23.0
11:22:38.820	24.0
11:22:38.832	21.5
11:22:38.844	20.5
11:22:38.852	19.0
11:22:38.865	15.1
11:22:38.877	13.5
11:22:38.885	10.9
11:22:38.897	11.5
11:22:38.910	11.5
11:22:38.918	13.2
11:22:38.930	10.6
11:22:38.942	10.5
11:22:38.951	9.9
11:22:38.963	9.7
11:22:38.975	8.9
11:22:38.983	7.6
11:22:38.996	6.8
11:22:39.008	6.1
11:22:39.020	5.5
11:22:39.029	3.2
11:22:39.041	4.5
11:22:39.053	4.5
11:22:39.061	3.2
11:22:39.074	4.0
11:22:39.086	4.7
11:22:39.098	5.8
11:22:39.106	7.1
11:22:39.119	6.4
11:22:39.131	5.1
11:22:39.139	4.3
11:22:39.152	2.7
11:22:39.164	0.1
11:22:39.172	3.9
11:22:39.184	1.8
11:22:39.196	1.0
11:22:39.205	0.3
11:22:39.217	1.2
11:22:39.229	1.4
11:22:39.237	1.1
11:22:39.250	1.3
11:22:39.262	1.4
11:22:39.274	2.7
11:22:39.282	-0.5
11:22:39.295	-0.1
11:22:39.307	0.9
11:22:39.316	0.5
11:22:39.328	-2.1
11:22:39.340	-3.3
11:22:39.348	-3.4
11:22:39.360	-3.3
11:22:39.373	-2.9
11:22:39.381	-2.7
11:22:39.393	-2.4
11:22:39.405	-3.1
11:22:39.418	-4.9
11:22:39.426	-6.2
11:22:39.438	-5.3
11:22:39.450	-4.7
11:22:39.459	-3.4
11:22:39.471	-3.6
11:22:39.483	-5.9
11:22:39.491	-7.2
11:22:39.504	-10.0
11:22:39.516	-10.3
11:22:39.528	-10.1
11:22:39.536	-10.9
11:22:39.549	-12.2
11:22:39.561	-11.3
11:22:39.569	-12.9
11:22:39.581	-13.5
11:22:39.594	-13.9
11:22:39.602	-14.0
11:22:39.614	-12.8
11:22:39.626	-10.1
11:22:39.635	-10.9
11:22:39.647	-9.4
11:22:39.659	-9.8
11:22:39.667	-11.6
11:22:39.680	-11.7
11:22:39.692	-11.0
11:22:39.704	-7.8
11:22:39.712	-8.2
11:22:39.725	-7.2
11:22:39.737	-10.5
11:22:39.745	-9.5
11:22:39.757	-8.8
11:22:39.770	-7.4
11:22:39.782	-5.5
11:22:39.790	-5.5
11:22:39.803	-4.8
11:22:39.815	-5.4
11:22:39.823	-4.0
11:22:39.835	-3.8
11:22:39.848	-2.0
11:22:39.856	0.0
11:22:39.868	-0.1
11:22:39.880	-0.3
11:22:39.889	-1.5
11:22:39.901	0.4
11:22:39.913	-0.2
11:22:39.921	0.2
11:22:39.934	0.8
11:22:39.946	1.7
11:22:39.958	1.5
11:22:39.966	-0.4
11:22:39.979	1.4
11:22:39.991	3.0
11:22:39.999	5.4
11:22:40.011	5.3
11:22:40.024	7.4
11:22:40.032	7.6
11:22:40.044	7.3
11:22:40.056	6.7
11:22:40.069	6.2
11:22:40.077	9.2
11:22:40.089	10.3
11:22:40.101	8.2
11:22:40.110	7.2
11:22:40.122	9.1
11:22:40.134	8.9
11:22:40.142	8.9
11:22:40.155	10.1
11:22:40.167	10.7
11:22:40.179	11.9
11:22:40.187	11.3
11:22:40.200	9.4
11:22:40.212	10.4
11:22:40.220	12.6
11:22:40.232	12.4
11:22:40.245	12.1
11:22:40.257	14.5
11:22:40.265	15.8
11:22:40.278	16.5
11:22:40.290	17.0
11:22:40.298	16.2
11:22:40.310	17.7
11:22:40.323	19.4
11:22:40.331	17.5
11:22:40.343	17.1
11:22:40.355	16.2
11:22:40.368	13.6
11:22:40.376	12.3
11:22:40.388	12.8
11:22:40.400	13.6
11:22:40.409	14.1
11:22:40.421	13.9
11:22:40.433	14.8
11:22:40.441	14.8
11:22:40.454	12.4
11:22:40.466	12.8
11:22:40.474	13.9
11:22:40.486	15.8
11:22:40.499	15.9
11:22:40.511	15.3
11:22:40.519	15.9
11:22:40.531	16.5
11:22:40.544	15.0
11:22:40.552	14.5
11:22:40.564	16.7
11:22:40.576	19.3
11:22:40.585	19.7
11:22:40.597	18.6
11:22:40.609	19.0
11:22:40.617	20.0
11:22:40.630	21.0
11:22:40.642	21.6
11:22:40.650	22.4
11:22:40.663	22.1
11:22:40.675	22.6
11:22:40.687	19.2
11:22:40.695	19.0
11:22:40.708	19.3
11:22:40.720	18.0
11:22:40.728	17.0
11:22:40.740	15.0
11:22:40.753	14.9
11:22:40.765	14.6
11:22:40.773	14.0
11:22:40.785	12.3
11:22:40.798	13.3
11:22:40.806	12.6
11:22:40.818	12.9
11:22:40.831	10.9
11:22:40.839	11.8
11:22:40.851	12.9
11:22:40.863	12.8
11:22:40.871	12.4
11:22:40.884	13.8
11:22:40.896	13.9
11:22:40.904	14.4
11:22:40.916	15.7
11:22:40.929	15.3
11:22:40.941	18.5
11:22:40.949	17.7
11:22:40.962	18.8
11:22:40.974	18.7
11:22:40.982	18.1
11:22:40.994	18.5
11:22:41.007	19.5
11:22:41.019	20.0
11:22:41.027	20.1
11:22:41.039	20.4
11:22:41.052	19.4
11:22:41.060	20.2
11:22:41.072	18.6
11:22:41.084	17.7
11:22:41.093	20.7
11:22:41.105	20.5
11:22:41.117	21.4
11:22:41.125	23.7
11:22:41.138	24.1
11:22:41.150	22.9
11:22:41.158	23.7
11:22:41.170	23.3
11:22:41.183	24.2
11:22:41.195	24.0
11:22:41.203	25.0
11:22:41.215	26.0
11:22:41.228	24.3
11:22:41.236	22.4
11:22:41.248	24.2
11:22:41.260	25.4
11:22:41.269	25.0
11:22:41.281	27.3
11:22:41.293	27.0
11:22:41.301	26.7
11:22:41.314	24.2
11:22:41.326	24.7
11:22:41.338	24.5
11:22:41.346	23.4
11:22:41.359	20.4
11:22:41.371	19.6
11:22:41.379	19.4
11:22:41.391	17.0
11:22:41.404	18.5
11:22:41.412	18.3
11:22:41.424	18.5
11:22:41.437	16.5
11:22:41.449	16.4
11:22:41.457	15.1
11:22:41.469	16.2
11:22:41.482	15.9
11:22:41.490	15.6
11:22:41.502	15.2
11:22:41.514	13.4
11:22:41.523	12.4
11:22:41.535	12.0
11:22:41.547	12.8
11:22:41.555	14.0
11:22:41.568	16.2
11:22:41.580	14.8
11:22:41.588	15.0
11:22:41.600	15.5
11:22:41.613	15.8
11:22:41.625	15.2
11:22:41.633	19.0
11:22:41.645	18.6
11:22:41.658	18.9
11:22:41.666	17.4
11:22:41.678	16.9
11:22:41.690	16.6
11:22:41.703	17.3
11:22:41.711	17.2
11:22:41.723	17.5
11:22:41.735	17.6
11:22:41.744	16.6
11:22:41.756	16.7
11:22:41.768	16.4
11:22:41.776	17.2
11:22:41.789	17.0
11:22:41.801	17.1
11:22:41.809	16.3
11:22:41.821	15.9
11:22:41.834	15.5
11:22:41.842	15.0
11:22:41.854	14.5
11:22:41.866	14.4
11:22:41.879	13.5
11:22:41.887	13.4
11:22:41.899	13.0
11:22:41.911	13.9
11:22:41.924	13.9
11:22:41.932	13.3
11:22:41.944	12.3
11:22:41.956	11.8
11:22:41.965	9.9
11:22:41.977	10.6
11:22:41.989	12.1
11:22:42.002	11.0
11:22:42.010	10.6
11:22:42.022	8.0
11:22:42.030	7.5
11:22:42.043	8.5
11:22:42.055	6.5
11:22:42.063	5.1
11:22:42.075	5.4
11:22:42.088	4.5
11:22:42.096	2.0
11:22:42.108	1.0
11:22:42.120	0.9
11:22:42.133	1.0
11:22:42.141	0.2
11:22:42.153	-1.7
11:22:42.165	0.2
11:22:42.178	1.8
11:22:42.186	2.9
11:22:42.198	1.2
11:22:42.210	-0.4
11:22:42.219	0.4
11:22:42.231	-0.5
11:22:42.243	2.0
11:22:42.251	1.6
11:22:42.264	0.9
11:22:42.276	-0.5
11:22:42.288	-1.8
11:22:42.296	-3.7
11:22:42.309	-4.3
11:22:42.321	-5.4
11:22:42.329	-7.3
11:22:42.341	-7.7
11:22:42.354	-11.5
11:22:42.362	-12.1
11:22:42.374	-13.8
11:22:42.387	-15.4
11:22:42.395	-18.2
11:22:42.407	-19.4
11:22:42.419	-19.3
11:22:42.432	-18.4
11:22:42.440	-17.2
11:22:42.452	-19.5
11:22:42.464	-18.4
11:22:42.472	-18.4
11:22:42.485	-19.0
11:22:42.497	-19.5
11:22:42.505	-14.4
11:22:42.518	-15.8
11:22:42.530	-14.9
11:22:42.538	-14.3
11:22:42.550	-14.5
11:22:42.563	-13.1
11:22:42.571	-14.4
11:22:42.583	-15.4
11:22:42.595	-14.7
11:22:42.608	-13.5
11:22:42.616	-17.3
11:22:42.628	-17.0
11:22:42.640	-20.0
11:22:42.649	-19.3
11:22:42.661	-20.2
11:22:42.673	-19.9
11:22:42.685	-18.9
11:22:42.694	-20.4
11:22:42.706	-18.4
11:22:42.718	-17.8
11:22:42.726	-17.9
11:22:42.739	-18.0
11:22:42.751	-14.6
11:22:42.759	-15.7
11:22:42.771	-15.7
11:22:42.784	-16.7
11:22:42.792	-16.9
11:22:42.804	-16.2
11:22:42.816	-18.5
11:22:42.825	-21.1
11:22:42.837	-20.0
11:22:42.849	-18.8
11:22:42.862	-22.2
11:22:42.870	-22.0
11:22:42.883	-23.1
11:22:42.895	-22.9
11:22:42.903	-24.0
11:22:42.916	-23.3
11:22:42.928	-23.1
11:22:42.940	-20.8
11:22:42.948	-20.0
11:22:42.961	-19.7
11:22:42.973	-18.0
11:22:42.981	-17.8
11:22:42.994	-16.2
11:22:43.006	-15.1
11:22:43.014	-14.3
11:22:43.026	-11.8
11:22:43.039	-10.6
11:22:43.047	-8.2
11:22:43.059	-7.9
11:22:43.071	-7.6
11:22:43.080	-7.4
11:22:43.092	-5.9
11:22:43.104	-4.3
11:22:43.116	-2.7
11:22:43.125	0.6
11:22:43.137	0.5
11:22:43.149	2.2
11:22:43.157	0.6
11:22:43.170	-0.4
11:22:43.182	0.8
11:22:43.190	1.9
11:22:43.202	3.0
11:22:43.215	4.5
11:22:43.223	6.3
11:22:43.235	5.3
11:22:43.247	4.9
11:22:43.260	4.8
11:22:43.268	3.3
11:22:43.280	4.9
11:22:43.292	4.1
11:22:43.301	5.2
11:22:43.313	4.5
11:22:43.325	3.4
11:22:43.333	0.8
11:22:43.345	-0.7
11:22:43.357	0.2
11:22:43.369	-1.2
11:22:43.378	1.8
11:22:43.390	2.5
11:22:43.402	3.0
11:22:43.411	1.8
11:22:43.423	0.4
11:22:43.435	0.4
11:22:43.443	-0.4
11:22:43.455	2.0
11:22:43.468	2.3
11:22:43.476	2.7
11:22:43.488	3.2
11:22:43.501	3.1
11:22:43.509	6.3
11:22:43.521	8.8
11:22:43.534	10.7
11:22:43.546	10.3
11:22:43.554	14.2
11:22:43.566	13.7
11:22:43.578	14.3
11:22:43.587	16.8
11:22:43.599	15.4
11:22:43.611	15.2
11:22:43.623	13.7
11:22:43.632	12.2
11:22:43.644	12.3
11:22:43.656	12.6
11:22:43.664	12.5
11:22:43.677	13.0
11:22:43.689	12.4
11:22:43.697	12.0
11:22:43.709	12.6
11:22:43.722	13.5
11:22:43.730	12.5
11:22:43.742	13.4
11:22:43.755	14.4
11:22:43.764	15.8
11:22:43.776	15.1
11:22:43.788	13.3
11:22:43.801	13.5
11:22:43.809	13.9
11:22:43.821	15.8
11:22:43.833	14.4
11:22:43.841	15.7
11:22:43.854	15.0
11:22:43.866	16.0
11:22:43.874	16.7
11:22:43.887	15.7
11:22:43.899	19.3
11:22:43.911	19.9
11:22:43.923	18.4
11:22:43.932	17.5
11:22:43.944	20.2
11:22:43.956	20.7
11:22:43.964	21.6
11:22:43.977	20.2
11:22:43.989	21.4
11:22:43.997	23.8
11:22:44.009	22.4
11:22:44.022	22.9
11:22:44.030	25.2
11:22:44.042	24.9
11:22:44.054	23.7
11:22:44.063	24.1
11:22:44.075	22.0
11:22:44.087	22.6
11:22:44.099	21.8
11:22:44.108	22.6
11:22:44.120	21.3
11:22:44.132	19.9
11:22:44.140	19.2
11:22:44.153	22.1
11:22:44.165	21.0
11:22:44.173	19.8
11:22:44.185	21.4
11:22:44.198	20.9
11:22:44.210	19.6
11:22:44.218	17.2
11:22:44.230	17.9
11:22:44.243	17.7
11:22:44.251	17.5
11:22:44.263	15.0
11:22:44.275	15.6
11:22:44.284	16.8
11:22:44.296	17.3
11:22:44.308	17.2
11:22:44.316	15.7
11:22:44.329	16.3
11:22:44.341	17.5
11:22:44.353	18.7
11:22:44.361	18.8
11:22:44.374	20.4
11:22:44.386	20.7
11:22:44.394	17.7
11:22:44.407	20.1
11:22:44.419	20.8
11:22:44.427	21.6
11:22:44.439	19.7
11:22:44.451	17.9
11:22:44.460	17.3
11:22:44.472	16.7
11:22:44.484	14.6
11:22:44.493	14.6
11:22:44.505	17.0
11:22:44.517	13.1
11:22:44.529	12.3
11:22:44.538	12.7
11:22:44.550	13.3
11:22:44.562	14.1
11:22:44.570	14.4
11:22:44.583	16.5
11:22:44.595	17.2
11:22:44.607	17.1
11:22:44.615	15.4
11:22:44.628	15.9
11:22:44.640	15.0
11:22:44.648	14.6
11:22:44.660	14.4
11:22:44.673	14.4
11:22:44.681	13.4
11:22:44.693	11.2
11:22:44.705	10.3
11:22:44.714	11.1
11:22:44.726	11.5
11:22:44.738	12.8
11:22:44.746	12.8
11:22:44.759	11.5
11:22:44.771	12.2
11:22:44.783	10.3
11:22:44.791	10.2
11:22:44.804	9.9
11:22:44.816	10.2
11:22:44.824	9.8
11:22:44.837	10.6
11:22:44.849	11.1
11:22:44.861	13.2
11:22:44.869	14.1
11:22:44.881	14.2
11:22:44.894	15.4
11:22:44.902	16.2
11:22:44.914	16.2
11:22:44.927	14.5
11:22:44.935	12.9
11:22:44.947	16.3
11:22:44.959	15.3
11:22:44.968	13.9
11:22:44.980	15.0
11:22:44.992	13.5
11:22:45.000	13.1
11:22:45.013	12.9
11:22:45.025	13.1
11:22:45.037	15.1
11:22:45.045	15.7
11:22:45.058	10.6
11:22:45.070	12.3
11:22:45.078	13.5
11:22:45.090	11.1
11:22:45.103	11.6
11:22:45.111	13.0
11:22:45.123	13.5
11:22:45.135	14.6
11:22:45.144	15.8
11:22:45.156	14.5
11:22:45.168	15.9
11:22:45.180	11.2
11:22:45.189	9.7
11:22:45.201	11.8
11:22:45.213	11.3
11:22:45.221	10.2
11:22:45.234	9.4
11:22:45.246	8.7
11:22:45.254	7.3
11:22:45.266	8.2
11:22:45.279	7.1
11:22:45.291	9.1
11:22:45.299	8.9
11:22:45.311	10.5
11:22:45.324	10.9
11:22:45.332	13.3
11:22:45.344	12.8
11:22:45.356	11.1
11:22:45.365	12.3
11:22:45.377	13.2
11:22:45.389	14.9
11:22:45.397	15.0
11:22:45.410	13.6
11:22:45.422	11.6
11:22:45.430	11.7
11:22:45.442	10.2
11:22:45.455	9.0
11:22:45.467	11.1
11:22:45.475	8.6
11:22:45.488	7.9
11:22:45.500	6.0
11:22:45.508	5.1
11:22:45.520	5.4
11:22:45.533	5.2
11:22:45.545	4.6
11:22:45.553	3.6
11:22:45.565	4.7
11:22:45.578	2.6
11:22:45.586	2.6
11:22:45.598	2.0
11:22:45.610	4.7
11:22:45.619	6.8
11:22:45.631	7.5
11:22:45.643	7.7
11:22:45.651	6.7
11:22:45.664	7.4
11:22:45.676	7.5
11:22:45.684	8.6
11:22:45.696	9.3
11:22:45.709	9.2
11:22:45.721	7.4
11:22:45.729	5.7
11:22:45.741	4.7
11:22:45.754	3.4
11:22:45.762	4.6
11:22:45.774	1.9
11:22:45.786	2.0
11:22:45.795	0.8
11:22:45.807	1.8
11:22:45.819	1.7
11:22:45.831	0.8
11:22:45.840	0.0
11:22:45.852	-0.1
11:22:45.864	-0.5
11:22:45.872	1.0
11:22:45.885	0.8
11:22:45.897	-0.8
11:22:45.905	0.0
11:22:45.917	-3.6
11:22:45.930	-3.0
11:22:45.938	-2.3
11:22:45.950	-2.5
11:22:45.963	-4.0
11:22:45.975	-5.8
11:22:45.983	-9.6
11:22:45.995	-9.2
11:22:46.008	-10.6
11:22:46.020	-13.4
11:22:46.028	-12.3
11:22:46.040	-15.2
11:22:46.053	-18.2
11:22:46.061	-19.3
11:22:46.073	-18.3
11:22:46.085	-17.6
11:22:46.094	-17.8
11:22:46.106	-20.9
11:22:46.118	-18.5
11:22:46.130	-18.3
11:22:46.139	-21.8
11:22:46.151	-21.0
11:22:46.163	-20.5
11:22:46.171	-20.9
11:22:46.184	-22.5
11:22:46.196	-21.9
11:22:46.204	-21.2
11:22:46.216	-19.6
11:22:46.229	-20.0
11:22:46.237	-19.9
11:22:46.249	-17.2
11:22:46.262	-16.9
11:22:46.274	-17.5
11:22:46.282	-16.2
11:22:46.294	-15.8
11:22:46.307	-15.8
11:22:46.315	-15.5
11:22:46.327	-14.3
11:22:46.339	-16.1
11:22:46.347	-16.6
11:22:46.360	-18.2
11:22:46.372	-20.1
11:22:46.380	-18.9
11:22:46.393	-19.9
11:22:46.405	-20.4
11:22:46.413	-22.6
11:22:46.425	-21.9
11:22:46.438	-23.0
11:22:46.450	-24.2
11:22:46.458	-25.3
11:22:46.470	-23.2
11:22:46.483	-23.2
11:22:46.491	-23.6
11:22:46.503	-24.5
11:22:46.515	-23.9
11:22:46.528	-23.7
11:22:46.536	-25.8
11:22:46.548	-25.8
11:22:46.560	-22.0
11:22:46.569	-19.3
11:22:46.581	-16.7
11:22:46.593	-14.4
11:22:46.601	-14.6
11:22:46.614	-12.2
11:22:46.626	-11.8
11:22:46.634	-10.5
11:22:46.646	-9.3
11:22:46.659	-7.8
11:22:46.667	-8.4
11:22:46.679	-9.9
11:22:46.691	-12.0
11:22:46.704	-11.6
11:22:46.712	-10.1
11:22:46.724	-11.2
11:22:46.737	-10.8
11:22:46.745	-9.2
11:22:46.757	-7.4
11:22:46.769	-5.8
11:22:46.781	-4.4
11:22:46.790	-2.6
11:22:46.802	-0.8
11:22:46.814	-1.7
11:22:46.822	-0.7
11:22:46.835	2.0
11:22:46.847	2.8
11:22:46.855	3.2
11:22:46.867	2.5
11:22:46.880	2.6
11:22:46.888	2.4
11:22:46.900	2.2
11:22:46.912	1.9
11:22:46.921	3.3
11:22:46.933	3.0
11:22:46.945	3.5
11:22:46.958	6.4
11:22:46.966	8.1
11:22:46.978	9.7
11:22:46.990	10.2
11:22:46.999	9.8
11:22:47.011	13.7
11:22:47.023	13.9
11:22:47.031	14.1
11:22:47.044	14.6
11:22:47.056	15.9
11:22:47.064	14.0
11:22:47.076	14.5
11:22:47.089	14.9
11:22:47.101	16.1
11:22:47.109	16.4
11:22:47.121	12.6
11:22:47.134	11.8
11:22:47.142	12.8
11:22:47.154	13.3
11:22:47.166	11.6
11:22:47.175	12.6
11:22:47.187	12.4
11:22:47.199	11.8
11:22:47.211	9.4
11:22:47.220	10.2
11:22:47.232	10.4
11:22:47.244	11.8
11:22:47.252	12.9
11:22:47.265	14.9
11:22:47.277	15.4
11:22:47.285	14.9
11:22:47.297	13.7
11:22:47.310	13.8
11:22:47.318	15.3
11:22:47.330	16.4
11:22:47.342	18.3
11:22:47.351	18.5
11:22:47.363	19.5
11:22:47.375	18.2
11:22:47.387	19.0
11:22:47.397	19.8
11:22:47.409	20.9
11:22:47.421	20.4
11:22:47.429	20.4
11:22:47.442	18.8
11:22:47.454	20.0
11:22:47.466	19.4
11:22:47.475	16.9
11:22:47.487	16.3
11:22:47.499	14.9
11:22:47.507	15.1
11:22:47.520	15.3
11:22:47.532	15.6
11:22:47.540	15.1
11:22:47.553	15.5
11:22:47.565	13.6
11:22:47.573	12.8
11:22:47.585	13.4
11:22:47.597	12.1
11:22:47.606	11.7
11:22:47.618	13.4
11:22:47.630	11.7
11:22:47.642	10.5
11:22:47.651	11.5
11:22:47.663	10.8
11:22:47.675	11.3
11:22:47.683	11.8
11:22:47.696	12.7
11:22:47.708	13.3
11:22:47.716	12.8
11:22:47.728	11.1
11:22:47.741	12.8
11:22:47.753	13.5
11:22:47.761	12.6
11:22:47.773	11.7
11:22:47.786	12.5
11:22:47.794	11.6
11:22:47.806	9.1
11:22:47.818	9.2
11:22:47.827	7.1
11:22:47.839	5.5
11:22:47.851	3.1
11:22:47.860	2.9
11:22:47.872	0.9
11:22:47.884	0.0
11:22:47.896	-0.7
11:22:47.904	-0.6
11:22:47.916	-1.8
11:22:47.928	-3.8
11:22:47.937	-3.7
11:22:47.949	-5.0
11:22:47.961	-4.6
11:22:47.969	-6.5
11:22:47.982	-6.8
11:22:47.994	-7.8
11:22:48.006	-10.9
11:22:48.015	-12.6
11:22:48.027	-11.8
11:22:48.039	-11.4
11:22:48.051	-10.6
11:22:48.060	-11.9
11:22:48.072	-14.2
11:22:48.084	-13.5
11:22:48.092	-14.3
11:22:48.105	-14.4
11:22:48.117	-13.6
11:22:48.125	-13.6
11:22:48.137	-15.1
11:22:48.150	-16.2
11:22:48.158	-18.3
11:22:48.170	-16.7
11:22:48.182	-16.0
11:22:48.195	-17.6
11:22:48.203	-19.1
11:22:48.215	-19.3
11:22:48.227	-20.1
11:22:48.236	-19.5
11:22:48.248	-20.1
11:22:48.260	-21.8
11:22:48.268	-23.3
11:22:48.281	-25.1
11:22:48.293	-24.0
11:22:48.301	-26.3
11:22:48.313	-24.7
11:22:48.326	-24.9
11:22:48.334	-25.2
11:22:48.346	-26.8
11:22:48.358	-26.3
11:22:48.371	-25.0
11:22:48.379	-25.6
11:22:48.391	-24.6
11:22:48.403	-28.3
11:22:48.412	-25.5
11:22:48.424	-26.7
11:22:48.436	-27.3
11:22:48.448	-28.7
11:22:48.457	-31.9
11:22:48.469	-33.2
11:22:48.481	-35.1
11:22:48.489	-32.8
11:22:48.502	-33.3
11:22:48.514	-33.0
11:22:48.522	-34.5
11:22:48.534	-36.8
11:22:48.547	-37.6
11:22:48.555	-36.2
11:22:48.567	-35.2
11:22:48.580	-35.3
11:22:48.588	-34.1
11:22:48.600	-34.7
11:22:48.612	-36.1
11:22:48.625	-37.3
11:22:48.633	-36.7
11:22:48.645	-35.9
11:22:48.657	-36.6
11:22:48.666	-37.0
11:22:48.678	-35.9
11:22:48.690	-35.2
11:22:48.702	-34.6
11:22:48.711	-33.5
11:22:48.723	-34.0
11:22:48.735	-33.0
11:22:48.743	-32.5
11:22:48.756	-32.5
11:22:48.768	-30.0
11:22:48.776	-30.1
11:22:48.788	-29.8
11:22:48.801	-28.4
11:22:48.809	-27.8
11:22:48.821	-25.3
11:22:48.834	-23.1
11:22:48.842	-20.9
11:22:48.854	-17.7
11:22:48.866	-14.7
11:22:48.879	-13.9
11:22:48.887	-11.3
11:22:48.899	-10.5
11:22:48.911	-6.2
11:22:48.920	-5.9
11:22:48.932	-7.2
11:22:48.944	-7.2
11:22:48.952	-4.2
11:22:48.965	-6.3
11:22:48.977	-7.0
11:22:48.985	-6.5
11:22:48.997	-7.6
11:22:49.010	-4.3
11:22:49.022	-7.7
11:22:49.030	-6.4
11:22:49.043	-4.8
11:22:49.055	-4.4
11:22:49.063	-6.5
11:22:49.075	-6.0
11:22:49.088	-3.6
11:22:49.096	-2.6
11:22:49.108	-1.0
11:22:49.120	-1.2
11:22:49.133	-1.0
11:22:49.141	0.6
11:22:49.153	-0.1
11:22:49.165	1.7
11:22:49.174	2.1
11:22:49.186	4.3
11:22:49.198	5.3
11:22:49.206	5.9
11:22:49.219	8.6
11:22:49.231	8.8
11:22:49.239	10.3
11:22:49.251	7.2
11:22:49.264	8.5
11:22:49.272	7.3
11:22:49.284	7.6
11:22:49.296	5.6
11:22:49.309	4.2
11:22:49.317	4.5
11:22:49.329	3.2
11:22:49.342	2.6
11:22:49.350	-1.2
11:22:49.362	1.0
11:22:49.374	-0.3
11:22:49.386	-0.7
11:22:49.395	-0.3
11:22:49.407	-0.3
11:22:49.419	1.8
11:22:49.428	1.8
11:22:49.440	0.8
11:22:49.452	0.9
11:22:49.460	4.7
11:22:49.472	4.6
11:22:49.485	6.7
11:22:49.493	8.5
11:22:49.505	8.4
11:22:49.518	9.0
11:22:49.526	9.4
11:22:49.538	9.8
11:22:49.550	9.6
11:22:49.563	10.4
11:22:49.571	9.7
11:22:49.583	9.9
11:22:49.595	8.3
11:22:49.604	8.8
11:22:49.616	10.4
11:22:49.628	13.8
11:22:49.636	13.1
11:22:49.649	13.2
11:22:49.661	12.6
11:22:49.673	14.8
11:22:49.681	14.6
11:22:49.694	16.1
11:22:49.706	17.5
11:22:49.714	16.5
11:22:49.726	16.9
11:22:49.739	15.6
11:22:49.747	14.6
11:22:49.759	14.3
11:22:49.771	16.2
11:22:49.780	16.3
11:22:49.792	17.4
11:22:49.804	17.0
11:22:49.816	17.4
11:22:49.825	19.7
11:22:49.837	18.5
11:22:49.849	17.8
11:22:49.861	18.6
11:22:49.870	19.7
11:22:49.882	19.5
11:22:49.894	17.2
11:22:49.903	16.1
11:22:49.915	17.1
11:22:49.927	16.5
11:22:49.935	16.1
11:22:49.948	15.3
11:22:49.960	12.8
11:22:49.972	11.7
11:22:49.980	9.4
11:22:49.993	8.5
11:22:50.001	7.9
11:22:50.013	6.2
11:22:50.026	2.5
11:22:50.034	1.5
11:22:50.046	-1.8
11:22:50.058	-4.3
11:22:50.070	-3.5
11:22:50.079	-6.7
11:22:50.091	-6.7
11:22:50.103	-9.2
11:22:50.115	-9.4
11:22:50.124	-11.6
11:22:50.136	-12.1
11:22:50.148	-15.0
11:22:50.156	-16.4
11:22:50.169	-16.0
11:22:50.181	-17.6
11:22:50.189	-15.4
11:22:50.202	-16.3
11:22:50.214	-15.1
11:22:50.222	-16.7
11:22:50.234	-14.9
11:22:50.247	-14.2
11:22:50.255	-12.3
11:22:50.267	-9.3
11:22:50.279	-6.9
11:22:50.292	-6.6
11:22:50.300	-5.5
11:22:50.312	-5.1
11:22:50.324	-4.6
11:22:50.333	-4.6
11:22:50.345	-3.0
11:22:50.357	-2.9
11:22:50.370	-4.0
11:22:50.378	-5.4
11:22:50.390	-4.9
11:22:50.402	-3.9
11:22:50.411	-6.3
11:22:50.423	-4.8
11:22:50.435	-4.5
11:22:50.443	-3.3
11:22:50.456	-4.0
11:22:50.468	-3.4
11:22:50.476	-0.6
11:22:50.488	0.6
11:22:50.501	-0.6
11:22:50.509	-0.5
11:22:50.521	3.0
11:22:50.533	3.5
11:22:50.546	1.8
11:22:50.554	1.3
11:22:50.566	1.5
11:22:50.578	1.6
11:22:50.587	0.4
11:22:50.599	-1.5
11:22:50.611	-1.3
11:22:50.623	-2.7
11:22:50.632	-5.5
11:22:50.644	-8.7
11:22:50.656	-8.6
11:22:50.665	-8.3
11:22:50.677	-9.1
11:22:50.689	-9.7
11:22:50.697	-11.3
11:22:50.709	-11.5
11:22:50.722	-12.9
11:22:50.730	-10.3
11:22:50.742	-11.2
11:22:50.754	-10.5
11:22:50.763	-11.1
11:22:50.775	-12.0
11:22:50.787	-12.2
11:22:50.800	-12.7
11:22:50.808	-12.4
11:22:50.820	-11.5
11:22:50.832	-11.7
11:22:50.840	-11.8
11:22:50.853	-11.0
11:22:50.865	-10.7
11:22:50.873	-9.4
11:22:50.886	-8.9
11:22:50.898	-8.3
11:22:50.906	-7.7
11:22:50.918	-4.9
11:22:50.931	-4.0
11:22:50.943	-1.8
11:22:50.951	-3.6
11:22:50.963	-3.1
11:22:50.976	-1.3
11:22:50.984	-1.0
11:22:50.996	-0.3
11:22:51.008	2.1
11:22:51.017	2.1
11:22:51.029	-0.9
11:22:51.041	-0.4
11:22:51.053	-0.5
11:22:51.062	1.4
11:22:51.075	1.9
11:22:51.086	0.2
11:22:51.094	1.1
11:22:51.108	1.8
11:22:51.120	0.3
11:22:51.128	1.8
11:22:51.140	3.4
11:22:51.153	3.5
11:22:51.161	3.0
11:22:51.173	1.6
11:22:51.185	2.0
11:22:51.194	3.2
11:22:51.206	2.6
11:22:51.218	5.1
11:22:51.230	5.5
11:22:51.239	4.8
11:22:51.251	4.4
11:22:51.263	3.7
11:22:51.271	5.6
11:22:51.284	6.1
11:22:51.296	6.8
11:22:51.308	5.9
11:22:51.316	6.4
11:22:51.329	4.7
11:22:51.340	6.0
11:22:51.348	5.9
11:22:51.361	6.4
11:22:51.373	7.1
11:22:51.381	4.2
11:22:51.393	3.5
11:22:51.406	1.8
11:22:51.414	2.6
11:22:51.426	1.8
11:22:51.439	0.7
11:22:51.447	0.0
11:22:51.459	2.0
11:22:51.471	3.1
11:22:51.484	3.8
11:22:51.492	5.3
11:22:51.504	8.3
11:22:51.517	8.6
11:22:51.525	9.0
11:22:51.537	9.6
11:22:51.549	10.1
11:22:51.558	9.1
11:22:51.570	9.4
11:22:51.582	7.6
11:22:51.594	6.7
11:22:51.603	5.6
11:22:51.615	5.7
11:22:51.627	6.0
11:22:51.635	4.2
11:22:51.648	4.4
11:22:51.660	2.1
11:22:51.668	3.5
11:22:51.680	3.1
11:22:51.693	3.1
11:22:51.701	2.8
11:22:51.713	4.9
11:22:51.725	3.7
11:22:51.738	4.1
11:22:51.746	5.8
11:22:51.758	5.4
11:22:51.770	7.2
11:22:51.779	5.7
11:22:51.791	3.6
11:22:51.803	5.5
11:22:51.815	10.1
11:22:51.824	10.2
11:22:51.836	9.4
11:22:51.844	9.1
11:22:51.856	8.6
11:22:51.869	8.5
11:22:51.881	8.9
11:22:51.889	8.9
11:22:51.901	9.6
11:22:51.914	8.5
11:22:51.922	3.6
11:22:51.934	3.5
11:22:51.947	3.8
11:22:51.955	5.6
11:22:51.967	5.7
11:22:51.979	6.8
11:22:51.992	7.2
11:22:52.000	8.4
11:22:52.012	7.2
11:22:52.024	6.3
11:22:52.033	8.4
11:22:52.045	5.8
11:22:52.057	7.8
11:22:52.069	7.5
11:22:52.078	7.4
11:22:52.090	7.6
11:22:52.102	6.7
11:22:52.110	7.9
11:22:52.123	8.8
11:22:52.135	11.1
11:22:52.143	9.9
11:22:52.155	12.2
11:22:52.168	10.7
11:22:52.176	14.1
11:22:52.188	15.9
11:22:52.200	16.4
11:22:52.213	19.0
11:22:52.221	18.8
11:22:52.233	21.8
11:22:52.245	22.5
11:22:52.254	23.9
11:22:52.266	26.9
11:22:52.278	29.6
11:22:52.290	27.8
11:22:52.299	28.4
11:22:52.311	29.7
11:22:52.323	34.5
11:22:52.331	38.8
11:22:52.344	41.5
11:22:52.356	47.5
11:22:52.364	52.8
11:22:52.377	55.0
11:22:52.389	58.0
11:22:52.397	62.1
11:22:52.409	65.2
11:22:52.422	69.2
11:22:52.430	67.4
11:22:52.442	66.9
11:22:52.454	67.8
11:22:52.467	64.3
11:22:52.475	64.5
11:22:52.487	63.7
11:22:52.499	61.3
11:22:52.508	59.8
11:22:52.520	60.5
11:22:52.532	58.1
11:22:52.545	57.8
11:22:52.553	58.1
11:22:52.565	55.2
11:22:52.577	53.9
11:22:52.585	51.0
11:22:52.598	50.5
11:22:52.610	50.8
11:22:52.618	50.4
11:22:52.631	48.5
11:22:52.643	47.8
11:22:52.651	47.2
11:22:52.663	44.2
11:22:52.676	43.4
11:22:52.684	43.8
11:22:52.696	42.5
11:22:52.708	41.4
11:22:52.721	41.5
11:22:52.729	40.0
11:22:52.741	42.0
11:22:52.753	41.8
11:22:52.762	38.8
11:22:52.774	39.2
11:22:52.786	37.7
11:22:52.794	35.4
11:22:52.807	34.7
11:22:52.819	33.1
11:22:52.827	31.3
11:22:52.840	29.6
11:22:52.852	24.8
11:22:52.864	22.7
11:22:52.872	22.7
11:22:52.884	22.7
11:22:52.897	21.3
11:22:52.905	22.2
11:22:52.917	22.6
11:22:52.930	22.2
11:22:52.938	20.4
11:22:52.950	20.8
11:22:52.962	21.6
11:22:52.975	23.0
11:22:52.983	24.1
11:22:52.995	21.9
11:22:53.007	23.7
11:22:53.016	22.1
11:22:53.028	21.3
11:22:53.040	20.3
11:22:53.048	21.9
11:22:53.061	21.2
11:22:53.073	20.6
11:22:53.081	19.7
11:22:53.093	16.4
11:22:53.106	15.3
11:22:53.114	14.3
11:22:53.126	14.0
11:22:53.138	13.3
11:22:53.151	12.7
11:22:53.159	11.9
11:22:53.171	11.0
11:22:53.183	10.1
11:22:53.192	8.2
11:22:53.204	9.6
11:22:53.216	9.1
11:22:53.228	8.8
11:22:53.237	7.2
11:22:53.249	6.1
11:22:53.261	5.0
11:22:53.269	2.3
11:22:53.282	1.5
11:22:53.294	-0.1
11:22:53.302	-0.4
11:22:53.314	-2.9
11:22:53.327	-2.5
11:22:53.335	-4.5
11:22:53.347	-4.5
11:22:53.359	-4.9
11:22:53.368	-4.8
11:22:53.380	-5.1
11:22:53.392	-5.9
11:22:53.405	-7.3
11:22:53.413	-8.1
11:22:53.425	-7.7
11:22:53.437	-9.5
11:22:53.446	-10.1
11:22:53.458	-9.3
11:22:53.470	-8.2
11:22:53.478	-8.7
11:22:53.491	-7.9
11:22:53.503	-7.4
11:22:53.515	-7.6
11:22:53.523	-7.8
11:22:53.536	-5.2
11:22:53.548	-4.5
11:22:53.556	-3.8
11:22:53.568	-5.1
11:22:53.581	-6.9
11:22:53.589	-7.9
11:22:53.601	-7.5
11:22:53.613	-6.5
11:22:53.622	-8.0
11:22:53.634	-8.3
11:22:53.646	-10.9
11:22:53.658	-12.6
11:22:53.667	-13.7
11:22:53.679	-14.2
11:22:53.691	-15.8
11:22:53.699	-16.8
11:22:53.712	-16.2
11:22:53.724	-18.6
11:22:53.732	-17.1
11:22:53.745	-12.6
11:22:53.757	-13.7
11:22:53.765	-13.7
11:22:53.777	-14.3
11:22:53.790	-14.9
11:22:53.802	-15.8
11:22:53.814	-11.3
11:22:53.822	-14.8
11:22:53.835	-14.9
11:22:53.847	-14.6
11:22:53.855	-20.1
11:22:53.867	-20.5
11:22:53.880	-20.6
11:22:53.888	-19.7
11:22:53.900	-17.5
11:22:53.912	-15.6
11:22:53.921	-18.1
11:22:53.933	-16.2
11:22:53.945	-16.2
11:22:53.957	-15.8
11:22:53.967	-15.4
11:22:53.979	-15.1
11:22:53.991	-14.1
11:22:53.999	-14.4
11:22:54.012	-15.5
11:22:54.024	-15.3
11:22:54.032	-14.7
11:22:54.044	-14.7
11:22:54.057	-13.7
11:22:54.065	-12.3
11:22:54.077	-9.7
11:22:54.089	-8.1
11:22:54.098	-7.0
11:22:54.110	-5.5
11:22:54.122	-4.3
11:22:54.134	-4.5
11:22:54.143	-4.6
11:22:54.155	-3.8
11:22:54.167	-3.1
11:22:54.175	-2.4
11:22:54.188	-4.0
11:22:54.200	-2.0
11:22:54.212	-3.2
11:22:54.220	-3.5
11:22:54.233	-3.8
11:22:54.245	-2.0
11:22:54.253	-0.4
11:22:54.266	-1.9
11:22:54.278	0.9
11:22:54.286	-0.2
11:22:54.298	-0.2
11:22:54.310	-2.7
11:22:54.319	0.3
11:22:54.331	2.9
11:22:54.343	5.2
11:22:54.352	5.8
11:22:54.364	4.5
11:22:54.376	8.2
11:22:54.388	4.9
11:22:54.397	7.0
11:22:54.409	7.2
11:22:54.421	6.7
11:22:54.429	6.6
11:22:54.442	5.3
11:22:54.454	3.2
11:22:54.466	3.8
11:22:54.474	3.4
11:22:54.487	1.4
11:22:54.499	1.5
11:22:54.507	0.4
11:22:54.519	0.7
11:22:54.532	2.6
11:22:54.540	3.5
11:22:54.552	5.7
11:22:54.565	6.6
11:22:54.573	8.5
11:22:54.585	11.5
11:22:54.597	13.3
11:22:54.605	16.0
11:22:54.618	16.9
11:22:54.630	17.9
11:22:54.642	20.6
11:22:54.650	18.2
11:22:54.663	16.4
11:22:54.675	19.6
11:22:54.683	17.4
11:22:54.696	17.8
11:22:54.708	16.7
11:22:54.716	16.0
11:22:54.728	16.8
11:22:54.740	18.0
11:22:54.749	16.9
11:22:54.761	17.9
11:22:54.773	18.1
11:22:54.786	16.4
11:22:54.794	17.9
11:22:54.806	17.6
11:22:54.818	18.3
11:22:54.826	18.4
11:22:54.839	17.4
11:22:54.851	17.2
11:22:54.859	18.3
11:22:54.872	19.4
11:22:54.884	20.4
11:22:54.896	20.3
11:22:54.904	19.3
11:22:54.917	16.7
11:22:54.929	17.2
11:22:54.937	17.0
11:22:54.949	17.7
11:22:54.962	18.3
11:22:54.970	19.4
11:22:54.982	19.7
11:22:54.995	19.9
11:22:55.003	20.5
11:22:55.015	20.4
11:22:55.027	24.2
11:22:55.036	25.3
11:22:55.048	27.3
11:22:55.060	25.8
11:22:55.072	26.0
11:22:55.081	24.1
11:22:55.093	24.8
11:22:55.105	24.7
11:22:55.113	23.8
11:22:55.126	23.6
11:22:55.138	25.5
11:22:55.150	23.4
11:22:55.158	22.6
11:22:55.171	24.4
11:22:55.183	23.9
11:22:55.191	23.9
11:22:55.203	22.9
11:22:55.216	22.9
11:22:55.224	23.3
11:22:55.236	25.2
11:22:55.248	20.4
11:22:55.257	21.8
11:22:55.269	21.8
11:22:55.281	20.7
11:22:55.289	21.3
11:22:55.302	22.8
11:22:55.314	24.3
11:22:55.326	23.2
11:22:55.334	24.5
11:22:55.347	24.4
11:22:55.359	26.5
11:22:55.367	25.8
11:22:55.380	25.8
11:22:55.392	25.8
11:22:55.400	24.4
11:22:55.412	23.4
11:22:55.425	22.8
11:22:55.437	23.9
11:22:55.445	21.8
11:22:55.457	19.1
11:22:55.470	17.6
11:22:55.478	17.8
11:22:55.490	17.6
11:22:55.502	17.8
11:22:55.511	18.8
11:22:55.523	18.2
11:22:55.535	17.7
11:22:55.543	16.6
11:22:55.556	17.5
11:22:55.568	18.8
11:22:55.580	20.2
11:22:55.588	20.3
11:22:55.601	18.4
11:22:55.613	19.0
11:22:55.621	20.0
11:22:55.633	19.2
11:22:55.646	18.8
11:22:55.654	19.3
11:22:55.666	17.8
11:22:55.679	17.9
11:22:55.687	17.5
11:22:55.699	18.2
11:22:55.711	19.9
11:22:55.723	20.0
11:22:55.732	19.5
11:22:55.744	19.5
11:22:55.756	19.7
11:22:55.764	18.8
11:22:55.777	19.5
11:22:55.789	20.7
11:22:55.797	20.4
11:22:55.809	19.8
11:22:55.822	19.1
11:22:55.834	18.8
11:22:55.842	17.0
11:22:55.855	17.4
11:22:55.867	16.0
11:22:55.879	16.8
11:22:55.887	16.2
11:22:55.900	15.8
11:22:55.912	14.8
11:22:55.920	14.7
11:22:55.932	15.0
11:22:55.945	14.1
11:22:55.953	16.0
11:22:55.965	14.6
11:22:55.977	15.3
11:22:55.986	13.9
11:22:55.998	15.0
11:22:56.010	13.6
11:22:56.018	13.7
11:22:56.031	13.1
11:22:56.043	13.9
11:22:56.055	15.8
11:22:56.063	15.0
11:22:56.076	14.3
11:22:56.088	14.5
11:22:56.096	15.0
11:22:56.108	14.3
11:22:56.121	14.0
11:22:56.133	12.9
11:22:56.141	10.8
11:22:56.153	8.8
11:22:56.166	7.7
11:22:56.174	8.5
11:22:56.186	10.6
11:22:56.198	10.8
11:22:56.207	10.9
11:22:56.219	10.5
11:22:56.231	9.4
11:22:56.239	10.7
11:22:56.252	11.4
11:22:56.264	10.5
11:22:56.272	10.1
11:22:56.284	7.5
11:22:56.297	5.6
11:22:56.309	5.8
11:22:56.317	7.3
11:22:56.329	7.0
11:22:56.342	7.2
11:22:56.350	5.5
11:22:56.362	5.8
11:22:56.375	6.3
11:22:56.387	4.6
11:22:56.395	5.6
11:22:56.407	5.5
11:22:56.420	4.3
11:22:56.428	0.3
11:22:56.440	0.7
11:22:56.452	0.5
11:22:56.461	-1.2
11:22:56.473	-1.6
11:22:56.485	-3.2
11:22:56.493	-4.6
11:22:56.506	-6.6
11:22:56.518	-8.6
11:22:56.526	-9.4
11:22:56.538	-8.4
11:22:56.551	-11.0
11:22:56.563	-12.2
11:22:56.571	-10.7
11:22:56.583	-13.1
11:22:56.596	-12.1
11:22:56.604	-12.3
11:22:56.616	-13.4
11:22:56.628	-12.7
11:22:56.637	-11.8
11:22:56.649	-12.5
11:22:56.661	-11.9
11:22:56.669	-11.6
11:22:56.682	-14.0
11:22:56.694	-11.1
11:22:56.706	-12.3
11:22:56.714	-11.0
11:22:56.727	-11.2
11:22:56.739	-10.7
11:22:56.747	-11.3
11:22:56.760	-10.9
11:22:56.772	-10.6
11:22:56.780	-9.8
11:22:56.792	-8.5
11:22:56.804	-9.7
11:22:56.817	-8.2
11:22:56.825	-9.4
11:22:56.837	-7.6
11:22:56.850	-7.4
11:22:56.858	-7.1
11:22:56.870	-7.7
11:22:56.882	-8.0
11:22:56.891	-11.5
11:22:56.903	-10.7
11:22:56.915	-10.4
11:22:56.923	-11.8
11:22:56.936	-11.8
11:22:56.948	-13.5
11:22:56.956	-11.6
11:22:56.968	-11.9
11:22:56.981	-10.0
11:22:56.993	-10.5
11:22:57.001	-8.2
11:22:57.013	-6.7
11:22:57.026	-7.4
11:22:57.034	-6.5
11:22:57.046	-6.0
11:22:57.058	-2.4
11:22:57.071	-5.1
11:22:57.079	-5.0
11:22:57.091	-7.4
11:22:57.103	-7.7
11:22:57.112	-6.5
11:22:57.124	-8.4
11:22:57.136	-6.2
11:22:57.144	-7.1
11:22:57.157	-8.6
11:22:57.169	-11.1
11:22:57.177	-8.5
11:22:57.189	-9.2
11:22:57.202	-6.8
11:22:57.210	-5.0
11:22:57.222	-6.3
11:22:57.234	-5.1
11:22:57.247	-6.0
11:22:57.255	-5.3
11:22:57.267	-1.6
11:22:57.280	-2.3
11:22:57.288	-3.8
11:22:57.300	-3.3
11:22:57.312	-3.8
11:22:57.321	-3.3
11:22:57.332	-1.0
11:22:57.347	-0.3
11:22:57.358	1.4
11:22:57.366	3.1
11:22:57.378	3.6
11:22:57.391	5.5
11:22:57.399	6.2
11:22:57.411	7.3
11:22:57.424	11.1
11:22:57.432	10.3
11:22:57.444	10.4
11:22:57.456	12.0
11:22:57.464	11.2
11:22:57.477	10.8
11:22:57.489	10.1
11:22:57.501	10.5
11:22:57.510	10.8
11:22:57.522	11.0
11:22:57.534	8.9
11:22:57.542	10.5
11:22:57.555	9.3
11:22:57.567	7.8
11:22:57.575	8.7
11:22:57.587	10.6
11:22:57.600	12.3
11:22:57.608	12.8
11:22:57.620	13.4
11:22:57.632	13.7
11:22:57.645	13.9
11:22:57.653	14.3
11:22:57.665	16.1
11:22:57.677	16.7
11:22:57.686	19.1
11:22:57.698	18.8
11:22:57.710	16.4
11:22:57.718	17.6
11:22:57.731	18.0
11:22:57.743	18.4
11:22:57.755	18.5
11:22:57.763	19.7
11:22:57.776	20.1
11:22:57.788	21.3
11:22:57.800	18.3
11:22:57.808	18.5
11:22:57.821	20.3
11:22:57.833	20.1
11:22:57.841	19.2
11:22:57.853	18.0
11:22:57.866	18.1
11:22:57.874	16.2
11:22:57.886	16.7
11:22:57.898	15.9
11:22:57.907	17.5
11:22:57.919	16.9
11:22:57.931	15.9
11:22:57.940	16.5
11:22:57.952	18.5
11:22:57.964	20.5
11:22:57.976	21.7
11:22:57.985	22.2
11:22:57.997	21.9
11:22:58.009	23.3
11:22:58.017	22.2
11:22:58.030	21.8
11:22:58.042	21.6
11:22:58.054	19.4
11:22:58.062	20.9
11:22:58.075	20.3
11:22:58.087	18.7
11:22:58.095	19.5
11:22:58.107	17.8
11:22:58.120	17.5
11:22:58.128	17.6
11:22:58.140	17.7
11:22:58.152	17.7
11:22:58.161	18.4
11:22:58.173	15.4
11:22:58.185	14.8
11:22:58.193	15.8
11:22:58.206	14.6
11:22:58.218	15.2
11:22:58.230	12.9
11:22:58.238	12.0
11:22:58.251	11.5
11:22:58.263	13.4
11:22:58.271	12.4
11:22:58.284	12.2
11:22:58.296	11.0
11:22:58.308	9.4
11:22:58.316	9.0
11:22:58.329	7.9
11:22:58.341	8.2
11:22:58.349	8.5
11:22:58.361	8.2
11:22:58.373	5.9
11:22:58.382	5.9
11:22:58.394	5.7
11:22:58.406	6.2
11:22:58.414	5.9
11:22:58.427	7.0
11:22:58.439	6.8
11:22:58.447	6.5
11:22:58.460	5.4
11:22:58.472	6.4
11:22:58.484	7.3
11:22:58.492	7.4
11:22:58.505	7.2
11:22:58.517	7.8
11:22:58.525	8.7
11:22:58.537	9.7
11:22:58.550	11.0
11:22:58.558	12.3
11:22:58.570	13.4
11:22:58.582	15.0
11:22:58.591	15.7
11:22:58.603	16.2
11:22:58.615	18.5
11:22:58.627	18.3
11:22:58.636	20.8
11:22:58.648	18.2
11:22:58.660	20.1
11:22:58.668	20.3
11:22:58.681	22.0
11:22:58.693	20.9
11:22:58.701	20.6
11:22:58.713	24.1
11:22:58.726	24.1
11:22:58.738	24.9
11:22:58.746	25.0
11:22:58.758	29.3
11:22:58.771	28.6
11:22:58.779	28.8
11:22:58.791	28.6
11:22:58.803	29.7
11:22:58.812	30.1
11:22:58.824	29.1
11:22:58.836	29.2
11:22:58.844	29.8
11:22:58.857	29.3
11:22:58.869	27.3
11:22:58.877	28.6
11:22:58.889	29.4
11:22:58.902	28.9
11:22:58.914	28.2
11:22:58.922	28.4
11:22:58.935	27.0
11:22:58.947	26.2
11:22:58.955	25.9
11:22:58.967	24.0
11:22:58.980	24.9
11:22:58.992	23.8
11:22:59.000	22.3
11:22:59.012	23.1
11:22:59.025	21.6
11:22:59.033	22.1
11:22:59.045	23.5
11:22:59.057	22.3
11:22:59.066	23.0
11:22:59.078	24.3
11:22:59.090	22.4
11:22:59.099	20.4
11:22:59.111	21.1
11:22:59.123	21.7
11:22:59.131	22.3
11:22:59.144	22.2
11:22:59.156	20.5
11:22:59.168	21.6
11:22:59.176	21.7
11:22:59.189	20.7
11:22:59.201	19.6
11:22:59.209	22.8
11:22:59.221	22.3
11:22:59.234	20.7
11:22:59.242	20.9
11:22:59.254	21.5
11:22:59.266	21.0
11:22:59.279	22.8
11:22:59.287	20.9
11:22:59.299	21.5
11:22:59.311	22.3
11:22:59.320	20.6
11:22:59.332	20.8
11:22:59.344	20.1
11:22:59.352	20.2
11:22:59.365	18.5
11:22:59.377	20.0
11:22:59.385	16.2
11:22:59.398	16.0
11:22:59.410	14.1
11:22:59.422	13.6
11:22:59.430	12.0
11:22:59.443	11.4
11:22:59.455	10.9
11:22:59.463	9.5
11:22:59.475	8.9
11:22:59.488	7.1
11:22:59.496	10.1
11:22:59.508	9.5
11:22:59.520	10.3
11:22:59.529	9.3
11:22:59.541	10.1
11:22:59.553	9.8
11:22:59.565	9.0
11:22:59.574	8.8
11:22:59.586	8.8
11:22:59.598	11.2
11:22:59.606	7.4
11:22:59.619	7.2
11:22:59.631	10.5
11:22:59.639	10.5
11:22:59.651	8.7
11:22:59.664	10.4
11:22:59.676	11.5
11:22:59.685	9.6
11:22:59.696	9.2
11:22:59.709	6.2
11:22:59.717	8.7
11:22:59.729	8.9
11:22:59.741	3.8
11:22:59.750	4.2
11:22:59.762	6.7
11:22:59.774	4.1
11:22:59.782	2.9
11:22:59.795	7.1
11:22:59.807	8.8
11:22:59.815	8.4
11:22:59.827	6.1
11:22:59.840	5.3
11:22:59.852	6.2
11:22:59.860	7.8
11:22:59.872	7.1
11:22:59.885	8.3
11:22:59.893	9.2
11:22:59.905	7.7
11:22:59.917	5.2
11:22:59.930	6.4
11:22:59.938	10.1
11:22:59.950	10.3
11:22:59.963	9.7
11:22:59.971	8.5
11:22:59.983	8.0
11:22:59.995	7.5
11:23:00.008	8.3
11:23:00.016	7.5
11:23:00.028	8.6
11:23:00.040	8.4
11:23:00.049	5.0
11:23:00.061	6.6
11:23:00.073	6.4
11:23:00.081	6.7
11:23:00.094	5.8
11:23:00.106	5.4
11:23:00.114	3.3
11:23:00.126	4.1
11:23:00.139	1.7
11:23:00.151	-0.4
11:23:00.159	-1.0
11:23:00.171	-3.7
11:23:00.184	-5.5
11:23:00.192	-6.3
11:23:00.204	-7.3
11:23:00.216	-8.8
11:23:00.229	-9.2
11:23:00.237	-8.6
11:23:00.249	-10.1
11:23:00.261	-8.1
11:23:00.270	-7.0
11:23:00.282	-6.8
11:23:00.294	-5.9
11:23:00.302	-7.8
11:23:00.315	-7.9
11:23:00.327	-9.2
11:23:00.335	-9.6
11:23:00.348	-13.9
11:23:00.360	-11.0
11:23:00.368	-15.5
11:23:00.380	-16.1
11:23:00.393	-17.2
11:23:00.405	-18.0
11:23:00.413	-15.1
11:23:00.426	-14.7
11:23:00.438	-14.4
11:23:00.446	-14.9
11:23:00.458	-14.4
11:23:00.471	-16.9
11:23:00.479	-15.5
11:23:00.491	-16.5
11:23:00.503	-16.9
11:23:00.511	-17.0
11:23:00.524	-17.4
11:23:00.536	-19.7
11:23:00.548	-19.4
11:23:00.557	-20.5
11:23:00.569	-20.1
11:23:00.581	-19.4
11:23:00.589	-20.0
11:23:00.602	-20.6
11:23:00.614	-19.4
11:23:00.622	-19.8
11:23:00.635	-22.2
11:23:00.647	-21.3
11:23:00.659	-20.1
11:23:00.667	-18.4
11:23:00.680	-18.9
11:23:00.692	-19.0
11:23:00.700	-18.3
11:23:00.712	-18.4
11:23:00.725	-17.8
11:23:00.733	-17.1
11:23:00.745	-15.3
11:23:00.757	-13.5
11:23:00.766	-15.1
11:23:00.778	-14.3
11:23:00.790	-13.1
11:23:00.798	-11.8
11:23:00.811	-11.9
11:23:00.823	-10.3
11:23:00.835	-11.9
11:23:00.843	-10.7
11:23:00.856	-7.9
11:23:00.868	-9.4
11:23:00.876	-8.9
11:23:00.888	-8.8
11:23:00.901	-8.3
11:23:00.913	-7.9
11:23:00.921	-5.9
11:23:00.933	-5.0
11:23:00.946	-2.5
11:23:00.954	-1.8
11:23:00.966	-4.9
11:23:00.979	-3.2
11:23:00.987	0.2
11:23:00.999	0.8
11:23:01.011	3.0
11:23:01.019	5.2
11:23:01.032	7.3
11:23:01.044	7.1
11:23:01.052	7.0
11:23:01.064	6.1
11:23:01.077	8.1
11:23:01.089	9.6
11:23:01.097	8.6
11:23:01.109	9.5
11:23:01.122	11.3
11:23:01.130	9.9
11:23:01.142	10.4
11:23:01.155	10.6
11:23:01.163	12.6
11:23:01.175	14.0
11:23:01.187	12.7
11:23:01.200	11.7
11:23:01.208	11.1
11:23:01.220	10.1
11:23:01.232	9.0
11:23:01.241	10.0
11:23:01.253	9.7
11:23:01.265	9.7
11:23:01.273	9.6
11:23:01.285	10.2
11:23:01.298	12.8
11:23:01.306	14.3
11:23:01.318	13.4
11:23:01.331	13.1
11:23:01.343	12.8
11:23:01.351	12.6
11:23:01.363	12.1
11:23:01.376	13.8
11:23:01.384	13.2
11:23:01.396	14.4
11:23:01.408	12.3
11:23:01.417	12.4
11:23:01.429	14.9
11:23:01.441	15.5
11:23:01.449	14.5
11:23:01.462	13.9
11:23:01.474	12.2
11:23:01.486	10.2
11:23:01.494	9.4
11:23:01.507	7.2
11:23:01.519	7.8
11:23:01.527	6.4
11:23:01.540	8.0
11:23:01.552	8.2
11:23:01.560	9.5
11:23:01.572	10.1
11:23:01.585	10.7
11:23:01.597	11.6
11:23:01.605	11.1
11:23:01.617	11.9
11:23:01.629	11.8
11:23:01.638	15.5
11:23:01.650	14.7
11:23:01.662	14.6
11:23:01.670	13.1
11:23:01.683	14.9
11:23:01.695	16.6
11:23:01.703	17.2
11:23:01.716	19.5
11:23:01.728	20.9
11:23:01.736	21.4
11:23:01.748	19.1
11:23:01.761	19.1
11:23:01.773	20.7
11:23:01.781	22.0
11:23:01.793	21.0
11:23:01.806	20.1
11:23:01.818	21.3
11:23:01.826	20.6
11:23:01.838	21.6
11:23:01.851	21.8
11:23:01.859	24.0
11:23:01.871	22.4
11:23:01.884	22.1
11:23:01.896	23.1
11:23:01.904	23.5
11:23:01.917	23.0
11:23:01.929	21.0
11:23:01.937	21.0
11:23:01.949	18.4
11:23:01.961	17.1
11:23:01.970	14.6
11:23:01.982	14.8
11:23:01.994	14.2
11:23:02.002	12.7
11:23:02.015	10.7
11:23:02.027	13.2
11:23:02.035	13.8
11:23:02.047	14.5
11:23:02.060	16.1
11:23:02.072	18.0
11:23:02.080	16.9
11:23:02.092	17.8
11:23:02.105	18.0
11:23:02.113	17.0
11:23:02.125	18.0
11:23:02.138	16.5
11:23:02.150	16.3
11:23:02.158	14.8
11:23:02.170	13.6
11:23:02.183	13.1
11:23:02.191	12.5
11:23:02.203	9.1
11:23:02.215	8.5
11:23:02.224	8.4
11:23:02.236	8.9
11:23:02.248	7.8
11:23:02.256	8.4
11:23:02.269	8.8
11:23:02.281	8.2
11:23:02.289	7.3
11:23:02.301	8.4
11:23:02.314	11.2
11:23:02.326	10.6
11:23:02.334	10.5
11:23:02.346	10.2
11:23:02.359	11.7
11:23:02.367	11.0
11:23:02.379	12.2
11:23:02.391	14.1
11:23:02.400	13.4
11:23:02.412	13.6
11:23:02.424	13.5
11:23:02.432	14.1
11:23:02.445	14.2
11:23:02.457	15.8
11:23:02.470	12.9
11:23:02.478	10.9
11:23:02.490	7.6
11:23:02.502	5.6
11:23:02.511	4.8
11:23:02.523	5.0
11:23:02.535	3.7
11:23:02.543	3.4
11:23:02.556	3.4
11:23:02.568	0.9
11:23:02.580	4.0
11:23:02.588	5.3
11:23:02.601	7.0
11:23:02.613	5.7
11:23:02.621	8.3
11:23:02.633	6.4
11:23:02.646	6.6
11:23:02.654	6.2
11:23:02.666	7.7
11:23:02.678	8.5
11:23:02.687	7.1
11:23:02.699	7.7
11:23:02.711	7.6
11:23:02.719	9.2
11:23:02.732	7.3
11:23:02.744	8.7
11:23:02.756	8.4
11:23:02.764	7.8
11:23:02.777	6.8
11:23:02.789	6.4
11:23:02.797	7.9
11:23:02.810	6.7
11:23:02.822	6.2
11:23:02.834	5.7
11:23:02.842	5.7
11:23:02.855	5.9
11:23:02.867	5.9
11:23:02.875	6.9
11:23:02.887	7.4
11:23:02.900	7.8
11:23:02.908	5.2
11:23:02.920	6.6
11:23:02.932	5.6
11:23:02.941	3.9
11:23:02.953	3.5
11:23:02.965	1.1
11:23:02.973	1.9
11:23:02.986	1.2
11:23:02.998	1.4
11:23:03.010	-1.2
11:23:03.018	-1.0
11:23:03.031	-1.9
11:23:03.043	-3.1
11:23:03.051	-2.4
11:23:03.063	-2.5
11:23:03.076	-1.0
11:23:03.084	-2.3
11:23:03.096	-3.6
11:23:03.108	-3.8
11:23:03.121	-3.8
11:23:03.129	-5.3
11:23:03.141	-6.0
11:23:03.153	-4.9
11:23:03.162	-6.1
11:23:03.174	-4.5
11:23:03.186	-4.8
11:23:03.194	-6.6
11:23:03.207	-6.1
11:23:03.219	-9.5
11:23:03.227	-10.1
11:23:03.239	-10.9
11:23:03.252	-13.2
11:23:03.264	-15.1
11:23:03.272	-14.6
11:23:03.285	-17.8
11:23:03.297	-20.6
11:23:03.305	-21.6
11:23:03.317	-23.8
11:23:03.330	-23.8
11:23:03.338	-23.6
11:23:03.350	-23.9
11:23:03.362	-21.2
11:23:03.371	-20.2
11:23:03.383	-22.0
11:23:03.395	-23.2
11:23:03.407	-23.4
11:23:03.416	-22.7
11:23:03.428	-22.6
11:23:03.440	-22.6
11:23:03.448	-23.6
11:23:03.461	-23.4
11:23:03.473	-26.7
11:23:03.481	-25.8
11:23:03.493	-24.5
11:23:03.506	-26.4
11:23:03.518	-24.7
11:23:03.526	-25.0
11:23:03.539	-23.8
11:23:03.551	-25.1
11:23:03.559	-24.5
11:23:03.571	-25.6
11:23:03.584	-25.7
11:23:03.592	-27.8
11:23:03.604	-27.8
11:23:03.616	-26.3
11:23:03.624	-27.5
11:23:03.637	-28.7
11:23:03.649	-30.3
11:23:03.657	-29.3
11:23:03.669	-30.3
11:23:03.682	-29.9
11:23:03.694	-29.0
11:23:03.702	-28.8
11:23:03.715	-29.8
11:23:03.727	-29.3
11:23:03.739	-29.6
11:23:03.747	-28.2
11:23:03.760	-26.2
11:23:03.772	-26.8
11:23:03.780	-27.5
11:23:03.792	-28.4
11:23:03.805	-29.5
11:23:03.817	-28.9
11:23:03.825	-28.9
11:23:03.837	-26.7
11:23:03.850	-26.6
11:23:03.858	-26.6
11:23:03.870	-28.5
11:23:03.882	-26.4
11:23:03.891	-25.7
11:23:03.903	-24.9
11:23:03.915	-23.1
11:23:03.923	-23.8
11:23:03.936	-24.0
11:23:03.948	-25.3
11:23:03.956	-24.9
11:23:03.968	-23.1
11:23:03.981	-21.4
11:23:03.993	-24.1
11:23:04.001	-22.8
11:23:04.013	-22.6
11:23:04.026	-22.5
11:23:04.034	-21.1
11:23:04.046	-20.0
11:23:04.059	-20.0
11:23:04.071	-20.4
11:23:04.079	-20.1
11:23:04.091	-20.5
11:23:04.103	-18.9
11:23:04.112	-18.9
11:23:04.124	-17.9
11:23:04.136	-16.8
11:23:04.144	-16.7
11:23:04.157	-16.7
11:23:04.169	-16.4
11:23:04.177	-14.8
11:23:04.190	-13.5
11:23:04.202	-13.4
11:23:04.210	-12.4
11:23:04.222	-10.1
11:23:04.235	-8.4
11:23:04.247	-6.1
11:23:04.255	-5.7
11:23:04.267	-4.6
11:23:04.280	-2.8
11:23:04.288	-1.2
11:23:04.300	-3.7
11:23:04.312	-0.6
11:23:04.321	0.7
11:23:04.333	0.2
11:23:04.345	1.2
11:23:04.353	-0.7
11:23:04.366	-0.7
11:23:04.378	0.6
11:23:04.390	0.3
11:23:04.398	1.0
11:23:04.411	3.3
11:23:04.423	1.9
11:23:04.431	2.0
11:23:04.443	0.6
11:23:04.456	-0.8
11:23:04.464	-1.2
11:23:04.476	1.3
11:23:04.488	0.5
11:23:04.501	0.4
11:23:04.509	-0.2
11:23:04.521	-0.8
11:23:04.533	0.3
11:23:04.542	0.1
11:23:04.554	0.9
11:23:04.566	1.8
11:23:04.574	2.7
11:23:04.587	1.3
11:23:04.599	2.9
11:23:04.607	3.3
11:23:04.619	2.7
11:23:04.632	4.6
11:23:04.640	3.9
11:23:04.652	5.2
11:23:04.664	6.2
11:23:04.677	6.0
11:23:04.685	5.9
11:23:04.697	6.4
11:23:04.709	5.5
11:23:04.718	6.8
11:23:04.730	7.1
11:23:04.742	8.5
11:23:04.755	8.8
11:23:04.763	6.6
11:23:04.775	6.7
11:23:04.787	7.9
11:23:04.795	7.6
11:23:04.808	7.5
11:23:04.820	6.6
11:23:04.828	6.2
11:23:04.841	7.0
11:23:04.853	5.0
11:23:04.861	3.3
11:23:04.873	4.9
11:23:04.886	6.0
11:23:04.894	3.9
11:23:04.906	3.4
11:23:04.918	3.4
11:23:04.931	3.8
11:23:04.939	2.6
11:23:04.951	3.0
11:23:04.963	4.1
11:23:04.972	5.8
11:23:04.984	5.5
11:23:04.996	4.8
11:23:05.004	7.0
11:23:05.017	9.6
11:23:05.029	9.1
11:23:05.041	10.3
11:23:05.049	9.8
11:23:05.062	8.5
11:23:05.074	6.6
11:23:05.082	9.1
11:23:05.094	8.2
11:23:05.107	7.4
11:23:05.115	6.6
11:23:05.127	5.3
11:23:05.139	4.8
11:23:05.148	6.4
11:23:05.160	6.7
11:23:05.172	7.4
11:23:05.184	4.9
11:23:05.193	2.3
11:23:05.205	1.7
11:23:05.217	1.3
11:23:05.225	-0.3
11:23:05.238	-0.9
11:23:05.250	-1.3
11:23:05.258	-4.3
11:23:05.270	-3.9
11:23:05.283	-4.8
11:23:05.291	-4.1
11:23:05.303	-6.3
11:23:05.316	-4.3
11:23:05.328	-4.0
11:23:05.336	-4.1
11:23:05.348	-4.5
11:23:05.361	-4.5
11:23:05.369	-5.1
11:23:05.381	-5.9
11:23:05.393	-4.9
11:23:05.402	-4.2
11:23:05.414	-3.3
11:23:05.426	-4.5
11:23:05.438	-6.1
11:23:05.447	-5.7
11:23:05.459	-4.7
11:23:05.471	-3.4
11:23:05.479	-0.9
11:23:05.492	-0.7
11:23:05.504	-2.4
11:23:05.512	-1.7
11:23:05.524	-0.2
11:23:05.537	0.5
11:23:05.545	3.6
11:23:05.557	3.7
11:23:05.569	3.4
11:23:05.578	4.0
11:23:05.590	3.3
11:23:05.602	4.2
11:23:05.615	6.8
11:23:05.623	7.1
11:23:05.635	6.9
11:23:05.647	6.1
11:23:05.655	3.8
11:23:05.668	5.4
11:23:05.680	4.1
11:23:05.692	3.6
11:23:05.700	5.3
11:23:05.713	6.5
11:23:05.725	4.9
11:23:05.733	5.5
11:23:05.746	6.8
11:23:05.759	8.9
11:23:05.767	9.7
11:23:05.779	9.5
11:23:05.792	11.3
11:23:05.804	13.3
11:23:05.812	11.7
11:23:05.824	11.0
11:23:05.837	12.1
11:23:05.845	10.6
11:23:05.857	8.3
11:23:05.869	4.4
11:23:05.878	4.0
11:23:05.890	3.2
11:23:05.902	1.1
11:23:05.914	-2.0
11:23:05.923	-4.7
11:23:05.935	-6.7
11:23:05.947	-9.1
11:23:05.955	-10.9
11:23:05.968	-11.1
11:23:05.980	-10.2
11:23:05.992	-10.9
11:23:06.000	-10.5
11:23:06.013	-11.6
11:23:06.025	-9.4
11:23:06.033	-9.2
11:23:06.045	-9.5
11:23:06.058	-10.1
11:23:06.066	-8.2
11:23:06.078	-8.8
11:23:06.090	-8.8
11:23:06.099	-8.1
11:23:06.111	-9.3
11:23:06.123	-9.2
11:23:06.131	-12.8
11:23:06.144	-14.1
11:23:06.156	-12.7
11:23:06.168	-13.0
11:23:06.176	-12.6
11:23:06.189	-11.6
11:23:06.201	-12.0
11:23:06.209	-13.7
11:23:06.221	-13.7
11:23:06.234	-13.3
11:23:06.242	-13.4
11:23:06.254	-10.3
11:23:06.266	-11.8
11:23:06.275	-12.6
11:23:06.287	-14.1
11:23:06.299	-14.7
11:23:06.312	-16.2
11:23:06.320	-14.5
11:23:06.332	-14.4
11:23:06.344	-13.5
11:23:06.353	-13.5
11:23:06.365	-14.4
11:23:06.377	-14.3
11:23:06.385	-13.4
11:23:06.398	-14.7
11:23:06.410	-15.1
11:23:06.422	-14.6
11:23:06.430	-15.4
11:23:06.443	-17.3
11:23:06.455	-19.3
11:23:06.463	-18.6
11:23:06.475	-19.4
11:23:06.488	-20.9
11:23:06.496	-21.6
11:23:06.508	-21.4
11:23:06.520	-22.6
11:23:06.529	-22.7
11:23:06.541	-24.1
11:23:06.553	-24.3
11:23:06.561	-24.0
11:23:06.574	-25.2
11:23:06.586	-25.7
11:23:06.598	-23.2
11:23:06.607	-23.0
11:23:06.619	-22.1
11:23:06.631	-21.8
11:23:06.639	-20.8
11:23:06.652	-19.2
11:23:06.664	-15.2
11:23:06.676	-13.0
11:23:06.684	-9.5
11:23:06.697	-9.0
11:23:06.709	-10.9
11:23:06.717	-8.1
11:23:06.729	-6.4
11:23:06.742	-5.3
11:23:06.750	-3.0
11:23:06.762	-5.7
11:23:06.774	-8.4
11:23:06.783	-8.7
11:23:06.795	-10.1
11:23:06.807	-8.3
11:23:06.815	-6.0
11:23:06.828	-6.9
11:23:06.840	-5.3
11:23:06.852	-3.7
11:23:06.860	-5.2
11:23:06.873	-0.5
11:23:06.885	0.7
11:23:06.893	1.3
11:23:06.905	2.3
11:23:06.918	2.8
11:23:06.926	2.6
11:23:06.938	4.5
11:23:06.950	4.1
11:23:06.963	4.3
11:23:06.971	6.0
11:23:06.983	6.3
11:23:06.996	7.3
11:23:07.004	10.0
11:23:07.016	11.1
11:23:07.028	11.4
11:23:07.037	11.4
11:23:07.049	11.9
11:23:07.061	11.7
11:23:07.069	12.6
11:23:07.081	14.3
11:23:07.094	12.9
11:23:07.106	10.6
11:23:07.114	8.5
11:23:07.127	9.2
11:23:07.139	10.5
11:23:07.147	10.7
11:23:07.159	9.1
11:23:07.172	10.2
11:23:07.180	9.2
11:23:07.192	5.1
11:23:07.204	5.3
11:23:07.213	5.9
11:23:07.225	3.9
11:23:07.237	0.2
11:23:07.249	-2.9
11:23:07.258	-2.6
11:23:07.270	-3.7
11:23:07.282	-6.0
11:23:07.290	-6.1
11:23:07.303	-5.4
11:23:07.315	-6.2
11:23:07.323	-6.6
11:23:07.335	-3.7
11:23:07.348	-2.3
11:23:07.360	-0.4
11:23:07.368	-0.2
11:23:07.380	2.4
11:23:07.393	4.6
11:23:07.401	5.1
11:23:07.413	5.3
11:23:07.425	8.2
11:23:07.434	10.0
11:23:07.446	8.8
11:23:07.458	10.4
11:23:07.466	11.8
11:23:07.479	11.6
11:23:07.491	10.2
11:23:07.499	10.3
11:23:07.512	11.0
11:23:07.524	12.0
11:23:07.536	12.2
11:23:07.544	13.8
11:23:07.557	14.9
11:23:07.569	13.0
11:23:07.577	11.1
11:23:07.589	11.1
11:23:07.602	11.8
11:23:07.614	10.3
11:23:07.622	8.1
11:23:07.634	10.2
11:23:07.647	8.1
11:23:07.655	8.1
11:23:07.667	7.5
11:23:07.679	10.0
11:23:07.688	10.0
11:23:07.700	10.1
11:23:07.712	10.1
11:23:07.724	10.8
11:23:07.733	11.7
11:23:07.745	10.0
11:23:07.757	11.0
11:23:07.765	10.3
11:23:07.778	12.8
11:23:07.790	11.4
11:23:07.798	10.8
11:23:07.810	11.5
11:23:07.823	11.8
11:23:07.835	11.2
11:23:07.843	12.3
11:23:07.855	11.7
11:23:07.868	11.5
11:23:07.876	12.2
11:23:07.888	9.8
11:23:07.901	10.3
11:23:07.909	9.7
11:23:07.921	9.4
11:23:07.933	7.1
11:23:07.945	8.7
11:23:07.954	8.6
11:23:07.966	8.6
11:23:07.978	6.8
11:23:07.986	5.3
11:23:07.999	6.8
11:23:08.011	6.4
11:23:08.019	8.9
11:23:08.032	9.8
11:23:08.044	12.2
11:23:08.052	10.0
11:23:08.064	11.1
11:23:08.077	11.2
11:23:08.089	13.1
11:23:08.097	13.3
11:23:08.109	11.3
11:23:08.122	11.1
11:23:08.130	9.3
11:23:08.142	9.8
11:23:08.154	7.5
11:23:08.163	8.0
11:23:08.175	6.5
11:23:08.187	7.5
11:23:08.195	7.0
11:23:08.208	7.5
11:23:08.220	9.4
11:23:08.232	8.8
11:23:08.240	11.5
11:23:08.253	9.3
11:23:08.265	11.3
11:23:08.273	11.6
11:23:08.286	10.9
11:23:08.298	12.4
11:23:08.306	14.3
11:23:08.318	16.1
11:23:08.331	14.8
11:23:08.343	16.8
11:23:08.351	16.3
11:23:08.363	18.3
11:23:08.376	19.3
11:23:08.384	19.6
11:23:08.396	20.5
11:23:08.409	20.4
11:23:08.417	19.0
11:23:08.429	19.3
11:23:08.441	20.3
11:23:08.449	19.3
11:23:08.462	19.1
11:23:08.474	19.1
11:23:08.482	16.2
11:23:08.494	16.3
11:23:08.507	17.2
11:23:08.519	15.3
11:23:08.527	14.7
11:23:08.540	15.3
11:23:08.552	15.7
11:23:08.560	18.2
11:23:08.573	19.7
11:23:08.585	18.5
11:23:08.597	20.4
11:23:08.605	24.8
11:23:08.618	23.7
11:23:08.630	23.5
11:23:08.638	25.1
11:23:08.650	23.0
11:23:08.663	22.8
11:23:08.670	20.4
11:23:08.682	18.8
11:23:08.695	20.1
11:23:08.703	21.6
11:23:08.715	16.3
11:23:08.727	18.7
11:23:08.736	19.9
11:23:08.748	20.4
11:23:08.760	22.1
11:23:08.773	22.2
11:23:08.781	24.6
11:23:08.793	26.9
11:23:08.805	28.1
11:23:08.814	31.4
11:23:08.826	33.6
11:23:08.838	34.4
11:23:08.846	36.0
11:23:08.859	34.6
11:23:08.871	36.2
11:23:08.883	37.4
11:23:08.891	37.8
11:23:08.904	35.9
11:23:08.916	34.2
11:23:08.924	30.5
11:23:08.936	32.5
11:23:08.949	31.0
11:23:08.957	31.0
11:23:08.969	32.9
11:23:08.982	34.6
11:23:08.990	34.7
11:23:09.002	32.9
11:23:09.014	34.1
11:23:09.027	35.5
11:23:09.035	36.4
11:23:09.047	33.7
11:23:09.059	35.3
11:23:09.068	33.9
11:23:09.080	32.9
11:23:09.092	28.8
11:23:09.100	26.8
11:23:09.113	25.8
11:23:09.125	25.2
11:23:09.133	25.4
11:23:09.145	25.2
11:23:09.158	27.7
11:23:09.170	25.0
11:23:09.178	25.5
11:23:09.190	26.1
11:23:09.203	26.6
11:23:09.211	27.9
11:23:09.223	29.2
11:23:09.235	30.3
11:23:09.244	29.6
11:23:09.256	29.2
11:23:09.268	28.0
11:23:09.280	30.1
11:23:09.289	31.4
11:23:09.301	30.2
11:23:09.313	28.8
11:23:09.321	29.5
11:23:09.334	29.2
11:23:09.346	29.2
11:23:09.354	29.2
11:23:09.366	29.6
11:23:09.379	27.4
11:23:09.387	26.9
11:23:09.399	27.8
11:23:09.412	29.3
11:23:09.420	30.3
11:23:09.432	28.4
11:23:09.444	28.8
11:23:09.457	25.1
11:23:09.465	25.2
11:23:09.477	25.1
11:23:09.489	25.8
11:23:09.498	25.4
11:23:09.510	23.4
11:23:09.522	21.6
11:23:09.535	20.5
11:23:09.543	19.8
11:23:09.555	18.5
11:23:09.567	19.8
11:23:09.575	20.0
11:23:09.588	19.5
11:23:09.600	20.1
11:23:09.608	19.4
11:23:09.621	18.0
11:23:09.633	17.8
11:23:09.641	17.7
11:23:09.653	16.8
11:23:09.666	16.6
11:23:09.678	16.1
11:23:09.686	14.5
11:23:09.698	14.6
11:23:09.711	12.9
11:23:09.719	12.1
11:23:09.731	12.0
11:23:09.743	11.1
11:23:09.756	11.2
11:23:09.764	11.4
11:23:09.776	11.5
11:23:09.784	9.5
11:23:09.797	8.7
11:23:09.809	8.4
11:23:09.821	8.7
11:23:09.829	5.9
11:23:09.842	5.6
11:23:09.854	4.3
11:23:09.862	3.1
11:23:09.874	2.4
11:23:09.887	2.0
11:23:09.895	1.7
11:23:09.907	0.0
11:23:09.919	-2.5
11:23:09.932	-4.9
11:23:09.940	-4.9
11:23:09.952	-8.9
11:23:09.964	-9.3
11:23:09.973	-10.2
11:23:09.985	-11.9
11:23:09.997	-14.5
11:23:10.009	-14.9
11:23:10.018	-14.6
11:23:10.030	-16.3
11:23:10.042	-15.4
11:23:10.050	-16.6
11:23:10.063	-16.1
11:23:10.075	-14.5
11:23:10.083	-15.4
11:23:10.096	-13.7
11:23:10.108	-12.4
11:23:10.116	-11.6
11:23:10.128	-12.7
11:23:10.141	-12.6
11:23:10.153	-13.9
11:23:10.161	-10.5
11:23:10.173	-10.3
11:23:10.186	-12.1
11:23:10.194	-13.0
11:23:10.206	-15.4
11:23:10.218	-16.6
11:23:10.227	-17.2
11:23:10.239	-18.0
11:23:10.251	-17.4
11:23:10.263	-16.8
11:23:10.272	-20.6
11:23:10.284	-21.5
11:23:10.296	-22.1
11:23:10.305	-22.3
11:23:10.317	-22.3
11:23:10.329	-23.4
11:23:10.337	-23.7
11:23:10.350	-23.4
11:23:10.362	-24.0
11:23:10.370	-25.1
11:23:10.382	-24.4
11:23:10.395	-25.5
11:23:10.403	-26.4
11:23:10.415	-25.6
11:23:10.427	-25.9
11:23:10.440	-26.3
11:23:10.448	-27.2
11:23:10.460	-25.9
11:23:10.472	-27.0
11:23:10.481	-26.6
11:23:10.493	-27.0
11:23:10.505	-26.9
11:23:10.517	-26.2
11:23:10.526	-28.3
11:23:10.538	-29.2
11:23:10.550	-29.7
11:23:10.558	-30.0
11:23:10.571	-31.2
11:23:10.583	-31.1
11:23:10.591	-30.5
11:23:10.604	-30.3
11:23:10.616	-27.2
11:23:10.624	-29.2
11:23:10.636	-27.8
11:23:10.649	-25.1
11:23:10.657	-23.8
11:23:10.669	-22.7
11:23:10.681	-23.2
11:23:10.694	-24.5
11:23:10.702	-25.3
11:23:10.714	-25.6
11:23:10.726	-28.7
11:23:10.735	-27.0
11:23:10.747	-26.8
11:23:10.759	-27.0
11:23:10.767	-27.3
11:23:10.780	-27.9
11:23:10.792	-27.6
11:23:10.804	-24.0
11:23:10.812	-23.7
11:23:10.825	-22.8
11:23:10.837	-20.2
11:23:10.845	-18.7
11:23:10.857	-17.3
11:23:10.870	-16.8
11:23:10.878	-15.6
11:23:10.890	-16.4
11:23:10.902	-14.9
11:23:10.911	-16.6
11:23:10.923	-16.9
11:23:10.935	-17.7
11:23:10.948	-18.5
11:23:10.956	-19.5
11:23:10.968	-20.5
11:23:10.980	-22.7
11:23:10.988	-23.0
11:23:11.001	-21.1
11:23:11.013	-22.8
11:23:11.021	-21.3
11:23:11.033	-21.6
11:23:11.046	-20.8
11:23:11.054	-19.0
11:23:11.066	-19.3
11:23:11.079	-20.0
11:23:11.091	-19.6
11:23:11.099	-18.9
11:23:11.111	-19.9
11:23:11.124	-19.9
11:23:11.132	-21.9
11:23:11.144	-20.2
11:23:11.156	-19.3
11:23:11.165	-20.3
11:23:11.177	-17.8
11:23:11.189	-16.4
11:23:11.201	-13.9
11:23:11.209	-14.7
11:23:11.222	-14.6
11:23:11.234	-14.9
11:23:11.242	-13.4
11:23:11.255	-16.4
11:23:11.267	-16.2
11:23:11.275	-16.4
11:23:11.287	-16.0
11:23:11.300	-16.5
11:23:11.308	-17.4
11:23:11.321	-17.0
11:23:11.332	-18.3
11:23:11.342	-17.3
11:23:11.354	-17.0
11:23:11.366	-14.6
11:23:11.379	-16.7
11:23:11.387	-16.9
11:23:11.399	-18.9
11:23:11.411	-18.8
11:23:11.419	-18.5
11:23:11.432	-18.4
11:23:11.444	-14.5
11:23:11.456	-13.0
11:23:11.464	-14.1
11:23:11.477	-13.7
11:23:11.489	-13.0
11:23:11.497	-12.4
11:23:11.509	-12.9
11:23:11.522	-12.7
11:23:11.530	-12.7
11:23:11.542	-11.3
11:23:11.554	-12.7
11:23:11.563	-12.8
11:23:11.575	-12.2
11:23:11.587	-12.6
11:23:11.595	-10.8
11:23:11.608	-11.6
11:23:11.620	-11.6
11:23:11.632	-12.1
11:23:11.640	-13.2
11:23:11.653	-12.1
11:23:11.665	-13.8
11:23:11.677	-14.1
11:23:11.686	-14.0
11:23:11.698	-13.9
11:23:11.710	-14.8
11:23:11.718	-14.5
11:23:11.731	-12.9
11:23:11.743	-11.3
11:23:11.755	-10.3
11:23:11.763	-10.6
11:23:11.776	-8.7
11:23:11.784	-7.8
11:23:11.796	-7.4
11:23:11.808	-8.5
11:23:11.817	-7.2
11:23:11.829	-5.4
11:23:11.841	-5.1
11:23:11.849	-5.7
11:23:11.862	-5.6
11:23:11.874	-7.7
11:23:11.886	-7.8
11:23:11.894	-4.9
11:23:11.907	-5.3
11:23:11.919	-3.0
11:23:11.931	-4.9
11:23:11.939	-4.1
11:23:11.952	-4.8
11:23:11.964	-4.6
11:23:11.972	-4.4
11:23:11.984	-2.2
11:23:11.997	-3.2
11:23:12.005	-5.8
11:23:12.017	-6.3
11:23:12.029	-6.7
11:23:12.038	-5.9
11:23:12.050	-9.6
11:23:12.062	-9.7
11:23:12.074	-8.9
11:23:12.083	-7.9
11:23:12.095	-10.9
11:23:12.107	-9.3
11:23:12.115	-8.9
11:23:12.128	-6.9
11:23:12.140	-6.5
11:23:12.148	-4.3
11:23:12.161	-2.3
11:23:12.173	-2.5
11:23:12.185	-2.9
11:23:12.193	-2.6
11:23:12.206	-1.2
11:23:12.218	-1.4
11:23:12.226	-2.7
11:23:12.238	-3.2
11:23:12.251	-4.0
11:23:12.259	-7.1
11:23:12.271	-7.0
11:23:12.283	-6.2
11:23:12.292	-7.5
11:23:12.304	-8.9
11:23:12.316	-7.7
11:23:12.324	-6.6
11:23:12.337	-7.3
11:23:12.349	-8.1
11:23:12.361	-8.1
11:23:12.369	-5.9
11:23:12.382	-6.9
11:23:12.394	-6.8
11:23:12.402	-4.0
11:23:12.414	-2.4
11:23:12.427	-4.2
11:23:12.439	-5.2
11:23:12.447	-3.4
11:23:12.459	-3.7
11:23:12.472	-2.7
11:23:12.480	-4.3
11:23:12.492	-1.2
11:23:12.504	-2.4
11:23:12.513	-2.4
11:23:12.525	-3.0
11:23:12.537	-2.2
11:23:12.545	-3.2
11:23:12.558	-4.6
11:23:12.570	-3.9
11:23:12.578	-5.9
11:23:12.591	-5.1
11:23:12.603	-5.5
11:23:12.615	-3.0
11:23:12.623	-2.9
11:23:12.636	-2.6
11:23:12.648	-2.8
11:23:12.656	-2.2
11:23:12.668	-1.8
11:23:12.681	-1.9
11:23:12.689	1.4
11:23:12.701	2.9
11:23:12.714	2.1
11:23:12.726	2.2
11:23:12.734	2.6
11:23:12.746	1.0
11:23:12.758	1.5
11:23:12.766	2.9
11:23:12.778	4.4
11:23:12.791	6.2
11:23:12.799	9.1
11:23:12.811	9.4
11:23:12.823	10.4
11:23:12.832	8.8
11:23:12.844	7.1
11:23:12.856	7.5
11:23:12.868	9.1
11:23:12.877	10.1
11:23:12.889	8.1
11:23:12.901	8.6
11:23:12.909	4.8
11:23:12.922	5.8
11:23:12.934	4.2
11:23:12.942	5.9
11:23:12.955	6.1
11:23:12.968	6.7
11:23:12.976	5.2
11:23:12.988	5.2
11:23:13.000	7.7
11:23:13.013	5.6
11:23:13.021	6.8
11:23:13.033	4.9
11:23:13.045	5.3
11:23:13.054	4.6
11:23:13.066	5.0
11:23:13.078	5.8
11:23:13.086	5.9
11:23:13.099	4.5
11:23:13.111	3.8
11:23:13.123	5.7
11:23:13.131	6.2
11:23:13.144	8.2
11:23:13.156	8.7
11:23:13.164	9.7
11:23:13.177	9.4
11:23:13.189	9.6
11:23:13.197	10.4
11:23:13.209	10.7
11:23:13.221	13.1
11:23:13.229	12.1
11:23:13.242	13.3
11:23:13.254	11.9
11:23:13.262	13.1
11:23:13.274	16.7
11:23:13.287	19.5
11:23:13.299	20.7
11:23:13.307	19.1
11:23:13.319	21.1
11:23:13.332	18.6
11:23:13.340	19.1
11:23:13.352	15.1
11:23:13.364	14.9
11:23:13.377	14.3
11:23:13.385	8.7
11:23:13.397	6.1
11:23:13.409	5.7
11:23:13.418	6.2
11:23:13.430	3.2
11:23:13.442	6.9
11:23:13.450	6.1
11:23:13.463	9.1
11:23:13.475	6.9
11:23:13.483	6.6
11:23:13.495	6.5
11:23:13.508	6.9
11:23:13.516	5.0
11:23:13.528	5.5
11:23:13.541	7.2
11:23:13.553	3.1
11:23:13.561	1.8
11:23:13.573	-1.4
11:23:13.585	0.8
11:23:13.594	-1.0
11:23:13.606	1.2
11:23:13.618	1.1
11:23:13.626	1.4
11:23:13.639	4.8
11:23:13.651	3.5
11:23:13.663	3.9
11:23:13.672	7.6
11:23:13.684	8.6
11:23:13.696	9.7
11:23:13.708	12.0
11:23:13.717	10.8
11:23:13.729	10.5
11:23:13.741	11.2
11:23:13.749	7.7
11:23:13.762	9.0
11:23:13.770	8.9
11:23:13.782	9.3
11:23:13.794	12.7
11:23:13.807	13.9
11:23:13.815	13.8
11:23:13.827	12.8
11:23:13.839	12.6
11:23:13.852	12.4
11:23:13.860	13.3
11:23:13.872	13.8
11:23:13.884	14.0
11:23:13.893	11.0
11:23:13.905	10.5
11:23:13.917	7.9
11:23:13.925	6.2
11:23:13.938	9.8
11:23:13.950	11.8
11:23:13.958	11.1
11:23:13.970	10.2
11:23:13.983	9.7
11:23:13.995	10.8
11:23:14.003	12.1
11:23:14.015	8.8
11:23:14.028	8.4
11:23:14.036	8.9
11:23:14.048	6.0
11:23:14.061	3.8
11:23:14.069	3.4
11:23:14.081	5.4
11:23:14.093	4.0
11:23:14.106	3.6
11:23:14.114	5.7
11:23:14.126	5.7
11:23:14.138	6.5
11:23:14.147	7.1
11:23:14.159	7.1
11:23:14.171	8.7
11:23:14.179	11.6
11:23:14.192	10.0
11:23:14.204	9.8
11:23:14.212	8.4
11:23:14.224	8.9
11:23:14.237	9.9
11:23:14.245	10.5
11:23:14.257	12.2
11:23:14.269	13.8
11:23:14.282	13.5
11:23:14.290	11.4
11:23:14.302	16.2
11:23:14.314	17.0
11:23:14.323	17.1
11:23:14.335	15.0
11:23:14.347	15.1
11:23:14.359	14.7
11:23:14.368	15.7
11:23:14.380	15.2
11:23:14.392	15.3
11:23:14.400	16.4
11:23:14.413	11.7
11:23:14.425	11.3
11:23:14.433	15.6
11:23:14.446	16.1
11:23:14.458	17.7
11:23:14.466	18.2
11:23:14.478	18.3
11:23:14.491	20.0
11:23:14.499	20.5
11:23:14.511	21.0
11:23:14.523	23.8
11:23:14.536	25.4
11:23:14.544	22.0
11:23:14.556	24.0
11:23:14.568	23.6
11:23:14.577	24.5
11:23:14.589	24.7
11:23:14.601	23.6
11:23:14.609	23.3
11:23:14.622	23.2
11:23:14.634	22.9
11:23:14.646	24.8
11:23:14.654	27.2
11:23:14.667	26.1
11:23:14.679	27.3
11:23:14.687	28.6
11:23:14.699	28.7
11:23:14.712	28.2
11:23:14.720	29.1
11:23:14.732	31.8
11:23:14.744	32.2
11:23:14.753	31.3
11:23:14.765	32.0
11:23:14.777	30.8
11:23:14.790	29.6
11:23:14.798	29.1
11:23:14.810	28.0
11:23:14.822	29.4
11:23:14.830	28.6
11:23:14.843	26.6
11:23:14.855	25.0
11:23:14.863	23.6
11:23:14.876	23.6
11:23:14.888	26.5
11:23:14.896	28.2
11:23:14.908	28.4
11:23:14.921	28.9
11:23:14.933	29.4
11:23:14.941	30.4
11:23:14.953	32.0
11:23:14.966	33.4
11:23:14.974	35.7
11:23:14.986	35.1
11:23:14.998	33.1
11:23:15.007	34.9
11:23:15.019	35.6
11:23:15.031	36.1
11:23:15.044	35.5
11:23:15.052	36.1
11:23:15.064	35.7
11:23:15.076	34.8
11:23:15.084	32.6
11:23:15.097	31.9
11:23:15.109	31.7
11:23:15.117	30.4
11:23:15.129	28.2
11:23:15.142	26.7
11:23:15.150	27.4
11:23:15.162	28.1
11:23:15.174	26.0
11:23:15.183	26.0
11:23:15.195	28.0
11:23:15.207	29.2
11:23:15.220	30.4
11:23:15.228	28.2
11:23:15.240	30.7
11:23:15.252	31.2
11:23:15.260	30.5
11:23:15.273	27.5
11:23:15.285	28.9
11:23:15.297	29.7
11:23:15.305	29.3
11:23:15.318	27.4
11:23:15.330	26.3
11:23:15.338	28.2
11:23:15.351	27.1
11:23:15.363	26.9
11:23:15.371	26.4
11:23:15.383	27.4
11:23:15.396	25.6
11:23:15.404	24.0
11:23:15.416	22.8
11:23:15.428	22.4
11:23:15.437	21.4
11:23:15.449	19.5
11:23:15.462	19.0
11:23:15.474	18.9
11:23:15.482	18.5
11:23:15.494	19.0
11:23:15.507	21.1
11:23:15.515	21.5
11:23:15.527	19.9
11:23:15.540	20.5
11:23:15.548	20.5
11:23:15.560	21.1
11:23:15.572	19.9
11:23:15.585	20.6
11:23:15.593	22.6
11:23:15.605	22.2
11:23:15.617	20.6
11:23:15.625	21.2
11:23:15.638	22.2
11:23:15.650	22.0
11:23:15.662	24.1
11:23:15.671	23.3
11:23:15.683	24.7
11:23:15.695	23.3
11:23:15.703	21.1
11:23:15.716	20.5
11:23:15.728	20.8
11:23:15.736	20.5
11:23:15.748	22.4
11:23:15.761	22.5
11:23:15.773	20.8
11:23:15.781	20.9
11:23:15.793	19.0
11:23:15.806	17.9
11:23:15.814	18.1
11:23:15.826	16.9
11:23:15.838	16.5
11:23:15.847	15.9
11:23:15.859	14.8
11:23:15.871	16.3
11:23:15.879	17.3
11:23:15.892	17.0
11:23:15.904	17.4
11:23:15.916	18.6
11:23:15.924	18.7
11:23:15.937	18.9
11:23:15.949	21.2
11:23:15.957	22.9
11:23:15.970	23.5
11:23:15.982	21.4
11:23:15.990	19.9
11:23:16.002	20.3
11:23:16.015	21.8
11:23:16.027	25.0
11:23:16.035	23.8
11:23:16.047	23.5
11:23:16.060	20.9
11:23:16.068	20.1
11:23:16.080	18.9
11:23:16.092	19.8
11:23:16.101	21.4
11:23:16.113	19.7
11:23:16.125	18.2
11:23:16.133	13.7
11:23:16.146	13.8
11:23:16.158	15.1
11:23:16.166	15.4
11:23:16.178	13.3
11:23:16.191	12.2
11:23:16.203	13.0
11:23:16.211	11.9
11:23:16.223	13.1
11:23:16.236	12.7
11:23:16.244	14.0
11:23:16.256	15.2
11:23:16.268	15.2
11:23:16.281	14.2
11:23:16.289	15.3
11:23:16.301	17.8
11:23:16.313	15.4
11:23:16.322	16.2
11:23:16.334	15.3
11:23:16.346	16.6
11:23:16.354	17.9
11:23:16.367	17.4
11:23:16.379	17.3
11:23:16.387	18.7
11:23:16.399	18.7
11:23:16.412	18.2
11:23:16.420	17.8
11:23:16.432	17.6
11:23:16.444	17.0
11:23:16.457	16.7
11:23:16.465	16.0
11:23:16.477	16.6
11:23:16.489	17.2
11:23:16.498	16.8
11:23:16.510	16.8
11:23:16.522	16.1
11:23:16.530	16.6
11:23:16.543	15.9
11:23:16.555	16.0
11:23:16.567	17.0
11:23:16.576	15.1
11:23:16.588	13.8
11:23:16.600	14.0
11:23:16.608	12.2
11:23:16.621	12.7
11:23:16.633	12.9
11:23:16.641	13.5
11:23:16.653	12.8
11:23:16.666	13.4
11:23:16.674	11.6
11:23:16.686	13.4
11:23:16.698	13.2
11:23:16.711	13.0
11:23:16.719	13.9
11:23:16.731	13.5
11:23:16.743	14.4
11:23:16.752	14.3
11:23:16.764	15.7
11:23:16.776	15.2
11:23:16.784	14.8
11:23:16.797	13.6
11:23:16.809	15.2
11:23:16.817	12.1
11:23:16.829	13.1
11:23:16.842	13.0
11:23:16.854	12.2
11:23:16.862	12.3
11:23:16.874	11.1
11:23:16.887	11.8
11:23:16.895	12.4
11:23:16.907	11.8
11:23:16.919	10.7
11:23:16.928	11.9
11:23:16.940	12.0
11:23:16.952	11.3
11:23:16.964	8.0
11:23:16.973	6.7
11:23:16.985	6.5
11:23:16.997	4.3
11:23:17.005	4.4
11:23:17.018	4.3
11:23:17.030	4.0
11:23:17.038	5.5
11:23:17.050	3.5
11:23:17.063	2.4
11:23:17.071	4.9
11:23:17.083	6.2
11:23:17.096	5.3
11:23:17.104	7.3
11:23:17.116	6.0
11:23:17.128	5.8
11:23:17.141	5.7
11:23:17.149	2.5
11:23:17.161	5.4
11:23:17.173	5.4
11:23:17.182	2.7
11:23:17.194	1.5
11:23:17.206	0.0
11:23:17.218	0.7
11:23:17.227	-0.3
11:23:17.239	-0.3
11:23:17.251	-2.8
11:23:17.259	-1.8
11:23:17.272	-6.5
11:23:17.284	-5.3
11:23:17.292	-6.0
11:23:17.304	-7.9
11:23:17.317	-7.8
11:23:17.325	-9.4
11:23:17.337	-9.3
11:23:17.349	-10.5
11:23:17.358	-10.1
11:23:17.370	-11.8
11:23:17.382	-7.5
11:23:17.394	-9.1
11:23:17.403	-9.6
11:23:17.415	-10.1
11:23:17.427	-11.5
11:23:17.435	-13.7
11:23:17.448	-13.6
11:23:17.460	-14.7
11:23:17.468	-16.7
11:23:17.480	-17.2
11:23:17.493	-22.0
11:23:17.505	-21.5
11:23:17.513	-20.2
11:23:17.526	-21.8
11:23:17.538	-21.0
11:23:17.546	-19.1
11:23:17.558	-19.9
11:23:17.571	-20.4
11:23:17.579	-17.7
11:23:17.591	-17.0
11:23:17.603	-12.5
11:23:17.612	-14.6
11:23:17.624	-16.2
11:23:17.636	-15.4
11:23:17.648	-16.6
11:23:17.657	-18.2
11:23:17.669	-20.2
11:23:17.681	-20.8
11:23:17.693	-22.9
11:23:17.702	-22.2
11:23:17.714	-27.5
11:23:17.726	-26.9
11:23:17.734	-23.6
11:23:17.747	-22.9
11:23:17.759	-22.6
11:23:17.767	-23.0
11:23:17.779	-20.6
11:23:17.792	-20.2
11:23:17.801	-19.3
11:23:17.813	-21.4
11:23:17.825	-18.9
11:23:17.838	-18.5
11:23:17.846	-20.0
11:23:17.858	-19.9
11:23:17.870	-18.6
11:23:17.879	-17.2
11:23:17.891	-17.2
11:23:17.903	-15.4
11:23:17.911	-15.6
11:23:17.924	-14.6
11:23:17.936	-15.7
11:23:17.948	-14.1
11:23:17.956	-13.4
11:23:17.969	-11.4
11:23:17.981	-11.0
11:23:17.989	-11.4
11:23:18.001	-11.9
11:23:18.014	-10.3
11:23:18.022	-9.1
11:23:18.034	-10.0
11:23:18.047	-9.7
11:23:18.055	-12.3
11:23:18.067	-12.9
11:23:18.079	-14.5
11:23:18.087	-13.8
11:23:18.100	-12.0
11:23:18.112	-11.7
11:23:18.124	-13.2
11:23:18.133	-14.9
11:23:18.145	-13.3
11:23:18.157	-12.3
11:23:18.165	-9.6
11:23:18.178	-7.4
11:23:18.190	-7.3
11:23:18.202	-6.2
11:23:18.210	-6.1
11:23:18.223	-2.4
11:23:18.235	-1.1
11:23:18.243	2.1
11:23:18.255	3.9
11:23:18.268	2.6
11:23:18.276	2.7
11:23:18.288	0.7
11:23:18.300	2.6
11:23:18.309	0.8
11:23:18.321	1.7
11:23:18.333	-1.0
11:23:18.341	0.4
11:23:18.354	0.7
11:23:18.366	0.7
11:23:18.378	6.2
11:23:18.386	7.4
11:23:18.399	8.1
11:23:18.411	8.9
11:23:18.419	10.6
11:23:18.431	11.1
11:23:18.444	13.9
11:23:18.452	13.7
11:23:18.464	14.8
11:23:18.476	15.9
11:23:18.489	13.1
11:23:18.497	13.2
11:23:18.509	15.6
11:23:18.522	15.7
11:23:18.530	16.8
11:23:18.542	16.0
11:23:18.554	15.1
11:23:18.563	15.7
11:23:18.575	12.9
11:23:18.587	12.1
11:23:18.595	13.6
11:23:18.608	13.3
11:23:18.620	12.1
11:23:18.632	11.3
11:23:18.640	9.9
11:23:18.652	11.4
11:23:18.664	10.9
11:23:18.673	10.1
11:23:18.685	15.0
11:23:18.697	16.0
11:23:18.705	15.5
11:23:18.718	14.3
11:23:18.730	16.7
11:23:18.738	20.7
11:23:18.750	21.0
11:23:18.763	21.4
11:23:18.775	22.9
11:23:18.783	23.1
11:23:18.795	20.4
11:23:18.808	21.1
11:23:18.816	20.7
11:23:18.828	24.4
11:23:18.841	22.8
11:23:18.849	18.3
11:23:18.861	18.1
11:23:18.873	18.3
11:23:18.885	15.3
11:23:18.894	14.2
11:23:18.906	15.3
11:23:18.918	15.3
11:23:18.926	15.3
11:23:18.939	13.0
11:23:18.951	11.7
11:23:18.959	14.3
11:23:18.971	16.1
11:23:18.984	16.5
11:23:18.992	18.7
11:23:19.004	20.6
11:23:19.016	19.4
11:23:19.025	19.2
11:23:19.037	19.7
11:23:19.049	22.9
11:23:19.062	24.3
11:23:19.070	23.9
11:23:19.082	24.2
11:23:19.094	22.8
11:23:19.103	23.3
11:23:19.115	26.1
11:23:19.127	26.3
11:23:19.139	25.8
11:23:19.148	24.7
11:23:19.160	22.5
11:23:19.172	20.6
11:23:19.180	21.1
11:23:19.193	21.4
11:23:19.205	20.3
11:23:19.213	21.3
11:23:19.225	16.4
11:23:19.238	16.5
11:23:19.246	15.7
11:23:19.258	16.7
11:23:19.270	18.2
11:23:19.279	20.3
11:23:19.291	20.0
11:23:19.303	18.6
11:23:19.315	18.4
11:23:19.324	16.4
11:23:19.336	18.2
11:23:19.348	15.7
11:23:19.356	18.1
11:23:19.369	19.3
11:23:19.381	16.7
11:23:19.389	17.1
11:23:19.401	16.9
11:23:19.414	16.3
11:23:19.426	18.7
11:23:19.434	19.6
11:23:19.446	20.5
11:23:19.459	24.2
11:23:19.467	21.3
11:23:19.479	19.4
11:23:19.492	19.0
11:23:19.500	20.6
11:23:19.512	21.3
11:23:19.524	21.6
11:23:19.532	23.2
11:23:19.545	24.4
11:23:19.557	22.7
11:23:19.569	21.3
11:23:19.577	24.2
11:23:19.590	24.7
11:23:19.602	24.3
11:23:19.614	22.3
11:23:19.623	21.3
11:23:19.635	22.3
11:23:19.647	21.5
11:23:19.655	19.6
11:23:19.669	19.6
11:23:19.681	19.7
11:23:19.689	19.3
11:23:19.701	18.9
11:23:19.714	18.3
11:23:19.722	17.3
11:23:19.734	16.8
11:23:19.746	16.4
11:23:19.759	15.8
11:23:19.767	15.5
11:23:19.779	15.4
11:23:19.791	17.4
11:23:19.800	16.4
11:23:19.812	17.2
11:23:19.824	18.3
11:23:19.832	19.8
11:23:19.845	20.7
11:23:19.857	19.4
11:23:19.869	17.1
11:23:19.877	17.6
11:23:19.890	17.8
11:23:19.902	15.4
11:23:19.910	15.5
11:23:19.922	15.4
11:23:19.935	16.0
11:23:19.943	17.4
11:23:19.955	17.9
11:23:19.967	22.2
11:23:19.976	20.8
11:23:19.988	19.6
11:23:20.000	19.5
11:23:20.008	19.5
11:23:20.021	19.8
11:23:20.033	20.2
11:23:20.045	18.9
11:23:20.053	16.5
11:23:20.066	16.8
11:23:20.078	11.6
11:23:20.086	13.3
11:23:20.099	12.8
11:23:20.111	13.0
11:23:20.123	13.1
11:23:20.131	12.8
11:23:20.144	10.5
11:23:20.156	10.4
11:23:20.164	10.3
11:23:20.176	7.8
11:23:20.189	9.7
11:23:20.197	10.1
11:23:20.209	10.8
11:23:20.221	11.5
11:23:20.230	10.7
11:23:20.242	11.8
11:23:20.254	12.2
11:23:20.262	11.0
11:23:20.275	9.7
11:23:20.287	11.2
11:23:20.299	9.8
11:23:20.308	8.9
11:23:20.320	10.1
11:23:20.332	7.8
11:23:20.340	8.1
11:23:20.352	6.7
11:23:20.365	7.1
11:23:20.373	9.8
11:23:20.385	12.7
11:23:20.397	11.7
11:23:20.410	11.7
11:23:20.418	10.9
11:23:20.430	10.0
11:23:20.442	10.2
11:23:20.451	10.8
11:23:20.463	9.5
11:23:20.475	9.7
11:23:20.484	11.1
11:23:20.496	8.7
11:23:20.508	8.8
11:23:20.516	7.4
11:23:20.528	7.2
11:23:20.541	6.8
11:23:20.553	7.9
11:23:20.561	7.4
11:23:20.574	7.8
11:23:20.586	9.7
11:23:20.594	6.5
11:23:20.606	5.9
11:23:20.619	5.2
11:23:20.627	8.4
11:23:20.639	9.8
11:23:20.651	7.8
11:23:20.660	6.8
11:23:20.672	6.1
11:23:20.684	7.8
11:23:20.696	4.9
11:23:20.705	6.0
11:23:20.717	6.3
11:23:20.729	6.1
11:23:20.737	5.4
11:23:20.750	5.4
11:23:20.762	6.9
11:23:20.770	7.5
11:23:20.782	8.6
11:23:20.795	6.4
11:23:20.807	8.1
11:23:20.816	6.2
11:23:20.827	5.7
11:23:20.840	5.4
11:23:20.848	4.5
11:23:20.860	4.3
11:23:20.872	3.5
11:23:20.881	5.0
11:23:20.893	3.9
11:23:20.905	5.4
11:23:20.913	3.8
11:23:20.926	7.0
11:23:20.938	7.0
11:23:20.946	7.8
11:23:20.959	7.1
11:23:20.971	7.7
11:23:20.983	10.4
11:23:20.991	8.7
11:23:21.003	9.8
11:23:21.016	9.4
11:23:21.024	11.9
11:23:21.036	9.1
11:23:21.049	9.0
11:23:21.061	8.1
11:23:21.069	8.8
11:23:21.081	7.0
11:23:21.094	5.4
11:23:21.102	5.8
11:23:21.114	3.6
11:23:21.126	0.5
11:23:21.135	0.4
11:23:21.147	1.3
11:23:21.159	2.0
11:23:21.167	1.5
11:23:21.180	2.8
11:23:21.192	3.6
11:23:21.200	2.7
11:23:21.212	3.4
11:23:21.225	5.4
11:23:21.237	7.2
11:23:21.245	5.8
11:23:21.257	2.7
11:23:21.270	1.2
11:23:21.278	0.5
11:23:21.290	-0.8
11:23:21.303	-1.1
11:23:21.311	-1.7
11:23:21.323	-3.9
11:23:21.335	-6.3
11:23:21.348	-7.5
11:23:21.356	-10.8
11:23:21.368	-10.9
11:23:21.380	-13.2
11:23:21.388	-13.4
11:23:21.401	-14.3
11:23:21.413	-15.8
11:23:21.421	-15.9
11:23:21.433	-17.6
11:23:21.446	-16.8
11:23:21.454	-16.6
11:23:21.466	-15.5
11:23:21.479	-15.5
11:23:21.491	-12.6
11:23:21.499	-13.3
11:23:21.511	-16.3
11:23:21.524	-17.0
11:23:21.532	-17.2
11:23:21.544	-16.6
11:23:21.556	-18.3
11:23:21.569	-17.6
11:23:21.577	-19.5
11:23:21.589	-19.9
11:23:21.601	-21.9
11:23:21.610	-20.5
11:23:21.622	-17.8
11:23:21.634	-18.0
11:23:21.642	-17.3
11:23:21.655	-16.9
11:23:21.667	-15.9
11:23:21.679	-18.3
11:23:21.687	-16.8
11:23:21.700	-16.4
11:23:21.712	-16.6
11:23:21.720	-17.9
11:23:21.732	-20.2
11:23:21.745	-18.8
11:23:21.753	-20.1
11:23:21.765	-22.9
11:23:21.777	-22.5
11:23:21.790	-23.0
11:23:21.798	-24.7
11:23:21.810	-25.5
11:23:21.822	-24.0
11:23:21.831	-24.3
11:23:21.843	-22.7
11:23:21.855	-24.5
11:23:21.863	-24.3
11:23:21.876	-24.1
11:23:21.888	-27.3
11:23:21.896	-27.3
11:23:21.908	-26.1
11:23:21.921	-25.7
11:23:21.929	-28.0
11:23:21.941	-28.1
11:23:21.954	-28.9
11:23:21.966	-30.1
11:23:21.974	-31.3
11:23:21.986	-31.1
11:23:21.999	-29.0
11:23:22.007	-29.2
11:23:22.019	-28.4
11:23:22.031	-26.1
11:23:22.044	-25.5
11:23:22.052	-27.1
11:23:22.064	-26.8
11:23:22.076	-27.0
11:23:22.085	-26.2
11:23:22.097	-26.1
11:23:22.109	-25.7
11:23:22.117	-23.9
11:23:22.130	-24.3
11:23:22.142	-27.5
11:23:22.150	-27.5
11:23:22.162	-25.4
11:23:22.175	-24.7
11:23:22.183	-23.5
11:23:22.195	-22.8
11:23:22.207	-23.4
11:23:22.220	-25.0
11:23:22.228	-24.3
11:23:22.240	-24.6
11:23:22.252	-22.7
11:23:22.261	-23.6
11:23:22.273	-24.2
11:23:22.285	-24.6
11:23:22.293	-22.5
11:23:22.306	-21.2
11:23:22.318	-20.8
11:23:22.330	-19.3
11:23:22.338	-20.7
11:23:22.351	-19.8
11:23:22.363	-19.9
11:23:22.371	-18.3
11:23:22.383	-16.4
11:23:22.396	-17.6
11:23:22.404	-21.3
11:23:22.416	-23.9
11:23:22.428	-18.8
11:23:22.437	-16.8
11:23:22.449	-16.8
11:23:22.461	-17.1
11:23:22.474	-16.8
11:23:22.482	-16.3
11:23:22.494	-16.1
11:23:22.506	-13.7
11:23:22.515	-12.3
11:23:22.527	-11.5
11:23:22.539	-15.1
11:23:22.547	-17.7
11:23:22.560	-16.3
11:23:22.572	-15.6
11:23:22.580	-16.2
11:23:22.592	-15.0
11:23:22.605	-16.1
11:23:22.617	-19.8
11:23:22.625	-18.5
11:23:22.638	-18.8
11:23:22.650	-18.2
11:23:22.658	-17.5
11:23:22.671	-15.7
11:23:22.683	-16.2
11:23:22.691	-15.8
11:23:22.703	-17.4
11:23:22.716	-17.1
11:23:22.728	-15.0
11:23:22.736	-16.2
11:23:22.748	-13.7
11:23:22.761	-13.7
11:23:22.769	-13.7
11:23:22.781	-17.1
11:23:22.793	-18.4
11:23:22.802	-16.2
11:23:22.814	-16.4
11:23:22.826	-15.2
11:23:22.834	-15.6
11:23:22.847	-14.5
11:23:22.859	-17.8
11:23:22.867	-17.7
11:23:22.879	-18.2
11:23:22.892	-18.1
11:23:22.904	-16.1
11:23:22.912	-16.7
11:23:22.924	-15.1
11:23:22.937	-15.3
11:23:22.945	-14.4
11:23:22.957	-12.6
11:23:22.969	-11.5
11:23:22.982	-10.2
11:23:22.990	-9.2
11:23:23.002	-8.0
11:23:23.014	-8.4
11:23:23.023	-6.3
11:23:23.035	-7.1
11:23:23.047	-8.3
11:23:23.055	-7.3
11:23:23.068	-8.0
11:23:23.080	-7.1
11:23:23.088	-8.4
11:23:23.101	-5.7
11:23:23.113	-6.6
11:23:23.121	-5.3
11:23:23.133	-7.2
11:23:23.145	-5.8
11:23:23.158	-4.2
11:23:23.166	-4.7
11:23:23.178	-4.3
11:23:23.191	-5.4
11:23:23.199	-3.9
11:23:23.211	-5.9
11:23:23.223	-2.9
11:23:23.231	-3.3
11:23:23.244	-5.2
11:23:23.256	-6.5
11:23:23.268	-6.7
11:23:23.277	-6.7
11:23:23.289	-6.5
11:23:23.301	-4.3
11:23:23.309	-4.6
11:23:23.322	-2.5
11:23:23.334	-2.9
11:23:23.342	-3.2
11:23:23.354	-1.1
11:23:23.367	3.2
11:23:23.375	4.3
11:23:23.387	5.3
11:23:23.399	3.8
11:23:23.412	2.6
11:23:23.420	3.0
11:23:23.432	-0.7
11:23:23.444	0.7
11:23:23.453	1.0
11:23:23.465	-1.8
11:23:23.477	-5.3
11:23:23.485	-5.3
11:23:23.498	-4.6
11:23:23.510	-2.7
11:23:23.518	-3.2
11:23:23.530	-3.4
11:23:23.543	-0.9
11:23:23.551	-3.1
11:23:23.563	-2.2
11:23:23.575	0.1
11:23:23.588	1.8
11:23:23.596	-1.0
11:23:23.608	-0.2
11:23:23.621	-0.1
11:23:23.629	2.2
11:23:23.641	8.4
11:23:23.653	8.7
11:23:23.666	10.1
11:23:23.674	10.5
11:23:23.686	10.9
11:23:23.698	10.2
11:23:23.711	14.6
11:23:23.719	13.8
11:23:23.731	13.8
11:23:23.743	13.5
11:23:23.752	10.3
11:23:23.764	9.2
11:23:23.772	9.5
11:23:23.785	8.8
11:23:23.797	10.7
11:23:23.809	12.9
11:23:23.817	11.0
11:23:23.830	11.9
11:23:23.842	13.3
11:23:23.850	14.1
11:23:23.862	12.6
11:23:23.875	13.5
11:23:23.887	15.6
11:23:23.895	16.4
11:23:23.908	16.3
11:23:23.920	15.8
11:23:23.928	14.9
11:23:23.940	15.6
11:23:23.953	13.9
11:23:23.965	15.3
11:23:23.973	14.6
11:23:23.985	15.6
11:23:23.998	12.9
11:23:24.006	11.4
11:23:24.018	11.2
11:23:24.030	14.7
11:23:24.039	15.8
11:23:24.051	17.1
11:23:24.063	20.2
11:23:24.072	18.6
11:23:24.084	23.8
11:23:24.096	23.7
11:23:24.104	25.2
11:23:24.117	25.3
11:23:24.129	26.8
11:23:24.141	22.8
11:23:24.149	23.1
11:23:24.162	21.5
11:23:24.174	19.6
11:23:24.181	19.4
11:23:24.194	14.4
11:23:24.206	14.9
11:23:24.214	14.5
11:23:24.227	17.2
11:23:24.240	16.5
11:23:24.252	17.8
11:23:24.260	18.0
11:23:24.272	18.3
11:23:24.285	20.8
11:23:24.293	21.9
11:23:24.305	23.9
11:23:24.317	24.1
11:23:24.326	27.3
11:23:24.338	25.8
11:23:24.350	24.6
11:23:24.358	24.7
11:23:24.371	25.6
11:23:24.383	25.0
11:23:24.395	24.8
11:23:24.403	26.3
11:23:24.416	25.2
11:23:24.429	25.3
11:23:24.436	23.1
11:23:24.448	24.9
11:23:24.461	24.7
11:23:24.469	22.4
11:23:24.481	22.1
11:23:24.493	23.1
11:23:24.502	21.8
11:23:24.514	21.4
11:23:24.526	24.8
11:23:24.539	24.8
11:23:24.547	26.3
11:23:24.559	28.4
11:23:24.571	28.9
11:23:24.580	29.3
11:23:24.592	29.7
11:23:24.604	29.2
11:23:24.612	28.4
11:23:24.625	27.2
11:23:24.637	23.7
11:23:24.649	21.8
11:23:24.657	18.3
11:23:24.670	13.3
11:23:24.682	13.0
11:23:24.690	12.8
11:23:24.702	13.4
11:23:24.715	11.9
11:23:24.723	12.4
11:23:24.735	10.2
11:23:24.748	12.1
11:23:24.756	12.9
11:23:24.768	14.2
11:23:24.780	15.4
11:23:24.788	15.9
11:23:24.801	16.4
11:23:24.813	13.4
11:23:24.825	13.1
11:23:24.833	10.9
11:23:24.846	10.9
11:23:24.858	8.9
11:23:24.866	9.2
11:23:24.878	8.3
11:23:24.891	8.6
11:23:24.903	6.9
11:23:24.911	5.9
11:23:24.923	4.6
11:23:24.936	6.1
11:23:24.944	5.9
11:23:24.956	6.4
11:23:24.969	5.6
11:23:24.977	3.7
11:23:24.989	0.9
11:23:25.001	-1.1
11:23:25.010	-1.7
11:23:25.022	-2.6
11:23:25.034	-0.7
11:23:25.042	-2.6
11:23:25.055	-3.0
11:23:25.067	-2.0
11:23:25.079	-3.1
11:23:25.087	-2.9
11:23:25.100	-2.2
11:23:25.112	-2.9
11:23:25.120	-2.9
11:23:25.132	-3.8
11:23:25.145	-4.8
11:23:25.153	-3.1
11:23:25.165	-3.9
11:23:25.177	-5.4
11:23:25.190	-5.0
11:23:25.198	-5.4
11:23:25.210	-5.7
11:23:25.222	-5.1
11:23:25.231	-5.5
11:23:25.243	-5.9
11:23:25.255	-6.9
11:23:25.263	-8.3
11:23:25.276	-6.4
11:23:25.288	-7.0
11:23:25.296	-9.1
11:23:25.308	-9.7
11:23:25.321	-9.2
11:23:25.333	-10.9
11:23:25.341	-10.7
11:23:25.353	-9.8
11:23:25.366	-10.1
11:23:25.374	-10.8
11:23:25.386	-13.4
11:23:25.399	-12.7
11:23:25.407	-13.4
11:23:25.419	-13.1
11:23:25.431	-13.1
11:23:25.439	-13.9
11:23:25.452	-14.8
11:23:25.464	-13.8
11:23:25.472	-13.5
11:23:25.485	-14.8
11:23:25.497	-14.3
11:23:25.509	-15.6
11:23:25.517	-16.2
11:23:25.530	-17.3
11:23:25.542	-19.6
11:23:25.550	-17.5
11:23:25.562	-18.0
11:23:25.575	-21.6
11:23:25.587	-22.5
11:23:25.595	-23.0
11:23:25.607	-24.2
11:23:25.620	-24.6
11:23:25.632	-22.1
11:23:25.640	-22.2
11:23:25.652	-21.5
11:23:25.665	-23.2
11:23:25.673	-24.1
11:23:25.685	-23.2
11:23:25.697	-22.4
11:23:25.706	-22.0
11:23:25.718	-21.9
11:23:25.730	-20.6
11:23:25.738	-21.3
11:23:25.751	-21.0
11:23:25.763	-19.4
11:23:25.771	-18.0
11:23:25.783	-16.0
11:23:25.796	-15.3
11:23:25.808	-14.1
11:23:25.816	-14.6
11:23:25.828	-14.5
11:23:25.841	-15.7
11:23:25.849	-16.0
11:23:25.861	-16.0
11:23:25.874	-18.2
11:23:25.886	-19.1
11:23:25.894	-19.6
11:23:25.906	-16.9
11:23:25.919	-18.9
11:23:25.927	-19.5
11:23:25.939	-18.0
11:23:25.951	-16.5
11:23:25.960	-16.9
11:23:25.972	-15.5
11:23:25.984	-13.8
11:23:25.992	-13.2
11:23:26.005	-12.3
11:23:26.017	-14.8
11:23:26.025	-14.0
11:23:26.037	-10.8
11:23:26.050	-10.9
11:23:26.062	-10.5
11:23:26.070	-8.3
11:23:26.082	-9.3
11:23:26.095	-8.7
11:23:26.103	-7.2
11:23:26.115	-6.6
11:23:26.127	-4.3
11:23:26.136	-2.5
11:23:26.148	-2.2
11:23:26.160	0.7
11:23:26.172	1.9
11:23:26.181	3.6
11:23:26.193	6.8
11:23:26.205	6.9
11:23:26.213	7.5
11:23:26.226	9.1
11:23:26.238	10.5
11:23:26.246	10.8
11:23:26.258	10.2
11:23:26.271	8.1
11:23:26.279	9.2
11:23:26.291	7.9
11:23:26.303	7.0
11:23:26.316	9.4
11:23:26.324	11.4
11:23:26.336	11.0
11:23:26.349	12.7
11:23:26.357	13.5
11:23:26.369	14.6
11:23:26.381	15.0
11:23:26.389	13.7
11:23:26.402	13.4
11:23:26.414	15.1
11:23:26.422	14.9
11:23:26.435	13.7
11:23:26.447	14.0
11:23:26.459	11.0
11:23:26.467	11.5
11:23:26.480	11.2
11:23:26.492	11.2
11:23:26.500	12.4
11:23:26.512	12.0
11:23:26.525	10.9
11:23:26.533	11.6
11:23:26.545	13.0
11:23:26.557	14.7
11:23:26.570	14.2
11:23:26.578	12.0
11:23:26.590	13.0
11:23:26.602	14.1
11:23:26.611	12.5
11:23:26.623	14.8
11:23:26.635	14.7
11:23:26.643	14.3
11:23:26.656	12.9
11:23:26.668	11.9
11:23:26.677	13.7
11:23:26.689	14.4
11:23:26.701	13.9
11:23:26.709	14.0
11:23:26.722	14.8
11:23:26.734	13.1
11:23:26.746	13.7
11:23:26.754	12.5
11:23:26.767	12.8
11:23:26.779	12.5
11:23:26.787	12.1
11:23:26.799	13.0
11:23:26.812	16.6
11:23:26.824	17.1
11:23:26.832	17.0
11:23:26.844	18.6
11:23:26.857	16.6
11:23:26.865	17.7
11:23:26.877	17.3
11:23:26.889	15.7
11:23:26.898	15.0
11:23:26.910	15.0
11:23:26.922	11.7
11:23:26.931	13.4
11:23:26.943	13.8
11:23:26.955	13.2
11:23:26.963	15.7
11:23:26.975	15.5
11:23:26.988	16.9
11:23:27.000	16.6
11:23:27.008	16.9
11:23:27.021	16.2
11:23:27.033	16.4
11:23:27.041	13.3
11:23:27.053	12.7
11:23:27.066	15.4
11:23:27.074	12.7
11:23:27.086	11.6
11:23:27.098	9.4
11:23:27.111	10.1
11:23:27.119	8.3
11:23:27.131	8.0
11:23:27.143	6.4
11:23:27.152	6.4
11:23:27.164	5.0
11:23:27.176	0.1
11:23:27.184	0.8
11:23:27.197	0.0
11:23:27.209	0.8
11:23:27.217	0.0
11:23:27.229	1.1
11:23:27.242	1.7
11:23:27.254	1.9
11:23:27.262	1.7
11:23:27.275	1.9
11:23:27.287	2.8
11:23:27.295	3.6
11:23:27.307	2.6
11:23:27.320	-0.9
11:23:27.328	-1.4
11:23:27.340	-1.6
11:23:27.352	-2.8
11:23:27.361	-4.1
11:23:27.373	-5.0
11:23:27.385	-3.5
11:23:27.393	-5.2
11:23:27.406	-8.8
11:23:27.418	-8.8
11:23:27.430	-9.2
11:23:27.438	-11.4
11:23:27.451	-13.9
11:23:27.463	-15.4
11:23:27.471	-14.3
11:23:27.483	-14.8
11:23:27.496	-18.6
11:23:27.508	-16.3
11:23:27.516	-15.6
11:23:27.528	-14.3
11:23:27.541	-11.9
11:23:27.553	-10.6
11:23:27.561	-10.0
11:23:27.574	-8.7
11:23:27.582	-8.2
11:23:27.594	-7.1
11:23:27.606	-5.1
11:23:27.614	-5.4
11:23:27.627	-3.4
11:23:27.639	-3.6
11:23:27.647	-4.3
11:23:27.660	-4.1
11:23:27.672	-4.0
11:23:27.684	-4.2
11:23:27.692	-4.8
11:23:27.705	-5.3
11:23:27.717	-6.2
11:23:27.729	-6.2
11:23:27.737	-5.2
11:23:27.750	-6.8
11:23:27.762	-7.2
11:23:27.770	-5.3
11:23:27.782	-5.0
11:23:27.795	-5.9
11:23:27.807	-6.6
11:23:27.815	-8.4
11:23:27.827	-8.2
11:23:27.840	-7.7
11:23:27.848	-10.0
11:23:27.860	-11.0
11:23:27.872	-9.4
11:23:27.881	-11.3
11:23:27.893	-9.9
11:23:27.905	-9.5
11:23:27.913	-10.0
11:23:27.926	-6.6
11:23:27.938	-5.4
11:23:27.946	-6.0
11:23:27.958	-5.7
11:23:27.971	-3.8
11:23:27.983	-3.6
11:23:27.991	-0.1
11:23:28.003	-1.7
11:23:28.016	-1.2
11:23:28.024	-0.3
11:23:28.036	-1.1
11:23:28.048	-0.4
11:23:28.057	-1.3
11:23:28.069	1.6
11:23:28.081	2.8
11:23:28.093	1.4
11:23:28.102	0.8
11:23:28.114	1.5
11:23:28.126	2.3
11:23:28.134	1.7
11:23:28.147	2.8
11:23:28.159	3.2
11:23:28.167	3.7
11:23:28.180	2.3
11:23:28.192	3.1
11:23:28.200	4.2
11:23:28.212	2.6
11:23:28.225	5.0
11:23:28.237	5.4
11:23:28.245	8.1
11:23:28.257	7.7
11:23:28.270	5.9
11:23:28.278	8.2
11:23:28.290	9.6
11:23:28.302	8.6
11:23:28.311	8.2
11:23:28.323	9.5
11:23:28.335	6.1
11:23:28.343	7.0
11:23:28.356	4.7
11:23:28.368	5.0
11:23:28.380	3.3
11:23:28.388	3.0
11:23:28.401	0.5
11:23:28.413	-0.3
11:23:28.421	-0.1
11:23:28.433	-1.6
11:23:28.446	0.5
11:23:28.454	-1.0
11:23:28.466	0.6
11:23:28.478	-0.5
11:23:28.491	2.0
11:23:28.498	1.1
11:23:28.511	3.6
11:23:28.523	5.5
11:23:28.531	6.2
11:23:28.543	7.3
11:23:28.556	6.6
11:23:28.564	8.2
11:23:28.576	7.8
11:23:28.589	8.9
11:23:28.597	10.6
11:23:28.609	10.0
11:23:28.621	8.0
11:23:28.629	6.2
11:23:28.642	7.6
11:23:28.654	7.5
11:23:28.666	8.6
11:23:28.675	8.1
11:23:28.687	9.1
11:23:28.699	9.0
11:23:28.707	6.8
11:23:28.720	8.1
11:23:28.733	7.1
11:23:28.745	8.0
11:23:28.753	6.3
11:23:28.766	6.0
11:23:28.778	6.0
11:23:28.786	4.4
11:23:28.798	3.4
11:23:28.811	2.3
11:23:28.819	1.8
11:23:28.831	0.7
11:23:28.843	1.7
11:23:28.852	0.1
11:23:28.864	1.6
11:23:28.876	1.1
11:23:28.884	1.2
11:23:28.897	2.4
11:23:28.909	2.1
11:23:28.921	2.3
11:23:28.929	5.1
11:23:28.942	5.6
11:23:28.954	6.5
11:23:28.962	9.0
11:23:28.974	7.6
11:23:28.987	9.6
11:23:28.995	9.9
11:23:29.007	9.4
11:23:29.020	9.2
11:23:29.032	8.9
11:23:29.040	7.3
11:23:29.052	7.0
11:23:29.065	7.4
11:23:29.073	7.1
11:23:29.085	7.9
11:23:29.097	6.8
11:23:29.105	6.7
11:23:29.118	8.3
11:23:29.130	8.4
11:23:29.138	9.6
11:23:29.151	9.7
11:23:29.163	8.7
11:23:29.175	8.3
11:23:29.183	7.9
11:23:29.196	7.8
11:23:29.208	6.3
11:23:29.216	5.4
11:23:29.228	4.6
11:23:29.241	5.3
11:23:29.249	6.2
11:23:29.261	7.6
11:23:29.273	8.3
11:23:29.282	7.5
11:23:29.294	8.3
11:23:29.306	8.0
11:23:29.314	8.7
11:23:29.327	8.7
11:23:29.339	7.4
11:23:29.351	6.1
11:23:29.359	4.2
11:23:29.372	2.5
11:23:29.384	3.6
11:23:29.392	3.5
11:23:29.404	4.0
11:23:29.417	4.4
11:23:29.429	4.5
11:23:29.437	5.3
11:23:29.449	5.8
11:23:29.462	5.8
11:23:29.470	7.5
11:23:29.482	9.2
11:23:29.495	7.9
11:23:29.503	12.3
11:23:29.515	10.8
11:23:29.527	11.7
11:23:29.539	13.9
11:23:29.548	15.2
11:23:29.560	17.1
11:23:29.572	22.6
11:23:29.580	24.2
11:23:29.593	24.5
11:23:29.605	27.5
11:23:29.613	25.7
11:23:29.626	28.1
11:23:29.638	27.3
11:23:29.650	30.6
11:23:29.658	31.1
11:23:29.671	31.0
11:23:29.683	26.6
11:23:29.691	23.1
11:23:29.704	23.0
11:23:29.716	21.0
11:23:29.728	19.9
11:23:29.736	19.1
11:23:29.749	20.0
11:23:29.761	15.0
11:23:29.769	15.0
11:23:29.781	14.5
11:23:29.794	15.4
11:23:29.802	18.7
11:23:29.814	17.8
11:23:29.826	18.4
11:23:29.835	19.1
11:23:29.847	19.6
11:23:29.858	20.0
11:23:29.867	20.2
11:23:29.879	20.1
11:23:29.891	20.6
11:23:29.903	20.5
11:23:29.912	20.5
11:23:29.924	25.0
11:23:29.936	26.4
11:23:29.944	27.8
11:23:29.957	27.2
11:23:29.969	27.0
11:23:29.977	28.0
11:23:29.989	27.8
11:23:30.002	27.8
11:23:30.014	27.3
11:23:30.022	28.1
11:23:30.034	24.6
11:23:30.047	24.1
11:23:30.055	22.2
11:23:30.068	25.5
11:23:30.080	25.8
11:23:30.089	26.1
11:23:30.101	27.5
11:23:30.113	29.3
11:23:30.121	29.3
11:23:30.134	28.7
11:23:30.146	28.0
11:23:30.158	28.2
11:23:30.166	29.0
11:23:30.179	25.5
11:23:30.191	26.3
11:23:30.199	25.8
11:23:30.212	23.9
11:23:30.224	23.7
11:23:30.232	27.5
11:23:30.244	27.6
11:23:30.256	29.2
11:23:30.265	30.6
11:23:30.277	31.6
11:23:30.289	32.4
11:23:30.302	32.2
11:23:30.310	34.5
11:23:30.322	35.1
11:23:30.334	34.3
11:23:30.343	33.5
11:23:30.355	33.8
11:23:30.367	33.9
11:23:30.375	33.2
11:23:30.388	32.1
11:23:30.400	33.7
11:23:30.412	32.8
11:23:30.421	30.9
11:23:30.433	32.0
11:23:30.445	32.5
11:23:30.453	30.7
11:23:30.465	31.3
11:23:30.478	32.0
11:23:30.486	31.1
11:23:30.498	30.2
11:23:30.510	31.5
11:23:30.519	32.0
11:23:30.531	33.5
11:23:30.543	32.2
11:23:30.551	31.3
11:23:30.564	31.5
11:23:30.576	28.1
11:23:30.588	27.1
11:23:30.596	25.8
11:23:30.609	26.0
11:23:30.620	19.7
11:23:30.628	17.6
11:23:30.641	14.4
11:23:30.654	13.5
11:23:30.666	11.8
11:23:30.675	10.6
11:23:30.687	9.5
11:23:30.699	7.4
11:23:30.707	6.1
11:23:30.719	4.3
11:23:30.732	4.4
11:23:30.740	4.6
11:23:30.752	5.3
11:23:30.764	5.1
11:23:30.773	5.4
11:23:30.785	4.9
11:23:30.797	6.4
11:23:30.805	5.6
11:23:30.818	6.0
11:23:30.830	6.0
11:23:30.842	7.8
11:23:30.850	7.7
11:23:30.863	7.7
11:23:30.875	6.6
11:23:30.883	6.7
11:23:30.895	6.0
11:23:30.908	5.4
11:23:30.916	5.6
11:23:30.928	4.5
11:23:30.940	4.5
11:23:30.953	4.6
11:23:30.961	2.4
11:23:30.973	0.4
11:23:30.986	-0.4
11:23:30.994	-1.6
11:23:31.006	-2.2
11:23:31.018	-2.1
11:23:31.027	-0.9
11:23:31.039	1.1
11:23:31.051	0.3
11:23:31.059	-1.5
11:23:31.072	-0.3
11:23:31.084	-0.3
11:23:31.096	-0.5
11:23:31.104	-1.7
11:23:31.117	-2.8
11:23:31.129	-4.5
11:23:31.137	-4.6
11:23:31.149	-7.6
11:23:31.162	-8.0
11:23:31.170	-9.5
11:23:31.182	-12.1
11:23:31.194	-12.9
11:23:31.203	-12.4
11:23:31.215	-12.0
11:23:31.227	-12.8
11:23:31.235	-13.7
11:23:31.248	-17.0
11:23:31.260	-16.1
11:23:31.272	-16.1
11:23:31.280	-16.6
11:23:31.293	-15.7
11:23:31.305	-14.7
11:23:31.313	-15.1
11:23:31.325	-14.8
11:23:31.338	-13.5
11:23:31.350	-12.3
11:23:31.358	-10.3
11:23:31.370	-11.4
11:23:31.383	-11.3
11:23:31.391	-10.7
11:23:31.403	-11.0
11:23:31.416	-12.1
11:23:31.424	-13.4
11:23:31.436	-13.6
11:23:31.448	-13.5
11:23:31.456	-12.3
11:23:31.469	-14.2
11:23:31.481	-12.4
11:23:31.489	-12.7
11:23:31.502	-11.7
11:23:31.514	-10.0
11:23:31.526	-9.0
11:23:31.534	-8.5
11:23:31.547	-7.0
11:23:31.559	-7.2
11:23:31.567	-8.4
11:23:31.579	-7.1
11:23:31.592	-7.5
11:23:31.604	-6.8
11:23:31.612	-7.0
11:23:31.624	-6.4
11:23:31.637	-6.0
11:23:31.645	-3.1
11:23:31.657	-3.4
11:23:31.669	-2.3
11:23:31.678	-2.1
11:23:31.690	-0.8
11:23:31.702	0.3
11:23:31.710	1.9
11:23:31.723	2.1
11:23:31.735	3.2
11:23:31.747	5.6
11:23:31.755	5.3
11:23:31.768	7.0
11:23:31.780	7.2
11:23:31.788	9.1
11:23:31.800	9.3
11:23:31.813	10.2
11:23:31.825	10.8
11:23:31.833	12.7
11:23:31.846	12.7
11:23:31.858	11.8
11:23:31.866	10.5
11:23:31.878	8.9
11:23:31.891	12.2
11:23:31.899	12.5
11:23:31.911	11.9
11:23:31.924	11.6
11:23:31.936	11.4
11:23:31.944	12.4
11:23:31.956	12.1
11:23:31.969	13.2
11:23:31.977	17.0
11:23:31.989	18.0
11:23:32.001	15.1
11:23:32.010	15.3
11:23:32.022	16.0
11:23:32.034	17.2
11:23:32.042	18.9
11:23:32.055	21.2
11:23:32.067	23.1
11:23:32.079	22.9
11:23:32.087	21.4
11:23:32.100	22.2
11:23:32.112	24.1
11:23:32.120	24.9
11:23:32.132	25.8
11:23:32.145	26.1
11:23:32.153	25.7
11:23:32.165	26.3
11:23:32.177	25.5
11:23:32.186	25.4
11:23:32.198	24.9
11:23:32.210	26.0
11:23:32.222	27.3
11:23:32.231	27.4
11:23:32.243	27.3
11:23:32.255	27.5
11:23:32.263	27.8
11:23:32.276	25.7
11:23:32.288	25.4
11:23:32.296	26.1
11:23:32.308	27.0
11:23:32.321	26.7
11:23:32.333	28.1
11:23:32.341	28.4
11:23:32.354	30.3
11:23:32.366	30.3
11:23:32.374	29.7
11:23:32.386	30.1
11:23:32.399	32.5
11:23:32.407	30.4
11:23:32.419	32.6
11:23:32.431	33.0
11:23:32.439	31.7
11:23:32.452	30.8
11:23:32.464	30.7
11:23:32.472	31.2
11:23:32.485	31.7
11:23:32.497	31.7
11:23:32.509	28.8
11:23:32.517	33.3
11:23:32.530	31.5
11:23:32.542	30.6
11:23:32.550	29.3
11:23:32.562	30.2
11:23:32.575	29.5
11:23:32.587	28.9
11:23:32.595	28.9
11:23:32.607	28.8
11:23:32.620	30.6
11:23:32.628	28.4
11:23:32.640	29.1
11:23:32.653	29.9
11:23:32.661	31.0
11:23:32.673	30.9
11:23:32.685	29.4
11:23:32.693	29.1
11:23:32.706	29.9
11:23:32.718	30.3
11:23:32.726	28.8
11:23:32.738	29.7
11:23:32.751	27.7
11:23:32.763	26.3
11:23:32.771	24.4
11:23:32.783	22.1
11:23:32.796	22.3
11:23:32.804	22.4
11:23:32.816	20.6
11:23:32.828	17.0
11:23:32.837	17.2
11:23:32.849	16.0
11:23:32.861	16.5
11:23:32.874	17.6
11:23:32.882	18.4
11:23:32.894	18.6
11:23:32.907	21.5
11:23:32.915	20.5
11:23:32.927	19.8
11:23:32.939	22.2
11:23:32.947	22.6
11:23:32.960	22.6
11:23:32.972	23.7
11:23:32.980	22.6
11:23:32.993	21.9
11:23:33.005	22.5
11:23:33.017	19.8
11:23:33.025	21.9
11:23:33.038	23.4
11:23:33.050	21.2
11:23:33.058	20.4
11:23:33.070	19.2
11:23:33.083	17.1
11:23:33.091	17.4
11:23:33.103	15.7
11:23:33.115	15.4
11:23:33.124	15.9
11:23:33.136	13.0
11:23:33.148	10.6
11:23:33.156	12.5
11:23:33.169	15.8
11:23:33.181	15.6
11:23:33.193	17.3
11:23:33.201	16.1
11:23:33.214	16.8
11:23:33.226	17.7
11:23:33.234	15.3
11:23:33.246	14.5
11:23:33.259	15.3
11:23:33.271	14.5
11:23:33.279	9.4
11:23:33.291	7.3
11:23:33.304	5.4
11:23:33.312	4.8
11:23:33.324	5.2
11:23:33.336	6.0
11:23:33.345	7.5
11:23:33.357	10.0
11:23:33.369	11.6
11:23:33.377	10.2
11:23:33.390	14.3
11:23:33.402	16.3
11:23:33.410	15.9
11:23:33.423	17.4
11:23:33.435	16.4
11:23:33.447	16.2
11:23:33.455	16.1
11:23:33.468	18.4
11:23:33.480	16.5
11:23:33.492	17.7
11:23:33.500	16.2
11:23:33.513	16.6
11:23:33.525	17.2
11:23:33.533	16.5
11:23:33.545	17.7
11:23:33.558	14.6
11:23:33.570	13.4
11:23:33.578	11.4
11:23:33.590	13.1
11:23:33.603	12.5
11:23:33.611	10.6
11:23:33.623	9.9
11:23:33.635	11.3
11:23:33.644	11.6
11:23:33.656	11.8
11:23:33.668	13.7
11:23:33.676	14.7
11:23:33.689	13.9
11:23:33.701	12.2
11:23:33.709	13.2
11:23:33.721	13.0
11:23:33.734	12.3
11:23:33.746	10.8
11:23:33.754	10.5
11:23:33.766	11.2
11:23:33.779	11.8
11:23:33.787	10.3
11:23:33.799	9.4
11:23:33.811	9.5
11:23:33.820	9.8
11:23:33.832	11.7
11:23:33.844	11.8
11:23:33.856	12.3
11:23:33.865	13.2
11:23:33.877	13.0
11:23:33.889	13.3
11:23:33.897	14.6
11:23:33.910	14.6
11:23:33.922	14.6
11:23:33.930	14.9
11:23:33.943	16.1
11:23:33.955	16.0
11:23:33.963	16.5
11:23:33.975	15.1
11:23:33.988	16.1
11:23:34.000	16.2
11:23:34.008	17.5
11:23:34.020	18.4
11:23:34.032	18.7
11:23:34.040	17.6
11:23:34.053	15.1
11:23:34.065	16.7
11:23:34.073	16.5
11:23:34.085	16.1
11:23:34.098	13.8
11:23:34.106	11.6
11:23:34.118	10.4
11:23:34.130	7.0
11:23:34.143	6.1
11:23:34.151	6.6
11:23:34.163	5.9
11:23:34.175	4.9
11:23:34.184	1.8
11:23:34.196	1.9
11:23:34.208	1.3
11:23:34.216	1.0
11:23:34.229	2.3
11:23:34.241	4.2
11:23:34.253	2.8
11:23:34.261	2.1
11:23:34.274	2.2
11:23:34.286	0.4
11:23:34.294	-0.8
11:23:34.307	-0.4
11:23:34.319	-2.4
11:23:34.327	-0.6
11:23:34.339	-4.9
11:23:34.352	-6.4
11:23:34.360	-6.9
11:23:34.372	-7.9
11:23:34.384	-8.5
11:23:34.393	-9.8
11:23:34.406	-8.7
11:23:34.418	-10.6
11:23:34.430	-8.7
11:23:34.439	-11.1
11:23:34.451	-7.9
11:23:34.463	-9.1
11:23:34.471	-8.6
11:23:34.484	-8.5
11:23:34.496	-9.4
11:23:34.508	-9.3
11:23:34.516	-9.4
11:23:34.529	-11.4
11:23:34.541	-13.7
11:23:34.549	-16.0
11:23:34.561	-19.0
11:23:34.573	-18.6
11:23:34.581	-19.8
11:23:34.593	-21.1
11:23:34.606	-21.6
11:23:34.615	-21.7
11:23:34.627	-21.5
11:23:34.639	-20.3
11:23:34.647	-21.3
11:23:34.660	-22.4
11:23:34.672	-24.6
11:23:34.684	-25.4
11:23:34.692	-23.6
11:23:34.705	-25.1
11:23:34.717	-25.9
11:23:34.725	-25.6
11:23:34.737	-24.9
11:23:34.750	-25.7
11:23:34.758	-24.3
11:23:34.770	-23.0
11:23:34.782	-20.4
11:23:34.795	-20.5
11:23:34.803	-21.6
11:23:34.815	-20.9
11:23:34.827	-19.8
11:23:34.836	-18.3
11:23:34.848	-17.8
11:23:34.860	-16.9
11:23:34.868	-18.3
11:23:34.881	-18.5
11:23:34.893	-18.2
11:23:34.901	-17.6
11:23:34.913	-18.4
11:23:34.926	-16.6
11:23:34.938	-17.2
11:23:34.946	-19.6
11:23:34.958	-22.2
11:23:34.971	-24.9
11:23:34.979	-23.2
11:23:34.991	-22.9
11:23:35.004	-24.9
11:23:35.012	-24.7
11:23:35.024	-23.0
11:23:35.036	-23.3
11:23:35.044	-22.6
11:23:35.057	-20.0
11:23:35.069	-19.4
11:23:35.077	-16.3
11:23:35.090	-15.0
11:23:35.102	-15.5
11:23:35.114	-14.0
11:23:35.122	-13.2
11:23:35.135	-12.6
11:23:35.147	-12.4
11:23:35.155	-11.6
11:23:35.168	-13.3
11:23:35.180	-12.8
11:23:35.192	-9.4
11:23:35.200	-10.8
11:23:35.213	-9.4
11:23:35.225	-6.9
11:23:35.233	-7.3
11:23:35.245	-7.3
11:23:35.258	-6.8
11:23:35.266	-4.7
11:23:35.278	-3.0
11:23:35.290	-2.0
11:23:35.299	-3.8
11:23:35.311	-2.5
11:23:35.323	-1.3
11:23:35.331	-2.6
11:23:35.344	-1.7
11:23:35.356	-1.6
11:23:35.368	-2.3
11:23:35.376	-3.5
11:23:35.389	-3.3
11:23:35.401	-2.9
11:23:35.409	-1.7
11:23:35.421	-1.4
11:23:35.434	-1.7
11:23:35.446	0.9
11:23:35.454	1.7
11:23:35.467	1.6
11:23:35.479	3.5
11:23:35.487	0.7
11:23:35.499	-0.2
11:23:35.512	1.3
11:23:35.520	0.3
11:23:35.532	1.9
11:23:35.544	4.0
11:23:35.552	3.3
11:23:35.565	5.0
11:23:35.577	5.8
11:23:35.585	6.8
11:23:35.598	9.1
11:23:35.610	12.0
11:23:35.622	12.2
11:23:35.630	12.8
11:23:35.643	12.5
11:23:35.655	12.8
11:23:35.667	13.1
11:23:35.675	11.5
11:23:35.688	13.7
11:23:35.700	15.8
11:23:35.708	19.3
11:23:35.720	18.5
11:23:35.733	17.1
11:23:35.741	17.5
11:23:35.753	17.4
11:23:35.766	18.5
11:23:35.778	18.3
11:23:35.786	22.6
11:23:35.798	22.0
11:23:35.811	18.6
11:23:35.819	17.7
11:23:35.831	18.5
11:23:35.843	20.1
11:23:35.851	21.8
11:23:35.864	24.2
11:23:35.876	22.9
11:23:35.884	24.3
11:23:35.897	21.3
11:23:35.909	24.3
11:23:35.921	24.9
11:23:35.929	25.0
11:23:35.942	24.5
11:23:35.954	24.8
11:23:35.962	24.3
11:23:35.974	22.9
11:23:35.987	24.4
11:23:35.995	22.3
11:23:36.007	24.0
11:23:36.020	21.0
11:23:36.028	21.1
11:23:36.040	19.5
11:23:36.052	20.2
11:23:36.065	20.6
11:23:36.073	20.2
11:23:36.085	18.9
11:23:36.097	17.5
11:23:36.106	19.8
11:23:36.118	18.0
11:23:36.130	16.1
11:23:36.138	15.5
11:23:36.151	17.7
11:23:36.163	19.4
11:23:36.175	19.3
11:23:36.183	18.3
11:23:36.196	19.2
11:23:36.208	18.9
11:23:36.216	17.5
11:23:36.228	19.3
11:23:36.241	21.1
11:23:36.249	23.6
11:23:36.261	23.0
11:23:36.273	20.2
11:23:36.282	19.9
11:23:36.294	21.6
11:23:36.306	22.8
11:23:36.314	24.8
11:23:36.327	26.1
11:23:36.339	25.6
11:23:36.351	24.9
11:23:36.359	23.9
11:23:36.372	22.7
11:23:36.384	24.5
11:23:36.392	24.0
11:23:36.404	23.4
11:23:36.417	22.7
11:23:36.429	21.1
11:23:36.437	20.7
11:23:36.449	21.8
11:23:36.462	21.5
11:23:36.470	23.6
11:23:36.482	23.7
11:23:36.494	23.1
11:23:36.503	21.7
11:23:36.515	21.7
11:23:36.527	21.5
11:23:36.535	21.1
11:23:36.548	22.1
11:23:36.560	21.3
11:23:36.568	21.1
11:23:36.581	17.7
11:23:36.593	17.6
11:23:36.605	17.9
11:23:36.613	19.5
11:23:36.626	20.0
11:23:36.638	18.7
11:23:36.646	20.0
11:23:36.658	17.6
11:23:36.671	15.9
11:23:36.679	16.1
11:23:36.691	17.1
11:23:36.703	17.1
11:23:36.716	17.4
11:23:36.724	18.6
11:23:36.736	16.9
11:23:36.748	18.9
11:23:36.757	19.9
11:23:36.769	20.1
11:23:36.781	23.2
11:23:36.789	24.0
11:23:36.802	23.9
11:23:36.814	24.3
11:23:36.822	20.6
11:23:36.835	18.2
11:23:36.847	19.1
11:23:36.859	16.4
11:23:36.867	17.8
11:23:36.880	15.7
11:23:36.892	10.9
11:23:36.900	10.0
11:23:36.912	11.1
11:23:36.925	10.1
11:23:36.933	13.0
11:23:36.945	14.2
11:23:36.957	14.0
11:23:36.966	15.5
11:23:36.978	12.3
11:23:36.990	14.2
11:23:36.998	14.8
11:23:37.011	14.3
11:23:37.023	12.7
11:23:37.035	12.0
11:23:37.043	10.8
11:23:37.056	9.8
11:23:37.068	9.1
11:23:37.076	8.5
11:23:37.089	7.9
11:23:37.101	7.9
11:23:37.113	9.8
11:23:37.121	10.0
11:23:37.134	9.0
11:23:37.146	11.9
11:23:37.154	12.6
11:23:37.166	11.9
11:23:37.179	11.2
11:23:37.187	11.7
11:23:37.199	9.9
11:23:37.211	8.3
11:23:37.220	7.1
11:23:37.232	7.7
11:23:37.244	7.5
11:23:37.252	4.8
11:23:37.265	6.3
11:23:37.277	6.3
11:23:37.289	7.6
11:23:37.297	6.0
11:23:37.310	8.8
11:23:37.322	11.7
11:23:37.330	11.5
11:23:37.342	10.5
11:23:37.355	11.1
11:23:37.367	12.3
11:23:37.375	9.9
11:23:37.388	10.1
11:23:37.400	8.8
11:23:37.408	11.6
11:23:37.420	10.5
11:23:37.432	8.5
11:23:37.441	9.0
11:23:37.453	9.5
11:23:37.465	8.7
11:23:37.473	8.8
11:23:37.486	9.3
11:23:37.498	9.9
11:23:37.506	9.1
11:23:37.518	6.4
11:23:37.531	5.5
11:23:37.543	3.3
11:23:37.551	7.0
11:23:37.563	6.9
11:23:37.576	9.8
11:23:37.588	10.5
11:23:37.596	10.9
11:23:37.609	10.9
11:23:37.621	12.4
11:23:37.629	15.9
11:23:37.641	16.5
11:23:37.654	18.0
11:23:37.662	12.7
11:23:37.674	11.4
11:23:37.686	9.0
11:23:37.695	8.8
11:23:37.707	9.0
11:23:37.719	8.1
11:23:37.731	6.9
11:23:37.740	4.8
11:23:37.752	4.1
11:23:37.764	4.9
11:23:37.773	5.5
11:23:37.785	5.5
11:23:37.797	6.6
11:23:37.805	5.5
11:23:37.818	4.5
11:23:37.830	3.9
11:23:37.842	3.9
11:23:37.850	2.5
11:23:37.863	4.2
11:23:37.875	6.2
11:23:37.883	5.1
11:23:37.895	5.4
11:23:37.908	5.6
11:23:37.916	5.2
11:23:37.928	3.3
11:23:37.940	5.0
11:23:37.949	2.5
11:23:37.961	3.0
11:23:37.973	0.3
11:23:37.985	-3.0
11:23:37.994	-1.8
11:23:38.006	-0.6
11:23:38.018	-2.6
11:23:38.026	-2.9
11:23:38.039	-1.8
11:23:38.051	-2.0
11:23:38.059	1.5
11:23:38.072	1.6
11:23:38.084	3.1
11:23:38.096	3.4
11:23:38.104	3.3
11:23:38.117	3.0
11:23:38.129	3.1
11:23:38.137	1.9
11:23:38.149	0.2
11:23:38.162	-0.1
11:23:38.170	-2.0
11:23:38.182	-1.9
11:23:38.194	-0.9
11:23:38.202	-0.3
11:23:38.215	-0.5
11:23:38.227	-1.8
11:23:38.235	-1.0
11:23:38.248	0.1
11:23:38.260	3.4
11:23:38.272	2.7
11:23:38.280	5.0
11:23:38.293	6.7
11:23:38.305	5.4
11:23:38.313	5.4
11:23:38.325	6.7
11:23:38.338	8.0
11:23:38.350	7.1
11:23:38.358	6.7
11:23:38.370	5.1
11:23:38.383	5.3
11:23:38.391	6.3
11:23:38.403	4.0
11:23:38.415	3.2
11:23:38.424	1.8
11:23:38.436	1.0
11:23:38.448	-0.7
11:23:38.456	-1.7
11:23:38.469	-1.0
11:23:38.481	0.1
11:23:38.489	0.0
11:23:38.501	-3.2
11:23:38.514	-6.0
11:23:38.526	-5.3
11:23:38.534	-3.3
11:23:38.546	-2.9
11:23:38.559	-2.9
11:23:38.567	-3.6
11:23:38.579	-4.9
11:23:38.591	-5.3
11:23:38.600	-6.9
11:23:38.612	-6.5
11:23:38.624	-5.4
11:23:38.637	-6.2
11:23:38.645	-8.2
11:23:38.657	-11.3
11:23:38.669	-12.6
11:23:38.678	-11.8
11:23:38.690	-13.8
11:23:38.702	-16.7
11:23:38.710	-16.8
11:23:38.723	-18.1
11:23:38.735	-17.9
11:23:38.743	-19.0
11:23:38.755	-19.1
11:23:38.768	-17.9
11:23:38.780	-17.9
11:23:38.788	-20.1
11:23:38.800	-20.5
11:23:38.813	-21.2
11:23:38.821	-21.6
11:23:38.833	-19.1
11:23:38.845	-19.5
11:23:38.854	-19.2
11:23:38.866	-20.7
11:23:38.878	-24.1
11:23:38.886	-22.9
11:23:38.899	-20.6
11:23:38.911	-21.7
11:23:38.919	-21.2
11:23:38.931	-21.4
11:23:38.944	-24.7
11:23:38.956	-25.6
11:23:38.964	-25.9
11:23:38.976	-25.2
11:23:38.989	-22.9
11:23:38.997	-25.2
11:23:39.009	-27.5
11:23:39.021	-26.4
11:23:39.034	-25.2
11:23:39.042	-25.1
11:23:39.055	-25.0
11:23:39.067	-23.2
11:23:39.075	-24.1
11:23:39.087	-24.8
11:23:39.100	-23.9
11:23:39.108	-23.6
11:23:39.120	-22.7
11:23:39.132	-21.8
11:23:39.140	-22.4
11:23:39.153	-23.4
11:23:39.165	-22.7
11:23:39.173	-23.9
11:23:39.185	-24.3
11:23:39.198	-23.2
11:23:39.210	-23.6
11:23:39.218	-24.4
11:23:39.230	-21.7
11:23:39.243	-22.6
11:23:39.251	-23.1
11:23:39.263	-20.7
11:23:39.276	-21.6
11:23:39.288	-20.2
11:23:39.296	-20.7
11:23:39.309	-22.7
11:23:39.321	-24.8
11:23:39.329	-21.4
11:23:39.341	-24.1
11:23:39.353	-23.7
11:23:39.362	-23.1
11:23:39.374	-23.9
11:23:39.386	-21.5
11:23:39.394	-23.0
11:23:39.407	-19.4
11:23:39.419	-17.0
11:23:39.427	-14.8
11:23:39.439	-15.4
11:23:39.452	-14.1
11:23:39.464	-12.7
11:23:39.472	-12.6
11:23:39.484	-11.1
11:23:39.497	-12.7
11:23:39.509	-10.6
11:23:39.517	-12.3
11:23:39.529	-11.9
11:23:39.542	-11.9
11:23:39.550	-11.6
11:23:39.562	-11.8
11:23:39.574	-11.5
11:23:39.583	-12.1
11:23:39.595	-13.2
11:23:39.607	-12.6
11:23:39.619	-14.9
11:23:39.628	-17.4
11:23:39.640	-17.4
11:23:39.652	-17.7
11:23:39.660	-18.2
11:23:39.673	-16.7
11:23:39.685	-17.6
11:23:39.693	-15.8
11:23:39.706	-15.0
11:23:39.718	-14.2
11:23:39.726	-13.4
11:23:39.738	-8.9
11:23:39.751	-10.6
11:23:39.763	-9.1
11:23:39.771	-10.0
11:23:39.783	-12.1
11:23:39.796	-11.8
11:23:39.804	-12.4
11:23:39.816	-12.7
11:23:39.828	-12.7
11:23:39.836	-13.0
11:23:39.849	-14.6
11:23:39.861	-13.7
11:23:39.869	-14.1
11:23:39.882	-13.4
11:23:39.894	-13.3
11:23:39.906	-13.0
11:23:39.914	-13.0
11:23:39.927	-13.3
11:23:39.939	-14.2
11:23:39.947	-15.5
11:23:39.959	-15.2
11:23:39.972	-17.0
11:23:39.980	-16.9
11:23:39.992	-15.5
11:23:40.004	-15.4
11:23:40.017	-14.7
11:23:40.025	-13.2
11:23:40.037	-13.7
11:23:40.049	-12.7
11:23:40.058	-8.8
11:23:40.070	-8.4
11:23:40.082	-5.5
11:23:40.090	-6.8
11:23:40.103	-7.0
11:23:40.115	-4.9
11:23:40.123	-4.0
11:23:40.135	-5.1
11:23:40.148	-3.9
11:23:40.156	-4.1
11:23:40.168	-7.5
11:23:40.180	-7.7
11:23:40.193	-5.9
11:23:40.201	-4.2
11:23:40.213	-3.3
11:23:40.225	-4.3
11:23:40.234	-5.4
11:23:40.246	-6.0
11:23:40.258	-4.9
11:23:40.271	-5.7
11:23:40.279	-3.8
11:23:40.291	-2.8
11:23:40.303	-4.2
11:23:40.312	-3.2
11:23:40.324	-3.3
11:23:40.336	-1.8
11:23:40.344	-1.9
11:23:40.357	-0.3
11:23:40.369	0.1
11:23:40.377	0.5
11:23:40.389	0.7
11:23:40.402	0.7
11:23:40.410	-0.1
11:23:40.422	-1.2
11:23:40.434	-2.3
11:23:40.447	-2.4
11:23:40.455	-1.8
11:23:40.467	-0.1
11:23:40.480	-1.6
11:23:40.488	-2.5
11:23:40.500	-0.6
11:23:40.513	1.4
11:23:40.521	1.7
11:23:40.533	2.7
11:23:40.545	2.9
11:23:40.558	2.8
11:23:40.566	2.9
11:23:40.578	0.7
11:23:40.590	1.3
11:23:40.599	3.8
11:23:40.611	1.8
11:23:40.623	-0.6
11:23:40.631	0.0
11:23:40.644	-1.5
11:23:40.656	-1.3
11:23:40.664	-1.8
11:23:40.676	-1.2
11:23:40.689	-0.8
11:23:40.701	-2.4
11:23:40.709	-3.7
11:23:40.721	-3.1
11:23:40.734	-3.2
11:23:40.742	-4.0
11:23:40.754	-2.5
11:23:40.767	-1.0
11:23:40.775	-0.4
11:23:40.787	0.4
11:23:40.799	1.6
11:23:40.807	2.8
11:23:40.820	2.8
11:23:40.832	5.5
11:23:40.840	3.5
11:23:40.853	3.5
11:23:40.865	0.4
11:23:40.877	-1.8
11:23:40.885	-2.8
11:23:40.898	-5.1
11:23:40.910	-7.8
11:23:40.918	-8.5
11:23:40.931	-9.2
11:23:40.943	-13.8
11:23:40.955	-13.1
11:23:40.963	-13.8
11:23:40.976	-11.8
11:23:40.988	-11.4
11:23:40.996	-11.1
11:23:41.008	-11.4
11:23:41.021	-9.3
11:23:41.029	-8.1
11:23:41.041	-7.4
11:23:41.053	-6.4
11:23:41.062	-6.4
11:23:41.074	-6.7
11:23:41.086	-4.0
11:23:41.094	-4.2
11:23:41.107	-4.0
11:23:41.119	-3.2
11:23:41.131	-5.3
11:23:41.139	-5.2
11:23:41.152	-4.6
11:23:41.164	-4.4
11:23:41.172	-2.5
11:23:41.184	-0.6
11:23:41.197	-3.1
11:23:41.209	-3.9
11:23:41.217	-4.3
11:23:41.229	-3.6
11:23:41.242	-3.2
11:23:41.250	-4.3
11:23:41.262	-3.9
11:23:41.274	-3.0
11:23:41.283	-2.8
11:23:41.295	-1.3
11:23:41.307	-1.2
11:23:41.316	-0.3
11:23:41.328	0.6
11:23:41.340	-0.1
11:23:41.348	0.9
11:23:41.360	2.3
11:23:41.373	4.3
11:23:41.385	3.2
11:23:41.393	3.5
11:23:41.405	2.7
11:23:41.418	4.2
11:23:41.426	4.0
11:23:41.438	2.8
11:23:41.451	4.3
11:23:41.459	5.3
11:23:41.471	3.7
11:23:41.483	2.2
11:23:41.491	3.6
11:23:41.504	4.1
11:23:41.516	5.6
11:23:41.528	4.2
11:23:41.537	4.6
11:23:41.549	6.1
11:23:41.561	4.8
11:23:41.569	6.1
11:23:41.582	6.5
11:23:41.594	6.7
11:23:41.602	7.9
11:23:41.614	8.4
11:23:41.627	9.9
11:23:41.639	12.2
11:23:41.647	16.9
11:23:41.659	15.9
11:23:41.672	17.4
11:23:41.684	15.9
11:23:41.692	17.8
11:23:41.704	16.9
11:23:41.717	16.2
11:23:41.725	14.4
11:23:41.737	11.8
11:23:41.749	9.4
11:23:41.758	6.1
11:23:41.770	6.2
11:23:41.782	6.3
11:23:41.790	6.6
11:23:41.803	7.4
11:23:41.815	8.0
11:23:41.827	8.6
11:23:41.835	8.7
11:23:41.848	9.0
11:23:41.860	6.8
11:23:41.868	4.7
11:23:41.881	4.4
11:23:41.893	3.6
11:23:41.901	2.9
11:23:41.913	-0.2
11:23:41.926	0.0
11:23:41.938	-1.8
11:23:41.946	-2.0
11:23:41.958	-3.3
11:23:41.971	-2.2
11:23:41.979	0.1
11:23:41.991	1.8
11:23:42.003	-0.1
11:23:42.012	-0.5
11:23:42.024	-0.4
11:23:42.036	-1.8
11:23:42.044	-0.2
11:23:42.057	-0.3
11:23:42.069	-2.5
11:23:42.077	-1.2
11:23:42.089	-1.6
11:23:42.102	-3.9
11:23:42.114	-0.6
11:23:42.122	-0.1
11:23:42.134	0.2
11:23:42.147	1.7
11:23:42.155	2.8
11:23:42.167	4.4
11:23:42.180	6.8
11:23:42.192	8.2
11:23:42.200	7.3
11:23:42.212	8.4
11:23:42.224	8.3
11:23:42.233	6.8
11:23:42.245	8.8
11:23:42.257	8.5
11:23:42.265	6.2
11:23:42.278	4.4
11:23:42.290	4.3
11:23:42.298	2.5
11:23:42.310	3.2
11:23:42.323	3.4
11:23:42.331	2.1
11:23:42.343	3.8
11:23:42.356	2.7
11:23:42.368	2.1
11:23:42.376	3.4
11:23:42.388	4.6
11:23:42.401	4.9
11:23:42.409	6.0
11:23:42.421	5.8
11:23:42.433	6.0
11:23:42.441	8.0
11:23:42.454	7.2
11:23:42.466	8.2
11:23:42.478	7.3
11:23:42.487	8.8
11:23:42.499	9.0
11:23:42.511	11.4
11:23:42.519	9.4
11:23:42.532	7.8
11:23:42.544	5.2
11:23:42.552	3.5
11:23:42.564	3.2
11:23:42.577	2.1
11:23:42.585	4.7
11:23:42.597	3.4
11:23:42.609	3.4
11:23:42.622	2.5
11:23:42.630	3.4
11:23:42.642	5.9
11:23:42.654	7.4
11:23:42.663	9.4
11:23:42.675	10.7
11:23:42.687	11.4
11:23:42.695	11.5
11:23:42.708	12.5
11:23:42.720	11.6
11:23:42.728	9.0
11:23:42.741	9.5
11:23:42.753	8.3
11:23:42.761	9.3
11:23:42.774	7.7
11:23:42.786	5.5
11:23:42.798	4.1
11:23:42.806	1.4
11:23:42.819	-0.6
11:23:42.831	0.9
11:23:42.839	1.1
11:23:42.851	3.0
11:23:42.864	2.3
11:23:42.876	1.6
11:23:42.884	1.8
11:23:42.897	4.4
11:23:42.909	3.8
11:23:42.917	5.3
11:23:42.929	7.0
11:23:42.942	4.0
11:23:42.950	5.7
11:23:42.962	3.8
11:23:42.974	3.6
11:23:42.983	4.4
11:23:42.995	2.0
11:23:43.007	0.9
11:23:43.015	0.9
11:23:43.028	0.3
11:23:43.040	-2.1
11:23:43.052	-1.1
11:23:43.060	-3.1
11:23:43.073	-2.4
11:23:43.085	0.0
11:23:43.093	2.0
11:23:43.105	4.0
11:23:43.118	5.4
11:23:43.130	6.2
11:23:43.138	8.9
11:23:43.151	11.3
11:23:43.163	12.8
11:23:43.171	16.5
11:23:43.183	17.3
11:23:43.195	17.3
11:23:43.204	16.1
11:23:43.216	17.2
11:23:43.228	15.2
11:23:43.236	15.5
11:23:43.249	16.4
11:23:43.261	16.0
11:23:43.269	17.1
11:23:43.281	15.4
11:23:43.294	15.7
11:23:43.306	16.9
11:23:43.314	17.2
11:23:43.327	18.0
11:23:43.339	20.8
11:23:43.347	22.3
11:23:43.359	21.5
11:23:43.372	24.1
11:23:43.380	23.1
11:23:43.392	24.6
11:23:43.404	23.5
11:23:43.412	23.2
11:23:43.425	23.4
11:23:43.437	23.4
11:23:43.449	23.7
11:23:43.462	24.5
11:23:43.470	24.0
11:23:43.482	20.9
11:23:43.494	24.8
11:23:43.503	23.2
11:23:43.515	24.8
11:23:43.527	25.0
11:23:43.535	26.5
11:23:43.548	25.2
11:23:43.560	27.1
11:23:43.568	24.7
11:23:43.580	24.3
11:23:43.593	25.3
11:23:43.605	21.9
11:23:43.613	21.8
11:23:43.625	22.3
11:23:43.638	21.6
11:23:43.646	18.5
11:23:43.658	20.2
11:23:43.670	17.1
11:23:43.679	17.1
11:23:43.691	16.8
11:23:43.703	16.1
11:23:43.711	17.2
11:23:43.724	18.6
11:23:43.736	16.5
11:23:43.748	19.1
11:23:43.756	19.5
11:23:43.769	17.5
11:23:43.781	19.2
11:23:43.789	20.4
11:23:43.802	20.5
11:23:43.814	19.5
11:23:43.822	18.8
11:23:43.834	17.2
11:23:43.847	17.6
11:23:43.859	15.1
11:23:43.867	16.2
11:23:43.879	16.7
11:23:43.892	15.8
11:23:43.900	16.4
11:23:43.912	16.3
11:23:43.924	16.7
11:23:43.933	17.7
11:23:43.945	17.1
11:23:43.957	17.2
11:23:43.965	18.4
11:23:43.978	19.0
11:23:43.990	19.4
11:23:43.998	17.7
11:23:44.010	17.3
11:23:44.023	18.8
11:23:44.035	20.0
11:23:44.043	18.3
11:23:44.055	20.6
11:23:44.068	21.5
11:23:44.076	19.7
11:23:44.088	20.2
11:23:44.100	22.6
11:23:44.113	27.3
11:23:44.121	30.6
11:23:44.133	29.9
11:23:44.145	31.4
11:23:44.154	32.0
11:23:44.166	31.9
11:23:44.178	32.8
11:23:44.186	34.2
11:23:44.199	34.3
11:23:44.211	35.4
11:23:44.219	33.3
11:23:44.231	31.2
11:23:44.244	31.7
11:23:44.252	31.3
11:23:44.264	33.2
11:23:44.277	33.4
11:23:44.289	33.7
11:23:44.297	32.8
11:23:44.309	31.8
11:23:44.322	29.1
11:23:44.330	28.6
11:23:44.342	29.0
11:23:44.354	26.9
11:23:44.363	25.7
11:23:44.375	24.1
11:23:44.387	22.6
11:23:44.399	20.7
11:23:44.408	23.4
11:23:44.420	21.6
11:23:44.432	19.9
11:23:44.440	18.2
11:23:44.453	16.2
11:23:44.465	16.8
11:23:44.473	14.1
11:23:44.485	12.7
11:23:44.498	14.2
11:23:44.506	14.5
11:23:44.518	11.1
11:23:44.530	13.4
11:23:44.543	12.3
11:23:44.551	10.5
11:23:44.563	10.9
11:23:44.576	9.8
11:23:44.584	12.8
11:23:44.596	11.6
11:23:44.608	8.2
11:23:44.616	4.6
11:23:44.629	4.4
11:23:44.641	1.7
11:23:44.649	2.4
11:23:44.661	4.5
11:23:44.674	2.4
11:23:44.682	2.2
11:23:44.694	-1.1
11:23:44.706	-1.7
11:23:44.719	-3.2
11:23:44.727	-0.8
11:23:44.739	-3.2
11:23:44.752	-4.1
11:23:44.760	-6.4
11:23:44.772	-5.2
11:23:44.784	-5.1
11:23:44.797	-6.9
11:23:44.805	-5.7
11:23:44.817	-6.3
11:23:44.829	-5.0
11:23:44.838	-6.9
11:23:44.850	-4.8
11:23:44.862	-6.4
11:23:44.870	-5.5
11:23:44.883	-8.2
11:23:44.895	-9.3
11:23:44.903	-9.1
11:23:44.915	-10.0
11:23:44.928	-12.0
11:23:44.936	-11.3
11:23:44.948	-12.7
11:23:44.960	-15.4
11:23:44.973	-13.1
11:23:44.981	-14.8
11:23:44.993	-16.6
11:23:45.006	-15.1
11:23:45.014	-15.5
11:23:45.026	-15.1
11:23:45.038	-12.2
11:23:45.050	-15.6
11:23:45.059	-13.9
11:23:45.071	-14.4
11:23:45.083	-17.0
11:23:45.091	-17.2
11:23:45.104	-17.0
11:23:45.116	-18.6
11:23:45.124	-18.8
11:23:45.136	-20.3
11:23:45.149	-22.1
11:23:45.157	-20.4
11:23:45.169	-22.1
11:23:45.181	-23.0
11:23:45.190	-22.8
11:23:45.202	-22.2
11:23:45.214	-24.2
11:23:45.226	-24.5
11:23:45.235	-25.0
11:23:45.247	-24.4
11:23:45.259	-23.4
11:23:45.267	-22.5
11:23:45.280	-22.0
11:23:45.292	-21.8
11:23:45.300	-21.3
11:23:45.313	-20.9
11:23:45.325	-17.2
11:23:45.333	-14.8
11:23:45.345	-12.1
11:23:45.358	-10.4
11:23:45.370	-11.0
11:23:45.378	-12.4
11:23:45.390	-10.7
11:23:45.403	-9.0
11:23:45.411	-8.7
11:23:45.423	-6.0
11:23:45.435	-6.8
11:23:45.443	-8.1
11:23:45.456	-9.5
11:23:45.468	-10.8
11:23:45.480	-9.1
11:23:45.489	-7.5
11:23:45.501	-7.7
11:23:45.513	-5.8
11:23:45.521	-4.9
11:23:45.534	-6.6
11:23:45.546	-5.9
11:23:45.554	-5.4
11:23:45.567	-2.7
11:23:45.579	-2.9
11:23:45.587	-1.8
11:23:45.599	-1.3
11:23:45.612	-1.4
11:23:45.624	-2.8
11:23:45.632	-1.3
11:23:45.644	-0.6
11:23:45.657	1.0
11:23:45.669	2.6
11:23:45.677	1.9
11:23:45.689	3.7
11:23:45.702	2.4
11:23:45.710	5.0
11:23:45.722	6.7
11:23:45.734	9.2
11:23:45.743	9.3
11:23:45.755	10.4
11:23:45.767	8.9
11:23:45.779	8.1
11:23:45.788	8.6
11:23:45.800	9.2
11:23:45.812	10.5
11:23:45.820	10.1
11:23:45.833	10.0
11:23:45.845	9.5
11:23:45.853	9.0
11:23:45.865	8.0
11:23:45.878	8.8
11:23:45.886	9.7
11:23:45.898	9.8
11:23:45.910	7.9
11:23:45.919	7.5
11:23:45.931	6.1
11:23:45.943	8.1
11:23:45.955	8.8
11:23:45.964	9.6
11:23:45.976	10.2
11:23:45.988	11.5
11:23:45.996	10.8
11:23:46.009	10.6
11:23:46.021	12.6
11:23:46.033	13.9
11:23:46.042	15.8
11:23:46.054	14.5
11:23:46.066	15.4
11:23:46.074	16.6
11:23:46.087	17.8
11:23:46.099	18.4
11:23:46.107	19.4
11:23:46.119	19.8
11:23:46.132	19.3
11:23:46.140	20.5
11:23:46.152	20.4
11:23:46.164	20.3
11:23:46.173	20.1
11:23:46.185	21.1
11:23:46.197	22.5
11:23:46.209	23.8
11:23:46.218	24.7
11:23:46.230	26.2
11:23:46.242	26.8
11:23:46.250	26.4
11:23:46.263	26.7
11:23:46.275	28.5
11:23:46.283	29.0
11:23:46.295	27.9
11:23:46.308	24.6
11:23:46.320	24.7
11:23:46.328	24.3
11:23:46.341	23.9
11:23:46.353	24.5
11:23:46.361	25.5
11:23:46.373	24.2
11:23:46.386	24.1
11:23:46.394	23.4
11:23:46.406	23.5
11:23:46.419	25.2
11:23:46.427	25.2
11:23:46.439	25.1
11:23:46.451	25.5
11:23:46.464	25.2
11:23:46.472	23.9
11:23:46.484	25.6
11:23:46.496	24.4
11:23:46.505	25.3
11:23:46.517	25.8
11:23:46.529	27.0
11:23:46.537	26.1
11:23:46.550	27.7
11:23:46.562	26.6
11:23:46.570	26.8
11:23:46.583	27.2
11:23:46.595	26.7
11:23:46.603	27.0
11:23:46.615	28.4
11:23:46.627	30.9
11:23:46.640	29.0
11:23:46.648	28.3
11:23:46.660	27.0
11:23:46.672	29.1
11:23:46.681	29.5
11:23:46.693	28.8
11:23:46.705	28.2
11:23:46.717	28.6
11:23:46.726	25.5
11:23:46.738	22.7
11:23:46.750	24.2
11:23:46.758	24.5
11:23:46.771	22.7
11:23:46.783	20.5
11:23:46.791	19.6
11:23:46.804	20.1
11:23:46.816	20.4
11:23:46.824	18.9
11:23:46.836	20.2
11:23:46.848	20.6
11:23:46.857	20.2
11:23:46.869	21.9
11:23:46.881	23.7
11:23:46.894	22.6
11:23:46.902	23.2
11:23:46.914	22.4
11:23:46.926	21.8
11:23:46.934	22.4
11:23:46.947	21.2
11:23:46.959	21.3
11:23:46.971	22.3
11:23:46.980	19.0
11:23:46.992	17.2
11:23:47.004	18.1
11:23:47.012	16.7
11:23:47.025	16.6
11:23:47.037	16.8
11:23:47.045	16.8
11:23:47.057	17.1
11:23:47.070	17.4
11:23:47.078	16.2
11:23:47.090	18.4
11:23:47.102	19.8
11:23:47.111	20.4
11:23:47.123	22.0
11:23:47.135	22.6
11:23:47.147	22.2
11:23:47.156	21.9
11:23:47.168	24.4
11:23:47.180	23.5
11:23:47.188	22.5
11:23:47.201	21.7
11:23:47.213	21.5
11:23:47.221	23.4
11:23:47.233	24.2
11:23:47.246	23.9
11:23:47.254	25.1
11:23:47.266	26.7
11:23:47.278	24.4
11:23:47.291	25.5
11:23:47.299	26.1
11:23:47.311	24.6
11:23:47.323	25.9
11:23:47.332	24.5
11:23:47.344	26.0
11:23:47.356	25.1
11:23:47.364	24.9
11:23:47.377	26.3
11:23:47.389	25.6
11:23:47.401	24.4
11:23:47.409	25.5
11:23:47.422	26.3
11:23:47.434	25.3
11:23:47.446	26.1
11:23:47.455	24.9
11:23:47.467	26.1
11:23:47.479	27.1
11:23:47.487	24.6
11:23:47.500	24.6
11:23:47.512	24.2
11:23:47.520	23.5
11:23:47.532	25.0
11:23:47.545	26.4
11:23:47.553	24.4
11:23:47.565	24.6
11:23:47.577	24.0
11:23:47.590	24.5
11:23:47.598	24.5
11:23:47.610	27.0
11:23:47.622	27.6
11:23:47.631	28.2
11:23:47.643	25.3
11:23:47.655	23.5
11:23:47.663	23.2
11:23:47.676	22.5
11:23:47.688	21.6
11:23:47.700	18.9
11:23:47.708	16.9
11:23:47.721	13.7
11:23:47.733	12.1
11:23:47.741	11.4
11:23:47.753	11.9
11:23:47.766	13.3
11:23:47.774	11.8
11:23:47.786	7.9
11:23:47.798	8.8
11:23:47.807	7.4
11:23:47.819	7.1
11:23:47.831	7.7
11:23:47.839	8.1
11:23:47.853	6.1
11:23:47.865	6.5
11:23:47.877	2.9
11:23:47.885	4.5
11:23:47.898	6.3
11:23:47.910	4.5
11:23:47.918	3.5
11:23:47.931	3.8
11:23:47.943	2.9
11:23:47.955	1.2
11:23:47.963	0.9
11:23:47.976	-0.3
11:23:47.988	-0.2
11:23:47.996	-2.9
11:23:48.008	-5.4
11:23:48.021	-7.4
11:23:48.029	-5.9
11:23:48.041	-6.5
11:23:48.053	-8.9
11:23:48.062	-8.7
11:23:48.074	-9.7
11:23:48.086	-11.3
11:23:48.094	-14.1
11:23:48.107	-14.0
11:23:48.119	-14.0
11:23:48.131	-12.1
11:23:48.139	-14.1
11:23:48.152	-17.0
11:23:48.164	-16.8
11:23:48.172	-19.3
11:23:48.184	-19.3
11:23:48.197	-20.9
11:23:48.205	-21.9
11:23:48.217	-24.1
11:23:48.229	-26.7
11:23:48.242	-27.5
11:23:48.250	-29.4
11:23:48.262	-28.0
11:23:48.274	-26.6
11:23:48.283	-25.4
11:23:48.295	-26.2
11:23:48.307	-27.6
11:23:48.315	-24.8
11:23:48.328	-26.2
11:23:48.340	-25.3
11:23:48.348	-27.3
11:23:48.360	-26.1
11:23:48.373	-26.3
11:23:48.385	-29.1
11:23:48.393	-30.4
11:23:48.406	-31.1
11:23:48.418	-27.9
11:23:48.426	-30.2
11:23:48.438	-25.8
11:23:48.451	-25.9
11:23:48.459	-25.7
11:23:48.471	-26.3
11:23:48.483	-26.2
11:23:48.492	-24.9
11:23:48.504	-23.4
11:23:48.516	-23.4
11:23:48.524	-25.5
11:23:48.537	-22.5
11:23:48.549	-24.1
11:23:48.561	-23.1
11:23:48.569	-22.3
11:23:48.582	-22.0
11:23:48.594	-21.9
11:23:48.602	-25.3
11:23:48.614	-26.2
11:23:48.627	-25.2
11:23:48.639	-23.3
11:23:48.647	-24.5
11:23:48.659	-24.0
11:23:48.672	-22.5
11:23:48.680	-23.1
11:23:48.692	-23.0
11:23:48.704	-21.1
11:23:48.712	-18.0
11:23:48.724	-16.8
11:23:48.736	-18.3
11:23:48.745	-19.8
11:23:48.757	-20.2
11:23:48.769	-20.8
11:23:48.777	-20.4
11:23:48.790	-17.3
11:23:48.802	-14.6
11:23:48.815	-15.8
11:23:48.823	-14.1
11:23:48.836	-13.9
11:23:48.848	-12.7
11:23:48.856	-10.1
11:23:48.868	-9.2
11:23:48.881	-7.6
11:23:48.893	-6.7
11:23:48.901	-9.0
11:23:48.914	-9.8
11:23:48.926	-10.1
11:23:48.934	-11.1
11:23:48.946	-9.1
11:23:48.959	-9.2
11:23:48.967	-10.1
11:23:48.979	-8.9
11:23:48.991	-9.3
11:23:49.000	-10.5
11:23:49.012	-8.4
11:23:49.024	-6.4
11:23:49.032	-4.6
11:23:49.045	-3.0
11:23:49.057	-3.1
11:23:49.069	-2.0
11:23:49.077	0.8
11:23:49.090	2.8
11:23:49.102	4.2
11:23:49.110	5.8
11:23:49.122	6.2
11:23:49.135	5.6
11:23:49.143	6.2
11:23:49.155	5.4
11:23:49.167	7.2
11:23:49.176	10.5
11:23:49.188	10.7
11:23:49.200	9.8
11:23:49.212	12.2
11:23:49.221	13.2
11:23:49.233	14.3
11:23:49.245	14.6
11:23:49.253	14.9
11:23:49.266	15.7
11:23:49.278	13.7
11:23:49.286	12.3
11:23:49.298	11.5
11:23:49.311	12.4
11:23:49.323	11.2
11:23:49.331	9.6
11:23:49.343	9.7
11:23:49.356	9.7
11:23:49.368	11.0
11:23:49.376	12.4
11:23:49.389	12.8
11:23:49.401	12.3
11:23:49.409	15.1
11:23:49.421	14.1
11:23:49.433	13.6
11:23:49.442	16.8
11:23:49.454	17.7
11:23:49.466	17.5
11:23:49.475	16.9
11:23:49.487	20.2
11:23:49.499	19.5
11:23:49.511	21.4
11:23:49.520	19.3
11:23:49.532	20.0
11:23:49.544	21.2
11:23:49.552	19.2
11:23:49.565	20.1
11:23:49.577	20.0
11:23:49.585	19.6
11:23:49.597	14.5
11:23:49.610	14.8
11:23:49.622	15.5
11:23:49.630	15.9
11:23:49.642	17.7
11:23:49.655	18.5
11:23:49.663	19.3
11:23:49.675	16.9
11:23:49.687	17.7
11:23:49.696	17.8
11:23:49.708	18.9
11:23:49.720	20.3
11:23:49.728	19.1
11:23:49.741	19.1
11:23:49.753	19.1
11:23:49.761	18.3
11:23:49.773	17.4
11:23:49.786	19.0
11:23:49.798	20.3
11:23:49.806	22.8
11:23:49.818	24.3
11:23:49.831	23.2
11:23:49.839	24.2
11:23:49.851	24.1
11:23:49.864	22.4
11:23:49.876	22.5
11:23:49.884	25.4
11:23:49.896	23.1
11:23:49.909	22.4
11:23:49.917	19.1
11:23:49.929	18.3
11:23:49.941	19.0
11:23:49.950	19.0
11:23:49.962	19.7
11:23:49.974	20.4
11:23:49.982	19.5
11:23:49.995	15.8
11:23:50.007	18.1
11:23:50.015	17.8
11:23:50.027	17.9
11:23:50.040	17.7
11:23:50.052	18.4
11:23:50.060	17.4
11:23:50.072	17.1
11:23:50.085	16.6
11:23:50.093	16.0
11:23:50.105	19.2
11:23:50.117	17.0
11:23:50.126	17.0
11:23:50.138	18.9
11:23:50.150	20.0
11:23:50.162	19.5
11:23:50.171	19.9
11:23:50.183	18.6
11:23:50.195	18.7
11:23:50.203	20.1
11:23:50.216	18.7
11:23:50.228	18.9
11:23:50.236	22.5
11:23:50.248	21.3
11:23:50.261	20.1
11:23:50.269	18.6
11:23:50.281	16.9
11:23:50.293	16.4
11:23:50.306	17.1
11:23:50.314	15.4
11:23:50.326	15.0
11:23:50.339	15.1
11:23:50.347	9.6
11:23:50.359	9.6
11:23:50.371	10.5
11:23:50.379	10.5
11:23:50.392	12.4
11:23:50.404	13.9
11:23:50.412	13.4
11:23:50.424	14.9
11:23:50.437	16.1
11:23:50.445	16.4
11:23:50.457	17.1
11:23:50.470	16.2
11:23:50.482	15.7
11:23:50.490	15.1
11:23:50.502	15.4
11:23:50.515	15.6
11:23:50.523	14.8
11:23:50.535	16.6
11:23:50.547	14.1
11:23:50.560	14.3
11:23:50.568	14.4
11:23:50.580	15.6
11:23:50.592	15.3
11:23:50.601	16.1
11:23:50.613	15.2
11:23:50.625	15.1
11:23:50.633	15.5
11:23:50.646	14.3
11:23:50.658	15.1
11:23:50.666	16.3
11:23:50.678	15.5
11:23:50.691	15.7
11:23:50.699	14.2
11:23:50.711	14.9
11:23:50.723	14.4
11:23:50.736	14.8
11:23:50.744	13.8
11:23:50.756	14.5
11:23:50.768	14.8
11:23:50.777	14.2
11:23:50.789	16.2
11:23:50.801	15.5
11:23:50.814	15.4
11:23:50.822	13.8
11:23:50.834	12.7
11:23:50.846	12.4
11:23:50.854	10.5
11:23:50.867	9.9
11:23:50.879	7.7
11:23:50.887	7.8
11:23:50.900	6.2
11:23:50.912	6.0
11:23:50.920	5.7
11:23:50.932	6.5
11:23:50.945	7.0
11:23:50.953	5.1
11:23:50.965	5.9
11:23:50.977	3.0
11:23:50.990	5.3
11:23:50.998	5.8
11:23:51.010	5.4
11:23:51.022	4.4
11:23:51.031	5.0
11:23:51.043	4.5
11:23:51.055	4.9
11:23:51.063	5.0
11:23:51.076	6.9
11:23:51.088	7.6
11:23:51.096	7.9
11:23:51.108	7.4
11:23:51.121	5.6
11:23:51.133	6.0
11:23:51.141	6.5
11:23:51.153	6.7
11:23:51.166	6.7
11:23:51.174	6.8
11:23:51.186	6.8
11:23:51.198	6.2
11:23:51.207	5.8
11:23:51.219	4.8
11:23:51.231	7.7
11:23:51.243	8.4
11:23:51.252	9.5
11:23:51.264	10.2
11:23:51.276	10.6
11:23:51.284	11.2
11:23:51.297	9.8
11:23:51.309	10.5
11:23:51.317	10.3
11:23:51.330	10.8
11:23:51.342	11.1
11:23:51.350	11.3
11:23:51.362	12.3
11:23:51.375	12.4
11:23:51.387	13.7
11:23:51.395	13.5
11:23:51.407	14.1
11:23:51.420	14.4
11:23:51.432	12.9
11:23:51.440	12.6
11:23:51.452	13.4
11:23:51.465	11.9
11:23:51.473	10.5
11:23:51.485	9.9
11:23:51.497	7.0
11:23:51.506	7.2
11:23:51.518	7.1
11:23:51.530	8.3
11:23:51.538	8.4
11:23:51.551	9.5
11:23:51.563	7.7
11:23:51.571	7.7
11:23:51.583	6.4
11:23:51.596	5.7
11:23:51.608	5.6
11:23:51.616	4.8
11:23:51.628	4.0
11:23:51.641	1.4
11:23:51.649	0.1
11:23:51.661	-1.8
11:23:51.673	-2.5
11:23:51.682	-3.8
11:23:51.694	-4.3
11:23:51.706	-2.4
11:23:51.718	-3.2
11:23:51.727	-2.4
11:23:51.739	-4.3
11:23:51.751	-5.1
11:23:51.759	-5.0
11:23:51.772	-5.7
11:23:51.784	-6.1
11:23:51.796	-6.0
11:23:51.804	-7.7
11:23:51.817	-11.9
11:23:51.829	-12.7
11:23:51.837	-14.0
11:23:51.850	-13.2
11:23:51.862	-13.6
11:23:51.870	-14.3
11:23:51.882	-14.3
11:23:51.895	-15.7
11:23:51.903	-15.4
11:23:51.915	-15.7
11:23:51.927	-15.9
11:23:51.936	-16.7
11:23:51.948	-17.5
11:23:51.960	-19.0
11:23:51.973	-19.6
11:23:51.981	-21.2
11:23:51.993	-24.2
11:23:52.005	-23.5
11:23:52.013	-25.0
11:23:52.026	-24.5
11:23:52.038	-24.2
11:23:52.046	-26.0
11:23:52.058	-26.3
11:23:52.071	-25.6
11:23:52.083	-26.9
11:23:52.091	-27.0
11:23:52.103	-26.7
11:23:52.116	-27.9
11:23:52.124	-28.3
11:23:52.136	-28.9
11:23:52.149	-29.3
11:23:52.157	-29.4
11:23:52.169	-30.4
11:23:52.181	-30.9
11:23:52.189	-29.8
11:23:52.202	-28.8
11:23:52.214	-27.3
11:23:52.226	-27.1
11:23:52.235	-26.7
11:23:52.247	-27.3
11:23:52.259	-27.4
11:23:52.267	-26.3
11:23:52.280	-27.0
11:23:52.292	-28.7
11:23:52.300	-28.6
11:23:52.312	-29.4
11:23:52.325	-30.9
11:23:52.333	-30.4
11:23:52.345	-30.5
11:23:52.357	-31.7
11:23:52.366	-32.2
11:23:52.378	-30.0
11:23:52.390	-29.0
11:23:52.402	-28.9
11:23:52.411	-29.8
11:23:52.423	-28.7
11:23:52.435	-29.7
11:23:52.443	-30.8
11:23:52.456	-31.7
11:23:52.468	-31.7
11:23:52.480	-31.0
11:23:52.488	-30.8
11:23:52.501	-31.1
11:23:52.513	-29.2
11:23:52.521	-26.5
11:23:52.533	-26.4
11:23:52.546	-24.0
11:23:52.554	-21.8
11:23:52.566	-20.4
11:23:52.578	-17.7
11:23:52.587	-16.5
11:23:52.599	-17.0
11:23:52.611	-16.4
11:23:52.619	-16.2
11:23:52.632	-17.5
11:23:52.644	-16.6
11:23:52.656	-14.4
11:23:52.665	-12.6
11:23:52.677	-11.4
11:23:52.689	-10.8
11:23:52.697	-8.4
11:23:52.710	-7.3
11:23:52.722	-5.0
11:23:52.734	-3.8
11:23:52.742	-1.6
11:23:52.755	-0.3
11:23:52.767	-0.4
11:23:52.776	-1.2
11:23:52.788	-0.6
11:23:52.800	1.0
11:23:52.808	1.1
11:23:52.821	1.8
11:23:52.833	-0.1
11:23:52.841	1.0
11:23:52.853	1.5
11:23:52.866	2.3
11:23:52.874	2.8
11:23:52.886	3.6
11:23:52.899	5.0
11:23:52.911	6.1
11:23:52.919	4.4
11:23:52.931	5.8
11:23:52.944	7.8
11:23:52.952	7.3
11:23:52.964	7.3
11:23:52.976	7.3
11:23:52.984	6.1
11:23:52.997	9.3
11:23:53.009	10.1
11:23:53.018	8.8
11:23:53.030	13.6
11:23:53.042	12.5
11:23:53.054	13.3
11:23:53.062	15.9
11:23:53.075	16.7
11:23:53.087	18.0
11:23:53.095	20.1
11:23:53.108	14.5
11:23:53.120	14.6
11:23:53.128	17.2
11:23:53.140	15.5
11:23:53.153	17.4
11:23:53.165	20.4
11:23:53.173	21.5
11:23:53.185	22.2
11:23:53.198	21.6
11:23:53.206	23.4
11:23:53.219	26.8
11:23:53.231	27.2
11:23:53.239	26.8
11:23:53.251	26.5
11:23:53.263	25.9
11:23:53.272	22.4
11:23:53.284	21.8
11:23:53.296	21.6
11:23:53.305	21.9
11:23:53.317	19.6
11:23:53.329	19.3
11:23:53.341	19.6
11:23:53.353	19.5
11:23:53.362	19.2
11:23:53.374	19.5
11:23:53.386	19.1
11:23:53.394	19.5
11:23:53.407	18.1
11:23:53.419	19.8
11:23:53.427	19.7
11:23:53.440	19.2
11:23:53.452	19.5
11:23:53.464	18.6
11:23:53.472	19.0
11:23:53.485	18.8
11:23:53.497	20.9
11:23:53.505	21.5
11:23:53.518	21.2
11:23:53.530	19.0
11:23:53.538	18.8
11:23:53.550	19.0
11:23:53.562	17.4
11:23:53.571	21.0
11:23:53.583	21.1
11:23:53.595	21.7
11:23:53.603	21.5
11:23:53.616	18.5
11:23:53.628	18.7
11:23:53.640	17.9
11:23:53.648	18.1
11:23:53.661	18.2
11:23:53.673	18.1
11:23:53.681	14.6
11:23:53.693	13.2
11:23:53.706	13.9
11:23:53.718	13.0
11:23:53.726	15.0
11:23:53.738	15.4
11:23:53.751	15.7
11:23:53.759	17.8
11:23:53.771	17.6
11:23:53.783	17.9
11:23:53.792	18.1
11:23:53.804	20.8
11:23:53.816	19.3
11:23:53.824	19.6
11:23:53.837	17.4
11:23:53.849	16.5
11:23:53.857	19.1
11:23:53.869	17.2
11:23:53.882	16.2
11:23:53.894	16.8
11:23:53.902	16.1
11:23:53.914	13.8
11:23:53.927	13.5
11:23:53.935	14.7
11:23:53.947	17.6
11:23:53.959	18.5
11:23:53.968	17.9
11:23:53.980	17.4
11:23:53.992	20.5
11:23:54.005	19.9
11:23:54.013	20.0
11:23:54.025	20.5
11:23:54.037	20.5
11:23:54.046	18.0
11:23:54.058	16.0
11:23:54.070	16.5
11:23:54.078	14.4
11:23:54.091	16.3
11:23:54.103	14.6
11:23:54.111	15.8
11:23:54.123	15.1
11:23:54.136	14.8
11:23:54.148	15.7
11:23:54.156	17.0
11:23:54.168	15.1
11:23:54.181	14.1
11:23:54.189	14.2
11:23:54.201	12.6
11:23:54.213	13.0
11:23:54.222	10.3
11:23:54.234	9.4
11:23:54.246	10.5
11:23:54.254	9.5
11:23:54.267	8.3
11:23:54.278	10.0
11:23:54.287	11.0
11:23:54.299	10.1
11:23:54.311	9.0
11:23:54.323	8.8
11:23:54.332	9.9
11:23:54.344	10.4
11:23:54.356	7.9
11:23:54.364	8.2
11:23:54.377	7.5
11:23:54.389	7.5
11:23:54.401	7.2
11:23:54.409	7.0
11:23:54.422	6.6
11:23:54.434	5.7
11:23:54.442	4.1
11:23:54.454	4.7
11:23:54.467	7.0
11:23:54.475	6.2
11:23:54.487	7.0
11:23:54.500	4.0
11:23:54.508	3.5
11:23:54.520	5.6
11:23:54.532	7.0
11:23:54.541	7.3
11:23:54.553	9.3
11:23:54.565	10.9
11:23:54.577	10.4
11:23:54.586	12.2
11:23:54.598	12.7
11:23:54.610	15.9
11:23:54.618	16.2
11:23:54.631	15.0
11:23:54.643	14.2
11:23:54.655	14.7
11:23:54.663	14.4
11:23:54.676	13.4
11:23:54.688	14.8
11:23:54.696	14.2
11:23:54.708	14.1
11:23:54.721	11.3
11:23:54.729	11.8
11:23:54.741	11.1
11:23:54.753	11.3
11:23:54.762	10.7
11:23:54.774	10.7
11:23:54.786	10.4
11:23:54.794	9.0
11:23:54.807	10.5
11:23:54.819	10.5
11:23:54.831	11.7
11:23:54.839	9.7
11:23:54.852	10.1
11:23:54.864	10.3
11:23:54.872	10.1
11:23:54.885	10.0
11:23:54.897	9.7
11:23:54.905	8.3
11:23:54.917	5.0
11:23:54.930	6.2
11:23:54.938	7.1
11:23:54.950	7.3
11:23:54.962	6.6
11:23:54.975	7.2
11:23:54.983	6.6
11:23:54.995	5.0
11:23:55.007	4.0
11:23:55.016	2.1
11:23:55.028	1.1
11:23:55.040	-1.2
11:23:55.048	-0.5
11:23:55.062	-0.4
11:23:55.074	-1.0
11:23:55.086	-2.2
11:23:55.094	-3.9
11:23:55.107	-3.3
11:23:55.119	-2.6
11:23:55.127	-2.5
11:23:55.139	-2.7
11:23:55.152	-3.4
11:23:55.160	-5.6
11:23:55.172	-5.3
11:23:55.184	-5.9
11:23:55.193	-8.2
11:23:55.205	-8.1
11:23:55.217	-10.5
11:23:55.225	-11.8
11:23:55.238	-11.1
11:23:55.250	-11.6
11:23:55.262	-12.8
11:23:55.270	-14.0
11:23:55.283	-15.8
11:23:55.295	-16.0
11:23:55.302	-14.2
11:23:55.315	-13.1
11:23:55.327	-13.4
11:23:55.339	-15.4
11:23:55.347	-17.4
11:23:55.360	-17.9
11:23:55.372	-16.0
11:23:55.384	-16.0
11:23:55.392	-16.1
11:23:55.405	-15.8
11:23:55.417	-17.6
11:23:55.425	-19.2
11:23:55.437	-19.6
11:23:55.450	-16.9
11:23:55.458	-16.5
11:23:55.470	-17.7
11:23:55.482	-21.0
11:23:55.491	-20.8
11:23:55.503	-20.9
11:23:55.515	-20.9
11:23:55.524	-18.2
11:23:55.536	-18.6
11:23:55.548	-17.0
11:23:55.560	-19.2
11:23:55.569	-19.3
11:23:55.581	-18.1
11:23:55.593	-16.6
11:23:55.601	-17.3
11:23:55.614	-18.0
11:23:55.626	-19.4
11:23:55.638	-23.3
11:23:55.646	-24.8
11:23:55.659	-26.5
11:23:55.671	-26.3
11:23:55.679	-25.8
11:23:55.691	-27.1
11:23:55.704	-28.4
11:23:55.712	-28.0
11:23:55.724	-28.8
11:23:55.736	-28.4
11:23:55.745	-28.2
11:23:55.757	-27.9
11:23:55.769	-30.0
11:23:55.777	-29.5
11:23:55.790	-27.2
11:23:55.802	-26.4
11:23:55.815	-26.0
11:23:55.823	-26.3
11:23:55.836	-26.1
11:23:55.848	-25.2
11:23:55.856	-25.2
11:23:55.869	-23.9
11:23:55.881	-19.9
11:23:55.889	-20.2
11:23:55.901	-22.2
11:23:55.914	-22.1
11:23:55.926	-19.6
11:23:55.934	-19.2
11:23:55.946	-14.0
11:23:55.959	-14.7
11:23:55.967	-12.1
11:23:55.979	-10.4
11:23:55.991	-11.0
11:23:56.000	-10.4
11:23:56.012	-9.1
11:23:56.024	-7.4
11:23:56.032	-9.8
11:23:56.045	-7.3
11:23:56.057	-11.1
11:23:56.069	-7.8
11:23:56.077	-8.4
11:23:56.090	-8.2
11:23:56.102	-7.5
11:23:56.110	-6.4
11:23:56.122	-5.6
11:23:56.135	-4.8
11:23:56.143	-3.0
11:23:56.155	-5.0
11:23:56.167	-5.2
11:23:56.176	-7.1
11:23:56.188	-7.5
11:23:56.200	-6.9
11:23:56.208	-4.9
11:23:56.221	-5.4
11:23:56.233	-5.0
11:23:56.245	-6.9
11:23:56.253	-7.4
11:23:56.266	-3.5
11:23:56.278	-0.2
11:23:56.286	-0.6
11:23:56.298	1.2
11:23:56.311	-0.6
11:23:56.323	-1.1
11:23:56.331	-0.4
11:23:56.343	-2.4
11:23:56.356	-0.5
11:23:56.364	4.3
11:23:56.376	2.8
11:23:56.389	2.0
11:23:56.397	3.1
11:23:56.409	2.3
11:23:56.421	1.6
11:23:56.429	0.2
11:23:56.442	1.6
11:23:56.454	1.8
11:23:56.462	1.0
11:23:56.475	-1.7
11:23:56.487	-2.9
11:23:56.499	-3.2
11:23:56.507	-2.4
11:23:56.520	-1.0
11:23:56.532	-0.1
11:23:56.540	1.4
11:23:56.552	0.7
11:23:56.565	1.5
11:23:56.577	1.1
11:23:56.585	-0.2
11:23:56.597	0.0
11:23:56.610	-1.6
11:23:56.618	-4.0
11:23:56.630	-6.2
11:23:56.642	-5.1
11:23:56.651	-7.0
11:23:56.663	-7.8
11:23:56.675	-9.3
11:23:56.683	-6.4
11:23:56.696	-2.8
11:23:56.708	-3.2
11:23:56.716	-2.9
11:23:56.728	-1.5
11:23:56.741	-0.5
11:23:56.753	-0.8
11:23:56.761	1.3
11:23:56.773	1.4
11:23:56.786	1.8
11:23:56.794	-0.3
11:23:56.806	-2.0
11:23:56.818	-1.4
11:23:56.827	-1.0
11:23:56.838	-0.8
11:23:56.851	1.6
11:23:56.859	1.4
11:23:56.871	0.8
11:23:56.883	0.3
11:23:56.896	1.0
11:23:56.904	1.7
11:23:56.916	0.5
11:23:56.928	2.2
11:23:56.937	2.1
11:23:56.949	3.5
11:23:56.961	0.2
11:23:56.970	0.1
11:23:56.982	1.3
11:23:56.994	-0.2
11:23:57.006	-0.9
11:23:57.015	-2.1
11:23:57.027	-0.9
11:23:57.039	-3.9
11:23:57.048	-3.8
11:23:57.060	-3.7
11:23:57.072	-3.0
11:23:57.080	-1.9
11:23:57.092	-5.0
11:23:57.105	-3.7
11:23:57.113	-3.3
11:23:57.125	-2.0
11:23:57.137	0.3
11:23:57.146	1.3
11:23:57.158	1.7
11:23:57.170	0.7
11:23:57.183	2.3
11:23:57.191	1.0
11:23:57.203	2.1
11:23:57.215	4.9
11:23:57.223	6.0
11:23:57.236	5.5
11:23:57.248	2.3
11:23:57.260	2.3
11:23:57.269	3.3
11:23:57.281	3.0
11:23:57.293	1.2
11:23:57.301	3.0
11:23:57.314	3.9
11:23:57.326	2.4
11:23:57.334	1.6
11:23:57.347	3.4
11:23:57.359	1.6
11:23:57.367	2.6
11:23:57.379	3.0
11:23:57.392	2.8
11:23:57.400	2.9
11:23:57.412	1.4
11:23:57.424	2.5
11:23:57.437	2.9
11:23:57.445	4.3
11:23:57.457	3.1
11:23:57.469	4.0
11:23:57.478	4.3
11:23:57.490	4.8
11:23:57.502	6.9
11:23:57.510	9.0
11:23:57.523	10.4
11:23:57.535	9.8
11:23:57.547	8.3
11:23:57.559	9.4
11:23:57.568	10.1
11:23:57.580	11.2
11:23:57.592	11.2
11:23:57.600	10.7
11:23:57.613	10.2
11:23:57.625	10.3
11:23:57.633	10.0
11:23:57.645	11.6
11:23:57.658	13.0
11:23:57.666	11.0
11:23:57.678	13.5
11:23:57.690	13.7
11:23:57.699	13.0
11:23:57.711	10.9
11:23:57.724	8.1
11:23:57.735	8.3
11:23:57.744	6.6
11:23:57.756	4.9
11:23:57.768	5.8
11:23:57.776	6.3
11:23:57.789	1.2
11:23:57.801	3.1
11:23:57.809	5.3
11:23:57.822	7.8
11:23:57.834	9.7
11:23:57.846	11.6
11:23:57.854	12.6
11:23:57.867	12.3
11:23:57.879	10.7
11:23:57.887	10.2
11:23:57.899	15.2
11:23:57.912	11.7
11:23:57.920	9.3
11:23:57.932	8.0
11:23:57.944	7.0
11:23:57.953	6.1
11:23:57.965	8.2
11:23:57.977	7.9
11:23:57.989	7.5
11:23:57.998	9.0
11:23:58.010	6.2
11:23:58.022	5.7
11:23:58.030	5.5
11:23:58.043	4.7
11:23:58.055	6.2
11:23:58.063	3.9
11:23:58.075	1.6
11:23:58.088	2.5
11:23:58.096	3.3
11:23:58.108	4.2
11:23:58.120	3.7
11:23:58.129	3.5
11:23:58.141	2.6
11:23:58.153	3.3
11:23:58.165	1.9
11:23:58.174	1.5
11:23:58.186	1.7
11:23:58.198	1.5
11:23:58.206	1.1
11:23:58.219	-2.6
11:23:58.231	-3.6
11:23:58.243	-3.3
11:23:58.251	-3.3
11:23:58.264	-5.1
11:23:58.276	-5.5
11:23:58.284	-6.0
11:23:58.297	-6.0
11:23:58.309	-6.9
11:23:58.317	-8.0
11:23:58.329	-6.8
11:23:58.342	-5.0
11:23:58.350	-1.6
11:23:58.363	0.3
11:23:58.375	2.4
11:23:58.383	4.4
11:23:58.395	5.8
11:23:58.408	6.5
11:23:58.420	7.2
11:23:58.428	7.6
11:23:58.440	8.3
11:23:58.453	6.5
11:23:58.461	5.1
11:23:58.473	3.2
11:23:58.485	3.3
11:23:58.498	1.5
11:23:58.506	0.9
11:23:58.518	0.8
11:23:58.530	1.1
11:23:58.539	1.8
11:23:58.551	2.0
11:23:58.563	2.8
11:23:58.571	2.7
11:23:58.584	4.8
11:23:58.596	4.1
11:23:58.604	8.1
11:23:58.616	7.4
11:23:58.629	6.8
11:23:58.637	5.8
11:23:58.649	3.7
11:23:58.661	3.5
11:23:58.674	2.4
11:23:58.682	1.0
11:23:58.694	-0.5
11:23:58.706	-1.4
11:23:58.715	-5.9
11:23:58.727	-3.4
11:23:58.739	-2.0
11:23:58.747	-1.0
11:23:58.760	0.5
11:23:58.772	-0.6
11:23:58.780	-1.9
11:23:58.792	-2.6
11:23:58.805	-4.4
11:23:58.817	-4.7
11:23:58.825	-5.0
11:23:58.837	-9.9
11:23:58.850	-11.7
11:23:58.858	-11.8
11:23:58.870	-12.6
11:23:58.883	-14.7
11:23:58.891	-14.8
11:23:58.903	-16.5
11:23:58.915	-16.7
11:23:58.928	-18.4
11:23:58.936	-20.1
11:23:58.948	-19.3
11:23:58.960	-21.9
11:23:58.969	-25.7
11:23:58.981	-28.2
11:23:58.993	-28.1
11:23:59.001	-28.9
11:23:59.014	-29.0
11:23:59.026	-30.1
11:23:59.034	-28.2
11:23:59.046	-27.5
11:23:59.059	-28.1
11:23:59.067	-25.8
11:23:59.079	-25.4
11:23:59.091	-22.3
11:23:59.104	-21.1
11:23:59.112	-18.6
11:23:59.124	-16.3
11:23:59.136	-14.1
11:23:59.145	-15.9
11:23:59.157	-15.0
11:23:59.170	-12.3
11:23:59.181	-11.4
11:23:59.189	-7.9
11:23:59.202	-8.5
11:23:59.214	-8.1
11:23:59.222	-8.2
11:23:59.234	-7.2
11:23:59.247	-6.8
11:23:59.255	-5.2
11:23:59.267	-5.3
11:23:59.279	-7.3
11:23:59.288	-6.3
11:23:59.300	-8.4
11:23:59.313	-6.7
11:23:59.321	-5.3
11:23:59.334	-5.5
11:23:59.346	-5.9
11:23:59.358	-5.4
11:23:59.366	-4.1
11:23:59.379	-2.1
11:23:59.391	-0.4
11:23:59.399	-0.4
11:23:59.411	3.2
11:23:59.424	4.9
11:23:59.432	6.3
11:23:59.444	6.7
11:23:59.456	7.1
11:23:59.469	9.5
11:23:59.481	10.0
11:23:59.489	11.2
11:23:59.501	11.5
11:23:59.514	10.7
11:23:59.522	7.6
11:23:59.534	8.2
11:23:59.546	7.7
11:23:59.555	10.0
11:23:59.567	11.0
11:23:59.579	9.6
11:23:59.587	9.8
11:23:59.600	8.0
11:23:59.612	8.6
11:23:59.620	9.4
11:23:59.633	12.3
11:23:59.645	11.0
11:23:59.657	12.0
11:23:59.665	12.5
11:23:59.678	11.6
11:23:59.690	12.9
11:23:59.698	12.8
11:23:59.710	12.5
11:23:59.723	13.8
11:23:59.731	12.0
11:23:59.743	11.2
11:23:59.755	9.7
11:23:59.768	8.7
11:23:59.776	7.4
11:23:59.788	7.6
11:23:59.800	5.9
11:23:59.809	8.5
11:23:59.821	10.2
11:23:59.833	9.4
11:23:59.841	12.6
11:23:59.854	13.6
11:23:59.866	13.7
11:23:59.874	14.3
11:23:59.886	14.1
11:23:59.899	15.1
11:23:59.911	16.7
11:23:59.919	14.8
11:23:59.931	14.1
11:23:59.944	14.0
11:23:59.952	13.2
11:23:59.964	11.9
11:23:59.976	14.1
11:23:59.985	13.5
11:23:59.997	14.2
11:24:00.009	15.4
11:24:00.017	13.6
11:24:00.030	14.4
11:24:00.042	16.5
11:24:00.050	21.2
11:24:00.063	20.9
11:24:00.075	21.5
11:24:00.087	21.8
11:24:00.095	23.8
11:24:00.108	25.1
11:24:00.120	23.5
11:24:00.128	23.4
11:24:00.140	21.3
11:24:00.153	19.0
11:24:00.165	13.7
11:24:00.173	14.6
11:24:00.185	13.6
11:24:00.198	13.5
11:24:00.206	9.5
11:24:00.218	9.0
11:24:00.230	9.4
11:24:00.239	10.4
11:24:00.251	11.4
11:24:00.263	14.9
11:24:00.271	14.4
11:24:00.284	13.6
11:24:00.296	13.5
11:24:00.304	13.5
11:24:00.316	15.0
11:24:00.329	15.4
11:24:00.341	14.8
11:24:00.349	14.6
11:24:00.361	14.2
11:24:00.374	11.5
11:24:00.382	12.4
11:24:00.394	11.9
11:24:00.406	11.9
11:24:00.419	11.9
11:24:00.427	12.1
11:24:00.439	10.4
11:24:00.452	11.2
11:24:00.460	11.0
11:24:00.472	12.0
11:24:00.484	13.0
11:24:00.493	11.6
11:24:00.505	12.7
11:24:00.517	13.1
11:24:00.525	12.2
11:24:00.538	12.8
11:24:00.550	14.7
11:24:00.558	15.9
11:24:00.570	17.0
11:24:00.583	16.1
11:24:00.595	13.9
11:24:00.603	14.7
11:24:00.615	13.3
11:24:00.628	13.9
11:24:00.636	14.7
11:24:00.648	13.1
11:24:00.660	11.6
11:24:00.669	8.6
11:24:00.681	8.4
11:24:00.693	9.2
11:24:00.701	9.6
11:24:00.714	11.8
11:24:00.726	12.4
11:24:00.738	9.9
11:24:00.746	9.5
11:24:00.759	9.6
11:24:00.771	7.5
11:24:00.779	10.1
11:24:00.792	9.2
11:24:00.804	6.0
11:24:00.812	6.3
11:24:00.824	3.9
11:24:00.837	2.3
11:24:00.849	4.1
11:24:00.857	3.9
11:24:00.870	4.4
11:24:00.882	5.6
11:24:00.890	4.2
11:24:00.902	5.9
11:24:00.915	11.3
11:24:00.923	12.0
11:24:00.935	12.6
11:24:00.947	15.0
11:24:00.956	15.4
11:24:00.968	16.4
11:24:00.980	15.9
11:24:00.988	16.5
11:24:01.001	15.7
11:24:01.013	13.6
11:24:01.025	11.2
11:24:01.033	10.2
11:24:01.046	11.0
11:24:01.058	9.8
11:24:01.066	10.4
11:24:01.078	8.9
11:24:01.091	9.9
11:24:01.103	8.3
11:24:01.111	7.5
11:24:01.123	8.0
11:24:01.136	7.2
11:24:01.144	8.6
11:24:01.156	8.2
11:24:01.168	8.3
11:24:01.177	7.8
11:24:01.189	6.7
11:24:01.201	5.8
11:24:01.209	7.0
11:24:01.222	9.5
11:24:01.234	10.9
11:24:01.242	11.8
11:24:01.254	11.1
11:24:01.267	12.0
11:24:01.279	12.4
11:24:01.287	12.6
11:24:01.299	13.4
11:24:01.312	14.4
11:24:01.324	14.1
11:24:01.332	13.4
11:24:01.345	12.2
11:24:01.357	11.9
11:24:01.365	10.8
11:24:01.377	9.6
11:24:01.390	9.2
11:24:01.398	9.3
11:24:01.410	8.4
11:24:01.422	8.4
11:24:01.431	8.0
11:24:01.443	7.4
11:24:01.455	9.1
11:24:01.463	8.9
11:24:01.476	10.2
11:24:01.488	10.5
11:24:01.500	10.3
11:24:01.508	8.7
11:24:01.521	11.1
11:24:01.533	11.1
11:24:01.541	11.1
11:24:01.554	10.6
11:24:01.566	9.4
11:24:01.578	10.3
11:24:01.586	11.1
11:24:01.598	11.3
11:24:01.611	12.9
11:24:01.619	14.1
11:24:01.631	15.3
11:24:01.643	15.9
11:24:01.652	16.2
11:24:01.664	17.3
11:24:01.676	20.5
11:24:01.688	21.5
11:24:01.697	20.0
11:24:01.709	21.3
11:24:01.721	21.0
11:24:01.729	24.0
11:24:01.742	22.5
11:24:01.754	24.4
11:24:01.762	28.0
11:24:01.775	30.0
11:24:01.787	30.2
11:24:01.795	29.5
11:24:01.807	31.8
11:24:01.820	30.2
11:24:01.832	31.0
11:24:01.840	28.1
11:24:01.852	28.1
11:24:01.865	25.6
11:24:01.873	24.5
11:24:01.885	23.5
11:24:01.897	20.8
11:24:01.906	23.1
11:24:01.918	23.0
11:24:01.930	26.7
11:24:01.938	29.4
11:24:01.951	31.0
11:24:01.963	32.8
11:24:01.971	33.2
11:24:01.983	33.9
11:24:01.996	35.4
11:24:02.008	35.0
11:24:02.016	32.9
11:24:02.028	34.1
11:24:02.041	31.2
11:24:02.049	29.1
11:24:02.061	28.2
11:24:02.073	27.4
11:24:02.086	27.4
11:24:02.094	26.4
11:24:02.106	25.9
11:24:02.118	25.6
11:24:02.127	25.4
11:24:02.139	23.5
11:24:02.151	24.4
11:24:02.159	23.2
11:24:02.172	22.8
11:24:02.184	21.2
11:24:02.192	20.6
11:24:02.205	20.6
11:24:02.217	19.0
11:24:02.225	20.8
11:24:02.237	20.4
11:24:02.249	21.6
11:24:02.262	19.4
11:24:02.270	20.6
11:24:02.282	19.9
11:24:02.295	19.9
11:24:02.303	21.0
11:24:02.315	19.4
11:24:02.327	19.2
11:24:02.340	18.0
11:24:02.348	18.8
11:24:02.360	17.7
11:24:02.372	20.9
11:24:02.381	19.2
11:24:02.393	19.4
11:24:02.405	19.5
11:24:02.413	17.3
11:24:02.426	18.3
11:24:02.438	20.3
11:24:02.446	20.2
11:24:02.458	20.0
11:24:02.471	19.8
11:24:02.479	17.2
11:24:02.491	16.4
11:24:02.503	19.1
11:24:02.516	19.0
11:24:02.524	21.3
11:24:02.536	20.9
11:24:02.548	20.3
11:24:02.557	19.4
11:24:02.569	21.0
11:24:02.581	20.8
11:24:02.589	24.7
11:24:02.602	25.9
11:24:02.614	23.5
11:24:02.622	24.1
11:24:02.634	24.7
11:24:02.647	25.2
11:24:02.659	24.5
11:24:02.667	27.0
11:24:02.679	24.8
11:24:02.692	28.1
11:24:02.700	24.9
11:24:02.712	25.0
11:24:02.724	26.2
11:24:02.733	25.5
11:24:02.745	25.8
11:24:02.757	27.9
11:24:02.770	30.2
11:24:02.778	29.3
11:24:02.790	29.7
11:24:02.802	28.0
11:24:02.810	27.0
11:24:02.823	26.5
11:24:02.835	28.0
11:24:02.843	29.3
11:24:02.855	28.5
11:24:02.868	26.7
11:24:02.876	24.5
11:24:02.888	24.9
11:24:02.901	26.0
11:24:02.909	24.7
11:24:02.921	24.8
11:24:02.933	27.2
11:24:02.946	25.3
11:24:02.954	24.0
11:24:02.966	25.3
11:24:02.978	25.1
11:24:02.987	23.8
11:24:02.999	22.7
11:24:03.011	19.6
11:24:03.023	17.6
11:24:03.032	17.5
11:24:03.044	14.9
11:24:03.056	12.3
11:24:03.064	12.8
11:24:03.077	9.5
11:24:03.089	8.0
11:24:03.097	9.3
11:24:03.109	11.7
11:24:03.122	12.1
11:24:03.130	11.0
11:24:03.142	10.7
11:24:03.154	10.8
11:24:03.163	12.0
11:24:03.175	10.8
11:24:03.187	10.6
11:24:03.200	10.5
11:24:03.208	9.1
11:24:03.220	3.5
11:24:03.232	3.0
11:24:03.240	4.3
11:24:03.253	2.1
11:24:03.265	-0.6
11:24:03.273	-1.8
11:24:03.285	-2.9
11:24:03.298	-4.3
11:24:03.310	-5.1
11:24:03.318	-8.4
11:24:03.331	-5.0
11:24:03.343	-6.6
11:24:03.351	-9.5
11:24:03.363	-9.4
11:24:03.376	-8.8
11:24:03.384	-9.6
11:24:03.396	-10.5
11:24:03.408	-11.9
11:24:03.421	-12.0
11:24:03.429	-11.8
11:24:03.441	-16.0
11:24:03.453	-17.4
11:24:03.462	-17.6
11:24:03.474	-17.8
11:24:03.486	-19.1
11:24:03.498	-19.4
11:24:03.507	-20.4
11:24:03.519	-18.9
11:24:03.531	-21.4
11:24:03.539	-21.1
11:24:03.552	-18.8
11:24:03.564	-18.1
11:24:03.572	-18.9
11:24:03.584	-20.2
11:24:03.597	-18.8
11:24:03.609	-19.4
11:24:03.617	-17.9
11:24:03.629	-18.8
11:24:03.642	-16.3
11:24:03.650	-18.5
11:24:03.662	-21.5
11:24:03.674	-21.7
11:24:03.683	-21.7
11:24:03.695	-21.9
11:24:03.707	-23.7
11:24:03.715	-25.1
11:24:03.728	-26.2
11:24:03.740	-26.9
11:24:03.752	-25.5
11:24:03.760	-25.0
11:24:03.773	-24.5
11:24:03.785	-23.8
11:24:03.793	-22.4
11:24:03.806	-22.9
11:24:03.818	-23.6
11:24:03.826	-21.7
11:24:03.838	-21.3
11:24:03.851	-21.0
11:24:03.859	-24.1
11:24:03.871	-23.6
11:24:03.883	-22.7
11:24:03.891	-23.4
11:24:03.904	-22.8
11:24:03.916	-20.3
11:24:03.928	-18.7
11:24:03.937	-19.0
11:24:03.949	-18.1
11:24:03.961	-18.4
11:24:03.969	-17.4
11:24:03.982	-15.3
11:24:03.994	-14.3
11:24:04.006	-13.1
11:24:04.014	-12.6
11:24:04.027	-12.1
11:24:04.039	-10.5
11:24:04.047	-9.2
11:24:04.059	-9.7
11:24:04.072	-6.1
11:24:04.080	-6.3
11:24:04.092	-7.5
11:24:04.104	-7.9
11:24:04.113	-6.2
11:24:04.125	-5.2
11:24:04.137	-3.6
11:24:04.145	-4.1
11:24:04.158	-1.9
11:24:04.170	0.8
11:24:04.182	-0.4
11:24:04.190	-0.1
11:24:04.203	2.3
11:24:04.215	2.6
11:24:04.223	1.3
11:24:04.236	0.8
11:24:04.248	3.4
11:24:04.260	3.3
11:24:04.268	4.6
11:24:04.281	3.2
11:24:04.293	3.0
11:24:04.301	4.0
11:24:04.314	4.2
11:24:04.327	5.9
11:24:04.335	7.5
11:24:04.347	8.4
11:24:04.360	5.5
11:24:04.367	9.7
11:24:04.380	8.1
11:24:04.392	9.4
11:24:04.400	11.2
11:24:04.413	12.0
11:24:04.425	12.3
11:24:04.437	13.0
11:24:04.445	14.1
11:24:04.458	14.4
11:24:04.470	15.9
11:24:04.478	14.1
11:24:04.490	15.0
11:24:04.503	16.9
11:24:04.511	18.4
11:24:04.523	19.0
11:24:04.535	19.3
11:24:04.544	19.3
11:24:04.556	18.6
11:24:04.568	21.6
11:24:04.580	21.3
11:24:04.589	21.1
11:24:04.601	21.7
11:24:04.613	18.1
11:24:04.621	16.7
11:24:04.634	18.1
11:24:04.646	19.7
11:24:04.654	22.3
11:24:04.666	23.3
11:24:04.679	22.5
11:24:04.691	24.6
11:24:04.699	24.8
11:24:04.711	25.3
11:24:04.724	29.5
11:24:04.732	30.7
11:24:04.744	30.0
11:24:04.757	31.3
11:24:04.765	28.2
11:24:04.777	28.8
11:24:04.789	30.8
11:24:04.797	30.2
11:24:04.810	32.1
11:24:04.822	31.6
11:24:04.830	30.3
11:24:04.843	30.7
11:24:04.855	32.6
11:24:04.867	31.4
11:24:04.875	31.3
11:24:04.888	31.1
11:24:04.900	28.8
11:24:04.908	27.3
11:24:04.920	26.6
11:24:04.933	25.2
11:24:04.945	25.0
11:24:04.953	25.8
11:24:04.965	24.5
11:24:04.978	24.7
11:24:04.986	27.7
11:24:04.998	28.5
11:24:05.010	29.8
11:24:05.019	29.4
11:24:05.031	29.0
11:24:05.043	29.3
11:24:05.052	29.7
11:24:05.064	29.1
11:24:05.076	30.4
11:24:05.084	29.8
11:24:05.096	28.5
11:24:05.109	28.2
11:24:05.121	26.6
11:24:05.129	28.2
11:24:05.142	26.5
11:24:05.154	28.6
11:24:05.162	28.9
11:24:05.174	29.3
11:24:05.186	27.7
11:24:05.195	26.5
11:24:05.207	27.9
11:24:05.219	27.6
11:24:05.231	28.2
11:24:05.244	27.4
11:24:05.252	29.3
11:24:05.264	27.9
11:24:05.277	27.6
11:24:05.285	25.6
11:24:05.297	24.5
11:24:05.309	25.8
11:24:05.317	24.5
11:24:05.330	24.0
11:24:05.342	23.5
11:24:05.350	23.9
11:24:05.363	22.3
11:24:05.375	21.4
11:24:05.383	22.0
11:24:05.395	22.0
11:24:05.408	22.9
11:24:05.420	22.7
11:24:05.428	21.4
11:24:05.440	20.0
11:24:05.453	21.0
11:24:05.461	21.5
11:24:05.473	21.0
11:24:05.485	22.3
11:24:05.494	20.1
11:24:05.506	20.5
11:24:05.518	19.9
11:24:05.530	19.4
11:24:05.539	18.6
11:24:05.551	19.4
11:24:05.563	17.5
11:24:05.571	14.5
11:24:05.584	15.3
11:24:05.596	14.4
11:24:05.604	15.1
11:24:05.616	15.0
11:24:05.629	16.4
11:24:05.637	17.1
11:24:05.649	17.5
11:24:05.661	16.6
11:24:05.674	16.2
11:24:05.682	18.2
11:24:05.694	16.7
11:24:05.706	16.0
11:24:05.715	15.0
11:24:05.727	15.2
11:24:05.739	13.6
11:24:05.747	13.5
11:24:05.760	13.9
11:24:05.772	14.0
11:24:05.780	16.1
11:24:05.793	13.8
11:24:05.805	14.5
11:24:05.813	15.2
11:24:05.825	15.9
11:24:05.838	15.8
11:24:05.850	17.3
11:24:05.858	16.3
11:24:05.870	16.5
11:24:05.883	16.9
11:24:05.891	15.2
11:24:05.903	18.3
11:24:05.915	18.2
11:24:05.928	16.8
11:24:05.936	15.3
11:24:05.948	14.4
11:24:05.960	13.4
11:24:05.969	13.2
11:24:05.981	13.5
11:24:05.993	14.5
11:24:06.001	14.8
11:24:06.014	14.0
11:24:06.026	15.0
11:24:06.034	15.0
11:24:06.046	16.9
11:24:06.059	17.1
11:24:06.067	16.6
11:24:06.079	16.6
11:24:06.091	15.6
11:24:06.104	16.2
11:24:06.112	13.9
11:24:06.124	11.2
11:24:06.136	9.1
11:24:06.145	9.5
11:24:06.157	10.2
11:24:06.169	10.7
11:24:06.182	10.0
11:24:06.190	9.2
11:24:06.202	7.9
11:24:06.214	6.8
11:24:06.222	8.2
11:24:06.235	10.1
11:24:06.247	11.0
11:24:06.255	10.5
11:24:06.268	8.5
11:24:06.280	6.8
11:24:06.288	8.7
11:24:06.300	9.5
11:24:06.313	9.1
11:24:06.321	8.6
11:24:06.333	10.4
11:24:06.345	10.0
11:24:06.358	11.5
11:24:06.366	12.5
11:24:06.378	12.6
11:24:06.391	12.7
11:24:06.399	9.9
11:24:06.411	10.5
11:24:06.423	11.7
11:24:06.432	12.3
11:24:06.444	9.6
11:24:06.456	9.9
11:24:06.464	8.1
11:24:06.477	8.9
11:24:06.489	10.0
11:24:06.501	11.1
11:24:06.509	13.5
11:24:06.522	13.0
11:24:06.534	14.5
11:24:06.542	12.1
11:24:06.554	12.6
11:24:06.567	11.6
11:24:06.575	12.5
11:24:06.587	10.7
11:24:06.599	9.4
11:24:06.612	8.4
11:24:06.620	6.1
11:24:06.632	7.0
11:24:06.644	5.5
11:24:06.653	7.7
11:24:06.665	8.0
11:24:06.677	7.3
11:24:06.685	7.8
11:24:06.698	7.6
11:24:06.710	6.8
11:24:06.718	6.4
11:24:06.730	7.4
11:24:06.743	3.1
11:24:06.751	4.1
11:24:06.763	2.3
11:24:06.775	0.6
11:24:06.788	0.7
11:24:06.796	-2.0
11:24:06.808	-3.2
11:24:06.820	-3.6
11:24:06.829	-4.6
11:24:06.841	-5.4
11:24:06.853	-4.6
11:24:06.866	-7.2
11:24:06.874	-6.5
11:24:06.886	-6.1
11:24:06.898	-6.1
11:24:06.906	-6.6
11:24:06.919	-7.1
11:24:06.931	-8.0
11:24:06.939	-7.7
11:24:06.952	-9.2
11:24:06.964	-9.7
11:24:06.972	-10.1
11:24:06.984	-12.6
11:24:06.997	-13.0
11:24:07.005	-15.4
11:24:07.017	-15.5
11:24:07.029	-14.6
11:24:07.042	-15.9
11:24:07.050	-15.9
11:24:07.062	-16.5
11:24:07.074	-17.8
11:24:07.083	-17.8
11:24:07.095	-17.2
11:24:07.107	-19.1
11:24:07.115	-17.4
11:24:07.128	-19.4
11:24:07.140	-21.9
11:24:07.152	-20.8
11:24:07.160	-22.7
11:24:07.173	-21.1
11:24:07.185	-20.3
11:24:07.193	-20.8
11:24:07.205	-23.4
11:24:07.218	-23.0
11:24:07.230	-23.6
11:24:07.238	-21.7
11:24:07.251	-21.1
11:24:07.263	-22.1
11:24:07.271	-24.0
11:24:07.283	-25.0
11:24:07.295	-24.8
11:24:07.304	-26.5
11:24:07.316	-24.7
11:24:07.328	-25.2
11:24:07.340	-27.4
11:24:07.349	-28.6
11:24:07.361	-28.2
11:24:07.373	-24.4
11:24:07.382	-22.4
11:24:07.394	-24.1
11:24:07.406	-24.5
11:24:07.414	-22.1
11:24:07.426	-21.6
11:24:07.439	-20.2
11:24:07.451	-17.9
11:24:07.459	-17.8
11:24:07.472	-18.6
11:24:07.484	-22.6
11:24:07.492	-22.3
11:24:07.504	-22.2
11:24:07.516	-22.0
11:24:07.525	-21.6
11:24:07.537	-22.3
11:24:07.549	-22.3
11:24:07.558	-20.8
11:24:07.570	-17.5
11:24:07.583	-15.8
11:24:07.594	-12.1
11:24:07.603	-10.5
11:24:07.615	-7.3
11:24:07.627	-4.2
11:24:07.635	-3.0
11:24:07.648	-0.8
11:24:07.660	1.1
11:24:07.668	2.8
11:24:07.680	1.7
11:24:07.693	3.8
11:24:07.701	2.9
11:24:07.713	2.6
11:24:07.725	4.0
11:24:07.734	3.3
11:24:07.746	2.7
11:24:07.758	3.8
11:24:07.770	5.3
11:24:07.779	2.9
11:24:07.791	7.8
11:24:07.803	5.4
11:24:07.811	5.9
11:24:07.824	7.4
11:24:07.836	7.9
11:24:07.848	8.4
11:24:07.856	10.7
11:24:07.869	10.0
11:24:07.881	8.5
11:24:07.889	11.1
11:24:07.901	7.3
11:24:07.914	11.2
11:24:07.922	12.0
11:24:07.934	16.5
11:24:07.946	14.6
11:24:07.955	15.0
11:24:07.967	15.5
11:24:07.979	17.5
11:24:07.987	16.8
11:24:08.000	15.9
11:24:08.012	15.7
11:24:08.024	15.0
11:24:08.033	14.4
11:24:08.045	11.0
11:24:08.057	13.7
11:24:08.065	13.3
11:24:08.078	10.8
11:24:08.090	10.1
11:24:08.102	11.1
11:24:08.110	14.5
11:24:08.123	15.4
11:24:08.135	15.2
11:24:08.143	15.8
11:24:08.155	14.7
11:24:08.168	14.9
11:24:08.176	17.3
11:24:08.188	17.9
11:24:08.200	18.2
11:24:08.209	18.9
11:24:08.221	14.8
11:24:08.233	15.1
11:24:08.241	14.6
11:24:08.254	14.3
11:24:08.266	15.7
11:24:08.278	12.8
11:24:08.286	10.9
11:24:08.299	9.8
11:24:08.311	10.3
11:24:08.319	10.3
11:24:08.331	12.1
11:24:08.344	9.9
11:24:08.352	11.5
11:24:08.364	11.6
11:24:08.376	11.2
11:24:08.385	12.3
11:24:08.397	11.8
11:24:08.409	15.7
11:24:08.421	14.1
11:24:08.430	13.6
11:24:08.442	14.3
11:24:08.454	14.3
11:24:08.462	12.6
11:24:08.476	13.5
11:24:08.488	12.9
11:24:08.496	13.0
11:24:08.509	12.6
11:24:08.521	10.4
11:24:08.533	11.6
11:24:08.541	10.7
11:24:08.554	9.7
11:24:08.566	11.4
11:24:08.574	12.2
11:24:08.586	11.4
11:24:08.599	11.6
11:24:08.607	9.8
11:24:08.619	9.7
11:24:08.631	10.1
11:24:08.640	8.4
11:24:08.652	8.5
11:24:08.664	6.9
11:24:08.672	5.8
11:24:08.685	5.6
11:24:08.697	4.4
11:24:08.709	4.9
11:24:08.717	5.3
11:24:08.730	7.6
11:24:08.742	5.3
11:24:08.750	8.2
11:24:08.762	7.9
11:24:08.775	8.5
11:24:08.787	8.1
11:24:08.795	9.4
11:24:08.807	10.4
11:24:08.820	9.4
11:24:08.828	10.5
11:24:08.840	8.7
11:24:08.853	9.1
11:24:08.861	7.6
11:24:08.873	6.4
11:24:08.885	6.2
11:24:08.893	6.5
11:24:08.906	3.6
11:24:08.918	3.3
11:24:08.926	2.2
11:24:08.939	1.7
11:24:08.951	1.9
11:24:08.963	0.5
11:24:08.971	-2.7
11:24:08.984	-1.1
11:24:08.996	-1.7
11:24:09.004	-2.9
11:24:09.016	-4.1
11:24:09.029	-6.4
11:24:09.037	-5.7
11:24:09.049	-7.9
11:24:09.061	-9.4
11:24:09.074	-9.7
11:24:09.082	-11.1
11:24:09.094	-12.5
11:24:09.106	-14.8
11:24:09.115	-16.0
11:24:09.127	-16.2
11:24:09.139	-17.6
11:24:09.147	-18.8
11:24:09.160	-19.7
11:24:09.172	-21.4
11:24:09.180	-23.4
11:24:09.192	-20.1
11:24:09.205	-23.5
11:24:09.217	-21.5
11:24:09.225	-20.8
11:24:09.237	-21.9
11:24:09.249	-20.6
11:24:09.261	-22.7
11:24:09.270	-23.4
11:24:09.282	-24.2
11:24:09.294	-22.3
11:24:09.302	-26.0
11:24:09.314	-20.8
11:24:09.327	-23.9
11:24:09.335	-27.5
11:24:09.347	-29.1
11:24:09.360	-31.8
11:24:09.372	-31.8
11:24:09.380	-32.4
11:24:09.392	-31.4
11:24:09.405	-32.0
11:24:09.413	-30.3
11:24:09.425	-35.6
11:24:09.437	-35.1
11:24:09.446	-33.4
11:24:09.458	-32.0
11:24:09.470	-32.3
11:24:09.478	-32.0
11:24:09.491	-29.5
11:24:09.503	-31.2
11:24:09.515	-33.0
11:24:09.523	-35.3
11:24:09.536	-33.8
11:24:09.548	-33.9
11:24:09.556	-32.8
11:24:09.568	-34.3
11:24:09.581	-33.5
11:24:09.589	-33.6
11:24:09.601	-35.5
11:24:09.614	-32.6
11:24:09.623	-29.6
11:24:09.635	-25.2
11:24:09.647	-26.9
11:24:09.655	-28.1
11:24:09.668	-28.2
11:24:09.680	-27.0
11:24:09.692	-26.5
11:24:09.700	-27.4
11:24:09.713	-26.1
11:24:09.725	-29.2
11:24:09.733	-30.6
11:24:09.745	-33.5
11:24:09.758	-30.5
11:24:09.770	-28.6
11:24:09.778	-27.7
11:24:09.790	-26.7
11:24:09.803	-25.1
11:24:09.811	-21.8
11:24:09.823	-21.0
11:24:09.836	-17.2
11:24:09.844	-14.4
11:24:09.856	-11.6
11:24:09.868	-11.9
11:24:09.877	-11.5
11:24:09.889	-11.1
11:24:09.901	-8.0
11:24:09.909	-5.4
11:24:09.922	-5.4
11:24:09.934	-4.9
11:24:09.946	-5.6
11:24:09.954	-4.9
11:24:09.967	-5.3
11:24:09.979	-2.1
11:24:09.987	-0.3
11:24:09.999	2.3
11:24:10.012	3.7
11:24:10.024	4.0
11:24:10.032	5.1
11:24:10.044	5.3
11:24:10.057	5.1
11:24:10.065	3.9
11:24:10.077	5.3
11:24:10.089	6.4
11:24:10.098	6.5
11:24:10.110	5.6
11:24:10.122	3.6
11:24:10.130	3.2
11:24:10.143	2.8
11:24:10.155	1.8
11:24:10.163	2.9
11:24:10.175	5.1
11:24:10.188	4.4
11:24:10.200	3.5
11:24:10.208	4.6
11:24:10.220	4.4
11:24:10.233	6.3
11:24:10.241	5.9
11:24:10.253	6.9
11:24:10.265	11.7
11:24:10.274	10.4
11:24:10.286	8.6
11:24:10.298	8.7
11:24:10.306	7.9
11:24:10.319	8.5
11:24:10.331	10.4
11:24:10.343	6.9
11:24:10.351	8.1
11:24:10.364	6.0
11:24:10.376	3.0
11:24:10.384	3.9
11:24:10.397	5.6
11:24:10.409	4.8
11:24:10.417	4.1
11:24:10.429	3.2
11:24:10.442	2.8
11:24:10.454	5.6
11:24:10.462	5.7
11:24:10.474	6.7
11:24:10.487	5.8
11:24:10.495	8.1
11:24:10.507	6.4
11:24:10.520	6.9
11:24:10.528	8.7
11:24:10.540	7.9
11:24:10.552	7.6
11:24:10.560	6.4
11:24:10.573	6.1
11:24:10.585	6.2
11:24:10.593	7.2
11:24:10.606	5.7
11:24:10.618	4.3
11:24:10.630	5.0
11:24:10.638	4.5
11:24:10.650	6.8
11:24:10.662	5.4
11:24:10.670	7.8
11:24:10.683	7.2
11:24:10.695	7.4
11:24:10.707	8.0
11:24:10.715	9.8
11:24:10.728	9.7
11:24:10.740	8.9
11:24:10.748	7.8
11:24:10.761	7.0
11:24:10.773	10.6
11:24:10.781	8.4
11:24:10.793	13.3
11:24:10.806	14.8
11:24:10.814	14.6
11:24:10.826	13.8
11:24:10.838	16.3
11:24:10.847	17.0
11:24:10.859	19.0
11:24:10.872	19.1
11:24:10.884	16.6
11:24:10.892	17.0
11:24:10.905	11.9
11:24:10.917	10.1
11:24:10.925	9.7
11:24:10.937	9.2
11:24:10.949	9.8
11:24:10.958	11.4
11:24:10.970	12.2
11:24:10.982	10.8
11:24:10.994	11.4
11:24:11.003	11.4
11:24:11.015	10.7
11:24:11.027	12.3
11:24:11.035	12.8
11:24:11.048	13.8
11:24:11.060	13.4
11:24:11.068	13.2
11:24:11.080	12.7
11:24:11.093	15.5
11:24:11.101	15.9
11:24:11.113	17.3
11:24:11.125	17.5
11:24:11.138	18.2
11:24:11.146	18.1
11:24:11.158	14.5
11:24:11.170	14.5
11:24:11.179	11.8
11:24:11.191	10.8
11:24:11.203	9.5
11:24:11.211	7.0
11:24:11.224	6.5
11:24:11.236	7.2
11:24:11.244	5.6
11:24:11.256	6.5
11:24:11.269	8.8
11:24:11.281	7.1
11:24:11.289	7.0
11:24:11.302	5.9
11:24:11.314	4.0
11:24:11.322	4.4
11:24:11.334	2.4
11:24:11.347	1.6
11:24:11.355	1.9
11:24:11.367	-0.2
11:24:11.379	0.0
11:24:11.392	2.2
11:24:11.400	2.7
11:24:11.412	2.2
11:24:11.424	1.5
11:24:11.437	1.8
11:24:11.445	0.6
11:24:11.457	0.4
11:24:11.469	-1.1
11:24:11.478	0.0
11:24:11.490	1.0
11:24:11.502	1.8
11:24:11.510	1.9
11:24:11.523	1.5
11:24:11.535	2.6
11:24:11.543	3.1
11:24:11.555	4.8
11:24:11.568	5.0
11:24:11.576	5.2
11:24:11.588	4.4
11:24:11.600	2.4
11:24:11.613	1.0
11:24:11.621	-0.2
11:24:11.633	0.8
11:24:11.646	0.9
11:24:11.654	0.0
11:24:11.666	-1.6
11:24:11.678	-0.8
11:24:11.690	-1.9
11:24:11.699	-2.5
11:24:11.711	-2.7
11:24:11.723	-5.2
11:24:11.731	-4.4
11:24:11.744	-4.3
11:24:11.756	-5.9
11:24:11.764	-6.8
11:24:11.777	-8.0
11:24:11.789	-10.3
11:24:11.797	-10.2
11:24:11.809	-10.1
11:24:11.822	-11.7
11:24:11.830	-10.0
11:24:11.842	-10.5
11:24:11.854	-11.2
11:24:11.867	-11.7
11:24:11.875	-12.4
11:24:11.887	-10.7
11:24:11.899	-11.4
11:24:11.908	-11.5
11:24:11.920	-11.1
11:24:11.932	-9.2
11:24:11.944	-10.8
11:24:11.953	-10.2
11:24:11.965	-10.6
11:24:11.977	-9.8
11:24:11.985	-10.8
11:24:11.998	-10.2
11:24:12.010	-8.7
11:24:12.018	-8.2
11:24:12.030	-8.0
11:24:12.043	-6.4
11:24:12.051	-4.3
11:24:12.063	-4.5
11:24:12.075	-3.1
11:24:12.084	-2.5
11:24:12.096	-0.4
11:24:12.108	-1.0
11:24:12.120	-1.6
11:24:12.129	1.1
11:24:12.141	2.5
11:24:12.153	4.0
11:24:12.161	4.1
11:24:12.174	6.2
11:24:12.186	5.6
11:24:12.194	6.2
11:24:12.206	8.4
11:24:12.219	10.3
11:24:12.227	12.6
11:24:12.239	11.5
11:24:12.252	11.0
11:24:12.264	8.7
11:24:12.272	7.8
11:24:12.284	6.5
11:24:12.297	7.1
11:24:12.305	5.8
11:24:12.317	7.4
11:24:12.330	7.3
11:24:12.338	7.2
11:24:12.350	8.6
11:24:12.362	9.5
11:24:12.375	9.8
11:24:12.383	11.5
11:24:12.395	14.3
11:24:12.407	15.5
11:24:12.416	18.6
11:24:12.428	19.2
11:24:12.440	20.1
11:24:12.448	21.7
11:24:12.461	21.6
11:24:12.473	22.1
11:24:12.481	22.3
11:24:12.493	22.1
11:24:12.506	23.2
11:24:12.514	25.5
11:24:12.526	25.1
11:24:12.538	22.4
11:24:12.551	22.0
11:24:12.559	22.6
11:24:12.571	23.2
11:24:12.584	25.5
11:24:12.592	25.6
11:24:12.604	26.4
11:24:12.616	27.2
11:24:12.629	25.4
11:24:12.637	27.7
11:24:12.650	29.3
11:24:12.662	30.4
11:24:12.670	31.0
11:24:12.682	30.6
11:24:12.694	29.8
11:24:12.702	30.1
11:24:12.715	31.4
11:24:12.727	27.6
11:24:12.735	28.5
11:24:12.747	27.3
11:24:12.760	27.3
11:24:12.768	26.8
11:24:12.780	25.5
11:24:12.792	27.0
11:24:12.805	25.8
11:24:12.813	26.0
11:24:12.825	23.6
11:24:12.838	24.2
11:24:12.846	23.1
11:24:12.858	23.0
11:24:12.870	22.8
11:24:12.879	22.8
11:24:12.891	22.9
11:24:12.903	22.0
11:24:12.915	21.4
11:24:12.924	21.8
11:24:12.936	22.8
11:24:12.948	24.8
11:24:12.956	23.5
11:24:12.969	22.3
11:24:12.981	22.1
11:24:12.989	20.9
11:24:13.001	20.8
11:24:13.014	20.4
11:24:13.022	21.8
11:24:13.034	22.0
11:24:13.046	21.8
11:24:13.059	20.3
11:24:13.067	22.1
11:24:13.079	23.2
11:24:13.091	21.7
11:24:13.100	23.0
11:24:13.112	23.6
11:24:13.124	23.1
11:24:13.132	22.0
11:24:13.145	22.9
11:24:13.157	23.5
11:24:13.165	22.4
11:24:13.177	23.7
11:24:13.190	23.8
11:24:13.202	24.3
11:24:13.214	25.1
11:24:13.222	24.0
11:24:13.235	23.3
11:24:13.247	23.4
11:24:13.255	22.1
11:24:13.268	22.1
11:24:13.280	23.3
11:24:13.288	21.0
11:24:13.300	22.8
11:24:13.313	24.5
11:24:13.321	23.6
11:24:13.333	24.8
11:24:13.345	24.4
11:24:13.358	21.6
11:24:13.366	21.3
11:24:13.378	20.2
11:24:13.390	18.1
11:24:13.399	19.0
11:24:13.411	18.0
11:24:13.423	15.6
11:24:13.431	14.4
11:24:13.444	13.1
11:24:13.456	13.2
11:24:13.464	13.6
11:24:13.476	13.4
11:24:13.489	12.3
11:24:13.497	12.1
11:24:13.509	11.2
11:24:13.521	10.1
11:24:13.534	11.8
11:24:13.542	11.2
11:24:13.554	10.8
11:24:13.566	12.1
11:24:13.575	13.2
11:24:13.587	13.3
11:24:13.599	13.2
11:24:13.611	14.8
11:24:13.620	14.1
11:24:13.632	12.7
11:24:13.644	11.3
11:24:13.652	13.8
11:24:13.665	13.8
11:24:13.677	12.8
11:24:13.685	12.6
11:24:13.697	14.0
11:24:13.710	13.9
11:24:13.718	13.0
11:24:13.730	14.8
11:24:13.743	14.0
11:24:13.751	15.0
11:24:13.763	13.3
11:24:13.775	14.7
11:24:13.788	15.8
11:24:13.796	18.2
11:24:13.808	16.1
11:24:13.820	16.0
11:24:13.828	15.7
11:24:13.841	14.0
11:24:13.853	15.0
11:24:13.865	14.9
11:24:13.874	15.3
11:24:13.886	14.9
11:24:13.898	16.6
11:24:13.906	14.4
11:24:13.919	17.6
11:24:13.931	17.8
11:24:13.939	17.6
11:24:13.951	18.7
11:24:13.964	18.8
11:24:13.972	20.4
11:24:13.984	19.6
11:24:13.996	16.6
11:24:14.005	16.3
11:24:14.017	17.7
11:24:14.029	16.5
11:24:14.041	17.5
11:24:14.050	19.0
11:24:14.062	18.2
11:24:14.074	19.7
11:24:14.082	18.2
11:24:14.095	18.5
11:24:14.107	19.6
11:24:14.115	15.5
11:24:14.127	14.4
11:24:14.140	13.1
11:24:14.148	13.2
11:24:14.160	10.8
11:24:14.172	11.4
11:24:14.185	10.2
11:24:14.193	9.3
11:24:14.205	9.2
11:24:14.218	11.0
11:24:14.226	12.8
11:24:14.238	12.9
11:24:14.250	12.0
11:24:14.258	11.2
11:24:14.271	13.5
11:24:14.283	10.9
11:24:14.295	9.8
11:24:14.304	8.9
11:24:14.316	9.6
11:24:14.328	9.2
11:24:14.336	8.8
11:24:14.349	8.2
11:24:14.361	7.2
11:24:14.369	8.7
11:24:14.381	7.1
11:24:14.394	9.9
11:24:14.402	11.8
11:24:14.414	11.7
11:24:14.426	10.1
11:24:14.435	9.5
11:24:14.447	6.6
11:24:14.459	5.3
11:24:14.471	8.6
11:24:14.480	7.0
11:24:14.492	8.1
11:24:14.504	7.4
11:24:14.512	4.6
11:24:14.525	6.1
11:24:14.537	7.0
11:24:14.549	6.3
11:24:14.557	6.1
11:24:14.570	5.9
11:24:14.582	2.7
11:24:14.590	2.1
11:24:14.603	0.4
11:24:14.615	-1.1
11:24:14.623	-1.7
11:24:14.635	-4.6
11:24:14.648	-8.5
11:24:14.656	-10.0
11:24:14.668	-7.8
11:24:14.680	-7.0
11:24:14.689	-8.0
11:24:14.701	-8.4
11:24:14.713	-10.6
11:24:14.725	-11.6
11:24:14.734	-11.4
11:24:14.746	-13.4
11:24:14.758	-12.0
11:24:14.766	-12.3
11:24:14.779	-13.4
11:24:14.791	-13.8
11:24:14.799	-13.2
11:24:14.811	-13.4
11:24:14.824	-12.8
11:24:14.836	-14.4
11:24:14.844	-15.8
11:24:14.857	-15.0
11:24:14.869	-14.6
11:24:14.877	-14.3
11:24:14.889	-15.0
11:24:14.902	-17.5
11:24:14.910	-19.1
11:24:14.922	-19.7
11:24:14.934	-20.3
11:24:14.943	-20.3
11:24:14.955	-20.0
11:24:14.967	-19.4
11:24:14.979	-21.0
11:24:14.988	-21.2
11:24:15.000	-20.7
11:24:15.012	-18.7
11:24:15.020	-19.1
11:24:15.033	-20.3
11:24:15.045	-19.9
11:24:15.053	-19.8
11:24:15.065	-20.6
11:24:15.078	-20.9
11:24:15.086	-20.9
11:24:15.098	-21.4
11:24:15.110	-23.4
11:24:15.123	-23.9
11:24:15.131	-23.0
11:24:15.143	-21.6
11:24:15.155	-19.6
11:24:15.168	-19.2
11:24:15.176	-17.2
11:24:15.188	-17.1
11:24:15.200	-15.2
11:24:15.209	-16.8
11:24:15.221	-15.9
11:24:15.233	-17.9
11:24:15.241	-18.5
11:24:15.254	-18.5
11:24:15.266	-19.9
11:24:15.278	-19.7
11:24:15.287	-20.7
11:24:15.299	-20.4
11:24:15.311	-20.3
11:24:15.319	-18.3
11:24:15.332	-16.9
11:24:15.344	-14.1
11:24:15.352	-9.9
11:24:15.364	-9.5
11:24:15.376	-9.7
11:24:15.385	-8.2
11:24:15.397	-6.1
11:24:15.410	-5.0
11:24:15.417	-3.0
11:24:15.430	-2.7
11:24:15.442	-0.8
11:24:15.454	1.2
11:24:15.463	-0.9
11:24:15.475	-1.4
11:24:15.487	-1.1
11:24:15.495	-0.6
11:24:15.508	-1.5
11:24:15.520	-1.1
11:24:15.532	-3.3
11:24:15.540	-2.9
11:24:15.553	-3.6
11:24:15.565	-5.2
11:24:15.573	-6.0
11:24:15.585	-4.2
11:24:15.598	-4.1
11:24:15.606	-6.1
11:24:15.618	-3.8
11:24:15.630	-3.3
11:24:15.639	-2.6
11:24:15.651	-0.8
11:24:15.663	-0.4
11:24:15.671	-0.2
11:24:15.684	2.4
11:24:15.696	3.5
11:24:15.708	4.1
11:24:15.716	7.0
11:24:15.729	5.1
11:24:15.741	7.4
11:24:15.749	9.5
11:24:15.762	10.1
11:24:15.774	10.9
11:24:15.786	12.4
11:24:15.794	13.4
11:24:15.807	10.8
11:24:15.819	12.4
11:24:15.827	13.4
11:24:15.839	14.9
11:24:15.852	14.6
11:24:15.860	16.1
11:24:15.872	16.0
11:24:15.885	16.2
11:24:15.893	17.1
11:24:15.906	17.3
11:24:15.918	20.6
11:24:15.926	19.4
11:24:15.939	19.6
11:24:15.951	21.0
11:24:15.963	20.6
11:24:15.971	19.7
11:24:15.984	20.8
11:24:15.996	22.0
11:24:16.004	20.7
11:24:16.016	19.9
11:24:16.029	20.4
11:24:16.037	22.5
11:24:16.049	22.4
11:24:16.061	22.4
11:24:16.070	22.4
11:24:16.082	22.7
11:24:16.094	22.5
11:24:16.106	20.6
11:24:16.115	20.8
11:24:16.127	22.0
11:24:16.139	20.6
11:24:16.147	20.9
11:24:16.160	20.9
11:24:16.172	19.9
11:24:16.180	22.8
11:24:16.192	22.5
11:24:16.205	21.2
11:24:16.217	21.3
11:24:16.225	20.6
11:24:16.237	21.1
11:24:16.250	19.4
11:24:16.258	20.1
11:24:16.270	18.3
11:24:16.283	18.1
11:24:16.291	15.0
11:24:16.303	15.7
11:24:16.315	15.7
11:24:16.323	16.1
11:24:16.336	16.6
11:24:16.348	12.7
11:24:16.356	17.3
11:24:16.369	15.1
11:24:16.381	16.7
11:24:16.393	16.0
11:24:16.401	16.9
11:24:16.414	15.5
11:24:16.426	15.6
11:24:16.434	15.6
11:24:16.446	16.4
11:24:16.459	18.5
11:24:16.471	15.7
11:24:16.479	16.9
11:24:16.491	16.8
11:24:16.504	17.3
11:24:16.512	16.9
11:24:16.524	16.3
11:24:16.536	16.0
11:24:16.545	15.5
11:24:16.557	13.6
11:24:16.569	13.5
11:24:16.577	12.3
11:24:16.590	12.3
11:24:16.602	12.1
11:24:16.610	12.9
11:24:16.622	12.3
11:24:16.635	13.8
11:24:16.647	14.4
11:24:16.655	15.3
11:24:16.667	16.0
11:24:16.680	14.7
11:24:16.688	15.6
11:24:16.700	15.0
11:24:16.712	14.9
11:24:16.721	13.4
11:24:16.733	14.0
11:24:16.745	13.0
11:24:16.757	12.4
11:24:16.766	12.1
11:24:16.778	13.6
11:24:16.790	14.4
11:24:16.798	14.1
11:24:16.811	13.6
11:24:16.823	11.6
11:24:16.831	13.0
11:24:16.843	12.4
11:24:16.856	13.9
11:24:16.864	14.9
11:24:16.876	15.6
11:24:16.889	14.9
11:24:16.901	16.7
11:24:16.909	17.2
11:24:16.921	17.7
11:24:16.934	19.0
11:24:16.942	19.2
11:24:16.954	18.5
11:24:16.966	15.5
11:24:16.975	16.2
11:24:16.987	17.1
11:24:16.999	18.9
11:24:17.007	16.7
11:24:17.020	19.0
11:24:17.032	20.1
11:24:17.044	20.3
11:24:17.052	20.5
11:24:17.065	19.7
11:24:17.077	21.3
11:24:17.085	19.7
11:24:17.097	16.2
11:24:17.110	14.1
11:24:17.118	12.7
11:24:17.130	10.4
11:24:17.142	7.9
11:24:17.155	8.3
11:24:17.163	6.7
11:24:17.175	8.2
11:24:17.187	8.6
11:24:17.196	8.5
11:24:17.208	9.0
11:24:17.220	9.9
11:24:17.232	10.8
11:24:17.241	12.2
11:24:17.253	13.6
11:24:17.265	11.6
11:24:17.273	11.9
11:24:17.286	11.1
11:24:17.294	9.2
11:24:17.306	9.7
11:24:17.318	10.3
11:24:17.331	8.8
11:24:17.339	9.4
11:24:17.351	7.9
11:24:17.364	8.3
11:24:17.376	10.8
11:24:17.384	10.2
11:24:17.396	9.5
11:24:17.409	9.8
11:24:17.417	8.8
11:24:17.429	8.9
11:24:17.441	8.6
11:24:17.454	9.1
11:24:17.462	7.8
11:24:17.474	5.6
11:24:17.486	5.8
11:24:17.495	7.9
11:24:17.507	9.1
11:24:17.519	8.3
11:24:17.527	8.2
11:24:17.540	8.0
11:24:17.552	8.5
11:24:17.560	9.7
11:24:17.572	9.5
11:24:17.585	11.2
11:24:17.593	9.5
11:24:17.605	5.5
11:24:17.617	4.0
11:24:17.630	4.4
11:24:17.638	4.0
11:24:17.650	2.9
11:24:17.662	1.9
11:24:17.671	-0.9
11:24:17.683	-1.4
11:24:17.695	-3.3
11:24:17.708	-3.2
11:24:17.716	-4.3
11:24:17.728	-6.2
11:24:17.740	-5.9
11:24:17.749	-5.9
11:24:17.761	-8.2
11:24:17.773	-10.0
11:24:17.781	-11.6
11:24:17.794	-10.0
11:24:17.806	-8.9
11:24:17.814	-9.3
11:24:17.827	-8.7
11:24:17.839	-8.1
11:24:17.847	-9.6
11:24:17.859	-12.3
11:24:17.872	-11.1
11:24:17.884	-9.1
11:24:17.892	-6.6
11:24:17.904	-9.7
11:24:17.917	-12.8
11:24:17.925	-14.2
11:24:17.937	-14.2
11:24:17.949	-14.0
11:24:17.958	-13.6
11:24:17.970	-12.3
11:24:17.982	-13.4
11:24:17.990	-15.0
11:24:18.003	-18.0
11:24:18.015	-17.0
11:24:18.027	-16.8
11:24:18.035	-18.5
11:24:18.048	-19.3
11:24:18.060	-20.0
11:24:18.068	-23.4
11:24:18.080	-23.9
11:24:18.093	-23.7
11:24:18.101	-25.3
11:24:18.113	-24.8
11:24:18.125	-25.5
11:24:18.138	-24.9
11:24:18.146	-23.9
11:24:18.158	-23.1
11:24:18.170	-23.5
11:24:18.179	-23.0
11:24:18.191	-24.7
11:24:18.203	-23.0
11:24:18.211	-22.6
11:24:18.224	-22.6
11:24:18.236	-22.8
11:24:18.244	-23.3
11:24:18.256	-23.6
11:24:18.269	-22.9
11:24:18.277	-23.0
11:24:18.289	-22.6
11:24:18.302	-22.4
11:24:18.314	-25.7
11:24:18.322	-25.8
11:24:18.334	-25.8
11:24:18.347	-27.5
11:24:18.355	-30.4
11:24:18.367	-29.9
11:24:18.379	-33.7
11:24:18.392	-35.2
11:24:18.400	-34.7
11:24:18.412	-33.6
11:24:18.424	-32.7
11:24:18.433	-31.4
11:24:18.445	-32.4
11:24:18.457	-30.4
11:24:18.466	-27.9
11:24:18.478	-28.9
11:24:18.490	-27.0
11:24:18.498	-26.2
11:24:18.510	-25.5
11:24:18.523	-25.0
11:24:18.531	-23.5
11:24:18.543	-24.5
11:24:18.555	-23.7
11:24:18.568	-24.9
11:24:18.576	-22.4
11:24:18.588	-21.4
11:24:18.601	-19.6
11:24:18.609	-16.6
11:24:18.621	-15.9
11:24:18.633	-14.5
11:24:18.641	-13.4
11:24:18.654	-11.4
11:24:18.666	-9.6
11:24:18.678	-6.0
11:24:18.686	-5.9
11:24:18.699	-5.1
11:24:18.711	-4.4
11:24:18.719	-4.8
11:24:18.731	-4.0
11:24:18.744	-5.4
11:24:18.752	-4.3
11:24:18.764	-5.0
11:24:18.777	-5.1
11:24:18.785	-7.5
11:24:18.797	-9.0
11:24:18.809	-8.8
11:24:18.822	-8.2
11:24:18.830	-7.1
11:24:18.842	-6.5
11:24:18.854	-3.7
11:24:18.862	-4.6
11:24:18.875	-4.2
11:24:18.887	-4.9
11:24:18.895	-4.4
11:24:18.908	-2.8
11:24:18.920	-2.6
11:24:18.928	-2.2
11:24:18.940	-0.6
11:24:18.953	-1.9
11:24:18.965	-3.4
11:24:18.973	-3.0
11:24:18.986	-2.7
11:24:18.998	-1.8
11:24:19.006	-1.8
11:24:19.018	1.4
11:24:19.031	2.5
11:24:19.039	1.0
11:24:19.051	-0.6
11:24:19.063	0.0
11:24:19.076	1.7
11:24:19.084	2.9
11:24:19.096	3.9
11:24:19.108	2.8
11:24:19.117	4.9
11:24:19.129	3.2
11:24:19.141	2.9
11:24:19.149	4.1
11:24:19.162	5.9
11:24:19.174	7.1
11:24:19.182	7.3
11:24:19.194	7.2
11:24:19.207	8.2
11:24:19.215	8.6
11:24:19.227	8.0
11:24:19.239	9.4
11:24:19.252	10.7
11:24:19.260	13.0
11:24:19.272	11.6
11:24:19.284	10.6
11:24:19.297	10.6
11:24:19.305	10.9
11:24:19.317	10.1
11:24:19.330	12.6
11:24:19.338	14.9
11:24:19.350	13.8
11:24:19.362	13.5
11:24:19.375	12.5
11:24:19.383	14.9
11:24:19.395	17.5
11:24:19.407	18.7
11:24:19.416	18.4
11:24:19.428	19.7
11:24:19.440	19.8
11:24:19.448	19.5
11:24:19.461	21.6
11:24:19.473	22.3
11:24:19.481	24.6
11:24:19.493	23.3
11:24:19.506	24.4
11:24:19.514	24.0
11:24:19.526	24.8
11:24:19.539	25.6
11:24:19.551	25.2
11:24:19.559	24.6
11:24:19.571	21.1
11:24:19.584	21.2
11:24:19.592	18.1
11:24:19.604	18.4
11:24:19.616	21.0
11:24:19.629	20.6
11:24:19.637	22.4
11:24:19.649	21.2
11:24:19.661	22.9
11:24:19.670	22.1
11:24:19.682	24.5
11:24:19.694	23.8
11:24:19.702	24.3
11:24:19.715	27.2
11:24:19.727	23.3
11:24:19.735	24.7
11:24:19.747	24.5
11:24:19.760	25.0
11:24:19.768	25.8
11:24:19.780	26.5
11:24:19.792	26.2
11:24:19.805	28.0
11:24:19.813	28.6
11:24:19.825	25.7
11:24:19.837	24.6
11:24:19.846	24.4
11:24:19.858	22.6
11:24:19.870	21.9
11:24:19.878	19.3
11:24:19.891	18.6
11:24:19.903	18.2
11:24:19.911	17.5
11:24:19.923	15.9
11:24:19.936	14.6
11:24:19.948	15.4
11:24:19.956	14.5
11:24:19.969	13.7
11:24:19.981	15.5
11:24:19.989	14.8
11:24:20.001	16.4
11:24:20.013	16.5
11:24:20.022	18.2
11:24:20.034	19.6
11:24:20.046	20.5
11:24:20.059	22.2
11:24:20.067	21.7
11:24:20.079	21.6
11:24:20.091	18.6
11:24:20.100	18.9
11:24:20.112	18.1
11:24:20.124	16.5
11:24:20.132	14.3
11:24:20.145	13.8
11:24:20.157	15.9
11:24:20.165	12.8
11:24:20.177	13.7
11:24:20.190	14.3
11:24:20.198	15.3
11:24:20.210	15.1
11:24:20.222	13.9
11:24:20.235	14.1
11:24:20.243	12.4
11:24:20.255	12.8
11:24:20.267	10.6
11:24:20.276	12.5
11:24:20.288	11.3
11:24:20.300	12.7
11:24:20.312	12.9
11:24:20.321	13.1
11:24:20.333	12.9
11:24:20.345	14.3
11:24:20.353	15.6
11:24:20.366	14.9
11:24:20.378	14.0
11:24:20.386	12.6
11:24:20.398	12.5
11:24:20.411	10.8
11:24:20.419	10.2
11:24:20.431	10.4
11:24:20.444	11.9
11:24:20.452	9.8
11:24:20.464	10.7
11:24:20.476	12.2
11:24:20.488	12.1
11:24:20.497	12.5
11:24:20.509	13.2
11:24:20.521	12.4
11:24:20.529	13.3
11:24:20.542	13.3
11:24:20.554	13.2
11:24:20.562	14.1
11:24:20.574	12.3
11:24:20.587	12.1
11:24:20.599	10.7
11:24:20.607	11.6
11:24:20.620	10.4
11:24:20.632	9.6
11:24:20.640	8.0
11:24:20.652	7.0
11:24:20.665	6.5
11:24:20.673	7.3
11:24:20.685	8.5
11:24:20.697	8.9
11:24:20.706	10.4
11:24:20.718	8.2
11:24:20.730	9.3
11:24:20.742	11.5
11:24:20.751	10.5
11:24:20.763	11.0
11:24:20.775	10.7
11:24:20.783	7.4
11:24:20.796	8.8
11:24:20.808	6.3
11:24:20.816	5.2
11:24:20.828	4.3
11:24:20.841	0.8
11:24:20.849	-2.2
11:24:20.861	-3.0
11:24:20.873	-5.3
11:24:20.886	-7.2
11:24:20.894	-5.5
11:24:20.906	-8.8
11:24:20.918	-10.0
11:24:20.927	-10.3
11:24:20.939	-9.6
11:24:20.951	-9.1
11:24:20.960	-8.3
11:24:20.972	-7.1
11:24:20.984	-6.0
11:24:20.996	-5.4
11:24:21.005	-5.9
11:24:21.017	-7.0
11:24:21.029	-7.2
11:24:21.037	-8.0
11:24:21.050	-8.7
11:24:21.062	-8.6
11:24:21.070	-10.1
11:24:21.082	-11.1
11:24:21.095	-13.2
11:24:21.103	-13.7
11:24:21.115	-14.4
11:24:21.127	-13.8
11:24:21.140	-14.7
11:24:21.148	-14.2
11:24:21.160	-13.3
11:24:21.173	-13.5
11:24:21.181	-12.9
11:24:21.193	-13.9
11:24:21.206	-11.0
11:24:21.218	-11.9
11:24:21.226	-13.1
11:24:21.238	-15.8
11:24:21.251	-14.8
11:24:21.259	-14.1
11:24:21.271	-16.7
11:24:21.284	-19.0
11:24:21.296	-20.5
11:24:21.304	-20.7
11:24:21.316	-22.7
11:24:21.329	-23.4
11:24:21.337	-22.4
11:24:21.349	-22.4
11:24:21.361	-23.5
11:24:21.370	-26.3
11:24:21.382	-25.6
11:24:21.394	-25.6
11:24:21.402	-25.9
11:24:21.415	-25.7
11:24:21.427	-25.9
11:24:21.435	-25.2
11:24:21.447	-25.3
11:24:21.460	-24.8
11:24:21.472	-25.5
11:24:21.480	-24.1
11:24:21.492	-24.6
11:24:21.505	-23.9
11:24:21.513	-24.3
11:24:21.525	-23.9
11:24:21.537	-23.8
11:24:21.550	-24.7
11:24:21.558	-24.4
11:24:21.570	-24.8
11:24:21.582	-23.8
11:24:21.591	-24.7
11:24:21.603	-25.1
11:24:21.615	-24.3
11:24:21.623	-23.1
11:24:21.636	-23.2
11:24:21.648	-22.8
11:24:21.656	-22.8
11:24:21.669	-23.6
11:24:21.681	-22.9
11:24:21.689	-22.5
11:24:21.701	-21.9
11:24:21.714	-21.0
11:24:21.726	-20.5
11:24:21.734	-20.0
11:24:21.746	-19.0
11:24:21.758	-18.9
11:24:21.767	-17.9
11:24:21.779	-17.5
11:24:21.791	-15.3
11:24:21.799	-13.7
11:24:21.812	-13.4
11:24:21.824	-12.5
11:24:21.832	-12.2
11:24:21.845	-11.1
11:24:21.857	-11.7
11:24:21.869	-11.1
11:24:21.877	-9.7
11:24:21.890	-9.6
11:24:21.902	-10.8
11:24:21.910	-12.5
11:24:21.922	-12.7
11:24:21.935	-12.7
11:24:21.943	-12.1
11:24:21.955	-13.4
11:24:21.967	-11.9
11:24:21.980	-12.9
11:24:21.988	-13.1
11:24:22.000	-11.0
11:24:22.012	-10.1
11:24:22.021	-8.7
11:24:22.033	-7.8
11:24:22.045	-8.4
11:24:22.053	-8.6
11:24:22.066	-8.1
11:24:22.078	-8.3
11:24:22.086	-5.2
11:24:22.098	-5.5
11:24:22.111	-6.1
11:24:22.119	-5.7
11:24:22.131	-6.2
11:24:22.143	-5.8
11:24:22.155	-4.4
11:24:22.163	-3.4
11:24:22.176	-0.8
11:24:22.188	-0.1
11:24:22.196	-2.6
11:24:22.208	-2.5
11:24:22.221	-2.8
11:24:22.233	-2.4
11:24:22.241	-1.4
11:24:22.253	-0.8
11:24:22.266	-0.5
11:24:22.274	-0.5
11:24:22.286	-2.5
11:24:22.299	-0.4
11:24:22.307	1.0
11:24:22.320	0.0
11:24:22.332	0.1
11:24:22.340	-0.3
11:24:22.352	0.0
11:24:22.365	0.4
11:24:22.373	1.9
11:24:22.385	2.9
11:24:22.397	5.2
11:24:22.410	3.0
11:24:22.418	2.6
11:24:22.430	4.9
11:24:22.442	5.5
11:24:22.450	6.5
11:24:22.463	6.3
11:24:22.475	5.1
11:24:22.483	3.0
11:24:22.496	1.4
11:24:22.508	0.9
11:24:22.520	0.1
11:24:22.528	-1.9
11:24:22.541	-0.7
11:24:22.553	-2.1
11:24:22.561	-3.2
11:24:22.573	-3.2
11:24:22.586	-2.2
11:24:22.594	0.7
11:24:22.606	2.3
11:24:22.618	0.5
11:24:22.627	-0.3
11:24:22.639	2.0
11:24:22.651	0.3
11:24:22.663	1.0
11:24:22.672	2.5
11:24:22.684	1.7
11:24:22.696	2.1
11:24:22.704	0.9
11:24:22.717	0.7
11:24:22.729	2.9
11:24:22.737	5.0
11:24:22.749	5.7
11:24:22.762	5.3
11:24:22.770	5.5
11:24:22.782	4.0
11:24:22.795	6.4
11:24:22.807	5.2
11:24:22.815	3.6
11:24:22.827	4.2
11:24:22.839	3.4
11:24:22.848	3.2
11:24:22.860	6.8
11:24:22.872	9.0
11:24:22.880	10.3
11:24:22.893	11.3
11:24:22.905	9.5
11:24:22.917	11.8
11:24:22.925	13.2
11:24:22.938	12.9
11:24:22.950	13.2
11:24:22.958	13.0
11:24:22.971	9.1
11:24:22.983	6.5
11:24:22.991	6.3
11:24:23.003	5.4
11:24:23.016	6.4
11:24:23.024	5.3
11:24:23.036	5.1
11:24:23.048	3.9
11:24:23.057	5.1
11:24:23.069	4.2
11:24:23.081	4.2
11:24:23.093	5.1
11:24:23.102	5.5
11:24:23.114	6.7
11:24:23.126	6.4
11:24:23.134	5.2
11:24:23.147	5.4
11:24:23.159	5.5
11:24:23.171	5.0
11:24:23.179	5.5
11:24:23.192	5.6
11:24:23.204	5.5
11:24:23.212	4.9
11:24:23.224	5.2
11:24:23.237	4.9
11:24:23.245	5.2
11:24:23.257	5.3
11:24:23.269	5.7
11:24:23.278	4.6
11:24:23.290	4.8
11:24:23.302	4.9
11:24:23.310	4.6
11:24:23.323	5.2
11:24:23.335	3.8
11:24:23.347	2.9
11:24:23.355	3.7
11:24:23.368	2.3
11:24:23.380	1.4
11:24:23.392	2.0
11:24:23.400	0.4
11:24:23.413	-0.3
11:24:23.425	-1.1
11:24:23.433	-1.4
11:24:23.446	-0.3
11:24:23.458	-0.4
11:24:23.470	-1.3
11:24:23.478	0.3
11:24:23.491	1.3
11:24:23.503	-1.2
11:24:23.511	0.9
11:24:23.523	0.9
11:24:23.536	3.8
11:24:23.544	2.7
11:24:23.556	2.2
11:24:23.568	3.2
11:24:23.577	4.2
11:24:23.589	3.0
11:24:23.601	3.0
11:24:23.609	2.3
11:24:23.622	2.0
11:24:23.634	1.1
11:24:23.646	-1.4
11:24:23.654	-2.5
11:24:23.667	-4.5
11:24:23.679	-5.1
11:24:23.687	-6.0
11:24:23.699	-6.7
11:24:23.712	-5.4
11:24:23.720	-2.4
11:24:23.732	-2.4
11:24:23.745	-2.5
11:24:23.753	-1.6
11:24:23.765	-0.3
11:24:23.777	0.8
11:24:23.790	0.9
11:24:23.798	-0.3
11:24:23.810	-0.8
11:24:23.822	-3.5
11:24:23.831	-3.9
11:24:23.843	-3.8
11:24:23.855	-3.9
11:24:23.863	-3.9
11:24:23.876	-2.1
11:24:23.888	-1.3
11:24:23.900	0.1
11:24:23.908	1.2
11:24:23.921	4.0
11:24:23.933	4.6
11:24:23.941	5.6
11:24:23.954	5.4
11:24:23.966	6.7
11:24:23.974	5.4
11:24:23.986	4.3
11:24:23.999	3.3
11:24:24.007	2.6
11:24:24.019	3.0
11:24:24.031	1.4
11:24:24.040	2.2
11:24:24.052	0.0
11:24:24.064	0.1
11:24:24.076	-0.7
11:24:24.085	2.7
11:24:24.097	3.0
11:24:24.109	3.6
11:24:24.117	4.0
11:24:24.130	3.5
11:24:24.142	6.4
11:24:24.154	6.4
11:24:24.163	7.8
11:24:24.175	8.6
11:24:24.187	10.2
11:24:24.195	7.7
11:24:24.208	8.0
11:24:24.220	8.9
11:24:24.228	8.9
11:24:24.241	10.4
11:24:24.253	8.5
11:24:24.261	10.6
11:24:24.273	11.6
11:24:24.286	10.7
11:24:24.294	10.8
11:24:24.306	12.0
11:24:24.318	11.1
11:24:24.331	11.5
11:24:24.339	11.4
11:24:24.351	10.3
11:24:24.363	11.4
11:24:24.372	9.0
11:24:24.384	7.8
11:24:24.396	8.0
11:24:24.404	7.4
11:24:24.417	8.3
11:24:24.429	6.5
11:24:24.441	8.1
11:24:24.449	8.4
11:24:24.462	9.2
11:24:24.474	7.7
11:24:24.482	7.1
11:24:24.494	6.5
11:24:24.507	6.2
11:24:24.515	6.7
11:24:24.527	5.1
11:24:24.539	4.9
11:24:24.548	2.6
11:24:24.560	1.1
11:24:24.572	1.0
11:24:24.584	0.5
11:24:24.593	1.6
11:24:24.605	1.2
11:24:24.617	2.4
11:24:24.625	3.0
11:24:24.638	4.7
11:24:24.650	6.1
11:24:24.658	6.2
11:24:24.670	5.7
11:24:24.683	8.1
11:24:24.691	9.9
11:24:24.703	10.8
11:24:24.716	13.2
11:24:24.728	11.3
11:24:24.736	13.9
11:24:24.748	11.8
11:24:24.761	14.2
11:24:24.769	13.7
11:24:24.781	15.7
11:24:24.793	13.4
11:24:24.802	12.0
11:24:24.814	12.4
11:24:24.826	10.5
11:24:24.838	10.8
11:24:24.847	6.9
11:24:24.859	6.5
11:24:24.871	4.8
11:24:24.879	5.2
11:24:24.892	4.3
11:24:24.904	4.7
11:24:24.912	3.5
11:24:24.924	1.1
11:24:24.937	2.1
11:24:24.945	2.4
11:24:24.957	1.2
11:24:24.969	1.4
11:24:24.978	3.2
11:24:24.990	2.8
11:24:25.002	2.1
11:24:25.015	1.0
11:24:25.023	1.0
11:24:25.035	1.9
11:24:25.047	0.2
11:24:25.055	-0.3
11:24:25.068	0.9
11:24:25.080	0.8
11:24:25.092	-2.0
11:24:25.101	-2.9
11:24:25.113	-2.3
11:24:25.125	1.0
11:24:25.133	1.5
11:24:25.146	1.1
11:24:25.158	3.9
11:24:25.166	6.5
11:24:25.178	9.3
11:24:25.191	10.1
11:24:25.203	13.8
11:24:25.211	15.7
11:24:25.223	16.6
11:24:25.236	13.6
11:24:25.244	13.3
11:24:25.256	13.9
11:24:25.268	13.4
11:24:25.277	11.8
11:24:25.289	8.9
11:24:25.302	8.7
11:24:25.313	5.2
11:24:25.322	5.9
11:24:25.334	5.2
11:24:25.346	5.1
11:24:25.354	6.2
11:24:25.367	5.8
11:24:25.379	4.8
11:24:25.391	5.6
11:24:25.400	4.0
11:24:25.412	2.8
11:24:25.424	1.8
11:24:25.432	-0.3
11:24:25.445	-0.7
11:24:25.457	-1.9
11:24:25.465	-3.0
11:24:25.477	-3.5
11:24:25.489	-4.6
11:24:25.498	-5.7
11:24:25.510	-3.0
11:24:25.522	-2.6
11:24:25.530	-2.4
11:24:25.543	-0.9
11:24:25.555	-0.5
11:24:25.567	-0.6
11:24:25.576	-0.3
11:24:25.588	-1.0
11:24:25.600	-0.1
11:24:25.608	-1.2
11:24:25.621	-2.2
11:24:25.633	-1.2
11:24:25.641	-0.2
11:24:25.653	-0.1
11:24:25.666	1.2
11:24:25.674	2.3
11:24:25.686	2.9
11:24:25.698	5.1
11:24:25.711	4.0
11:24:25.719	6.9
11:24:25.731	7.6
11:24:25.743	8.9
11:24:25.752	10.0
11:24:25.764	9.5
11:24:25.776	9.3
11:24:25.784	9.0
11:24:25.797	9.3
11:24:25.809	8.3
11:24:25.821	9.7
11:24:25.829	8.0
11:24:25.842	7.5
11:24:25.854	7.1
11:24:25.862	6.2
11:24:25.874	6.9
11:24:25.887	5.3
11:24:25.895	8.3
11:24:25.907	9.6
11:24:25.919	12.3
11:24:25.928	14.2
11:24:25.940	16.4
11:24:25.952	18.8
11:24:25.960	20.9
11:24:25.973	23.4
11:24:25.985	25.0
11:24:25.998	29.2
11:24:26.006	27.9
11:24:26.018	29.4
11:24:26.030	29.4
11:24:26.038	30.2
11:24:26.051	29.6
11:24:26.063	29.6
11:24:26.075	28.2
11:24:26.084	29.4
11:24:26.096	28.6
11:24:26.108	26.3
11:24:26.116	28.7
11:24:26.129	27.9
11:24:26.141	28.9
11:24:26.149	29.3
11:24:26.161	30.8
11:24:26.174	30.1
11:24:26.182	31.9
11:24:26.194	29.1
11:24:26.206	30.3
11:24:26.215	31.9
11:24:26.227	31.1
11:24:26.239	30.4
11:24:26.252	28.8
11:24:26.260	26.6
11:24:26.272	27.3
11:24:26.285	27.5
11:24:26.293	26.2
11:24:26.305	28.0
11:24:26.318	27.8
11:24:26.326	27.0
11:24:26.338	25.9
11:24:26.350	26.4
11:24:26.363	26.4
11:24:26.371	26.8
11:24:26.383	26.5
11:24:26.395	27.6
11:24:26.403	26.8
11:24:26.416	26.8
11:24:26.428	27.8
11:24:26.436	26.9
11:24:26.449	27.4
11:24:26.461	25.4
11:24:26.469	25.3
11:24:26.481	23.9
11:24:26.494	24.2
11:24:26.506	22.5
11:24:26.514	22.8
11:24:26.526	23.0
11:24:26.539	20.8
11:24:26.547	20.6
11:24:26.559	20.1
11:24:26.571	22.0
11:24:26.580	24.9
11:24:26.592	26.1
11:24:26.604	22.2
11:24:26.612	22.8
11:24:26.625	21.7
11:24:26.637	19.5
11:24:26.649	19.5
11:24:26.658	20.9
11:24:26.670	20.9
11:24:26.682	20.4
11:24:26.690	16.1
11:24:26.702	15.4
11:24:26.715	18.1
11:24:26.723	18.0
11:24:26.735	19.3
11:24:26.747	19.4
11:24:26.760	19.9
11:24:26.768	19.1
11:24:26.780	20.7
11:24:26.793	19.2
11:24:26.801	20.1
11:24:26.813	20.7
11:24:26.825	18.5
11:24:26.833	17.1
11:24:26.846	14.3
11:24:26.858	15.2
11:24:26.866	14.2
11:24:26.878	13.5
11:24:26.891	11.4
11:24:26.899	13.4
11:24:26.911	14.2
11:24:26.924	13.6
11:24:26.936	14.2
11:24:26.944	16.1
11:24:26.956	18.3
11:24:26.969	16.5
11:24:26.977	17.7
11:24:26.989	17.6
11:24:27.001	17.7
11:24:27.014	16.1
11:24:27.022	15.2
11:24:27.034	14.2
11:24:27.046	15.8
11:24:27.059	14.0
11:24:27.067	15.9
11:24:27.079	18.5
11:24:27.091	16.9
11:24:27.100	17.3
11:24:27.112	17.9
11:24:27.124	17.9
11:24:27.132	18.1
11:24:27.145	19.9
11:24:27.157	20.5
11:24:27.165	22.7
11:24:27.177	21.5
11:24:27.190	21.0
11:24:27.198	21.9
11:24:27.210	22.6
11:24:27.223	22.7
11:24:27.235	24.2
11:24:27.243	23.8
11:24:27.255	24.1
11:24:27.267	24.2
11:24:27.276	24.4
11:24:27.288	24.7
11:24:27.300	24.0
11:24:27.312	23.1
11:24:27.321	22.6
11:24:27.333	21.5
11:24:27.345	20.5
11:24:27.354	21.5
11:24:27.366	21.6
11:24:27.378	20.8
11:24:27.386	18.9
11:24:27.399	18.6
11:24:27.411	18.2
11:24:27.419	17.8
11:24:27.432	17.9
11:24:27.444	18.8
11:24:27.452	19.2
11:24:27.464	19.6
11:24:27.477	18.9
11:24:27.489	17.1
11:24:27.497	18.0
11:24:27.509	17.0
11:24:27.522	16.6
11:24:27.530	16.9
11:24:27.542	16.3
11:24:27.554	16.9
11:24:27.563	15.5
11:24:27.575	13.0
11:24:27.587	14.1
11:24:27.595	14.2
11:24:27.608	12.9
11:24:27.620	11.9
11:24:27.632	11.7
11:24:27.640	13.1
11:24:27.653	12.4
11:24:27.665	9.6
11:24:27.673	8.5
11:24:27.686	7.3
11:24:27.698	5.9
11:24:27.706	5.8
11:24:27.718	7.1
11:24:27.730	6.5
11:24:27.743	6.1
11:24:27.751	3.4
11:24:27.763	2.9
11:24:27.775	2.1
11:24:27.784	2.5
11:24:27.796	3.6
11:24:27.808	1.1
11:24:27.816	-1.3
11:24:27.829	-5.2
11:24:27.841	-4.6
11:24:27.849	-6.5
11:24:27.861	-6.3
11:24:27.874	-7.5
11:24:27.882	-6.5
11:24:27.894	-8.3
11:24:27.907	-10.5
11:24:27.919	-10.9
11:24:27.927	-10.2
11:24:27.939	-9.4
11:24:27.952	-10.4
11:24:27.960	-9.7
11:24:27.972	-10.5
11:24:27.984	-11.1
11:24:27.997	-13.5
11:24:28.005	-12.6
11:24:28.017	-12.3
11:24:28.029	-13.3
11:24:28.038	-15.3
11:24:28.050	-15.5
11:24:28.062	-16.5
11:24:28.070	-15.9
11:24:28.083	-16.8
11:24:28.095	-17.5
11:24:28.103	-17.7
11:24:28.115	-18.5
11:24:28.128	-19.6
11:24:28.136	-17.7
11:24:28.148	-15.6
11:24:28.160	-16.4
11:24:28.173	-17.7
11:24:28.181	-15.5
11:24:28.193	-16.4
11:24:28.205	-13.7
11:24:28.214	-12.8
11:24:28.226	-12.9
11:24:28.238	-13.6
11:24:28.246	-16.4
11:24:28.259	-17.2
11:24:28.271	-17.7
11:24:28.283	-15.8
11:24:28.291	-20.4
11:24:28.304	-21.0
11:24:28.316	-23.5
11:24:28.324	-25.6
11:24:28.336	-25.3
11:24:28.349	-24.9
11:24:28.357	-25.3
11:24:28.369	-26.8
11:24:28.382	-26.0
11:24:28.390	-27.5
11:24:28.402	-27.7
11:24:28.414	-27.6
11:24:28.427	-28.0
11:24:28.435	-27.5
11:24:28.447	-28.6
11:24:28.459	-27.8
11:24:28.467	-26.4
11:24:28.480	-25.8
11:24:28.492	-26.6
11:24:28.500	-26.8
11:24:28.513	-27.0
11:24:28.525	-26.6
11:24:28.533	-26.0
11:24:28.545	-25.0
11:24:28.558	-22.8
11:24:28.570	-23.2
11:24:28.578	-22.7
11:24:28.590	-22.4
11:24:28.603	-23.0
11:24:28.611	-20.3
11:24:28.623	-19.3
11:24:28.635	-17.4
11:24:28.644	-16.9
11:24:28.656	-17.8
11:24:28.668	-17.8
11:24:28.680	-16.7
11:24:28.689	-15.9
11:24:28.701	-13.4
11:24:28.713	-11.7
11:24:28.721	-13.3
11:24:28.734	-12.1
11:24:28.746	-13.5
11:24:28.755	-13.9
11:24:28.766	-10.9
11:24:28.779	-10.7
11:24:28.787	-9.0
11:24:28.799	-7.7
11:24:28.811	-8.5
11:24:28.820	-8.4
11:24:28.832	-9.0
11:24:28.844	-6.9
11:24:28.857	-4.6
11:24:28.865	-3.6
11:24:28.877	-1.9
11:24:28.889	-1.8
11:24:28.897	-1.4
11:24:28.910	-3.5
11:24:28.922	0.2
11:24:28.934	1.1
11:24:28.943	7.2
11:24:28.955	6.2
11:24:28.967	5.1
11:24:28.975	7.3
11:24:28.988	6.2
11:24:29.000	9.0
11:24:29.008	8.4
11:24:29.020	11.2
11:24:29.033	7.1
11:24:29.041	7.1
11:24:29.053	2.8
11:24:29.065	5.5
11:24:29.074	8.0
11:24:29.086	7.3
11:24:29.098	9.5
11:24:29.110	8.1
11:24:29.119	10.0
11:24:29.131	9.9
11:24:29.143	11.5
11:24:29.155	12.6
11:24:29.164	14.3
11:24:29.176	14.3
11:24:29.188	14.1
11:24:29.196	17.1
11:24:29.209	16.4
11:24:29.221	18.0
11:24:29.233	15.8
11:24:29.241	15.8
11:24:29.254	17.6
11:24:29.266	19.7
11:24:29.274	19.1
11:24:29.286	18.2
11:24:29.299	19.0
11:24:29.307	18.2
11:24:29.319	18.7
11:24:29.331	17.7
11:24:29.340	20.6
11:24:29.352	20.8
11:24:29.364	20.6
11:24:29.372	18.6
11:24:29.385	17.8
11:24:29.397	18.2
11:24:29.409	17.5
11:24:29.417	15.6
11:24:29.430	15.7
11:24:29.442	17.9
11:24:29.450	18.4
11:24:29.463	20.7
11:24:29.475	21.0
11:24:29.483	22.0
11:24:29.495	24.6
11:24:29.508	26.6
11:24:29.516	27.0
11:24:29.528	28.3
11:24:29.540	28.8
11:24:29.553	28.8
11:24:29.561	27.3
11:24:29.573	25.7
11:24:29.585	25.1
11:24:29.594	26.8
11:24:29.606	27.1
11:24:29.618	25.0
11:24:29.626	25.3
11:24:29.639	24.9
11:24:29.651	25.6
11:24:29.663	24.5
11:24:29.671	25.1
11:24:29.684	25.5
11:24:29.696	26.6
11:24:29.704	26.2
11:24:29.716	25.8
11:24:29.729	26.0
11:24:29.737	26.3
11:24:29.749	26.7
11:24:29.761	24.9
11:24:29.770	24.6
11:24:29.782	23.1
11:24:29.794	24.6
11:24:29.802	25.0
11:24:29.815	23.7
11:24:29.827	25.0
11:24:29.839	25.4
11:24:29.847	25.4
11:24:29.860	25.6
11:24:29.872	25.7
11:24:29.880	26.4
11:24:29.892	27.6
11:24:29.905	26.3
11:24:29.917	24.2
11:24:29.925	25.7
11:24:29.938	24.3
11:24:29.950	23.1
11:24:29.958	23.7
11:24:29.970	23.7
11:24:29.983	22.9
11:24:29.991	21.6
11:24:30.003	23.4
11:24:30.015	21.7
11:24:30.024	22.7
11:24:30.036	22.5
11:24:30.048	20.7
11:24:30.056	21.6
11:24:30.069	21.2
11:24:30.081	20.9
11:24:30.093	22.9
11:24:30.101	23.9
11:24:30.114	22.4
11:24:30.126	24.8
11:24:30.134	24.7
11:24:30.146	22.9
11:24:30.159	24.6
11:24:30.167	23.7
11:24:30.179	21.7
11:24:30.191	21.5
11:24:30.204	24.4
11:24:30.212	22.0
11:24:30.224	20.7
11:24:30.237	18.5
11:24:30.246	17.7
11:24:30.258	17.7
11:24:30.270	17.0
11:24:30.278	17.9
11:24:30.291	18.7
11:24:30.303	18.1
11:24:30.311	15.3
11:24:30.323	15.4
11:24:30.336	16.0
11:24:30.348	17.6
11:24:30.356	17.0
11:24:30.368	16.0
11:24:30.381	15.1
11:24:30.389	15.1
11:24:30.401	15.4
11:24:30.413	15.6
11:24:30.422	14.8
11:24:30.434	15.6
11:24:30.446	16.1
11:24:30.454	15.4
11:24:30.467	15.5
11:24:30.479	17.6
11:24:30.491	18.2
11:24:30.499	18.5
11:24:30.512	17.7
11:24:30.524	17.7
11:24:30.532	16.0
11:24:30.545	16.7
11:24:30.557	16.5
11:24:30.565	18.2
11:24:30.577	20.0
11:24:30.590	17.9
11:24:30.602	18.5
11:24:30.610	17.5
11:24:30.622	20.6
11:24:30.635	20.4
11:24:30.643	21.4
11:24:30.655	20.0
11:24:30.667	18.7
11:24:30.676	16.4
11:24:30.688	15.9
11:24:30.700	16.3
11:24:30.708	14.6
11:24:30.721	14.2
11:24:30.733	11.9
11:24:30.741	13.5
11:24:30.753	14.0
11:24:30.766	16.0
11:24:30.778	16.2
11:24:30.786	16.7
11:24:30.798	15.4
11:24:30.811	15.6
11:24:30.819	16.5
11:24:30.831	15.3
11:24:30.843	13.7
11:24:30.856	11.2
11:24:30.864	9.9
11:24:30.876	8.7
11:24:30.888	8.8
11:24:30.897	7.7
11:24:30.909	6.5
11:24:30.921	7.8
11:24:30.929	8.2
11:24:30.942	13.5
11:24:30.954	17.4
11:24:30.962	16.5
11:24:30.974	18.2
11:24:30.987	17.9
11:24:30.995	17.7
11:24:31.007	18.1
11:24:31.019	18.8
11:24:31.032	17.5
11:24:31.040	18.0
11:24:31.052	14.2
11:24:31.065	11.2
11:24:31.077	13.0
11:24:31.085	11.3
11:24:31.097	11.6
11:24:31.110	12.0
11:24:31.118	12.3
11:24:31.130	12.6
11:24:31.142	12.4
11:24:31.155	11.9
11:24:31.163	10.5
11:24:31.175	10.8
11:24:31.187	10.1
11:24:31.196	11.3
11:24:31.208	10.0
11:24:31.220	10.2
11:24:31.228	10.2
11:24:31.241	10.5
11:24:31.253	10.3
11:24:31.261	9.6
11:24:31.273	9.8
11:24:31.286	9.5
11:24:31.294	9.6
11:24:31.306	7.6
11:24:31.318	9.2
11:24:31.331	8.1
11:24:31.339	7.6
11:24:31.351	6.2
11:24:31.364	6.1
11:24:31.372	7.3
11:24:31.384	6.5
11:24:31.396	5.6
11:24:31.405	3.6
11:24:31.417	3.5
11:24:31.429	1.8
11:24:31.437	2.3
11:24:31.450	1.7
11:24:31.462	3.1
11:24:31.474	2.3
11:24:31.482	1.5
11:24:31.495	1.9
11:24:31.507	0.7
11:24:31.515	1.3
11:24:31.527	0.4
11:24:31.540	-0.8
11:24:31.548	-2.0
11:24:31.560	-1.1
11:24:31.572	-3.7
11:24:31.585	-3.9
11:24:31.593	-6.7
11:24:31.605	-8.9
11:24:31.617	-8.9
11:24:31.626	-9.6
11:24:31.638	-9.2
11:24:31.650	-10.1
11:24:31.658	-12.6
11:24:31.671	-14.8
11:24:31.683	-14.0
11:24:31.691	-14.6
11:24:31.703	-13.3
11:24:31.716	-12.4
11:24:31.724	-12.0
11:24:31.736	-11.1
11:24:31.749	-12.1
11:24:31.761	-11.3
11:24:31.769	-10.1
11:24:31.781	-10.1
11:24:31.794	-12.9
11:24:31.802	-12.7
11:24:31.814	-13.2
11:24:31.826	-13.7
11:24:31.839	-14.3
11:24:31.847	-16.3
11:24:31.859	-16.8
11:24:31.871	-17.3
11:24:31.880	-17.6
11:24:31.892	-18.0
11:24:31.904	-15.7
11:24:31.912	-16.4
11:24:31.925	-18.2
11:24:31.937	-19.1
11:24:31.945	-20.4
11:24:31.957	-21.4
11:24:31.970	-22.8
11:24:31.978	-22.7
11:24:31.990	-22.3
11:24:32.002	-22.0
11:24:32.015	-22.8
11:24:32.023	-22.0
11:24:32.035	-21.4
11:24:32.047	-20.9
11:24:32.055	-19.6
11:24:32.068	-18.4
11:24:32.080	-17.3
11:24:32.088	-17.0
11:24:32.101	-17.5
11:24:32.113	-19.8
11:24:32.125	-21.2
11:24:32.133	-21.9
11:24:32.145	-22.5
11:24:32.158	-22.4
11:24:32.166	-23.3
11:24:32.178	-22.6
11:24:32.190	-21.8
11:24:32.199	-22.0
11:24:32.211	-21.9
11:24:32.223	-20.7
11:24:32.231	-17.6
11:24:32.244	-17.8
11:24:32.256	-17.9
11:24:32.268	-16.7
11:24:32.276	-14.9
11:24:32.289	-12.7
11:24:32.301	-12.4
11:24:32.309	-10.6
11:24:32.322	-6.2
11:24:32.334	-5.2
11:24:32.342	-6.0
11:24:32.354	-4.6
11:24:32.367	-2.1
11:24:32.375	-1.7
11:24:32.387	-3.1
11:24:32.399	-4.0
11:24:32.412	-3.3
11:24:32.420	-3.9
11:24:32.432	-8.1
11:24:32.444	-6.4
11:24:32.453	-7.6
11:24:32.465	-8.7
11:24:32.477	-8.3
11:24:32.485	-7.8
11:24:32.498	-6.3
11:24:32.510	-5.9
11:24:32.522	-5.1
11:24:32.530	-3.2
11:24:32.543	-0.3
11:24:32.555	-2.0
11:24:32.563	4.2
11:24:32.575	5.7
11:24:32.588	6.1
11:24:32.596	7.3
11:24:32.608	12.1
11:24:32.620	14.3
11:24:32.629	14.8
11:24:32.641	16.0
11:24:32.653	16.6
11:24:32.661	18.9
11:24:32.674	16.2
11:24:32.686	15.9
11:24:32.698	18.1
11:24:32.707	18.7
11:24:32.719	16.2
11:24:32.731	15.3
11:24:32.739	18.5
11:24:32.751	16.6
11:24:32.764	20.1
11:24:32.776	20.0
11:24:32.784	18.7
11:24:32.796	20.2
11:24:32.809	20.2
11:24:32.817	19.5
11:24:32.829	19.3
11:24:32.842	19.4
11:24:32.850	15.7
11:24:32.862	16.3
11:24:32.875	13.0
11:24:32.883	12.7
11:24:32.895	14.0
11:24:32.907	13.5
11:24:32.916	11.0
11:24:32.928	10.4
11:24:32.940	9.8
11:24:32.953	9.4
11:24:32.961	10.2
11:24:32.973	11.3
11:24:32.985	11.9
11:24:32.994	12.2
11:24:33.006	13.4
11:24:33.018	13.8
11:24:33.030	14.6
11:24:33.039	15.2
11:24:33.051	15.4
11:24:33.063	16.1
11:24:33.075	16.2
11:24:33.084	13.9
11:24:33.096	11.3
11:24:33.108	14.1
11:24:33.116	11.6
11:24:33.129	10.2
11:24:33.137	9.9
11:24:33.149	8.3
11:24:33.161	8.5
11:24:33.170	7.5
11:24:33.182	8.4
11:24:33.194	9.1
11:24:33.207	8.6
11:24:33.215	5.4
11:24:33.227	7.2
11:24:33.239	7.8
11:24:33.252	8.7
11:24:33.260	9.1
11:24:33.272	8.8
11:24:33.284	9.9
11:24:33.293	7.9
11:24:33.305	7.6
11:24:33.317	9.3
11:24:33.325	9.5
11:24:33.338	7.1
11:24:33.350	7.0
11:24:33.358	6.9
11:24:33.370	8.4
11:24:33.383	7.0
11:24:33.395	5.7
11:24:33.403	5.8
11:24:33.415	5.7
11:24:33.428	5.7
11:24:33.436	5.0
11:24:33.448	6.9
11:24:33.460	6.6
11:24:33.469	6.2
11:24:33.481	5.1
11:24:33.493	6.6
11:24:33.506	7.0
11:24:33.514	8.1
11:24:33.526	7.1
11:24:33.538	6.3
11:24:33.546	7.5
11:24:33.559	7.7
11:24:33.571	9.4
11:24:33.579	8.6
11:24:33.591	8.3
11:24:33.604	9.0
11:24:33.612	8.2
11:24:33.624	7.6
11:24:33.636	10.3
11:24:33.645	11.5
11:24:33.657	9.6
11:24:33.669	9.2
11:24:33.682	7.9
11:24:33.690	10.6
11:24:33.702	11.5
11:24:33.714	8.7
11:24:33.722	10.8
11:24:33.735	11.3
11:24:33.747	7.5
11:24:33.759	6.8
11:24:33.768	8.3
11:24:33.780	5.6
11:24:33.792	4.1
11:24:33.800	1.1
11:24:33.813	-0.1
11:24:33.825	1.0
11:24:33.833	-2.5
11:24:33.846	-4.1
11:24:33.858	-1.7
11:24:33.866	-2.7
11:24:33.878	-3.1
11:24:33.891	-1.3
11:24:33.899	-0.2
11:24:33.911	-1.3
11:24:33.923	-0.5
11:24:33.936	-1.5
11:24:33.944	0.2
11:24:33.956	1.2
11:24:33.968	1.5
11:24:33.977	0.0
11:24:33.989	-1.6
11:24:34.001	-3.7
11:24:34.009	-4.5
11:24:34.022	-4.2
11:24:34.034	-7.1
11:24:34.046	-7.8
11:24:34.054	-8.9
11:24:34.067	-12.2
11:24:34.079	-14.2
11:24:34.087	-14.2
11:24:34.099	-14.2
11:24:34.111	-13.2
11:24:34.120	-13.7
11:24:34.132	-14.3
11:24:34.144	-12.7
11:24:34.152	-11.1
11:24:34.165	-10.9
11:24:34.177	-9.9
11:24:34.189	-10.1
11:24:34.198	-9.9
11:24:34.210	-9.1
11:24:34.222	-10.1
11:24:34.230	-11.5
11:24:34.243	-12.3
11:24:34.255	-12.2
11:24:34.263	-15.3
11:24:34.275	-18.3
11:24:34.288	-17.9
11:24:34.296	-18.6
11:24:34.308	-20.4
11:24:34.321	-20.3
11:24:34.333	-21.7
11:24:34.341	-18.6
11:24:34.353	-18.8
11:24:34.366	-19.7
11:24:34.374	-19.0
11:24:34.386	-18.3
11:24:34.398	-19.4
11:24:34.406	-19.7
11:24:34.419	-18.9
11:24:34.431	-19.8
11:24:34.443	-19.1
11:24:34.452	-21.2
11:24:34.464	-21.4
11:24:34.476	-22.3
11:24:34.484	-20.3
11:24:34.497	-18.2
11:24:34.509	-18.3
11:24:34.517	-17.8
11:24:34.529	-16.0
11:24:34.542	-16.3
11:24:34.550	-14.6
11:24:34.562	-14.6
11:24:34.574	-14.1
11:24:34.583	-13.2
11:24:34.595	-13.6
11:24:34.607	-14.9
11:24:34.619	-13.9
11:24:34.628	-14.4
11:24:34.640	-15.6
11:24:34.652	-14.7
11:24:34.660	-15.9
11:24:34.673	-14.4
11:24:34.685	-9.6
11:24:34.697	-11.2
11:24:34.705	-11.8
11:24:34.718	-12.2
11:24:34.730	-13.0
11:24:34.738	-13.8
11:24:34.750	-13.3
11:24:34.763	-15.7
11:24:34.771	-15.7
11:24:34.783	-19.2
11:24:34.796	-24.2
11:24:34.804	-23.2
11:24:34.816	-24.8
11:24:34.828	-25.0
11:24:34.836	-25.3
11:24:34.849	-26.8
11:24:34.861	-29.0
11:24:34.873	-29.0
11:24:34.882	-31.1
11:24:34.894	-30.5
11:24:34.906	-30.0
11:24:34.914	-30.1
11:24:34.927	-30.5
11:24:34.939	-29.7
11:24:34.947	-29.9
11:24:34.959	-28.2
11:24:34.972	-25.4
11:24:34.984	-23.6
11:24:34.996	-21.3
11:24:35.004	-20.4
11:24:35.017	-22.2
11:24:35.029	-23.5
11:24:35.037	-20.9
11:24:35.049	-19.7
11:24:35.062	-18.2
11:24:35.070	-18.4
11:24:35.083	-19.2
11:24:35.095	-20.1
11:24:35.103	-20.3
11:24:35.116	-20.4
11:24:35.128	-17.6
11:24:35.136	-15.3
11:24:35.148	-17.3
11:24:35.161	-16.9
11:24:35.173	-16.8
11:24:35.181	-15.1
11:24:35.193	-14.9
11:24:35.206	-13.1
11:24:35.214	-10.7
11:24:35.226	-7.6
11:24:35.238	-7.7
11:24:35.247	-6.0
11:24:35.259	-5.0
11:24:35.271	-7.1
11:24:35.279	-7.1
11:24:35.292	-6.4
11:24:35.304	-6.4
11:24:35.316	-7.8
11:24:35.324	-8.3
11:24:35.337	-11.7
11:24:35.349	-11.3
11:24:35.357	-13.6
11:24:35.369	-11.5
11:24:35.382	-9.2
11:24:35.390	-9.2
11:24:35.402	-8.4
11:24:35.414	-8.9
11:24:35.427	-9.4
11:24:35.435	-10.4
11:24:35.447	-8.6
11:24:35.459	-8.9
11:24:35.468	-7.4
11:24:35.480	-7.7
11:24:35.492	-7.6
11:24:35.501	-7.2
11:24:35.513	-8.0
11:24:35.525	-5.6
11:24:35.533	-3.4
11:24:35.546	-1.8
11:24:35.558	-1.4
11:24:35.566	1.0
11:24:35.578	2.5
11:24:35.591	2.7
11:24:35.603	1.9
11:24:35.611	3.2
11:24:35.624	3.8
11:24:35.636	3.6
11:24:35.644	3.7
11:24:35.656	3.4
11:24:35.668	5.9
11:24:35.681	4.0
11:24:35.689	1.9
11:24:35.701	1.1
11:24:35.714	1.4
11:24:35.722	0.1
11:24:35.734	-0.5
11:24:35.746	-2.6
11:24:35.754	-2.4
11:24:35.767	-2.7
11:24:35.779	-5.7
11:24:35.787	-6.8
11:24:35.800	-6.5
11:24:35.812	-6.6
11:24:35.820	-7.1
11:24:35.832	-7.7
11:24:35.845	-5.4
11:24:35.857	-3.5
11:24:35.865	-3.1
11:24:35.877	-3.0
11:24:35.890	-3.8
11:24:35.898	-3.1
11:24:35.910	-2.0
11:24:35.922	-0.8
11:24:35.931	-0.1
11:24:35.943	2.3
11:24:35.955	1.0
11:24:35.967	1.7
11:24:35.976	1.5
11:24:35.988	1.4
11:24:36.000	3.2
11:24:36.009	5.8
11:24:36.021	6.1
11:24:36.033	8.2
11:24:36.041	8.6
11:24:36.053	9.5
11:24:36.066	11.1
11:24:36.074	12.9
11:24:36.086	15.7
11:24:36.098	17.6
11:24:36.111	19.4
11:24:36.119	19.9
11:24:36.131	21.0
11:24:36.144	19.3
11:24:36.152	20.5
11:24:36.164	22.6
11:24:36.177	21.7
11:24:36.185	22.6
11:24:36.197	22.2
11:24:36.209	24.9
11:24:36.217	25.3
11:24:36.230	26.4
11:24:36.242	26.5
11:24:36.254	28.6
11:24:36.262	30.6
11:24:36.275	28.9
11:24:36.287	31.0
11:24:36.295	30.0
11:24:36.308	30.0
11:24:36.320	26.9
11:24:36.328	27.4
11:24:36.340	25.3
11:24:36.353	26.7
11:24:36.365	26.1
11:24:36.373	24.8
11:24:36.386	25.7
11:24:36.398	25.1
11:24:36.406	26.2
11:24:36.418	26.6
11:24:36.430	27.6
11:24:36.439	27.1
11:24:36.451	27.2
11:24:36.463	25.9
11:24:36.471	24.7
11:24:36.484	24.4
11:24:36.496	21.9
11:24:36.504	21.1
11:24:36.516	19.2
11:24:36.529	18.4
11:24:36.541	17.5
11:24:36.549	14.1
11:24:36.561	11.8
11:24:36.574	9.5
11:24:36.582	4.9
11:24:36.594	0.9
11:24:36.606	-2.2
11:24:36.619	-5.4
11:24:36.627	-9.2
11:24:36.639	-13.8
11:24:36.652	-17.9
11:24:36.660	-18.9
11:24:36.672	-19.3
11:24:36.684	-18.5
11:24:36.692	-16.0
11:24:36.705	-14.7
11:24:36.717	-13.2
11:24:36.725	-14.6
11:24:36.738	-12.8
11:24:36.750	-11.9
11:24:36.758	-10.1
11:24:36.770	-10.8
11:24:36.783	-9.8
11:24:36.795	-11.9
11:24:36.803	-12.6
11:24:36.815	-13.2
11:24:36.828	-14.9
11:24:36.836	-14.0
11:24:36.848	-13.6
11:24:36.860	-12.5
11:24:36.869	-13.3
11:24:36.881	-11.6
11:24:36.893	-13.1
11:24:36.905	-11.9
11:24:36.914	-10.4
11:24:36.926	-9.9
11:24:36.938	-6.8
11:24:36.946	-4.9
11:24:36.959	-6.9
11:24:36.971	-6.9
11:24:36.979	-5.7
11:24:36.991	-5.6
11:24:37.004	-5.1
11:24:37.012	-4.6
11:24:37.024	-4.1
11:24:37.036	-5.0
11:24:37.049	-7.3
11:24:37.057	-8.5
11:24:37.069	-4.1
11:24:37.082	-4.4
11:24:37.090	-2.0
11:24:37.102	-1.0
11:24:37.114	-0.7
11:24:37.123	-0.6
11:24:37.135	-1.7
11:24:37.147	-1.8
11:24:37.155	1.4
11:24:37.168	1.6
11:24:37.180	-0.6
11:24:37.192	-0.2
11:24:37.200	-1.4
11:24:37.213	-3.0
11:24:37.225	-2.9
11:24:37.237	-3.8
11:24:37.245	-3.9
11:24:37.258	-1.5
11:24:37.270	-1.7
11:24:37.278	-0.3
11:24:37.290	-0.2
11:24:37.303	-0.6
11:24:37.311	-0.9
11:24:37.323	1.6
11:24:37.335	1.1
11:24:37.348	3.0
11:24:37.356	2.0
11:24:37.368	1.7
11:24:37.381	0.4
11:24:37.389	1.4
11:24:37.401	-0.3
11:24:37.413	0.0
11:24:37.421	0.5
11:24:37.434	-0.3
11:24:37.446	0.4
11:24:37.454	-0.7
11:24:37.466	1.2
11:24:37.479	1.3
11:24:37.487	0.4
11:24:37.499	-2.0
11:24:37.512	2.2
11:24:37.524	2.2
11:24:37.532	-2.6
11:24:37.544	-1.8
11:24:37.557	0.4
11:24:37.565	2.1
11:24:37.577	1.2
11:24:37.589	1.2
11:24:37.602	3.7
11:24:37.610	4.9
11:24:37.622	0.4
11:24:37.634	1.6
11:24:37.643	5.3
11:24:37.655	6.1
11:24:37.667	6.9
11:24:37.675	4.1
11:24:37.688	4.8
11:24:37.700	7.9
11:24:37.708	5.4
11:24:37.720	4.2
11:24:37.733	5.2
11:24:37.741	3.7
11:24:37.753	4.7
11:24:37.765	2.8
11:24:37.778	2.3
11:24:37.786	3.5
11:24:37.798	5.2
11:24:37.810	2.5
11:24:37.819	2.9
11:24:37.831	3.3
11:24:37.843	4.2
11:24:37.851	6.5
11:24:37.864	6.5
11:24:37.876	8.8
11:24:37.888	9.3
11:24:37.896	12.6
11:24:37.909	11.5
11:24:37.921	17.4
11:24:37.929	20.0
11:24:37.942	23.0
11:24:37.954	25.5
11:24:37.962	25.6
11:24:37.974	27.1
11:24:37.987	26.7
11:24:37.995	27.4
11:24:38.007	29.4
11:24:38.019	29.9
11:24:38.032	25.2
11:24:38.040	26.1
11:24:38.052	29.4
11:24:38.064	29.8
11:24:38.073	30.0
11:24:38.085	30.6
11:24:38.097	29.0
11:24:38.105	28.1
11:24:38.118	23.8
11:24:38.130	25.7
11:24:38.138	26.8
11:24:38.150	27.4
11:24:38.163	24.4
11:24:38.175	23.3
11:24:38.183	23.6
11:24:38.195	23.2
11:24:38.208	26.2
11:24:38.216	25.7
11:24:38.228	26.4
11:24:38.240	24.6
11:24:38.249	24.7
11:24:38.261	22.6
11:24:38.273	21.3
11:24:38.285	23.1
11:24:38.294	21.9
11:24:38.306	22.5
11:24:38.318	22.3
11:24:38.326	21.0
11:24:38.339	20.3
11:24:38.351	20.9
11:24:38.359	18.9
11:24:38.371	19.5
11:24:38.384	21.6
11:24:38.392	18.8
11:24:38.404	20.1
11:24:38.417	18.2
11:24:38.425	18.2
11:24:38.437	19.5
11:24:38.449	21.5
11:24:38.462	21.3
11:24:38.470	22.2
11:24:38.482	21.8
11:24:38.494	20.5
11:24:38.503	21.9
11:24:38.515	21.3
11:24:38.527	24.6
11:24:38.539	23.4
11:24:38.548	25.1
11:24:38.560	26.1
11:24:38.572	27.2
11:24:38.580	27.1
11:24:38.593	28.7
11:24:38.605	28.5
11:24:38.613	27.4
11:24:38.625	30.8
11:24:38.638	26.9
11:24:38.646	28.7
11:24:38.658	29.1
11:24:38.670	27.7
11:24:38.679	26.6
11:24:38.691	27.3
11:24:38.703	27.1
11:24:38.715	26.6
11:24:38.724	27.4
11:24:38.736	23.1
11:24:38.748	24.7
11:24:38.756	25.1
11:24:38.769	23.4
11:24:38.781	22.8
11:24:38.789	22.4
11:24:38.801	21.6
11:24:38.814	20.8
11:24:38.826	22.3
11:24:38.834	21.8
11:24:38.846	23.1
11:24:38.859	23.2
11:24:38.867	23.6
11:24:38.879	22.6
11:24:38.892	22.2
11:24:38.900	22.6
11:24:38.912	23.1
11:24:38.924	20.9
11:24:38.932	21.2
11:24:38.945	23.0
11:24:38.957	22.9
11:24:38.969	24.7
11:24:38.978	23.8
11:24:38.990	25.6
11:24:39.003	24.8
11:24:39.015	27.8
11:24:39.023	27.0
11:24:39.035	29.9
11:24:39.048	26.1
11:24:39.056	25.0
11:24:39.068	25.4
11:24:39.080	22.3
11:24:39.089	21.8
11:24:39.101	20.2
11:24:39.113	24.6
11:24:39.121	21.8
11:24:39.134	22.5
11:24:39.146	22.8
11:24:39.158	26.5
11:24:39.166	26.3
11:24:39.179	25.3
11:24:39.191	23.5
11:24:39.199	22.0
11:24:39.211	23.0
11:24:39.224	19.9
11:24:39.232	20.2
11:24:39.244	19.9
11:24:39.256	17.9
11:24:39.269	17.1
11:24:39.277	16.7
11:24:39.289	16.3
11:24:39.301	17.6
11:24:39.310	17.7
11:24:39.322	17.1
11:24:39.334	16.2
11:24:39.343	15.3
11:24:39.355	15.6
11:24:39.367	17.1
11:24:39.375	14.9
11:24:39.387	13.4
11:24:39.400	13.8
11:24:39.408	12.4
11:24:39.420	12.0
11:24:39.433	11.2
11:24:39.445	10.1
11:24:39.453	8.9
11:24:39.465	9.7
11:24:39.478	7.9
11:24:39.486	8.7
11:24:39.498	9.8
11:24:39.510	9.6
11:24:39.523	11.3
11:24:39.531	10.3
11:24:39.543	10.6
11:24:39.555	10.4
11:24:39.564	13.6
11:24:39.576	11.8
11:24:39.588	10.1
11:24:39.596	8.2
11:24:39.609	11.1
11:24:39.621	9.4
11:24:39.629	8.4
11:24:39.641	8.4
11:24:39.654	7.7
11:24:39.662	6.0
11:24:39.674	2.5
11:24:39.686	1.2
11:24:39.699	0.8
11:24:39.707	1.7
11:24:39.719	-3.0
11:24:39.731	-3.9
11:24:39.740	-4.9
11:24:39.752	-4.6
11:24:39.764	-7.7
11:24:39.772	-7.6
11:24:39.785	-6.5
11:24:39.797	-8.6
11:24:39.809	-5.1
11:24:39.817	-5.9
11:24:39.830	-7.3
11:24:39.842	-7.9
11:24:39.850	-8.8
11:24:39.862	-9.8
11:24:39.875	-6.5
11:24:39.883	-6.3
11:24:39.895	-7.6
11:24:39.907	-5.6
11:24:39.916	-9.2
11:24:39.928	-9.1
11:24:39.940	-8.0
11:24:39.952	-8.6
11:24:39.961	-6.9
11:24:39.973	-5.5
11:24:39.985	-8.0
11:24:39.993	-8.8
11:24:40.006	-8.5
11:24:40.018	-9.4
11:24:40.026	-8.2
11:24:40.039	-7.1
11:24:40.051	-8.9
11:24:40.059	-8.1
11:24:40.071	-8.2
11:24:40.084	-10.0
11:24:40.096	-8.4
11:24:40.104	-6.7
11:24:40.116	-8.5
11:24:40.129	-7.6
11:24:40.137	-5.6
11:24:40.149	-4.6
11:24:40.161	-2.1
11:24:40.170	-1.5
11:24:40.182	-3.0
11:24:40.194	-3.3
11:24:40.206	-3.8
11:24:40.215	-4.4
11:24:40.227	-2.3
11:24:40.239	-3.8
11:24:40.247	-4.5
11:24:40.260	-5.0
11:24:40.272	-5.0
11:24:40.280	-3.0
11:24:40.292	-0.9
11:24:40.305	0.5
11:24:40.313	0.4
11:24:40.325	4.5
11:24:40.337	5.1
11:24:40.346	8.4
11:24:40.358	7.8
11:24:40.370	6.3
11:24:40.382	7.4
11:24:40.391	6.4
11:24:40.403	8.4
11:24:40.415	9.1
11:24:40.423	11.7
11:24:40.436	9.2
11:24:40.448	10.8
11:24:40.460	12.5
11:24:40.468	14.1
11:24:40.481	16.1
11:24:40.493	17.4
11:24:40.502	18.8
11:24:40.514	19.5
11:24:40.526	20.7
11:24:40.534	22.3
11:24:40.546	23.7
11:24:40.559	23.1
11:24:40.567	21.3
11:24:40.579	19.3
11:24:40.591	19.8
11:24:40.600	18.5
11:24:40.612	20.4
11:24:40.624	18.9
11:24:40.636	19.9
11:24:40.645	17.0
11:24:40.657	17.2
11:24:40.669	18.4
11:24:40.677	19.5
11:24:40.690	20.6
11:24:40.702	20.5
11:24:40.710	20.8
11:24:40.722	20.8
11:24:40.735	20.5
11:24:40.747	21.2
11:24:40.755	23.8
11:24:40.767	26.9
11:24:40.780	25.9
11:24:40.788	28.0
11:24:40.800	29.4
11:24:40.812	29.7
11:24:40.821	30.8
11:24:40.833	31.0
11:24:40.845	34.7
11:24:40.853	33.3
11:24:40.866	32.5
11:24:40.878	29.2
11:24:40.890	29.9
11:24:40.898	25.9
11:24:40.911	25.3
11:24:40.923	25.5
11:24:40.931	24.2
11:24:40.944	23.5
11:24:40.956	22.0
11:24:40.968	22.4
11:24:40.976	21.9
11:24:40.989	21.6
11:24:41.001	20.9
11:24:41.009	25.4
11:24:41.021	25.1
11:24:41.033	26.0
11:24:41.042	27.8
11:24:41.054	29.3
11:24:41.066	28.6
11:24:41.079	28.2
11:24:41.087	28.0
11:24:41.099	29.2
11:24:41.111	29.6
11:24:41.120	27.1
11:24:41.132	29.1
11:24:41.144	28.8
11:24:41.152	28.4
11:24:41.165	27.1
11:24:41.177	27.0
11:24:41.189	27.9
11:24:41.197	27.9
11:24:41.210	27.2
11:24:41.222	28.0
11:24:41.230	29.4
11:24:41.242	27.0
11:24:41.255	27.2
11:24:41.263	28.2
11:24:41.275	28.0
11:24:41.287	28.2
11:24:41.296	28.9
11:24:41.308	31.5
11:24:41.320	30.9
11:24:41.328	28.7
11:24:41.341	27.6
11:24:41.353	28.5
11:24:41.365	29.0
11:24:41.373	27.0
11:24:41.386	28.2
11:24:41.398	28.3
11:24:41.406	28.5
11:24:41.419	28.3
11:24:41.431	32.6
11:24:41.443	34.9
11:24:41.451	34.0
11:24:41.464	34.1
11:24:41.476	32.5
11:24:41.484	34.4
11:24:41.496	33.7
11:24:41.509	36.0
11:24:41.517	35.7
11:24:41.529	33.7
11:24:41.541	29.1
11:24:41.550	29.0
11:24:41.562	29.4
11:24:41.574	29.0
11:24:41.582	30.6
11:24:41.595	28.2
11:24:41.607	28.6
11:24:41.619	26.2
11:24:41.627	22.9
11:24:41.640	25.5
11:24:41.652	27.8
11:24:41.660	28.4
11:24:41.672	28.5
11:24:41.685	28.1
11:24:41.693	27.8
11:24:41.705	28.9
11:24:41.717	26.8
11:24:41.730	26.6
11:24:41.738	28.2
11:24:41.750	25.7
11:24:41.762	24.4
11:24:41.771	21.5
11:24:41.783	20.2
11:24:41.795	21.0
11:24:41.803	19.0
11:24:41.816	19.2
11:24:41.828	18.6
11:24:41.836	18.3
11:24:41.848	17.9
11:24:41.861	18.0
11:24:41.873	17.4
11:24:41.881	18.4
11:24:41.893	19.4
11:24:41.906	20.1
11:24:41.915	20.8
11:24:41.927	19.6
11:24:41.939	22.2
11:24:41.948	25.0
11:24:41.960	25.9
11:24:41.972	25.8
11:24:41.980	25.9
11:24:41.993	27.2
11:24:42.005	25.9
11:24:42.017	26.5
11:24:42.026	26.9
11:24:42.038	28.2
11:24:42.050	27.3
11:24:42.058	23.8
11:24:42.071	20.6
11:24:42.083	21.2
11:24:42.091	22.6
11:24:42.103	21.8
11:24:42.116	23.6
11:24:42.128	22.0
11:24:42.136	22.2
11:24:42.148	22.9
11:24:42.161	22.6
11:24:42.169	22.2
11:24:42.181	24.8
11:24:42.193	22.9
11:24:42.202	21.4
11:24:42.214	20.6
11:24:42.226	18.9
11:24:42.234	18.5
11:24:42.247	18.3
11:24:42.259	17.3
11:24:42.267	16.6
11:24:42.279	17.3
11:24:42.292	19.0
11:24:42.304	20.4
11:24:42.312	20.4
11:24:42.324	20.8
11:24:42.336	22.2
11:24:42.344	21.7
11:24:42.356	22.1
11:24:42.369	21.5
11:24:42.381	21.1
11:24:42.389	21.1
11:24:42.401	17.2
11:24:42.414	15.6
11:24:42.422	15.4
11:24:42.434	13.9
11:24:42.446	13.9
11:24:42.455	12.6
11:24:42.467	12.0
11:24:42.479	11.6
11:24:42.487	12.4
11:24:42.500	9.6
11:24:42.512	9.2
11:24:42.520	10.6
11:24:42.532	8.7
11:24:42.545	10.9
11:24:42.557	9.3
11:24:42.565	9.7
11:24:42.578	7.8
11:24:42.590	7.6
11:24:42.598	5.7
11:24:42.610	7.5
11:24:42.623	8.3
11:24:42.631	7.7
11:24:42.643	8.4
11:24:42.655	5.5
11:24:42.668	4.2
11:24:42.676	4.6
11:24:42.688	6.2
11:24:42.700	3.1
11:24:42.709	3.9
11:24:42.722	2.5
11:24:42.734	1.3
11:24:42.742	-0.8
11:24:42.755	0.0
11:24:42.767	-0.7
11:24:42.775	0.2
11:24:42.787	-0.4
11:24:42.800	-4.1
11:24:42.812	-1.2
11:24:42.820	-2.1
11:24:42.832	-1.5
11:24:42.845	-3.3
11:24:42.853	-2.9
11:24:42.865	-5.5
11:24:42.877	-6.0
11:24:42.886	-7.3
11:24:42.898	-8.4
11:24:42.910	-9.5
11:24:42.919	-11.6
11:24:42.931	-13.3
11:24:42.943	-17.1
11:24:42.955	-14.6
11:24:42.963	-15.6
11:24:42.976	-16.4
11:24:42.988	-15.0
11:24:43.000	-15.5
11:24:43.009	-16.4
11:24:43.021	-15.7
11:24:43.033	-17.3
11:24:43.041	-16.8
11:24:43.054	-16.5
11:24:43.066	-17.9
11:24:43.074	-19.5
11:24:43.086	-19.3
11:24:43.099	-21.9
11:24:43.111	-23.5
11:24:43.119	-23.1
11:24:43.131	-22.0
11:24:43.144	-21.7
11:24:43.152	-25.2
11:24:43.164	-23.1
11:24:43.176	-24.1
11:24:43.185	-24.2
11:24:43.197	-24.8
11:24:43.209	-25.1
11:24:43.217	-26.5
11:24:43.230	-26.4
11:24:43.242	-26.5
11:24:43.250	-27.3
11:24:43.262	-24.9
11:24:43.275	-27.1
11:24:43.287	-27.5
11:24:43.295	-27.4
11:24:43.307	-27.6
11:24:43.320	-27.7
11:24:43.328	-25.6
11:24:43.340	-27.0
11:24:43.352	-27.9
11:24:43.365	-27.7
11:24:43.373	-27.0
11:24:43.385	-26.3
11:24:43.397	-26.0
11:24:43.406	-25.8
11:24:43.418	-25.4
11:24:43.430	-23.3
11:24:43.438	-24.3
11:24:43.451	-22.7
11:24:43.463	-23.3
11:24:43.471	-20.9
11:24:43.483	-21.8
11:24:43.496	-20.7
11:24:43.504	-20.7
11:24:43.516	-20.3
11:24:43.529	-19.3
11:24:43.541	-21.6
11:24:43.549	-19.5
11:24:43.561	-18.6
11:24:43.574	-18.0
11:24:43.582	-18.4
11:24:43.594	-16.4
11:24:43.606	-16.7
11:24:43.615	-14.2
11:24:43.627	-10.7
11:24:43.639	-10.8
11:24:43.651	-8.9
11:24:43.660	-8.0
11:24:43.672	-10.3
11:24:43.684	-7.1
11:24:43.692	-8.7
11:24:43.705	-9.6
11:24:43.717	-7.0
11:24:43.725	-7.1
11:24:43.737	-8.0
11:24:43.750	-6.6
11:24:43.758	-4.1
11:24:43.770	-0.7
11:24:43.782	0.4
11:24:43.795	-1.2
11:24:43.803	2.2
11:24:43.815	4.4
11:24:43.827	3.0
11:24:43.836	5.8
11:24:43.848	5.1
11:24:43.860	5.0
11:24:43.868	6.0
11:24:43.881	3.1
11:24:43.893	6.9
11:24:43.901	7.7
11:24:43.913	9.2
11:24:43.926	9.0
11:24:43.938	10.3
11:24:43.946	9.3
11:24:43.958	9.5
11:24:43.971	14.9
11:24:43.979	13.3
11:24:43.991	13.6
11:24:44.004	11.6
11:24:44.012	12.6
11:24:44.024	11.8
11:24:44.036	13.8
11:24:44.049	15.3
11:24:44.057	13.7
11:24:44.069	16.2
11:24:44.081	11.1
11:24:44.090	11.9
11:24:44.102	13.8
11:24:44.114	13.6
11:24:44.122	14.1
11:24:44.135	16.1
11:24:44.147	15.0
11:24:44.155	13.3
11:24:44.167	17.6
11:24:44.180	17.8
11:24:44.188	19.9
11:24:44.200	19.7
11:24:44.212	21.9
11:24:44.225	23.2
11:24:44.233	24.0
11:24:44.245	20.0
11:24:44.257	20.3
11:24:44.266	22.8
11:24:44.278	21.9
11:24:44.290	21.3
11:24:44.303	22.0
11:24:44.311	21.9
11:24:44.323	21.7
11:24:44.336	22.8
11:24:44.344	21.3
11:24:44.356	23.8
11:24:44.368	24.5
11:24:44.377	25.4
11:24:44.389	24.8
11:24:44.401	23.9
11:24:44.409	24.0
11:24:44.422	25.0
11:24:44.434	21.6
11:24:44.442	21.6
11:24:44.454	24.3
11:24:44.467	24.4
11:24:44.479	20.7
11:24:44.487	19.7
11:24:44.499	19.3
11:24:44.512	21.0
11:24:44.520	20.6
11:24:44.532	21.6
11:24:44.545	22.3
11:24:44.553	23.7
11:24:44.565	21.3
11:24:44.577	22.5
11:24:44.590	25.4
11:24:44.598	24.0
11:24:44.610	23.7
11:24:44.622	22.4
11:24:44.630	23.2
11:24:44.643	21.9
11:24:44.655	23.7
11:24:44.663	21.7
11:24:44.675	21.4
11:24:44.688	20.0
11:24:44.696	20.1
11:24:44.708	21.3
11:24:44.721	20.9
11:24:44.733	23.1
11:24:44.741	21.0
11:24:44.753	20.3
11:24:44.766	18.3
11:24:44.774	18.3
11:24:44.786	19.3
11:24:44.798	20.6
11:24:44.807	21.4
11:24:44.819	19.8
11:24:44.831	21.2
11:24:44.839	19.8
11:24:44.852	19.1
11:24:44.864	21.1
11:24:44.872	20.5
11:24:44.884	20.8
11:24:44.897	20.2
11:24:44.909	21.3
11:24:44.921	20.0
11:24:44.930	20.4
11:24:44.942	16.5
11:24:44.954	13.9
11:24:44.962	13.4
11:24:44.975	12.5
11:24:44.987	11.9
11:24:44.995	10.3
11:24:45.007	9.4
11:24:45.020	7.4
11:24:45.028	7.3
11:24:45.040	6.7
11:24:45.052	10.3
11:24:45.065	12.3
11:24:45.073	14.3
11:24:45.084	14.1
11:24:45.097	13.9
11:24:45.105	13.8
11:24:45.117	14.7
11:24:45.129	15.4
11:24:45.138	15.5
11:24:45.150	15.3
11:24:45.162	13.8
11:24:45.170	13.5
11:24:45.183	13.7
11:24:45.195	15.2
11:24:45.207	16.9
11:24:45.215	17.2
11:24:45.228	16.7
11:24:45.240	16.6
11:24:45.248	16.1
11:24:45.260	16.1
11:24:45.273	17.0
11:24:45.285	17.1
11:24:45.293	16.6
11:24:45.305	14.9
11:24:45.318	12.4
11:24:45.326	13.1
11:24:45.338	12.1
11:24:45.350	10.7
11:24:45.359	10.5
11:24:45.372	9.8
11:24:45.384	7.9
11:24:45.392	9.5
11:24:45.405	8.7
11:24:45.417	8.0
11:24:45.425	9.6
11:24:45.437	9.4
11:24:45.450	10.9
11:24:45.462	9.9
11:24:45.470	11.1
11:24:45.482	12.0
11:24:45.495	11.5
11:24:45.503	8.6
11:24:45.515	5.5
11:24:45.527	3.9
11:24:45.536	6.0
11:24:45.548	3.6
11:24:45.560	2.3
11:24:45.573	0.9
11:24:45.581	-0.7
11:24:45.593	-1.9
11:24:45.605	-3.1
11:24:45.614	-3.5
11:24:45.626	-2.4
11:24:45.638	-2.1
11:24:45.646	-5.5
11:24:45.659	-5.8
11:24:45.671	-7.8
11:24:45.679	-9.0
11:24:45.691	-9.4
11:24:45.704	-10.2
11:24:45.716	-8.5
11:24:45.724	-9.8
11:24:45.736	-9.7
11:24:45.749	-11.8
11:24:45.757	-11.4
11:24:45.769	-11.1
11:24:45.781	-11.1
11:24:45.789	-10.3
11:24:45.801	-11.8
11:24:45.813	-13.0
11:24:45.822	-15.7
11:24:45.834	-16.7
11:24:45.846	-18.7
11:24:45.858	-18.6
11:24:45.867	-19.3
11:24:45.879	-20.6
11:24:45.891	-21.2
11:24:45.899	-21.8
11:24:45.912	-23.8
11:24:45.924	-24.2
11:24:45.932	-24.1
11:24:45.944	-24.1
11:24:45.957	-23.9
11:24:45.969	-24.1
11:24:45.977	-24.3
11:24:45.990	-24.0
11:24:46.002	-24.6
11:24:46.010	-25.3
11:24:46.022	-25.5
11:24:46.035	-24.3
11:24:46.043	-26.4
11:24:46.055	-26.8
11:24:46.067	-27.6
11:24:46.075	-27.8
11:24:46.088	-30.8
11:24:46.100	-31.3
11:24:46.108	-30.8
11:24:46.121	-30.2
11:24:46.133	-29.0
11:24:46.146	-29.6
11:24:46.154	-29.2
11:24:46.167	-28.3
11:24:46.179	-28.9
11:24:46.187	-30.8
11:24:46.199	-29.6
11:24:46.212	-30.3
11:24:46.224	-32.0
11:24:46.232	-32.4
11:24:46.244	-32.8
11:24:46.257	-33.6
11:24:46.265	-33.8
11:24:46.277	-35.6
11:24:46.289	-34.5
11:24:46.298	-33.6
11:24:46.310	-34.2
11:24:46.322	-33.5
11:24:46.330	-33.8
11:24:46.343	-33.9
11:24:46.355	-33.0
11:24:46.363	-32.3
11:24:46.375	-31.0
11:24:46.388	-31.2
11:24:46.400	-30.6
11:24:46.408	-30.9
11:24:46.420	-31.4
11:24:46.433	-31.6
11:24:46.441	-30.5
11:24:46.453	-30.1
11:24:46.465	-28.8
11:24:46.474	-28.7
11:24:46.486	-28.5
11:24:46.498	-28.1
11:24:46.511	-31.0
11:24:46.519	-30.2
11:24:46.531	-27.9
11:24:46.543	-27.5
11:24:46.551	-26.2
11:24:46.564	-25.6
11:24:46.576	-28.5
11:24:46.584	-28.7
11:24:46.596	-28.9
11:24:46.609	-27.5
11:24:46.617	-24.2
11:24:46.629	-23.1
11:24:46.642	-22.5
11:24:46.654	-21.5
11:24:46.662	-21.2
11:24:46.674	-21.6
11:24:46.687	-18.7
11:24:46.695	-19.0
11:24:46.707	-17.4
11:24:46.719	-17.0
11:24:46.728	-16.9
11:24:46.740	-18.4
11:24:46.752	-19.0
11:24:46.760	-20.3
11:24:46.773	-21.0
11:24:46.785	-21.5
11:24:46.793	-24.9
11:24:46.805	-22.9
11:24:46.818	-23.1
11:24:46.830	-23.7
11:24:46.838	-23.5
11:24:46.851	-20.2
11:24:46.863	-19.7
11:24:46.871	-18.9
11:24:46.883	-16.8
11:24:46.895	-15.2
11:24:46.908	-11.3
11:24:46.916	-11.1
11:24:46.928	-10.5
11:24:46.941	-9.6
11:24:46.949	-9.7
11:24:46.961	-11.4
11:24:46.973	-9.1
11:24:46.981	-8.9
11:24:46.994	-10.1
11:24:47.006	-10.2
11:24:47.018	-10.2
11:24:47.026	-9.0
11:24:47.039	-6.9
11:24:47.047	-6.7
11:24:47.059	-3.4
11:24:47.072	-1.3
11:24:47.084	-2.7
11:24:47.092	-2.0
11:24:47.104	0.6
11:24:47.117	1.9
11:24:47.129	3.4
11:24:47.137	1.8
11:24:47.149	1.3
11:24:47.162	1.4
11:24:47.170	0.3
11:24:47.182	-1.0
11:24:47.194	-1.2
11:24:47.207	-0.1
11:24:47.215	-1.1
11:24:47.227	-0.5
11:24:47.239	-1.7
11:24:47.248	0.2
11:24:47.260	0.8
11:24:47.272	2.0
11:24:47.280	1.1
11:24:47.293	3.3
11:24:47.305	4.1
11:24:47.313	5.1
11:24:47.325	5.5
11:24:47.338	3.0
11:24:47.346	5.3
11:24:47.358	4.6
11:24:47.370	3.5
11:24:47.383	3.5
11:24:47.391	3.8
11:24:47.403	1.6
11:24:47.415	4.6
11:24:47.424	2.3
11:24:47.436	-1.2
11:24:47.448	1.1
11:24:47.456	-1.3
11:24:47.469	-1.2
11:24:47.481	-2.6
11:24:47.493	-3.1
11:24:47.501	-2.9
11:24:47.514	-2.5
11:24:47.526	-4.6
11:24:47.534	-2.3
11:24:47.546	0.7
11:24:47.559	1.0
11:24:47.567	1.5
11:24:47.579	1.2
11:24:47.592	4.3
11:24:47.600	4.8
11:24:47.612	5.7
11:24:47.624	6.0
11:24:47.637	5.3
11:24:47.645	3.4
11:24:47.657	6.6
11:24:47.669	6.4
11:24:47.678	7.0
11:24:47.690	6.7
11:24:47.702	5.2
11:24:47.710	4.3
11:24:47.723	3.5
11:24:47.735	4.4
11:24:47.743	2.2
11:24:47.755	2.9
11:24:47.768	0.7
11:24:47.780	-0.7
11:24:47.788	-1.1
11:24:47.800	-0.4
11:24:47.813	0.9
11:24:47.821	1.7
11:24:47.833	2.0
11:24:47.846	2.1
11:24:47.854	4.1
11:24:47.866	4.1
11:24:47.878	3.8
11:24:47.891	5.3
11:24:47.899	4.0
11:24:47.911	4.2
11:24:47.923	2.6
11:24:47.931	4.5
11:24:47.944	3.3
11:24:47.956	0.7
11:24:47.964	0.2
11:24:47.977	0.1
11:24:47.989	-1.3
11:24:47.997	-1.7
11:24:48.009	-1.0
11:24:48.022	-1.7
11:24:48.030	-0.9
11:24:48.042	-3.7
11:24:48.055	-4.2
11:24:48.067	-1.1
11:24:48.075	1.1
11:24:48.087	0.6
11:24:48.099	0.5
11:24:48.108	0.1
11:24:48.120	-0.6
11:24:48.132	-1.0
11:24:48.145	-2.7
11:24:48.153	-0.5
11:24:48.165	-0.6
11:24:48.177	-2.0
11:24:48.186	-4.0
11:24:48.198	-4.5
11:24:48.210	-3.5
11:24:48.218	-4.6
11:24:48.231	-3.3
11:24:48.243	-1.8
11:24:48.251	0.2
11:24:48.263	-1.8
11:24:48.276	-1.4
11:24:48.284	-2.5
11:24:48.296	-2.2
11:24:48.308	-1.0
11:24:48.321	-1.2
11:24:48.329	-0.1
11:24:48.341	0.5
11:24:48.353	-0.3
11:24:48.362	-1.4
11:24:48.374	-1.0
11:24:48.386	-1.5
11:24:48.394	-1.6
11:24:48.407	-1.6
11:24:48.419	-2.3
11:24:48.431	-0.9
11:24:48.439	-1.7
11:24:48.452	-3.9
11:24:48.464	-3.7
11:24:48.472	-2.3
11:24:48.484	-1.0
11:24:48.497	-0.1
11:24:48.505	0.1
11:24:48.517	-1.4
11:24:48.530	-1.4
11:24:48.538	-3.2
11:24:48.550	-0.6
11:24:48.562	1.4
11:24:48.575	1.9
11:24:48.583	1.4
11:24:48.595	1.3
11:24:48.608	1.9
11:24:48.616	2.9
11:24:48.628	3.9
11:24:48.640	5.8
11:24:48.648	7.2
11:24:48.661	5.0
11:24:48.673	7.2
11:24:48.681	6.3
11:24:48.694	7.4
11:24:48.706	7.2
11:24:48.714	7.0
11:24:48.726	7.3
11:24:48.739	7.9
11:24:48.751	7.2
11:24:48.759	6.5
11:24:48.771	8.3
11:24:48.784	7.3
11:24:48.792	8.9
11:24:48.804	8.3
11:24:48.816	8.1
11:24:48.829	7.8
11:24:48.837	7.8
11:24:48.849	7.8
11:24:48.861	8.5
11:24:48.870	10.0
11:24:48.882	10.5
11:24:48.894	11.2
11:24:48.902	8.8
11:24:48.915	9.1
11:24:48.927	9.8
11:24:48.939	12.0
11:24:48.947	13.3
11:24:48.960	14.2
11:24:48.972	14.3
11:24:48.980	13.5
11:24:48.992	16.1
11:24:49.005	13.9
11:24:49.013	16.9
11:24:49.025	17.0
11:24:49.038	16.5
11:24:49.050	16.8
11:24:49.058	16.1
11:24:49.070	17.2
11:24:49.083	19.2
11:24:49.091	20.0
11:24:49.103	17.4
11:24:49.115	18.3
11:24:49.128	17.4
11:24:49.136	16.3
11:24:49.148	17.7
11:24:49.160	17.7
11:24:49.169	19.4
11:24:49.181	17.7
11:24:49.193	14.8
11:24:49.201	13.0
11:24:49.214	11.7
11:24:49.226	12.1
11:24:49.234	11.2
11:24:49.246	13.3
11:24:49.259	11.9
11:24:49.267	10.8
11:24:49.279	10.6
11:24:49.291	10.2
11:24:49.304	10.2
11:24:49.312	14.7
11:24:49.324	14.8
11:24:49.336	13.7
11:24:49.345	13.0
11:24:49.357	9.5
11:24:49.369	9.4
11:24:49.377	10.1
11:24:49.390	9.2
11:24:49.402	8.7
11:24:49.414	7.5
11:24:49.422	2.6
11:24:49.435	2.9
11:24:49.447	2.1
11:24:49.455	1.6
11:24:49.467	1.9
11:24:49.480	0.6
11:24:49.488	-0.6
11:24:49.500	-2.1
11:24:49.512	-1.5
11:24:49.521	0.3
11:24:49.533	0.0
11:24:49.545	0.0
11:24:49.557	0.7
11:24:49.566	4.0
11:24:49.578	4.4
11:24:49.590	4.8
11:24:49.598	5.1
11:24:49.611	5.9
11:24:49.623	3.9
11:24:49.631	2.1
11:24:49.644	2.1
11:24:49.656	-2.1
11:24:49.664	-2.2
11:24:49.676	-8.1
11:24:49.689	-10.4
11:24:49.701	-11.1
11:24:49.709	-14.3
11:24:49.721	-16.8
11:24:49.734	-16.9
11:24:49.742	-18.2
11:24:49.754	-20.3
11:24:49.766	-19.3
11:24:49.775	-21.6
11:24:49.787	-20.0
11:24:49.799	-20.0
11:24:49.811	-21.7
11:24:49.820	-22.6
11:24:49.832	-23.1
11:24:49.844	-24.1
11:24:49.852	-22.9
11:24:49.865	-23.5
11:24:49.877	-23.9
11:24:49.885	-27.0
11:24:49.897	-27.7
11:24:49.910	-28.2
11:24:49.918	-26.4
11:24:49.930	-24.2
11:24:49.942	-24.4
11:24:49.951	-23.0
11:24:49.963	-23.7
11:24:49.975	-21.8
11:24:49.987	-18.9
11:24:49.996	-14.6
11:24:50.008	-11.7
11:24:50.020	-9.7
11:24:50.028	-8.9
11:24:50.041	-7.5
11:24:50.053	-5.1
11:24:50.065	-4.4
11:24:50.074	-2.3
11:24:50.086	0.3
11:24:50.098	-0.8
11:24:50.106	-0.9
11:24:50.119	-2.4
11:24:50.131	-2.0
11:24:50.139	-0.9
11:24:50.151	-2.0
11:24:50.164	-2.2
11:24:50.172	-2.9
11:24:50.184	-3.3
11:24:50.197	-3.8
11:24:50.205	-4.1
11:24:50.217	-4.2
11:24:50.229	-5.0
11:24:50.242	-3.9
11:24:50.250	-5.7
11:24:50.262	-6.0
11:24:50.275	-5.0
11:24:50.283	-4.2
11:24:50.295	-5.3
11:24:50.307	-5.6
11:24:50.315	-0.8
11:24:50.328	-0.8
11:24:50.340	0.4
11:24:50.352	-2.2
11:24:50.360	-2.0
11:24:50.373	-0.1
11:24:50.385	0.1
11:24:50.393	-1.1
11:24:50.406	1.1
11:24:50.418	1.2
11:24:50.426	-2.2
11:24:50.438	-2.7
11:24:50.451	-0.6
11:24:50.459	0.8
11:24:50.471	-0.3
11:24:50.483	-1.5
11:24:50.496	-2.0
11:24:50.504	-0.9
11:24:50.516	-2.9
11:24:50.528	-3.7
11:24:50.537	-3.7
11:24:50.549	-3.6
11:24:50.561	-4.1
11:24:50.569	-3.1
11:24:50.582	-0.6
11:24:50.594	1.9
11:24:50.602	2.1
11:24:50.614	2.2
11:24:50.627	3.7
11:24:50.635	5.0
11:24:50.647	7.2
11:24:50.659	9.5
11:24:50.672	9.8
11:24:50.680	10.1
11:24:50.692	12.6
11:24:50.705	11.3
11:24:50.713	10.3
11:24:50.725	11.3
11:24:50.737	12.4
11:24:50.749	9.9
11:24:50.758	6.7
11:24:50.770	4.5
11:24:50.782	3.8
11:24:50.791	2.4
11:24:50.803	-0.7
11:24:50.815	-2.6
11:24:50.823	-1.8
11:24:50.836	-0.3
11:24:50.848	-3.0
11:24:50.856	0.4
11:24:50.868	0.8
11:24:50.881	1.9
11:24:50.889	1.9
11:24:50.901	2.7
11:24:50.914	2.0
11:24:50.926	2.8
11:24:50.934	2.8
11:24:50.946	1.7
11:24:50.959	3.3
11:24:50.967	1.3
11:24:50.979	1.7
11:24:50.991	0.9
11:24:51.004	0.3
11:24:51.012	0.2
11:24:51.024	1.4
11:24:51.036	1.2
11:24:51.045	1.4
11:24:51.057	0.5
11:24:51.069	-1.3
11:24:51.081	-2.6
11:24:51.090	-2.3
11:24:51.102	-0.2
11:24:51.110	0.6
11:24:51.122	1.7
11:24:51.135	2.0
11:24:51.147	3.3
11:24:51.155	4.5
11:24:51.167	4.8
11:24:51.180	7.0
11:24:51.188	9.9
11:24:51.200	11.8
11:24:51.213	11.2
11:24:51.225	10.6
11:24:51.233	11.1
11:24:51.246	11.1
11:24:51.258	11.5
11:24:51.266	9.9
11:24:51.278	10.1
11:24:51.290	12.1
11:24:51.299	12.1
11:24:51.311	11.7
11:24:51.323	14.9
11:24:51.335	17.5
11:24:51.344	17.9
11:24:51.356	18.3
11:24:51.368	20.4
11:24:51.376	25.0
11:24:51.389	26.9
11:24:51.401	25.9
11:24:51.409	26.6
11:24:51.421	27.2
11:24:51.434	24.9
11:24:51.442	24.9
11:24:51.454	24.7
11:24:51.466	24.1
11:24:51.479	21.7
11:24:51.487	18.0
11:24:51.499	17.7
11:24:51.512	18.6
11:24:51.520	18.7
11:24:51.532	17.7
11:24:51.544	17.8
11:24:51.552	16.8
11:24:51.565	16.2
11:24:51.577	18.0
11:24:51.585	18.3
11:24:51.598	19.5
11:24:51.610	21.0
11:24:51.622	20.7
11:24:51.630	20.4
11:24:51.643	20.4
11:24:51.655	22.0
11:24:51.663	22.8
11:24:51.675	23.1
11:24:51.688	22.8
11:24:51.696	22.8
11:24:51.708	22.2
11:24:51.720	18.5
11:24:51.733	18.9
11:24:51.741	18.1
11:24:51.753	18.4
11:24:51.765	16.5
11:24:51.774	15.8
11:24:51.786	16.6
11:24:51.798	19.0
11:24:51.806	19.3
11:24:51.818	19.7
11:24:51.830	22.5
11:24:51.839	22.3
11:24:51.851	24.7
11:24:51.863	25.2
11:24:51.871	24.7
11:24:51.884	26.0
11:24:51.896	25.6
11:24:51.908	24.1
11:24:51.917	25.6
11:24:51.929	27.5
11:24:51.941	27.0
11:24:51.949	26.4
11:24:51.961	27.9
11:24:51.974	27.6
11:24:51.986	29.4
11:24:51.994	29.6
11:24:52.006	31.4
11:24:52.019	31.6
11:24:52.027	31.0
11:24:52.039	30.7
11:24:52.052	31.5
11:24:52.060	31.7
11:24:52.072	28.7
11:24:52.084	30.7
11:24:52.093	30.0
11:24:52.105	29.2
11:24:52.117	28.4
11:24:52.125	28.2
11:24:52.138	29.3
11:24:52.150	27.4
11:24:52.162	26.4
11:24:52.170	26.3
11:24:52.183	26.0
11:24:52.195	24.8
11:24:52.203	25.7
11:24:52.215	26.1
11:24:52.229	25.8
11:24:52.236	24.7
11:24:52.248	25.0
11:24:52.260	26.2
11:24:52.273	26.3
11:24:52.281	26.5
11:24:52.293	28.4
11:24:52.305	29.9
11:24:52.314	30.0
11:24:52.326	31.5
11:24:52.338	33.0
11:24:52.346	33.7
11:24:52.359	32.6
11:24:52.371	31.9
11:24:52.379	32.8
11:24:52.391	32.2
11:24:52.404	31.6
11:24:52.416	33.3
11:24:52.424	32.7
11:24:52.436	31.9
11:24:52.449	29.8
11:24:52.457	29.0
11:24:52.470	29.6
11:24:52.481	28.2
11:24:52.490	27.4
11:24:52.502	26.4
11:24:52.515	25.3
11:24:52.523	21.9
11:24:52.536	24.0
11:24:52.548	23.5
11:24:52.556	24.0
11:24:52.568	24.9
11:24:52.581	24.6
11:24:52.593	26.9
11:24:52.601	26.0
11:24:52.614	26.6
11:24:52.626	26.8
11:24:52.634	27.0
11:24:52.646	25.3
11:24:52.659	24.7
11:24:52.671	24.3
11:24:52.679	23.7
11:24:52.691	22.1
11:24:52.704	20.7
11:24:52.712	21.2
11:24:52.724	20.5
11:24:52.736	19.8
11:24:52.745	18.7
11:24:52.757	18.2
11:24:52.769	18.0
11:24:52.777	16.4
11:24:52.790	16.7
11:24:52.802	16.5
11:24:52.810	15.3
11:24:52.822	14.0
11:24:52.835	15.3
11:24:52.847	14.6
11:24:52.855	13.5
11:24:52.867	10.6
11:24:52.880	8.5
11:24:52.888	8.6
11:24:52.900	8.3
11:24:52.912	9.6
11:24:52.925	9.9
11:24:52.933	10.1
11:24:52.945	7.1
11:24:52.957	6.6
11:24:52.966	4.6
11:24:52.978	4.8
11:24:52.990	2.2
11:24:52.998	1.5
11:24:53.011	-1.2
11:24:53.023	-2.4
11:24:53.031	-1.2
11:24:53.043	-2.0
11:24:53.056	-2.1
11:24:53.068	-3.1
11:24:53.076	-2.8
11:24:53.088	-3.6
11:24:53.101	-2.4
11:24:53.109	-3.6
11:24:53.121	-2.4
11:24:53.134	-3.2
11:24:53.146	-4.9
11:24:53.154	-6.1
11:24:53.166	-7.1
11:24:53.179	-8.7
11:24:53.187	-9.1
11:24:53.199	-5.4
11:24:53.211	-3.9
11:24:53.220	-3.3
11:24:53.232	-5.0
11:24:53.244	-8.9
11:24:53.256	-10.2
11:24:53.265	-11.0
11:24:53.277	-11.0
11:24:53.289	-7.2
11:24:53.297	-5.8
11:24:53.310	-10.4
11:24:53.322	-13.9
11:24:53.330	-15.2
11:24:53.342	-15.5
11:24:53.355	-12.1
11:24:53.363	-13.7
11:24:53.375	-13.6
11:24:53.387	-12.7
11:24:53.400	-17.0
11:24:53.408	-20.2
11:24:53.420	-20.5
11:24:53.432	-20.5
11:24:53.441	-21.1
11:24:53.453	-23.3
11:24:53.465	-24.4
11:24:53.473	-23.2
11:24:53.486	-23.1
11:24:53.498	-23.7
11:24:53.506	-23.9
11:24:53.519	-21.8
11:24:53.531	-20.1
11:24:53.543	-17.4
11:24:53.551	-16.6
11:24:53.564	-14.9
11:24:53.576	-13.8
11:24:53.584	-14.1
11:24:53.597	-14.2
11:24:53.609	-13.4
11:24:53.617	-11.6
11:24:53.629	-13.2
11:24:53.642	-14.6
11:24:53.654	-15.6
11:24:53.662	-13.6
11:24:53.675	-12.2
11:24:53.687	-11.9
11:24:53.695	-12.1
11:24:53.707	-10.9
11:24:53.719	-9.7
11:24:53.728	-9.8
11:24:53.740	-6.4
11:24:53.752	-5.1
11:24:53.760	-3.5
11:24:53.773	-2.6
11:24:53.785	-4.1
11:24:53.793	-5.4
11:24:53.805	-3.4
11:24:53.818	-4.0
11:24:53.830	-5.6
11:24:53.838	-3.9
11:24:53.850	-4.7
11:24:53.863	-3.2
11:24:53.871	-1.9
11:24:53.883	-1.4
11:24:53.895	0.5
11:24:53.908	3.8
11:24:53.916	3.4
11:24:53.928	5.9
11:24:53.940	9.4
11:24:53.948	8.7
11:24:53.960	9.1
11:24:53.973	7.8
11:24:53.981	7.2
11:24:53.993	7.0
11:24:54.005	8.0
11:24:54.013	7.2
11:24:54.026	9.0
11:24:54.038	8.9
11:24:54.046	9.1
11:24:54.058	13.2
11:24:54.071	13.7
11:24:54.083	15.6
11:24:54.091	17.0
11:24:54.104	16.2
11:24:54.116	16.7
11:24:54.124	17.2
11:24:54.136	18.1
11:24:54.149	17.7
11:24:54.157	18.2
11:24:54.169	15.2
11:24:54.181	15.2
11:24:54.194	14.5
11:24:54.202	13.1
11:24:54.214	14.4
11:24:54.226	14.7
11:24:54.235	14.5
11:24:54.247	15.7
11:24:54.259	17.9
11:24:54.267	16.5
11:24:54.280	17.0
11:24:54.292	17.8
11:24:54.300	19.4
11:24:54.312	18.9
11:24:54.325	19.8
11:24:54.337	19.9
11:24:54.345	21.7
11:24:54.357	19.8
11:24:54.370	18.9
11:24:54.379	17.3
11:24:54.390	18.0
11:24:54.403	20.1
11:24:54.412	20.8
11:24:54.424	23.3
11:24:54.436	22.9
11:24:54.444	22.6
11:24:54.457	21.4
11:24:54.469	22.1
11:24:54.477	21.4
11:24:54.489	23.9
11:24:54.502	24.1
11:24:54.514	22.2
11:24:54.522	21.1
11:24:54.535	22.2
11:24:54.547	22.7
11:24:54.555	23.7
11:24:54.567	23.4
11:24:54.580	21.7
11:24:54.592	21.0
11:24:54.600	20.9
11:24:54.612	20.5
11:24:54.625	21.6
11:24:54.633	21.8
11:24:54.645	21.1
11:24:54.657	22.9
11:24:54.666	21.3
11:24:54.678	20.7
11:24:54.690	21.9
11:24:54.698	22.5
11:24:54.711	22.6
11:24:54.723	23.0
11:24:54.731	22.3
11:24:54.743	21.7
11:24:54.756	21.7
11:24:54.768	18.4
11:24:54.776	19.7
11:24:54.789	22.0
11:24:54.801	21.9
11:24:54.809	21.9
11:24:54.821	24.0
11:24:54.833	24.4
11:24:54.846	24.7
11:24:54.854	27.5
11:24:54.866	26.6
11:24:54.878	26.9
11:24:54.891	25.2
11:24:54.899	24.7
11:24:54.911	25.9
11:24:54.923	27.1
11:24:54.932	24.7
11:24:54.944	23.0
11:24:54.956	22.4
11:24:54.964	21.1
11:24:54.977	20.2
11:24:54.989	21.6
11:24:54.997	23.3
11:24:55.009	21.6
11:24:55.022	20.4
11:24:55.030	20.9
11:24:55.042	20.4
11:24:55.055	21.8
11:24:55.067	22.6
11:24:55.075	21.0
11:24:55.087	20.1
11:24:55.100	20.1
11:24:55.108	20.1
11:24:55.120	21.6
11:24:55.132	21.4
11:24:55.141	20.2
11:24:55.153	20.7
11:24:55.165	21.5
11:24:55.177	19.1
11:24:55.186	18.7
11:24:55.198	19.0
11:24:55.210	15.8
11:24:55.218	14.3
11:24:55.231	12.8
11:24:55.243	11.9
11:24:55.251	13.5
11:24:55.263	15.4
11:24:55.276	14.7
11:24:55.284	14.6
11:24:55.296	16.1
11:24:55.308	17.9
11:24:55.321	19.3
11:24:55.329	20.0
11:24:55.341	20.8
11:24:55.353	21.9
11:24:55.362	19.2
11:24:55.374	17.5
11:24:55.386	16.0
11:24:55.394	18.2
11:24:55.407	18.8
11:24:55.419	18.6
11:24:55.427	18.9
11:24:55.440	20.7
11:24:55.452	19.4
11:24:55.464	18.0
11:24:55.472	19.0
11:24:55.485	17.8
11:24:55.497	18.6
11:24:55.505	17.7
11:24:55.518	15.7
11:24:55.530	14.3
11:24:55.538	15.6
11:24:55.549	13.6
11:24:55.562	13.8
11:24:55.574	16.7
11:24:55.582	16.5
11:24:55.594	16.3
11:24:55.607	15.0
11:24:55.615	14.3
11:24:55.627	13.9
11:24:55.640	11.7
11:24:55.648	9.8
11:24:55.660	9.7
11:24:55.672	9.4
11:24:55.680	8.0
11:24:55.693	8.8
11:24:55.705	9.1
11:24:55.713	11.2
11:24:55.725	11.7
11:24:55.738	12.7
11:24:55.751	16.1
11:24:55.759	14.8
11:24:55.772	14.5
11:24:55.784	13.4
11:24:55.792	12.4
11:24:55.804	10.0
11:24:55.817	13.0
11:24:55.829	12.4
11:24:55.837	10.8
11:24:55.849	10.7
11:24:55.862	11.5
11:24:55.870	11.8
11:24:55.882	11.9
11:24:55.894	12.6
11:24:55.903	13.0
11:24:55.915	12.7
11:24:55.927	8.0
11:24:55.935	7.0
11:24:55.948	6.8
11:24:55.960	6.7
11:24:55.968	4.4
11:24:55.980	4.2
11:24:55.993	4.5
11:24:56.005	4.9
11:24:56.013	3.5
11:24:56.025	4.3
11:24:56.038	10.3
11:24:56.046	8.8
11:24:56.058	11.2
11:24:56.070	9.4
11:24:56.079	6.3
11:24:56.091	6.8
11:24:56.103	6.4
11:24:56.115	4.6
11:24:56.124	4.3
11:24:56.136	3.9
11:24:56.148	-2.8
11:24:56.156	-1.9
11:24:56.169	-5.3
11:24:56.181	-5.2
11:24:56.189	-3.8
11:24:56.202	-5.2
11:24:56.214	-7.8
11:24:56.222	-9.2
11:24:56.234	-9.9
11:24:56.247	-9.9
11:24:56.259	-11.2
11:24:56.267	-13.2
11:24:56.279	-12.5
11:24:56.292	-15.3
11:24:56.300	-15.1
11:24:56.312	-15.9
11:24:56.324	-16.4
11:24:56.333	-14.5
11:24:56.345	-16.6
11:24:56.357	-17.5
11:24:56.365	-16.9
11:24:56.378	-17.7
11:24:56.390	-18.3
11:24:56.398	-17.1
11:24:56.410	-18.0
11:24:56.423	-16.9
11:24:56.435	-13.9
11:24:56.443	-15.9
11:24:56.455	-14.2
11:24:56.468	-16.6
11:24:56.476	-17.0
11:24:56.488	-17.5
11:24:56.500	-17.9
11:24:56.513	-18.7
11:24:56.521	-20.2
11:24:56.533	-21.2
11:24:56.546	-25.3
11:24:56.554	-25.2
11:24:56.566	-26.8
11:24:56.578	-25.3
11:24:56.586	-25.3
11:24:56.599	-24.6
11:24:56.611	-26.2
11:24:56.619	-24.8
11:24:56.631	-24.1
11:24:56.644	-25.8
11:24:56.652	-25.9
11:24:56.664	-24.4
11:24:56.677	-23.6
11:24:56.689	-24.7
11:24:56.697	-25.0
11:24:56.709	-26.1
11:24:56.722	-25.5
11:24:56.730	-26.4
11:24:56.742	-26.4
11:24:56.754	-25.9
11:24:56.767	-26.4
11:24:56.775	-28.3
11:24:56.787	-30.0
11:24:56.799	-31.2
11:24:56.812	-31.4
11:24:56.820	-31.1
11:24:56.832	-32.1
11:24:56.844	-28.8
11:24:56.853	-28.4
11:24:56.865	-28.2
11:24:56.877	-25.3
11:24:56.885	-25.4
11:24:56.898	-21.8
11:24:56.910	-20.6
11:24:56.918	-20.6
11:24:56.930	-20.0
11:24:56.943	-20.4
11:24:56.951	-23.9
11:24:56.963	-22.7
11:24:56.975	-21.5
11:24:56.988	-21.0
11:24:56.996	-21.0
11:24:57.008	-21.0
11:24:57.020	-20.4
11:24:57.029	-19.9
11:24:57.041	-16.7
11:24:57.053	-14.9
11:24:57.061	-11.6
11:24:57.074	-12.2
11:24:57.086	-11.1
11:24:57.098	-10.8
11:24:57.107	-8.5
11:24:57.119	-8.2
11:24:57.131	-5.6
11:24:57.139	-3.9
11:24:57.152	-4.2
11:24:57.164	-1.9
11:24:57.172	-1.3
11:24:57.184	1.6
11:24:57.197	1.3
11:24:57.205	1.3
11:24:57.217	3.2
11:24:57.229	4.3
11:24:57.242	5.7
11:24:57.250	5.8
11:24:57.262	5.2
11:24:57.274	6.1
11:24:57.283	5.1
11:24:57.295	4.8
11:24:57.307	5.6
11:24:57.315	7.2
11:24:57.328	7.2
11:24:57.340	7.2
11:24:57.348	6.9
11:24:57.360	8.6
11:24:57.373	10.0
11:24:57.385	12.5
11:24:57.393	11.8
11:24:57.405	11.3
11:24:57.418	13.5
11:24:57.426	13.6
11:24:57.438	14.2
11:24:57.450	13.2
11:24:57.459	13.6
11:24:57.471	12.6
11:24:57.483	13.5
11:24:57.495	10.2
11:24:57.504	12.2
11:24:57.516	13.5
11:24:57.528	12.4
11:24:57.536	15.4
11:24:57.549	15.3
11:24:57.561	16.9
11:24:57.569	17.6
11:24:57.581	19.2
11:24:57.594	20.3
11:24:57.602	21.4
11:24:57.614	22.0
11:24:57.627	23.4
11:24:57.635	23.8
11:24:57.647	20.0
11:24:57.659	21.9
11:24:57.672	20.9
11:24:57.680	22.7
11:24:57.692	23.1
11:24:57.704	21.0
11:24:57.713	22.5
11:24:57.725	22.6
11:24:57.737	22.3
11:24:57.749	22.7
11:24:57.758	22.9
11:24:57.770	21.0
11:24:57.782	22.3
11:24:57.790	19.4
11:24:57.803	18.3
11:24:57.815	19.5
11:24:57.823	19.3
11:24:57.835	19.8
11:24:57.848	18.2
11:24:57.856	20.7
11:24:57.868	21.8
11:24:57.880	22.3
11:24:57.889	21.3
11:24:57.901	21.9
11:24:57.913	22.5
11:24:57.926	21.7
11:24:57.934	21.9
11:24:57.946	19.6
11:24:57.958	21.2
11:24:57.966	18.0
11:24:57.979	18.4
11:24:57.991	17.3
11:24:57.999	17.8
11:24:58.011	18.4
11:24:58.024	18.0
11:24:58.036	18.7
11:24:58.044	18.0
11:24:58.056	20.2
11:24:58.069	19.5
11:24:58.077	20.0
11:24:58.089	22.0
11:24:58.102	21.7
11:24:58.110	22.3
11:24:58.122	21.3
11:24:58.134	20.5
11:24:58.143	20.9
11:24:58.155	23.1
11:24:58.167	23.4
11:24:58.179	23.8
11:24:58.188	24.5
11:24:58.200	20.8
11:24:58.212	22.3
11:24:58.220	22.1
11:24:58.233	21.7
11:24:58.245	22.3
11:24:58.253	21.3
11:24:58.265	18.0
11:24:58.278	15.6
11:24:58.286	12.8
11:24:58.298	10.4
11:24:58.310	10.8
11:24:58.319	8.7
11:24:58.331	7.7
11:24:58.343	8.2
11:24:58.355	8.0
11:24:58.364	7.6
11:24:58.376	7.2
11:24:58.388	7.9
11:24:58.396	7.4
11:24:58.409	9.5
11:24:58.421	7.7
11:24:58.433	8.0
11:24:58.441	6.4
11:24:58.454	4.1
11:24:58.466	1.5
11:24:58.474	0.9
11:24:58.486	-0.7
11:24:58.499	-1.1
11:24:58.507	-2.7
11:24:58.519	-7.6
11:24:58.531	-8.3
11:24:58.540	-11.5
11:24:58.552	-12.5
11:24:58.564	-12.8
11:24:58.572	-14.1
11:24:58.585	-15.7
11:24:58.597	-14.8
11:24:58.609	-18.7
11:24:58.618	-18.5
11:24:58.630	-16.4
11:24:58.642	-18.0
11:24:58.650	-17.7
11:24:58.663	-17.5
11:24:58.675	-19.0
11:24:58.687	-19.3
11:24:58.695	-20.5
11:24:58.708	-22.0
11:24:58.720	-20.4
11:24:58.728	-20.5
11:24:58.740	-23.2
11:24:58.753	-24.4
11:24:58.761	-24.1
11:24:58.773	-23.4
11:24:58.785	-23.8
11:24:58.798	-23.7
11:24:58.806	-23.7
11:24:58.819	-22.8
11:24:58.830	-24.5
11:24:58.839	-25.8
11:24:58.851	-24.7
11:24:58.863	-22.0
11:24:58.871	-21.6
11:24:58.884	-22.0
11:24:58.896	-21.6
11:24:58.908	-22.1
11:24:58.916	-17.6
11:24:58.929	-18.9
11:24:58.941	-16.6
11:24:58.949	-16.0
11:24:58.961	-16.8
11:24:58.974	-17.3
11:24:58.982	-17.4
11:24:58.994	-18.1
11:24:59.006	-17.4
11:24:59.019	-14.3
11:24:59.027	-19.3
11:24:59.039	-18.2
11:24:59.051	-18.8
11:24:59.060	-17.3
11:24:59.072	-16.2
11:24:59.084	-16.0
11:24:59.092	-15.6
11:24:59.105	-15.3
11:24:59.117	-15.5
11:24:59.125	-17.4
11:24:59.138	-17.9
11:24:59.150	-17.6
11:24:59.162	-16.3
11:24:59.170	-16.0
11:24:59.183	-17.3
11:24:59.195	-17.6
11:24:59.203	-18.5
11:24:59.215	-19.0
11:24:59.228	-18.5
11:24:59.236	-15.4
11:24:59.248	-13.7
11:24:59.260	-12.5
11:24:59.269	-15.4
11:24:59.281	-16.8
11:24:59.293	-13.8
11:24:59.305	-13.6
11:24:59.314	-11.5
11:24:59.326	-11.5
11:24:59.338	-10.4
11:24:59.346	-11.1
11:24:59.359	-11.3
11:24:59.371	-11.9
11:24:59.379	-9.6
11:24:59.391	-9.0
11:24:59.404	-11.2
11:24:59.416	-10.5
11:24:59.424	-9.2
11:24:59.437	-7.2
11:24:59.449	-7.2
11:24:59.457	-8.2
11:24:59.469	-6.6
11:24:59.482	-9.0
11:24:59.490	-10.1
11:24:59.502	-9.9
11:24:59.514	-8.6
11:24:59.523	-7.7
11:24:59.535	-10.5
11:24:59.547	-10.8
11:24:59.555	-11.2
11:24:59.568	-11.7
11:24:59.580	-12.2
11:24:59.592	-10.8
11:24:59.600	-9.4
11:24:59.613	-9.1
11:24:59.625	-8.3
11:24:59.633	-6.9
11:24:59.646	-4.3
11:24:59.658	-4.1
11:24:59.670	-3.7
11:24:59.678	-2.4
11:24:59.691	0.3
11:24:59.703	1.4
11:24:59.711	1.5
11:24:59.723	2.8
11:24:59.736	2.9
11:24:59.744	2.5
11:24:59.756	1.4
11:24:59.768	2.0
11:24:59.777	2.4
11:24:59.789	2.4
11:24:59.802	-0.6
11:24:59.810	-0.9
11:24:59.822	-1.4
11:24:59.835	-1.8
11:24:59.847	-1.2
11:24:59.855	-1.6
11:24:59.867	-0.6
11:24:59.880	0.9
11:24:59.888	1.5
11:24:59.900	0.8
11:24:59.912	2.4
11:24:59.921	4.7
11:24:59.933	4.5
11:24:59.945	4.7
11:24:59.957	5.4
11:24:59.966	5.7
11:24:59.978	4.9
11:24:59.990	3.9
11:24:59.998	3.3
11:25:00.011	3.9
11:25:00.023	3.3
11:25:00.031	2.6
11:25:00.043	3.9
11:25:00.056	3.9
11:25:00.064	3.5
11:25:00.076	4.4
11:25:00.088	6.3
11:25:00.101	6.6
11:25:00.109	8.1
11:25:00.121	10.0
11:25:00.134	10.9
11:25:00.142	9.5
11:25:00.154	11.2
11:25:00.166	11.9
11:25:00.174	12.0
11:25:00.187	11.2
11:25:00.199	10.2
11:25:00.207	9.4
11:25:00.219	8.8
11:25:00.232	6.8
11:25:00.240	5.3
11:25:00.252	7.8
11:25:00.264	5.6
11:25:00.277	5.4
11:25:00.285	3.1
11:25:00.297	3.1
11:25:00.310	1.9
11:25:00.318	0.8
11:25:00.330	-0.8
11:25:00.342	-2.0
11:25:00.355	-2.3
11:25:00.363	-5.9
11:25:00.375	-7.2
11:25:00.387	-8.2
11:25:00.396	-9.0
11:25:00.408	-10.4
11:25:00.420	-10.7
11:25:00.428	-10.8
11:25:00.441	-12.9
11:25:00.453	-11.5
11:25:00.461	-10.4
11:25:00.473	-11.2
11:25:00.486	-10.8
11:25:00.494	-9.2
11:25:00.506	-8.2
11:25:00.518	-7.4
11:25:00.531	-7.1
11:25:00.539	-8.3
11:25:00.551	-6.8
11:25:00.563	-7.6
11:25:00.572	-8.9
11:25:00.584	-6.6
11:25:00.596	-6.3
11:25:00.609	-8.1
11:25:00.617	-5.9
11:25:00.629	-5.9
11:25:00.641	-5.4
11:25:00.649	-2.8
11:25:00.662	0.3
11:25:00.674	0.9
11:25:00.682	2.5
11:25:00.694	1.7
11:25:00.707	1.7
11:25:00.715	5.1
11:25:00.727	4.9
11:25:00.740	4.8
11:25:00.748	4.8
11:25:00.760	4.6
11:25:00.772	3.5
11:25:00.785	5.5
11:25:00.793	4.8
11:25:00.805	3.9
11:25:00.817	4.4
11:25:00.826	1.3
11:25:00.838	1.0
11:25:00.850	0.9
11:25:00.858	-1.5
11:25:00.871	-1.1
11:25:00.883	-1.3
11:25:00.891	-3.3
11:25:00.903	-2.5
11:25:00.916	-0.2
11:25:00.928	-0.4
11:25:00.936	0.5
11:25:00.948	1.3
11:25:00.961	5.8
11:25:00.969	6.6
11:25:00.981	7.6
11:25:00.993	6.6
11:25:01.002	8.0
11:25:01.014	5.7
11:25:01.026	5.0
11:25:01.038	5.3
11:25:01.047	5.5
11:25:01.059	4.1
11:25:01.071	-1.7
11:25:01.083	-0.1
11:25:01.092	-0.7
11:25:01.104	-0.4
11:25:01.116	-2.2
11:25:01.124	-1.2
11:25:01.137	-1.8
11:25:01.149	-1.9
11:25:01.157	-3.4
11:25:01.169	-3.0
11:25:01.182	-2.2
11:25:01.190	-4.7
11:25:01.202	-5.8
11:25:01.214	-6.5
11:25:01.227	-4.7
11:25:01.235	-4.5
11:25:01.247	-3.7
11:25:01.259	-3.8
11:25:01.268	-2.6
11:25:01.280	-2.6
11:25:01.292	-1.9
11:25:01.300	0.5
11:25:01.313	1.3
11:25:01.325	0.3
11:25:01.337	-0.8
11:25:01.346	-0.5
11:25:01.358	-0.3
11:25:01.370	-0.1
11:25:01.378	-1.7
11:25:01.391	-1.7
11:25:01.403	-3.4
11:25:01.411	-3.7
11:25:01.423	-2.0
11:25:01.436	0.1
11:25:01.444	0.0
11:25:01.456	0.3
11:25:01.468	0.5
11:25:01.477	0.5
11:25:01.489	3.5
11:25:01.501	3.8
11:25:01.513	3.5
11:25:01.522	3.7
11:25:01.534	1.6
11:25:01.546	0.5
11:25:01.554	1.3
11:25:01.567	1.7
11:25:01.579	0.3
11:25:01.591	-0.9
11:25:01.599	-3.1
11:25:01.612	-4.0
11:25:01.624	-1.5
11:25:01.632	-1.8
11:25:01.644	-2.2
11:25:01.657	-2.0
11:25:01.665	-0.8
11:25:01.677	1.6
11:25:01.689	3.9
11:25:01.698	3.3
11:25:01.710	4.1
11:25:01.722	5.2
11:25:01.730	3.3
11:25:01.743	4.2
11:25:01.755	5.9
11:25:01.767	6.0
11:25:01.775	2.8
11:25:01.788	0.8
11:25:01.800	-0.1
11:25:01.808	2.7
11:25:01.821	3.0
11:25:01.833	2.2
11:25:01.841	4.3
11:25:01.853	2.8
11:25:01.866	0.7
11:25:01.878	1.4
11:25:01.886	4.0
11:25:01.898	3.1
11:25:01.911	2.5
11:25:01.919	0.4
11:25:01.931	2.6
11:25:01.943	3.6
11:25:01.952	3.7
11:25:01.964	5.5
11:25:01.976	6.0
11:25:01.984	6.6
11:25:01.997	6.2
11:25:02.009	6.3
11:25:02.022	6.3
11:25:02.029	7.3
11:25:02.042	4.7
11:25:02.054	3.1
11:25:02.062	3.5
11:25:02.074	2.1
11:25:02.087	0.7
11:25:02.095	0.5
11:25:02.107	-1.3
11:25:02.119	0.4
11:25:02.128	2.0
11:25:02.140	1.5
11:25:02.152	0.6
11:25:02.161	1.7
11:25:02.173	0.0
11:25:02.185	1.9
11:25:02.197	4.4
11:25:02.206	4.6
11:25:02.218	6.1
11:25:02.230	4.2
11:25:02.238	4.4
11:25:02.251	6.0
11:25:02.263	7.9
11:25:02.275	8.3
11:25:02.283	9.9
11:25:02.296	8.3
11:25:02.308	10.2
11:25:02.316	13.2
11:25:02.328	14.4
11:25:02.341	16.8
11:25:02.349	15.7
11:25:02.361	16.0
11:25:02.373	17.4
11:25:02.382	19.0
11:25:02.394	19.6
11:25:02.406	21.8
11:25:02.414	19.4
11:25:02.427	17.1
11:25:02.439	17.1
11:25:02.451	15.6
11:25:02.459	16.2
11:25:02.472	17.0
11:25:02.484	16.8
11:25:02.492	14.1
11:25:02.505	13.7
11:25:02.517	14.2
11:25:02.529	15.4
11:25:02.537	16.8
11:25:02.550	17.8
11:25:02.562	18.3
11:25:02.570	19.8
11:25:02.582	17.7
11:25:02.595	17.8
11:25:02.603	20.0
11:25:02.615	22.0
11:25:02.627	22.0
11:25:02.636	21.6
11:25:02.648	21.3
11:25:02.660	19.9
11:25:02.668	21.1
11:25:02.681	20.6
11:25:02.693	23.9
11:25:02.705	22.5
11:25:02.713	22.8
11:25:02.726	22.8
11:25:02.738	22.1
11:25:02.746	22.9
11:25:02.758	25.2
11:25:02.771	26.5
11:25:02.779	27.7
11:25:02.791	28.0
11:25:02.803	26.8
11:25:02.816	28.0
11:25:02.824	28.8
11:25:02.837	28.1
11:25:02.849	30.8
11:25:02.861	30.1
11:25:02.870	28.5
11:25:02.882	31.1
11:25:02.894	29.4
11:25:02.902	29.2
11:25:02.915	28.9
11:25:02.927	33.4
11:25:02.935	32.9
11:25:02.947	32.2
11:25:02.960	31.1
11:25:02.968	30.6
11:25:02.980	29.7
11:25:02.992	27.6
11:25:03.005	28.0
11:25:03.013	28.2
11:25:03.025	27.7
11:25:03.037	23.2
11:25:03.046	22.6
11:25:03.058	24.0
11:25:03.070	23.7
11:25:03.078	26.1
11:25:03.091	26.9
11:25:03.103	26.3
11:25:03.111	27.6
11:25:03.124	29.5
11:25:03.136	31.5
11:25:03.148	32.4
11:25:03.156	32.2
11:25:03.168	31.7
11:25:03.181	32.0
11:25:03.189	30.5
11:25:03.201	28.9
11:25:03.214	30.6
11:25:03.222	29.3
11:25:03.234	28.9
11:25:03.246	28.1
11:25:03.258	28.1
11:25:03.267	30.1
11:25:03.279	29.1
11:25:03.291	29.0
11:25:03.299	29.4
11:25:03.312	31.0
11:25:03.324	32.2
11:25:03.332	32.7
11:25:03.344	29.6
11:25:03.357	29.3
11:25:03.365	28.6
11:25:03.377	26.2
11:25:03.389	26.5
11:25:03.398	26.7
11:25:03.410	28.0
11:25:03.422	27.2
11:25:03.435	23.9
11:25:03.443	23.5
11:25:03.455	25.0
11:25:03.467	25.2
11:25:03.476	25.8
11:25:03.488	26.4
11:25:03.500	27.2
11:25:03.512	26.6
11:25:03.521	24.0
11:25:03.533	22.3
11:25:03.545	22.1
11:25:03.553	21.2
11:25:03.566	20.2
11:25:03.578	19.2
11:25:03.586	16.6
11:25:03.598	15.7
11:25:03.611	14.1
11:25:03.619	13.0
11:25:03.631	14.2
11:25:03.643	13.5
11:25:03.652	11.7
11:25:03.664	10.4
11:25:03.676	10.4
11:25:03.688	10.0
11:25:03.696	10.5
11:25:03.709	11.3
11:25:03.721	11.6
11:25:03.729	10.1
11:25:03.741	7.6
11:25:03.754	7.6
11:25:03.762	7.0
11:25:03.774	8.1
11:25:03.786	6.5
11:25:03.799	6.0
11:25:03.807	5.0
11:25:03.819	3.4
11:25:03.831	1.7
11:25:03.840	0.1
11:25:03.852	-1.2
11:25:03.864	-0.9
11:25:03.872	-2.1
11:25:03.885	-5.2
11:25:03.897	-4.5
11:25:03.905	-6.3
11:25:03.917	-5.7
11:25:03.930	-6.2
11:25:03.942	-6.8
11:25:03.950	-6.4
11:25:03.963	-5.9
11:25:03.975	-7.3
11:25:03.983	-6.7
11:25:03.995	-6.9
11:25:04.008	-9.2
11:25:04.016	-7.6
11:25:04.028	-7.8
11:25:04.040	-9.7
11:25:04.049	-10.8
11:25:04.061	-11.1
11:25:04.073	-11.9
11:25:04.081	-11.6
11:25:04.094	-13.1
11:25:04.106	-14.1
11:25:04.118	-13.0
11:25:04.126	-14.5
11:25:04.139	-16.1
11:25:04.151	-16.5
11:25:04.159	-16.7
11:25:04.171	-16.2
11:25:04.184	-13.4
11:25:04.196	-13.8
11:25:04.204	-12.7
11:25:04.216	-10.9
11:25:04.229	-12.2
11:25:04.237	-13.4
11:25:04.249	-14.2
11:25:04.261	-12.1
11:25:04.270	-12.5
11:25:04.282	-14.6
11:25:04.294	-15.9
11:25:04.302	-15.8
11:25:04.315	-16.4
11:25:04.327	-17.6
11:25:04.335	-17.2
11:25:04.347	-17.2
11:25:04.360	-17.3
11:25:04.372	-18.1
11:25:04.380	-18.0
11:25:04.392	-16.8
11:25:04.405	-17.7
11:25:04.413	-18.1
11:25:04.425	-18.0
11:25:04.438	-17.0
11:25:04.450	-17.0
11:25:04.458	-16.2
11:25:04.470	-13.5
11:25:04.483	-13.7
11:25:04.491	-13.3
11:25:04.503	-14.3
11:25:04.516	-14.0
11:25:04.524	-13.8
11:25:04.536	-12.8
11:25:04.548	-13.2
11:25:04.556	-11.6
11:25:04.569	-10.7
11:25:04.581	-10.6
11:25:04.589	-9.4
11:25:04.601	-7.9
11:25:04.614	-4.7
11:25:04.626	-5.2
11:25:04.634	-3.9
11:25:04.647	-4.6
11:25:04.659	-3.1
11:25:04.667	-4.3
11:25:04.679	-3.2
11:25:04.692	-3.2
11:25:04.700	-1.8
11:25:04.712	-1.6
11:25:04.724	-0.2
11:25:04.733	1.5
11:25:04.745	1.2
11:25:04.757	3.3
11:25:04.769	2.5
11:25:04.778	4.3
11:25:04.790	3.6
11:25:04.802	3.6
11:25:04.811	2.8
11:25:04.823	3.5
11:25:04.835	1.2
11:25:04.843	1.8
11:25:04.856	4.3
11:25:04.868	4.4
11:25:04.880	6.6
11:25:04.889	7.6
11:25:04.901	9.2
11:25:04.913	9.8
11:25:04.926	10.4
11:25:04.934	12.1
11:25:04.946	14.6
11:25:04.958	15.2
11:25:04.967	14.4
11:25:04.979	15.6
11:25:04.991	15.4
11:25:04.999	16.3
11:25:05.012	17.8
11:25:05.024	17.6
11:25:05.032	17.2
11:25:05.044	16.4
11:25:05.057	15.6
11:25:05.069	14.6
11:25:05.077	14.0
11:25:05.089	12.6
11:25:05.102	13.4
11:25:05.110	12.7
11:25:05.122	11.8
11:25:05.134	12.1
11:25:05.143	12.7
11:25:05.155	12.7
11:25:05.167	13.1
11:25:05.179	14.4
11:25:05.188	15.5
11:25:05.200	15.7
11:25:05.212	16.5
11:25:05.220	18.3
11:25:05.233	18.6
11:25:05.245	20.2
11:25:05.253	20.8
11:25:05.266	20.4
11:25:05.278	20.8
11:25:05.286	21.7
11:25:05.298	23.4
11:25:05.311	25.2
11:25:05.319	23.7
11:25:05.331	22.8
11:25:05.343	24.1
11:25:05.356	23.8
11:25:05.364	25.7
11:25:05.376	27.2
11:25:05.388	29.1
11:25:05.397	28.2
11:25:05.409	28.1
11:25:05.421	27.6
11:25:05.433	27.7
11:25:05.442	27.1
11:25:05.454	26.4
11:25:05.466	25.8
11:25:05.474	23.7
11:25:05.487	23.6
11:25:05.499	21.4
11:25:05.507	21.9
11:25:05.520	22.5
11:25:05.532	21.7
11:25:05.540	22.8
11:25:05.552	23.0
11:25:05.565	22.1
11:25:05.573	22.0
11:25:05.585	22.8
11:25:05.597	22.2
11:25:05.610	20.9
11:25:05.618	21.9
11:25:05.630	18.9
11:25:05.642	20.9
11:25:05.651	20.0
11:25:05.663	19.4
11:25:05.675	22.2
11:25:05.683	23.1
11:25:05.696	24.4
11:25:05.708	25.5
11:25:05.720	28.2
11:25:05.728	26.6
11:25:05.741	27.5
11:25:05.753	27.6
11:25:05.761	31.1
11:25:05.773	31.9
11:25:05.786	30.6
11:25:05.794	30.1
11:25:05.806	30.1
11:25:05.818	32.4
11:25:05.827	32.7
11:25:05.839	34.3
11:25:05.851	36.2
11:25:05.863	36.6
11:25:05.872	35.2
11:25:05.884	36.5
11:25:05.896	35.9
11:25:05.904	36.8
11:25:05.917	35.9
11:25:05.929	33.0
11:25:05.937	33.1
11:25:05.949	33.3
11:25:05.962	31.6
11:25:05.970	33.1
11:25:05.982	34.4
11:25:05.995	35.3
11:25:06.003	34.7
11:25:06.015	34.4
11:25:06.027	34.2
11:25:06.040	36.2
11:25:06.048	36.5
11:25:06.060	34.3
11:25:06.072	31.5
11:25:06.080	28.6
11:25:06.093	28.8
11:25:06.105	30.8
11:25:06.117	30.3
11:25:06.126	30.4
11:25:06.138	29.5
11:25:06.150	29.0
11:25:06.158	28.3
11:25:06.171	29.8
11:25:06.183	33.8
11:25:06.191	33.2
11:25:06.203	31.0
11:25:06.216	25.2
11:25:06.224	26.3
11:25:06.236	25.7
11:25:06.248	26.4
11:25:06.257	24.7
11:25:06.269	23.8
11:25:06.281	23.6
11:25:06.293	20.5
11:25:06.302	20.4
11:25:06.314	20.3
11:25:06.326	20.2
11:25:06.334	18.6
11:25:06.347	17.3
11:25:06.359	17.5
11:25:06.371	17.1
11:25:06.379	16.8
11:25:06.392	16.7
11:25:06.404	17.7
11:25:06.412	17.1
11:25:06.425	15.5
11:25:06.437	16.7
11:25:06.445	18.9
11:25:06.457	20.2
11:25:06.470	18.8
11:25:06.478	20.2
11:25:06.490	19.2
11:25:06.502	18.0
11:25:06.511	17.9
11:25:06.523	17.4
11:25:06.535	18.8
11:25:06.547	18.3
11:25:06.556	15.9
11:25:06.568	14.1
11:25:06.580	14.0
11:25:06.588	13.0
11:25:06.601	16.1
11:25:06.613	16.7
11:25:06.621	18.7
11:25:06.633	19.9
11:25:06.646	21.0
11:25:06.654	20.9
11:25:06.666	21.2
11:25:06.678	24.5
11:25:06.691	25.6
11:25:06.699	25.1
11:25:06.711	22.0
11:25:06.723	19.5
11:25:06.732	17.1
11:25:06.744	19.0
11:25:06.756	16.1
11:25:06.768	15.0
11:25:06.777	14.2
11:25:06.789	11.3
11:25:06.801	10.2
11:25:06.809	9.7
11:25:06.822	9.5
11:25:06.834	10.5
11:25:06.846	12.1
11:25:06.854	8.6
11:25:06.867	9.3
11:25:06.875	9.6
11:25:06.887	11.4
11:25:06.900	13.1
11:25:06.912	13.3
11:25:06.920	15.7
11:25:06.932	16.0
11:25:06.945	16.7
11:25:06.953	14.9
11:25:06.965	17.1
11:25:06.977	17.5
11:25:06.990	16.2
11:25:06.998	16.2
11:25:07.010	14.4
11:25:07.022	16.2
11:25:07.031	13.8
11:25:07.043	12.1
11:25:07.055	12.7
11:25:07.063	11.9
11:25:07.076	9.9
11:25:07.088	8.7
11:25:07.100	10.1
11:25:07.108	9.5
11:25:07.121	11.3
11:25:07.133	8.4
11:25:07.141	6.6
11:25:07.153	8.0
11:25:07.166	5.7
11:25:07.174	6.6
11:25:07.186	10.4
11:25:07.198	10.3
11:25:07.207	10.6
11:25:07.219	10.9
11:25:07.231	8.9
11:25:07.239	9.5
11:25:07.252	11.0
11:25:07.264	10.6
11:25:07.276	12.3
11:25:07.284	11.8
11:25:07.297	8.7
11:25:07.309	9.7
11:25:07.317	10.5
11:25:07.329	8.2
11:25:07.342	9.5
11:25:07.354	8.3
11:25:07.362	8.4
11:25:07.375	9.4
11:25:07.387	7.9
11:25:07.395	10.8
11:25:07.407	9.6
11:25:07.420	8.8
11:25:07.428	6.8
11:25:07.440	6.5
11:25:07.452	3.8
11:25:07.460	5.0
11:25:07.473	5.3
11:25:07.485	2.5
11:25:07.493	2.5
11:25:07.506	-0.9
11:25:07.518	-2.2
11:25:07.530	-3.0
11:25:07.538	-3.2
11:25:07.551	-3.3
11:25:07.563	-2.9
11:25:07.571	-5.0
11:25:07.583	-7.3
11:25:07.596	-6.4
11:25:07.604	-7.0
11:25:07.616	-7.2
11:25:07.628	-7.5
11:25:07.641	-8.0
11:25:07.649	-8.3
11:25:07.661	-8.0
11:25:07.673	-9.2
11:25:07.682	-8.9
11:25:07.694	-7.1
11:25:07.706	-5.9
11:25:07.714	-5.8
11:25:07.727	-6.3
11:25:07.739	-5.2
11:25:07.747	-6.0
11:25:07.759	-6.2
11:25:07.772	-7.2
11:25:07.784	-7.0
11:25:07.792	-7.2
11:25:07.804	-9.9
11:25:07.817	-11.7
11:25:07.825	-12.2
11:25:07.837	-13.1
11:25:07.850	-15.4
11:25:07.858	-16.0
11:25:07.870	-18.9
11:25:07.882	-20.9
11:25:07.890	-22.3
11:25:07.903	-24.5
11:25:07.915	-26.6
11:25:07.923	-29.0
11:25:07.936	-31.3
11:25:07.948	-32.6
11:25:07.960	-34.1
11:25:07.968	-35.6
11:25:07.981	-34.6
11:25:07.993	-34.5
11:25:08.001	-35.7
11:25:08.013	-36.9
11:25:08.026	-37.0
11:25:08.038	-37.5
11:25:08.046	-38.5
11:25:08.058	-38.8
11:25:08.071	-38.2
11:25:08.079	-38.9
11:25:08.091	-39.0
11:25:08.103	-39.8
11:25:08.112	-39.1
11:25:08.124	-38.4
11:25:08.136	-38.2
11:25:08.144	-37.7
11:25:08.157	-36.9
11:25:08.169	-34.7
11:25:08.177	-33.1
11:25:08.189	-31.9
11:25:08.203	-32.3
11:25:08.215	-30.2
11:25:08.223	-29.5
11:25:08.235	-27.9
11:25:08.248	-28.4
11:25:08.256	-26.3
11:25:08.268	-25.1
11:25:08.280	-26.9
11:25:08.292	-28.6
11:25:08.300	-26.8
11:25:08.313	-26.2
11:25:08.325	-27.6
11:25:08.333	-27.5
11:25:08.346	-26.6
11:25:08.358	-26.8
11:25:08.366	-26.7
11:25:08.379	-26.8
11:25:08.391	-27.6
11:25:08.399	-25.5
11:25:08.411	-25.9
11:25:08.424	-26.4
11:25:08.432	-25.1
11:25:08.444	-23.5
11:25:08.456	-23.0
11:25:08.469	-18.9
11:25:08.477	-17.5
11:25:08.489	-15.4
11:25:08.501	-7.6
11:25:08.510	-6.4
11:25:08.522	-4.2
11:25:08.534	1.3
11:25:08.542	4.2
11:25:08.555	5.5
11:25:08.567	6.1
11:25:08.575	7.2
11:25:08.587	8.2
11:25:08.600	9.2
11:25:08.612	5.8
11:25:08.620	5.9
11:25:08.632	5.0
11:25:08.645	2.6
11:25:08.653	1.7
11:25:08.665	2.1
11:25:08.677	3.6
11:25:08.686	2.5
11:25:08.698	2.1
11:25:08.710	2.9
11:25:08.722	5.0
11:25:08.731	6.8
11:25:08.743	9.0
11:25:08.755	9.5
11:25:08.763	8.6
11:25:08.776	9.1
11:25:08.788	9.2
11:25:08.800	11.3
11:25:08.808	12.5
11:25:08.821	15.5
11:25:08.833	13.3
11:25:08.841	14.7
11:25:08.853	15.0
11:25:08.866	14.9
11:25:08.874	16.8
11:25:08.886	17.0
11:25:08.899	18.0
11:25:08.911	16.5
11:25:08.919	14.4
11:25:08.931	10.6
11:25:08.944	11.1
11:25:08.952	10.9
11:25:08.964	10.0
11:25:08.976	12.1
11:25:08.985	13.7
11:25:08.997	13.0
11:25:09.009	12.0
11:25:09.021	14.7
11:25:09.030	16.7
11:25:09.042	19.2
11:25:09.054	19.4
11:25:09.062	18.1
11:25:09.075	17.6
11:25:09.087	17.7
11:25:09.095	16.8
11:25:09.107	18.7
11:25:09.120	19.7
11:25:09.128	20.1
11:25:09.140	20.2
11:25:09.153	17.9
11:25:09.161	20.8
11:25:09.173	19.8
11:25:09.185	20.2
11:25:09.197	20.4
11:25:09.206	21.0
11:25:09.218	21.7
11:25:09.230	20.9
11:25:09.238	21.0
11:25:09.251	20.8
11:25:09.263	21.7
11:25:09.275	19.9
11:25:09.284	23.6
11:25:09.296	25.1
11:25:09.308	23.8
11:25:09.316	23.4
11:25:09.328	22.4
11:25:09.341	21.6
11:25:09.349	19.5
11:25:09.361	21.7
11:25:09.374	22.2
11:25:09.382	23.5
11:25:09.394	21.6
11:25:09.406	21.8
11:25:09.414	22.6
11:25:09.427	22.4
11:25:09.439	23.7
11:25:09.451	26.2
11:25:09.460	25.9
11:25:09.472	24.2
11:25:09.484	22.4
11:25:09.492	20.1
11:25:09.505	19.0
11:25:09.517	17.2
11:25:09.525	15.9
11:25:09.537	15.7
11:25:09.550	15.0
11:25:09.562	14.3
11:25:09.570	14.4
11:25:09.582	14.0
11:25:09.595	14.4
11:25:09.603	13.4
11:25:09.615	14.3
11:25:09.627	14.8
11:25:09.636	14.3
11:25:09.648	11.8
11:25:09.660	9.2
11:25:09.668	9.0
11:25:09.681	7.9
11:25:09.693	6.4
11:25:09.705	6.5
11:25:09.713	5.3
11:25:09.726	3.4
11:25:09.738	2.3
11:25:09.746	1.5
11:25:09.758	2.3
11:25:09.771	1.0
11:25:09.779	-1.1
11:25:09.791	-0.8
11:25:09.803	-1.1
11:25:09.812	-2.6
11:25:09.824	-0.9
11:25:09.836	-1.7
11:25:09.844	-2.9
11:25:09.857	-2.3
11:25:09.869	-1.8
11:25:09.881	-2.2
11:25:09.890	-3.4
11:25:09.902	-3.7
11:25:09.914	-6.0
11:25:09.922	-5.4
11:25:09.935	-8.4
11:25:09.947	-6.5
11:25:09.959	-6.4
11:25:09.967	-7.5
11:25:09.980	-8.6
11:25:09.992	-7.7
11:25:10.000	-8.0
11:25:10.012	-8.9
11:25:10.025	-8.9
11:25:10.033	-11.5
11:25:10.045	-11.4
11:25:10.057	-15.6
11:25:10.066	-17.3
11:25:10.078	-18.6
11:25:10.090	-19.6
11:25:10.098	-19.6
11:25:10.111	-20.8
11:25:10.123	-23.5
11:25:10.135	-22.7
11:25:10.143	-23.8
11:25:10.156	-24.1
11:25:10.168	-23.5
11:25:10.176	-24.4
11:25:10.189	-25.6
11:25:10.201	-25.6
11:25:10.213	-27.8
11:25:10.221	-27.2
11:25:10.234	-25.8
11:25:10.246	-26.8
11:25:10.254	-24.4
11:25:10.266	-25.4
11:25:10.279	-26.2
11:25:10.287	-26.8
11:25:10.299	-26.5
11:25:10.311	-26.8
11:25:10.320	-26.8
11:25:10.332	-26.7
11:25:10.344	-26.3
11:25:10.352	-27.0
11:25:10.365	-28.4
11:25:10.377	-27.9
11:25:10.389	-26.9
11:25:10.397	-25.9
11:25:10.410	-25.3
11:25:10.422	-25.5
11:25:10.430	-25.3
11:25:10.443	-26.0
11:25:10.455	-27.7
11:25:10.463	-27.9
11:25:10.475	-26.3
11:25:10.487	-24.3
11:25:10.496	-24.7
11:25:10.508	-25.1
11:25:10.520	-26.0
11:25:10.533	-26.0
11:25:10.541	-26.8
11:25:10.553	-25.2
11:25:10.565	-22.9
11:25:10.574	-22.2
11:25:10.586	-21.6
11:25:10.598	-22.5
11:25:10.606	-21.9
11:25:10.619	-21.0
11:25:10.631	-21.4
11:25:10.643	-21.8
11:25:10.651	-20.3
11:25:10.664	-19.6
11:25:10.676	-21.0
11:25:10.684	-21.5
11:25:10.696	-23.7
11:25:10.709	-23.5
11:25:10.721	-21.8
11:25:10.729	-21.3
11:25:10.742	-20.5
11:25:10.754	-20.7
11:25:10.762	-20.5
11:25:10.774	-24.1
11:25:10.786	-25.2
11:25:10.795	-24.2
11:25:10.807	-23.5
11:25:10.819	-22.9
11:25:10.831	-23.8
11:25:10.840	-24.9
11:25:10.852	-23.5
11:25:10.864	-22.9
11:25:10.872	-23.2
11:25:10.885	-17.7
11:25:10.897	-14.9
11:25:10.905	-15.6
11:25:10.918	-14.9
11:25:10.930	-15.2
11:25:10.942	-14.3
11:25:10.950	-13.4
11:25:10.963	-13.2
11:25:10.975	-11.6
11:25:10.983	-11.5
11:25:10.995	-15.1
11:25:11.008	-16.9
11:25:11.016	-15.9
11:25:11.028	-14.3
11:25:11.040	-13.3
11:25:11.049	-13.5
11:25:11.061	-10.7
11:25:11.073	-10.1
11:25:11.081	-6.6
11:25:11.094	-6.2
11:25:11.106	-5.3
11:25:11.118	-2.6
11:25:11.126	-2.7
11:25:11.139	-4.2
11:25:11.151	-5.8
11:25:11.159	-5.6
11:25:11.171	-6.7
11:25:11.184	-6.0
11:25:11.196	-8.8
11:25:11.204	-8.9
11:25:11.216	-9.1
11:25:11.229	-9.1
11:25:11.237	-8.0
11:25:11.249	-7.1
11:25:11.261	-6.4
11:25:11.270	-5.2
11:25:11.282	-4.9
11:25:11.294	-5.5
11:25:11.303	-5.2
11:25:11.315	-3.6
11:25:11.327	-2.5
11:25:11.335	-1.6
11:25:11.348	-1.1
11:25:11.360	0.6
11:25:11.372	3.3
11:25:11.380	3.3
11:25:11.393	2.7
11:25:11.405	3.4
11:25:11.413	1.9
11:25:11.425	2.4
11:25:11.438	2.1
11:25:11.446	2.4
11:25:11.458	2.1
11:25:11.470	-0.1
11:25:11.483	0.7
11:25:11.491	0.8
11:25:11.503	1.6
11:25:11.515	2.1
11:25:11.524	4.1
11:25:11.536	3.7
11:25:11.548	5.2
11:25:11.556	3.9
11:25:11.569	2.6
11:25:11.581	5.4
11:25:11.589	3.9
11:25:11.601	5.3
11:25:11.614	5.2
11:25:11.626	4.8
11:25:11.634	4.3
11:25:11.646	5.9
11:25:11.659	6.8
11:25:11.667	7.9
11:25:11.679	10.4
11:25:11.691	7.4
11:25:11.700	8.0
11:25:11.712	4.6
11:25:11.724	4.7
11:25:11.732	5.8
11:25:11.745	5.4
11:25:11.757	3.6
11:25:11.765	2.4
11:25:11.777	0.3
11:25:11.790	-0.7
11:25:11.802	0.9
11:25:11.810	0.9
11:25:11.822	0.0
11:25:11.835	0.7
11:25:11.843	0.1
11:25:11.855	1.3
11:25:11.867	2.6
11:25:11.881	3.1
11:25:11.889	5.9
11:25:11.901	8.0
11:25:11.914	8.3
11:25:11.922	6.4
11:25:11.934	9.4
11:25:11.946	11.1
11:25:11.955	11.0
11:25:11.967	12.6
11:25:11.979	10.6
11:25:11.987	9.6
11:25:12.000	8.7
11:25:12.012	8.1
11:25:12.020	9.4
11:25:12.032	10.4
11:25:12.045	8.8
11:25:12.057	7.1
11:25:12.065	8.8
11:25:12.077	6.1
11:25:12.090	5.7
11:25:12.098	4.0
11:25:12.110	3.7
11:25:12.122	2.8
11:25:12.135	0.8
11:25:12.143	1.8
11:25:12.155	3.0
11:25:12.167	6.1
11:25:12.176	3.3
11:25:12.188	5.1
11:25:12.200	6.3
11:25:12.208	8.1
11:25:12.221	8.5
11:25:12.233	8.6
11:25:12.241	10.3
11:25:12.253	10.2
11:25:12.266	9.4
11:25:12.274	6.5
11:25:12.286	7.1
11:25:12.298	9.0
11:25:12.311	10.2
11:25:12.319	10.7
11:25:12.331	10.8
11:25:12.343	12.7
11:25:12.352	11.8
11:25:12.364	13.8
11:25:12.376	16.4
11:25:12.384	15.6
11:25:12.397	16.6
11:25:12.409	12.9
11:25:12.417	12.1
11:25:12.429	11.8
11:25:12.442	11.8
11:25:12.454	10.8
11:25:12.462	12.5
11:25:12.474	10.6
11:25:12.487	9.0
11:25:12.495	9.7
11:25:12.507	9.3
11:25:12.519	9.8
11:25:12.528	9.4
11:25:12.540	10.3
11:25:12.552	11.1
11:25:12.564	11.6
11:25:12.573	10.3
11:25:12.585	8.5
11:25:12.597	8.1
11:25:12.606	8.8
11:25:12.618	8.1
11:25:12.630	7.2
11:25:12.638	7.7
11:25:12.651	7.1
11:25:12.663	5.2
11:25:12.671	3.2
11:25:12.683	2.9
11:25:12.696	4.8
11:25:12.704	4.9
11:25:12.716	2.1
11:25:12.728	3.5
11:25:12.741	5.3
11:25:12.749	5.3
11:25:12.761	4.3
11:25:12.773	4.5
11:25:12.782	4.0
11:25:12.794	3.5
11:25:12.806	0.3
11:25:12.818	-1.2
11:25:12.827	-1.2
11:25:12.839	-4.2
11:25:12.851	-6.5
11:25:12.859	-7.6
11:25:12.872	-7.8
11:25:12.884	-7.8
11:25:12.892	-7.9
11:25:12.904	-11.6
11:25:12.917	-11.3
11:25:12.929	-8.3
11:25:12.937	-7.9
11:25:12.949	-6.6
11:25:12.962	-4.3
11:25:12.970	-5.3
11:25:12.982	-6.5
11:25:12.995	-8.5
11:25:13.003	-8.7
11:25:13.015	-6.7
11:25:13.027	-5.8
11:25:13.040	-9.4
11:25:13.048	-10.2
11:25:13.060	-12.3
11:25:13.072	-15.1
11:25:13.081	-15.2
11:25:13.093	-14.6
11:25:13.105	-13.7
11:25:13.117	-14.3
11:25:13.126	-14.4
11:25:13.138	-15.7
11:25:13.150	-16.0
11:25:13.158	-15.4
11:25:13.171	-14.6
11:25:13.183	-15.2
11:25:13.191	-15.7
11:25:13.203	-15.5
11:25:13.216	-14.6
11:25:13.224	-15.2
11:25:13.236	-15.0
11:25:13.248	-14.1
11:25:13.257	-13.5
11:25:13.269	-12.4
11:25:13.281	-11.6
11:25:13.293	-12.8
11:25:13.302	-12.6
11:25:13.313	-13.8
11:25:13.326	-13.4
11:25:13.334	-13.0
11:25:13.346	-13.4
11:25:13.358	-13.9
11:25:13.367	-11.8
11:25:13.379	-13.1
11:25:13.392	-12.7
11:25:13.404	-8.9
11:25:13.412	-8.2
11:25:13.424	-6.8
11:25:13.437	-7.9
11:25:13.445	-7.3
11:25:13.457	-6.1
11:25:13.469	-5.4
11:25:13.478	-6.2
11:25:13.490	-5.1
11:25:13.502	-1.3
11:25:13.510	-2.6
11:25:13.523	-3.1
11:25:13.535	-2.2
11:25:13.547	-1.2
11:25:13.555	0.3
11:25:13.568	3.5
11:25:13.580	3.5
11:25:13.588	3.3
11:25:13.600	3.0
11:25:13.613	-0.3
11:25:13.621	0.1
11:25:13.633	1.8
11:25:13.646	1.7
11:25:13.654	2.3
11:25:13.666	1.3
11:25:13.678	-1.7
11:25:13.687	-0.2
11:25:13.699	-0.1
11:25:13.711	0.9
11:25:13.724	2.0
11:25:13.732	2.9
11:25:13.744	4.7
11:25:13.756	5.1
11:25:13.764	4.9
11:25:13.777	7.5
11:25:13.789	7.1
11:25:13.801	5.9
11:25:13.809	7.1
11:25:13.822	8.5
11:25:13.834	7.7
11:25:13.842	8.3
11:25:13.854	7.0
11:25:13.867	5.9
11:25:13.875	5.6
11:25:13.887	3.1
11:25:13.899	3.9
11:25:13.908	3.9
11:25:13.920	3.4
11:25:13.932	1.3
11:25:13.940	2.7
11:25:13.953	1.9
11:25:13.965	1.4
11:25:13.977	1.9
11:25:13.985	1.9
11:25:13.998	3.3
11:25:14.010	3.5
11:25:14.018	4.7
11:25:14.030	5.2
11:25:14.043	8.6
11:25:14.056	8.3
11:25:14.064	8.8
11:25:14.076	8.7
11:25:14.088	7.8
11:25:14.096	8.9
11:25:14.109	11.1
11:25:14.121	11.1
11:25:14.129	10.5
11:25:14.142	10.3
11:25:14.154	6.5
11:25:14.162	8.4
11:25:14.174	8.1
11:25:14.187	10.4
11:25:14.195	11.7
11:25:14.207	11.3
11:25:14.219	9.9
11:25:14.232	10.5
11:25:14.240	12.0
11:25:14.252	12.2
11:25:14.264	14.9
11:25:14.273	12.2
11:25:14.285	13.2
11:25:14.297	11.6
11:25:14.305	11.9
11:25:14.318	13.3
11:25:14.330	12.9
11:25:14.338	13.0
11:25:14.351	13.3
11:25:14.363	15.8
11:25:14.375	15.1
11:25:14.383	17.4
11:25:14.395	16.4
11:25:14.408	15.3
11:25:14.416	16.8
11:25:14.428	19.5
11:25:14.441	20.9
11:25:14.449	21.3
11:25:14.461	24.1
11:25:14.473	21.9
11:25:14.486	23.5
11:25:14.494	24.1
11:25:14.506	30.0
11:25:14.518	32.4
11:25:14.527	31.1
11:25:14.539	28.4
11:25:14.551	29.5
11:25:14.559	30.3
11:25:14.572	28.2
11:25:14.584	29.7
11:25:14.592	28.3
11:25:14.604	27.5
11:25:14.617	22.8
11:25:14.625	25.4
11:25:14.637	27.5
11:25:14.649	26.8
11:25:14.662	25.3
11:25:14.670	25.2
11:25:14.682	23.9
11:25:14.694	24.0
11:25:14.707	24.9
11:25:14.715	25.1
11:25:14.727	26.3
11:25:14.739	24.2
11:25:14.748	24.0
11:25:14.760	24.8
11:25:14.772	28.0
11:25:14.784	29.2
11:25:14.793	31.2
11:25:14.805	30.7
11:25:14.817	29.7
11:25:14.825	28.7
11:25:14.838	29.7
11:25:14.850	30.7
11:25:14.858	29.8
11:25:14.871	29.7
11:25:14.883	26.0
11:25:14.891	25.4
11:25:14.903	25.7
11:25:14.915	24.1
11:25:14.924	26.1
11:25:14.936	26.9
11:25:14.948	25.0
11:25:14.961	22.9
11:25:14.969	22.8
11:25:14.981	23.4
11:25:14.993	22.6
11:25:15.002	21.9
11:25:15.014	18.9
11:25:15.026	19.0
11:25:15.038	15.9
11:25:15.047	16.9
11:25:15.059	17.2
11:25:15.071	17.9
11:25:15.079	18.6
11:25:15.092	16.7
11:25:15.104	17.2
11:25:15.112	16.5
11:25:15.124	17.1
11:25:15.137	17.3
11:25:15.145	15.9
11:25:15.157	12.9
11:25:15.169	9.3
11:25:15.178	7.0
11:25:15.190	3.9
11:25:15.202	3.5
11:25:15.214	1.7
11:25:15.223	1.1
11:25:15.235	0.0
11:25:15.247	-1.4
11:25:15.255	0.2
11:25:15.268	-0.6
11:25:15.280	-1.4
11:25:15.288	-1.5
11:25:15.301	-2.1
11:25:15.313	-3.1
11:25:15.325	-3.6
11:25:15.333	-5.9
11:25:15.345	-4.0
11:25:15.358	-3.2
11:25:15.366	-5.7
11:25:15.378	-6.7
11:25:15.391	-5.6
11:25:15.399	-5.1
11:25:15.411	-6.6
11:25:15.423	-6.6
11:25:15.432	-7.0
11:25:15.444	-6.5
11:25:15.456	-10.7
11:25:15.468	-9.7
11:25:15.477	-10.6
11:25:15.489	-10.4
11:25:15.501	-11.7
11:25:15.509	-12.4
11:25:15.522	-10.2
11:25:15.534	-12.1
11:25:15.542	-11.8
11:25:15.554	-12.6
11:25:15.567	-13.0
11:25:15.575	-16.1
11:25:15.587	-13.8
11:25:15.600	-16.4
11:25:15.608	-14.9
11:25:15.620	-15.3
11:25:15.632	-16.4
11:25:15.645	-16.5
11:25:15.653	-16.9
11:25:15.665	-16.1
11:25:15.677	-14.9
11:25:15.686	-13.5
11:25:15.698	-14.6
11:25:15.710	-12.4
11:25:15.722	-12.9
11:25:15.731	-13.0
11:25:15.743	-13.1
11:25:15.755	-13.0
11:25:15.763	-13.3
11:25:15.776	-13.9
11:25:15.788	-15.8
11:25:15.796	-18.4
11:25:15.808	-18.2
11:25:15.821	-19.9
11:25:15.829	-22.6
11:25:15.841	-24.6
11:25:15.853	-25.5
11:25:15.862	-25.6
11:25:15.874	-25.3
11:25:15.886	-26.4
11:25:15.898	-25.1
11:25:15.907	-23.5
11:25:15.919	-24.2
11:25:15.931	-24.1
11:25:15.939	-21.3
11:25:15.952	-20.4
11:25:15.964	-18.8
11:25:15.976	-19.2
11:25:15.984	-18.2
11:25:15.997	-17.8
11:25:16.009	-16.9
11:25:16.017	-16.3
11:25:16.029	-15.6
11:25:16.042	-13.1
11:25:16.050	-13.3
11:25:16.062	-11.2
11:25:16.075	-12.1
11:25:16.083	-9.0
11:25:16.095	-9.2
11:25:16.107	-7.3
11:25:16.116	-5.0
11:25:16.128	-2.7
11:25:16.140	-2.5
11:25:16.152	-3.5
11:25:16.161	-3.3
11:25:16.173	-4.1
11:25:16.185	-2.6
11:25:16.193	-3.1
11:25:16.206	-3.9
11:25:16.218	-2.5
11:25:16.226	-5.1
11:25:16.238	-6.1
11:25:16.251	-5.7
11:25:16.259	-4.9
11:25:16.271	-5.7
11:25:16.283	-3.0
11:25:16.296	-3.7
11:25:16.304	-4.3
11:25:16.316	-4.0
11:25:16.328	-5.0
11:25:16.337	-4.0
11:25:16.349	-4.9
11:25:16.361	-4.9
11:25:16.369	-3.0
11:25:16.382	-2.0
11:25:16.394	-5.0
11:25:16.406	-3.5
11:25:16.414	-2.0
11:25:16.427	-1.2
11:25:16.439	-2.1
11:25:16.447	-1.6
11:25:16.459	-1.3
11:25:16.472	0.7
11:25:16.480	-0.6
11:25:16.492	-1.0
11:25:16.504	0.4
11:25:16.513	-0.6
11:25:16.525	-1.0
11:25:16.537	0.0
11:25:16.546	1.0
11:25:16.558	1.6
11:25:16.570	2.4
11:25:16.583	2.0
11:25:16.591	3.6
11:25:16.603	4.9
11:25:16.615	6.6
11:25:16.623	8.9
11:25:16.636	8.9
11:25:16.648	7.5
11:25:16.660	8.9
11:25:16.669	10.7
11:25:16.681	11.1
11:25:16.693	12.7
11:25:16.705	10.9
11:25:16.714	11.3
11:25:16.726	8.7
11:25:16.734	8.4
11:25:16.746	8.2
11:25:16.759	10.8
11:25:16.771	10.0
11:25:16.779	8.1
11:25:16.791	7.4
11:25:16.800	4.4
11:25:16.812	4.2
11:25:16.824	4.4
11:25:16.836	6.1
11:25:16.845	5.6
11:25:16.857	6.5
11:25:16.869	5.4
11:25:16.877	5.1
11:25:16.890	7.0
11:25:16.902	7.4
11:25:16.914	9.0
11:25:16.922	13.0
11:25:16.935	13.7
11:25:16.947	13.5
11:25:16.959	12.7
11:25:16.967	12.6
11:25:16.980	10.8
11:25:16.992	11.8
11:25:17.000	10.5
11:25:17.013	10.0
11:25:17.025	9.7
11:25:17.033	7.1
11:25:17.045	7.6
11:25:17.057	8.1
11:25:17.066	10.3
11:25:17.078	9.2
11:25:17.090	10.0
11:25:17.099	9.4
11:25:17.111	8.9
11:25:17.123	12.2
11:25:17.136	12.3
11:25:17.144	12.8
11:25:17.156	13.2
11:25:17.168	12.7
11:25:17.176	13.9
11:25:17.189	14.1
11:25:17.201	14.4
11:25:17.209	14.7
11:25:17.222	13.8
11:25:17.234	10.7
11:25:17.246	9.6
11:25:17.254	7.7
11:25:17.267	8.1
11:25:17.279	8.7
11:25:17.287	5.7
11:25:17.299	6.2
11:25:17.312	8.8
11:25:17.320	8.5
11:25:17.332	9.1
11:25:17.344	9.6
11:25:17.353	10.4
11:25:17.365	11.5
11:25:17.377	8.7
11:25:17.390	6.6
11:25:17.398	6.2
11:25:17.410	7.1
11:25:17.422	6.0
11:25:17.430	4.6
11:25:17.443	3.8
11:25:17.455	3.9
11:25:17.463	3.0
11:25:17.475	1.8
11:25:17.488	3.7
11:25:17.496	4.5
11:25:17.508	3.6
11:25:17.520	3.0
11:25:17.529	3.3
11:25:17.541	3.2
11:25:17.553	3.8
11:25:17.565	2.7
11:25:17.574	4.7
11:25:17.586	6.5
11:25:17.598	6.5
11:25:17.606	7.1
11:25:17.619	10.2
11:25:17.631	8.5
11:25:17.643	6.9
11:25:17.651	8.2
11:25:17.664	9.4
11:25:17.676	9.8
11:25:17.684	10.4
11:25:17.697	10.4
11:25:17.709	7.9
11:25:17.717	7.9
11:25:17.729	7.5
11:25:17.742	9.5
11:25:17.750	10.0
11:25:17.762	12.3
11:25:17.774	9.7
11:25:17.783	11.6
11:25:17.795	9.7
11:25:17.807	8.6
11:25:17.819	7.4
11:25:17.828	7.1
11:25:17.840	6.4
11:25:17.852	6.2
11:25:17.860	6.9
11:25:17.873	5.8
11:25:17.885	7.6
11:25:17.897	5.3
11:25:17.905	4.6
11:25:17.918	3.4
11:25:17.930	6.8
11:25:17.938	6.0
11:25:17.950	5.5
11:25:17.963	5.6
11:25:17.971	4.0
11:25:17.983	3.2
11:25:17.995	3.1
11:25:18.004	4.5
11:25:18.016	7.0
11:25:18.028	9.1
11:25:18.036	10.6
11:25:18.049	12.6
11:25:18.061	12.0
11:25:18.073	12.1
11:25:18.081	12.4
11:25:18.094	11.1
11:25:18.106	12.9
11:25:18.114	12.5
11:25:18.126	11.5
11:25:18.139	11.7
11:25:18.147	9.8
11:25:18.159	9.8
11:25:18.172	14.0
11:25:18.180	15.5
11:25:18.192	17.0
11:25:18.204	19.5
11:25:18.217	21.2
11:25:18.225	25.7
11:25:18.237	27.2
11:25:18.249	27.4
11:25:18.258	28.0
11:25:18.270	29.6
11:25:18.282	28.2
11:25:18.290	27.1
11:25:18.303	28.7
11:25:18.315	28.9
11:25:18.327	26.1
11:25:18.335	23.2
11:25:18.348	24.6
11:25:18.360	25.5
11:25:18.368	27.0
11:25:18.380	27.4
11:25:18.393	27.9
11:25:18.401	28.6
11:25:18.413	27.9
11:25:18.425	28.1
11:25:18.434	30.2
11:25:18.446	31.2
11:25:18.458	30.9
11:25:18.466	32.4
11:25:18.479	32.4
11:25:18.491	32.6
11:25:18.503	31.2
11:25:18.511	32.1
11:25:18.524	32.5
11:25:18.536	34.0
11:25:18.544	35.0
11:25:18.556	32.8
11:25:18.569	32.0
11:25:18.581	32.3
11:25:18.589	34.2
11:25:18.601	33.0
11:25:18.614	34.1
11:25:18.622	34.2
11:25:18.634	33.4
11:25:18.647	33.9
11:25:18.659	32.4
11:25:18.667	33.9
11:25:18.679	33.5
11:25:18.692	34.1
11:25:18.700	31.1
11:25:18.712	30.7
11:25:18.724	30.1
11:25:18.733	28.2
11:25:18.745	28.2
11:25:18.757	26.4
11:25:18.765	26.4
11:25:18.778	26.1
11:25:18.790	29.0
11:25:18.802	26.8
11:25:18.810	30.0
11:25:18.823	29.8
11:25:18.835	29.4
11:25:18.843	30.0
11:25:18.855	30.2
11:25:18.868	29.6
11:25:18.880	29.1
11:25:18.888	27.9
11:25:18.900	25.8
11:25:18.913	26.8
11:25:18.921	23.5
11:25:18.933	24.7
11:25:18.945	24.7
11:25:18.954	23.9
11:25:18.966	23.3
11:25:18.978	24.8
11:25:18.987	23.9
11:25:18.999	25.6
11:25:19.011	23.6
11:25:19.019	23.0
11:25:19.032	25.2
11:25:19.044	23.8
11:25:19.056	25.7
11:25:19.064	25.7
11:25:19.077	27.4
11:25:19.089	26.0
11:25:19.097	26.3
11:25:19.109	25.1
11:25:19.122	26.9
11:25:19.130	25.5
11:25:19.142	23.2
11:25:19.154	23.2
11:25:19.167	20.5
11:25:19.175	21.4
11:25:19.187	19.2
11:25:19.199	17.0
11:25:19.208	17.7
11:25:19.220	16.1
11:25:19.232	14.3
11:25:19.241	14.0
11:25:19.253	14.1
11:25:19.265	14.0
11:25:19.274	12.6
11:25:19.286	12.0
11:25:19.298	11.0
11:25:19.310	14.1
11:25:19.318	13.8
11:25:19.331	13.3
11:25:19.343	12.9
11:25:19.351	12.6
11:25:19.363	11.5
11:25:19.376	9.3
11:25:19.384	10.3
11:25:19.396	10.3
11:25:19.409	10.3
11:25:19.417	7.6
11:25:19.429	4.5
11:25:19.441	4.9
11:25:19.449	5.8
11:25:19.462	4.7
11:25:19.474	4.2
11:25:19.486	4.3
11:25:19.494	3.0
11:25:19.507	1.0
11:25:19.519	0.4
11:25:19.527	-0.9
11:25:19.540	-2.5
11:25:19.552	-4.4
11:25:19.564	-8.8
11:25:19.572	-7.1
11:25:19.585	-8.8
11:25:19.597	-8.6
11:25:19.605	-10.4
11:25:19.617	-10.3
11:25:19.630	-9.8
11:25:19.638	-11.1
11:25:19.650	-9.4
11:25:19.662	-9.8
11:25:19.671	-8.9
11:25:19.683	-11.3
11:25:19.695	-10.6
11:25:19.703	-9.6
11:25:19.716	-7.7
11:25:19.728	-9.0
11:25:19.741	-11.2
11:25:19.749	-8.3
11:25:19.761	-8.0
11:25:19.773	-6.8
11:25:19.782	-7.5
11:25:19.794	-7.7
11:25:19.806	-9.8
11:25:19.818	-11.8
11:25:19.827	-12.7
11:25:19.839	-12.7
11:25:19.851	-13.3
11:25:19.859	-14.3
11:25:19.872	-14.8
11:25:19.884	-16.1
11:25:19.892	-15.8
11:25:19.904	-16.7
11:25:19.917	-16.0
11:25:19.925	-16.3
11:25:19.937	-17.7
11:25:19.949	-16.7
11:25:19.958	-16.3
11:25:19.970	-20.1
11:25:19.982	-22.1
11:25:19.994	-21.5
11:25:20.003	-22.2
11:25:20.015	-21.2
11:25:20.027	-21.3
11:25:20.035	-22.2
11:25:20.048	-21.6
11:25:20.060	-25.3
11:25:20.068	-24.9
11:25:20.080	-22.7
11:25:20.093	-20.7
11:25:20.101	-21.6
11:25:20.113	-21.2
11:25:20.126	-22.0
11:25:20.138	-21.8
11:25:20.146	-20.2
11:25:20.158	-20.4
11:25:20.171	-17.7
11:25:20.179	-19.6
11:25:20.191	-20.3
11:25:20.203	-21.8
11:25:20.212	-21.5
11:25:20.224	-20.9
11:25:20.236	-21.2
11:25:20.248	-20.7
11:25:20.257	-21.6
11:25:20.269	-19.8
11:25:20.281	-19.8
11:25:20.289	-18.6
11:25:20.302	-18.4
11:25:20.314	-16.2
11:25:20.322	-15.5
11:25:20.335	-15.4
11:25:20.347	-14.4
11:25:20.355	-14.9
11:25:20.367	-12.6
11:25:20.380	-13.1
11:25:20.388	-10.6
11:25:20.400	-7.4
11:25:20.412	-5.4
11:25:20.425	-4.5
11:25:20.433	-3.8
11:25:20.445	-2.9
11:25:20.457	-2.3
11:25:20.466	0.5
11:25:20.478	0.5
11:25:20.490	1.4
11:25:20.503	1.2
11:25:20.511	-1.5
11:25:20.523	-1.3
11:25:20.535	-1.8
11:25:20.544	-1.2
11:25:20.556	-0.5
11:25:20.568	0.8
11:25:20.576	1.2
11:25:20.589	0.8
11:25:20.601	2.2
11:25:20.609	1.4
11:25:20.621	4.0
11:25:20.634	3.4
11:25:20.642	2.9
11:25:20.654	3.8
11:25:20.666	4.7
11:25:20.679	5.9
11:25:20.687	4.9
11:25:20.699	6.6
11:25:20.712	7.2
11:25:20.724	12.4
11:25:20.732	14.8
11:25:20.744	16.6
11:25:20.757	19.4
11:25:20.765	21.3
11:25:20.777	20.6
11:25:20.789	18.4
11:25:20.801	19.1
11:25:20.810	21.1
11:25:20.822	23.0
11:25:20.834	19.7
11:25:20.843	18.1
11:25:20.855	18.7
11:25:20.867	18.4
11:25:20.875	17.4
11:25:20.888	20.2
11:25:20.900	22.0
11:25:20.908	22.3
11:25:20.920	18.0
11:25:20.933	17.0
11:25:20.941	17.1
11:25:20.953	17.7
11:25:20.965	17.8
11:25:20.978	16.4
11:25:20.986	17.3
11:25:20.998	16.9
11:25:21.010	17.4
11:25:21.019	19.4
11:25:21.031	21.6
11:25:21.043	20.4
11:25:21.051	20.5
11:25:21.064	21.2
11:25:21.076	21.4
11:25:21.088	23.0
11:25:21.096	23.2
11:25:21.109	23.9
11:25:21.121	24.9
11:25:21.129	23.5
11:25:21.141	23.4
11:25:21.154	23.5
11:25:21.162	25.3
11:25:21.174	24.0
11:25:21.187	24.9
11:25:21.195	24.2
11:25:21.207	24.9
11:25:21.219	23.4
11:25:21.231	24.4
11:25:21.240	25.4
11:25:21.252	25.4
11:25:21.264	27.0
11:25:21.272	25.1
11:25:21.285	26.5
11:25:21.297	26.4
11:25:21.305	27.7
11:25:21.318	26.8
11:25:21.330	27.8
11:25:21.338	26.0
11:25:21.350	28.4
11:25:21.363	27.9
11:25:21.371	27.6
11:25:21.383	28.1
11:25:21.395	25.8
11:25:21.408	26.5
11:25:21.416	25.8
11:25:21.428	27.5
11:25:21.440	27.0
11:25:21.449	26.6
11:25:21.461	24.2
11:25:21.473	25.2
11:25:21.485	25.9
11:25:21.494	25.8
11:25:21.506	26.8
11:25:21.518	24.9
11:25:21.526	23.7
11:25:21.539	21.9
11:25:21.551	20.0
11:25:21.559	21.8
11:25:21.571	21.9
11:25:21.584	19.3
11:25:21.592	18.2
11:25:21.604	18.0
11:25:21.616	18.1
11:25:21.625	18.1
11:25:21.637	21.0
11:25:21.649	20.1
11:25:21.661	21.7
11:25:21.670	20.7
11:25:21.682	21.3
11:25:21.694	24.8
11:25:21.702	24.1
11:25:21.715	24.5
11:25:21.727	24.2
11:25:21.739	24.9
11:25:21.747	22.5
11:25:21.760	21.9
11:25:21.772	22.9
11:25:21.780	22.3
11:25:21.792	20.3
11:25:21.805	19.5
11:25:21.813	18.6
11:25:21.825	19.3
11:25:21.838	21.0
11:25:21.846	20.8
11:25:21.858	21.8
11:25:21.870	22.4
11:25:21.878	19.8
11:25:21.891	18.6
11:25:21.903	18.9
11:25:21.915	18.4
11:25:21.924	19.0
11:25:21.936	18.1
11:25:21.948	17.5
11:25:21.956	18.8
11:25:21.969	18.3
11:25:21.981	19.1
11:25:21.989	19.9
11:25:22.001	20.5
11:25:22.014	20.3
11:25:22.022	20.2
11:25:22.034	22.3
11:25:22.046	22.9
11:25:22.059	22.4
11:25:22.067	21.4
11:25:22.079	20.5
11:25:22.091	23.6
11:25:22.100	23.2
11:25:22.112	22.1
11:25:22.124	21.7
11:25:22.132	20.9
11:25:22.145	18.7
11:25:22.157	16.8
11:25:22.169	16.3
11:25:22.178	15.2
11:25:22.190	16.0
11:25:22.202	11.5
11:25:22.211	11.8
11:25:22.223	12.3
11:25:22.235	12.5
11:25:22.243	12.8
11:25:22.256	11.6
11:25:22.268	11.7
11:25:22.276	9.9
11:25:22.289	10.4
11:25:22.301	8.1
11:25:22.309	7.9
11:25:22.321	8.1
11:25:22.333	5.9
11:25:22.346	5.9
11:25:22.354	6.9
11:25:22.366	7.0
11:25:22.379	7.7
11:25:22.387	9.5
11:25:22.399	8.2
11:25:22.411	9.7
11:25:22.424	10.3
11:25:22.432	11.1
11:25:22.444	13.1
11:25:22.456	12.0
11:25:22.465	11.0
11:25:22.477	12.4
11:25:22.489	12.5
11:25:22.497	12.3
11:25:22.510	12.5
11:25:22.522	11.8
11:25:22.530	11.2
11:25:22.542	11.2
11:25:22.555	12.2
11:25:22.563	12.7
11:25:22.575	12.1
11:25:22.587	11.9
11:25:22.600	10.5
11:25:22.608	10.9
11:25:22.620	11.5
11:25:22.632	12.2
11:25:22.645	12.3
11:25:22.653	12.4
11:25:22.665	11.9
11:25:22.677	11.0
11:25:22.686	11.2
11:25:22.698	11.3
11:25:22.710	12.8
11:25:22.723	12.3
11:25:22.731	12.3
11:25:22.743	13.0
11:25:22.755	13.1
11:25:22.763	12.6
11:25:22.776	12.7
11:25:22.788	15.2
11:25:22.796	13.8
11:25:22.808	13.5
11:25:22.820	12.7
11:25:22.828	11.1
11:25:22.841	10.7
11:25:22.853	8.6
11:25:22.861	7.8
11:25:22.874	6.1
11:25:22.886	5.0
11:25:22.898	2.8
11:25:22.906	2.4
11:25:22.919	0.5
11:25:22.931	0.1
11:25:22.939	0.6
11:25:22.951	1.1
11:25:22.963	1.5
11:25:22.972	3.1
11:25:22.984	2.6
11:25:22.996	1.8
11:25:23.009	1.8
11:25:23.017	1.4
11:25:23.029	2.1
11:25:23.041	1.3
11:25:23.050	-0.1
11:25:23.062	-2.4
11:25:23.074	-3.2
11:25:23.082	-3.5
11:25:23.095	-3.5
11:25:23.107	-3.4
11:25:23.115	-4.6
11:25:23.128	-4.0
11:25:23.140	-4.8
11:25:23.152	-4.0
11:25:23.160	-3.3
11:25:23.173	-1.8
11:25:23.185	-3.0
11:25:23.193	-5.5
11:25:23.205	-6.5
11:25:23.218	-8.5
11:25:23.226	-8.1
11:25:23.238	-9.2
11:25:23.250	-10.4
11:25:23.259	-10.1
11:25:23.271	-7.5
11:25:23.283	-10.8
11:25:23.291	-9.3
11:25:23.304	-9.9
11:25:23.316	-10.8
11:25:23.328	-10.2
11:25:23.336	-12.2
11:25:23.349	-12.4
11:25:23.361	-12.0
11:25:23.369	-13.7
11:25:23.382	-18.0
11:25:23.394	-19.0
11:25:23.406	-20.5
11:25:23.414	-21.6
11:25:23.427	-22.0
11:25:23.439	-22.3
11:25:23.448	-21.8
11:25:23.460	-21.2
11:25:23.472	-20.5
11:25:23.480	-22.8
11:25:23.493	-23.2
11:25:23.505	-21.7
11:25:23.513	-23.0
11:25:23.525	-23.4
11:25:23.538	-23.0
11:25:23.546	-23.6
11:25:23.558	-24.4
11:25:23.570	-25.2
11:25:23.583	-26.6
11:25:23.591	-26.7
11:25:23.603	-28.3
11:25:23.615	-28.4
11:25:23.624	-28.0
11:25:23.636	-27.5
11:25:23.648	-28.9
11:25:23.660	-28.7
11:25:23.669	-27.9
11:25:23.681	-26.7
11:25:23.693	-27.3
11:25:23.701	-27.4
11:25:23.714	-26.0
11:25:23.726	-26.3
11:25:23.734	-27.7
11:25:23.746	-29.7
11:25:23.759	-28.8
11:25:23.767	-27.5
11:25:23.779	-28.7
11:25:23.791	-29.8
11:25:23.800	-30.3
11:25:23.812	-31.4
11:25:23.824	-29.3
11:25:23.836	-30.5
11:25:23.845	-28.4
11:25:23.857	-26.4
11:25:23.869	-25.8
11:25:23.878	-27.7
11:25:23.890	-28.1
11:25:23.902	-28.7
11:25:23.910	-28.3
11:25:23.923	-26.7
11:25:23.935	-27.9
11:25:23.943	-25.0
11:25:23.955	-24.9
11:25:23.968	-25.2
11:25:23.980	-24.1
11:25:23.988	-21.5
11:25:24.000	-18.9
11:25:24.013	-18.6
11:25:24.021	-16.5
11:25:24.033	-15.0
11:25:24.045	-14.1
11:25:24.054	-13.1
11:25:24.066	-13.0
11:25:24.078	-10.2
11:25:24.091	-10.4
11:25:24.099	-11.3
11:25:24.111	-9.3
11:25:24.123	-9.4
11:25:24.131	-9.5
11:25:24.144	-8.9
11:25:24.156	-7.9
11:25:24.164	-8.8
11:25:24.177	-8.7
11:25:24.189	-9.0
11:25:24.197	-8.0
11:25:24.209	-6.4
11:25:24.222	-7.4
11:25:24.230	-5.5
11:25:24.242	-5.2
11:25:24.254	-5.4
11:25:24.267	-4.4
11:25:24.275	-4.8
11:25:24.287	-3.8
11:25:24.299	-2.7
11:25:24.308	-1.8
11:25:24.320	-1.8
11:25:24.332	-0.7
11:25:24.345	2.7
11:25:24.353	5.4
11:25:24.365	5.9
11:25:24.377	6.0
11:25:24.385	7.9
11:25:24.398	9.8
11:25:24.410	11.8
11:25:24.418	11.6
11:25:24.430	11.8
11:25:24.443	11.4
11:25:24.451	11.6
11:25:24.463	10.5
11:25:24.476	11.5
11:25:24.484	12.4
11:25:24.496	13.0
11:25:24.509	14.1
11:25:24.521	14.4
11:25:24.529	17.1
11:25:24.541	18.4
11:25:24.553	20.1
11:25:24.562	19.0
11:25:24.574	20.7
11:25:24.586	22.0
11:25:24.594	20.9
11:25:24.607	20.9
11:25:24.619	20.0
11:25:24.631	19.4
11:25:24.643	16.8
11:25:24.652	16.1
11:25:24.664	14.3
11:25:24.676	14.3
11:25:24.684	13.0
11:25:24.697	14.5
11:25:24.709	16.0
11:25:24.717	14.4
11:25:24.729	15.9
11:25:24.742	17.1
11:25:24.750	18.3
11:25:24.762	18.9
11:25:24.774	22.9
11:25:24.783	23.7
11:25:24.795	26.4
11:25:24.807	24.2
11:25:24.819	24.8
11:25:24.828	27.7
11:25:24.840	27.1
11:25:24.852	25.4
11:25:24.860	25.6
11:25:24.873	26.6
11:25:24.885	26.7
11:25:24.893	30.5
11:25:24.906	26.9
11:25:24.918	28.4
11:25:24.930	27.7
11:25:24.938	28.3
11:25:24.950	28.4
11:25:24.963	28.2
11:25:24.971	27.0
11:25:24.983	26.9
11:25:24.996	24.4
11:25:25.004	21.1
11:25:25.016	23.0
11:25:25.028	21.9
11:25:25.037	21.5
11:25:25.049	20.8
11:25:25.061	20.2
11:25:25.073	22.8
11:25:25.082	24.9
11:25:25.094	24.8
11:25:25.106	27.2
11:25:25.114	27.6
11:25:25.127	27.2
11:25:25.139	28.5
11:25:25.147	28.9
11:25:25.159	28.4
11:25:25.172	32.1
11:25:25.180	30.3
11:25:25.192	30.9
11:25:25.204	28.0
11:25:25.213	26.5
11:25:25.225	23.9
11:25:25.237	23.8
11:25:25.249	22.4
11:25:25.258	22.3
11:25:25.270	24.1
11:25:25.282	19.4
11:25:25.290	17.8
11:25:25.303	17.5
11:25:25.315	21.9
11:25:25.327	21.5
11:25:25.335	22.3
11:25:25.348	22.3
11:25:25.360	23.5
11:25:25.368	23.3
11:25:25.380	20.9
11:25:25.393	21.8
11:25:25.401	22.8
11:25:25.413	20.7
11:25:25.425	17.6
11:25:25.434	16.5
11:25:25.446	16.9
11:25:25.458	16.6
11:25:25.466	15.1
11:25:25.479	15.6
11:25:25.491	16.9
11:25:25.503	17.3
11:25:25.512	18.5
11:25:25.524	18.2
11:25:25.536	19.7
11:25:25.544	19.2
11:25:25.557	17.5
11:25:25.569	16.9
11:25:25.581	17.1
11:25:25.589	17.3
11:25:25.602	16.0
11:25:25.614	13.8
11:25:25.622	11.1
11:25:25.634	10.5
11:25:25.647	9.5
11:25:25.655	10.3
11:25:25.667	10.6
11:25:25.679	11.1
11:25:25.688	11.4
11:25:25.700	10.0
11:25:25.712	10.9
11:25:25.720	12.3
11:25:25.733	13.6
11:25:25.745	14.9
11:25:25.757	14.2
11:25:25.765	14.0
11:25:25.778	15.9
11:25:25.790	15.8
11:25:25.798	15.8
11:25:25.810	17.3
11:25:25.823	16.6
11:25:25.831	16.4
11:25:25.843	15.7
11:25:25.855	14.8
11:25:25.864	14.9
11:25:25.876	14.5
11:25:25.888	13.3
11:25:25.901	12.7
11:25:25.909	12.9
11:25:25.921	12.9
11:25:25.933	14.0
11:25:25.941	14.2
11:25:25.954	13.2
11:25:25.966	12.2
11:25:25.974	12.0
11:25:25.987	11.7
11:25:25.999	11.8
11:25:26.011	11.8
11:25:26.019	12.0
11:25:26.032	11.7
11:25:26.044	10.5
11:25:26.052	10.0
11:25:26.064	10.0
11:25:26.077	11.5
11:25:26.085	11.5
11:25:26.097	11.3
11:25:26.109	9.9
11:25:26.118	9.9
11:25:26.130	9.6
11:25:26.142	6.9
11:25:26.150	7.9
11:25:26.163	8.9
11:25:26.175	10.1
11:25:26.187	9.8
11:25:26.195	9.8
11:25:26.208	9.9
11:25:26.220	10.2
11:25:26.228	9.9
11:25:26.240	8.0
11:25:26.253	9.7
11:25:26.265	7.5
11:25:26.273	6.4
11:25:26.285	6.7
11:25:26.298	5.6
11:25:26.306	5.0
11:25:26.318	4.4
11:25:26.330	3.7
11:25:26.339	3.6
11:25:26.351	5.3
11:25:26.363	4.4
11:25:26.371	5.8
11:25:26.384	5.5
11:25:26.396	5.5
11:25:26.404	5.3
11:25:26.416	5.3
11:25:26.429	5.0
11:25:26.441	3.5
11:25:26.449	3.1
11:25:26.462	1.0
11:25:26.474	-0.2
11:25:26.482	-0.8
11:25:26.494	-2.0
11:25:26.507	-2.9
11:25:26.515	-3.3
11:25:26.527	-3.8
11:25:26.539	-4.8
11:25:26.552	-3.6
11:25:26.560	-4.5
11:25:26.572	-3.8
11:25:26.584	-2.8
11:25:26.593	-4.1
11:25:26.605	-3.9
11:25:26.617	-6.7
11:25:26.625	-6.9
11:25:26.638	-7.9
11:25:26.650	-7.7
11:25:26.658	-7.9
11:25:26.670	-8.8
11:25:26.683	-10.7
11:25:26.695	-13.5
11:25:26.703	-12.2
11:25:26.715	-11.1
11:25:26.728	-10.2
11:25:26.736	-7.5
11:25:26.748	-7.7
11:25:26.760	-8.4
11:25:26.769	-9.6
11:25:26.781	-10.6
11:25:26.793	-10.2
11:25:26.806	-10.8
11:25:26.814	-13.1
11:25:26.826	-16.0
11:25:26.838	-14.7
11:25:26.850	-19.1
11:25:26.859	-18.7
11:25:26.871	-19.3
11:25:26.883	-20.3
11:25:26.891	-19.4
11:25:26.904	-18.5
11:25:26.916	-17.5
11:25:26.924	-19.5
11:25:26.937	-18.9
11:25:26.949	-22.2
11:25:26.957	-23.3
11:25:26.970	-24.2
11:25:26.982	-24.3
11:25:26.995	-24.1
11:25:27.003	-25.8
11:25:27.015	-26.6
11:25:27.028	-26.6
11:25:27.036	-26.7
11:25:27.048	-27.4
11:25:27.060	-27.0
11:25:27.069	-25.3
11:25:27.081	-25.6
11:25:27.093	-25.1
11:25:27.101	-24.6
11:25:27.114	-20.3
11:25:27.126	-22.7
11:25:27.134	-24.6
11:25:27.146	-24.0
11:25:27.159	-22.7
11:25:27.171	-22.5
11:25:27.179	-23.3
11:25:27.191	-23.1
11:25:27.204	-23.0
11:25:27.212	-23.1
11:25:27.224	-26.8
11:25:27.236	-26.9
11:25:27.249	-26.3
11:25:27.257	-26.2
11:25:27.269	-27.9
11:25:27.281	-27.6
11:25:27.290	-26.1
11:25:27.302	-25.8
11:25:27.314	-25.3
11:25:27.322	-24.8
11:25:27.335	-22.7
11:25:27.347	-23.0
11:25:27.355	-22.4
11:25:27.367	-20.5
11:25:27.380	-20.6
11:25:27.387	-18.9
11:25:27.399	-18.4
11:25:27.412	-16.8
11:25:27.424	-17.4
11:25:27.432	-17.0
11:25:27.445	-18.4
11:25:27.457	-14.3
11:25:27.465	-12.5
11:25:27.477	-13.1
11:25:27.490	-11.8
11:25:27.502	-10.9
11:25:27.510	-10.8
11:25:27.522	-11.6
11:25:27.535	-9.8
11:25:27.543	-9.6
11:25:27.555	-8.0
11:25:27.567	-5.7
11:25:27.576	-5.6
11:25:27.588	-4.0
11:25:27.600	-0.1
11:25:27.608	0.5
11:25:27.621	2.7
11:25:27.633	6.4
11:25:27.641	7.0
11:25:27.654	10.1
11:25:27.666	13.0
11:25:27.678	13.4
11:25:27.686	14.6
11:25:27.699	16.2
11:25:27.711	15.3
11:25:27.719	16.7
11:25:27.731	17.4
11:25:27.744	17.3
11:25:27.752	18.1
11:25:27.764	15.8
11:25:27.776	12.9
11:25:27.785	11.9
11:25:27.797	13.6
11:25:27.809	13.3
11:25:27.821	15.5
11:25:27.830	14.7
11:25:27.842	14.8
11:25:27.854	20.1
11:25:27.862	21.3
11:25:27.875	25.5
11:25:27.887	28.8
11:25:27.895	30.4
11:25:27.907	30.2
11:25:27.920	32.3
11:25:27.932	33.8
11:25:27.940	35.7
11:25:27.952	36.3
11:25:27.965	31.7
11:25:27.973	31.6
11:25:27.985	31.2
11:25:27.997	34.3
11:25:28.006	33.0
11:25:28.018	33.5
11:25:28.030	32.1
11:25:28.038	29.4
11:25:28.051	30.1
11:25:28.063	30.7
11:25:28.071	32.9
11:25:28.083	31.9
11:25:28.096	32.5
11:25:28.108	29.3
11:25:28.116	31.7
11:25:28.129	32.6
11:25:28.141	33.4
11:25:28.149	33.7
11:25:28.161	33.0
11:25:28.174	32.4
11:25:28.186	30.4
11:25:28.194	33.2
11:25:28.206	31.0
11:25:28.219	30.3
11:25:28.227	28.3
11:25:28.239	28.1
11:25:28.251	28.4
11:25:28.260	29.7
11:25:28.272	30.0
11:25:28.285	29.5
11:25:28.292	28.4
11:25:28.305	26.2
11:25:28.317	28.0
11:25:28.325	28.4
11:25:28.337	28.5
11:25:28.350	26.6
11:25:28.362	25.4
11:25:28.370	26.3
11:25:28.382	26.3
11:25:28.395	28.1
11:25:28.403	28.2
11:25:28.415	31.0
11:25:28.427	30.3
11:25:28.436	30.4
11:25:28.448	29.6
11:25:28.460	32.9
11:25:28.473	33.1
11:25:28.481	31.1
11:25:28.493	28.6
11:25:28.505	28.9
11:25:28.513	29.2
11:25:28.526	26.4
11:25:28.538	26.5
11:25:28.550	27.0
11:25:28.558	28.2
11:25:28.571	27.0
11:25:28.583	27.9
11:25:28.591	28.7
11:25:28.604	30.8
11:25:28.616	29.4
11:25:28.625	27.6
11:25:28.637	24.9
11:25:28.650	22.3
11:25:28.662	19.6
11:25:28.670	15.5
11:25:28.682	13.0
11:25:28.690	8.6
11:25:28.703	3.8
11:25:28.715	1.2
11:25:28.723	-2.1
11:25:28.736	-4.4
11:25:28.748	-6.0
11:25:28.760	-9.3
11:25:28.772	-11.1
11:25:28.781	-9.1
11:25:28.793	-10.6
11:25:28.805	-9.6
11:25:28.813	-9.5
11:25:28.826	-10.8
11:25:28.838	-13.1
11:25:28.846	-11.6
11:25:28.858	-10.8
11:25:28.871	-9.6
11:25:28.879	-8.8
11:25:28.891	-12.0
11:25:28.903	-11.8
11:25:28.916	-14.0
11:25:28.924	-14.3
11:25:28.936	-14.7
11:25:28.949	-14.3
11:25:28.957	-15.8
11:25:28.969	-17.3
11:25:28.981	-18.0
11:25:28.990	-19.3
11:25:29.002	-18.6
11:25:29.014	-20.5
11:25:29.022	-20.3
11:25:29.035	-18.3
11:25:29.047	-19.6
11:25:29.055	-18.2
11:25:29.067	-18.9
11:25:29.080	-18.0
11:25:29.092	-16.3
11:25:29.100	-17.8
11:25:29.112	-17.6
11:25:29.125	-17.4
11:25:29.133	-17.6
11:25:29.145	-19.6
11:25:29.157	-20.3
11:25:29.170	-21.6
11:25:29.178	-21.3
11:25:29.190	-20.1
11:25:29.202	-21.8
11:25:29.211	-19.7
11:25:29.223	-21.8
11:25:29.235	-20.2
11:25:29.243	-21.1
11:25:29.256	-22.7
11:25:29.268	-23.5
11:25:29.276	-22.6
11:25:29.288	-23.0
11:25:29.301	-22.5
11:25:29.309	-22.6
11:25:29.321	-22.7
11:25:29.334	-21.7
11:25:29.346	-22.4
11:25:29.354	-21.3
11:25:29.366	-19.1
11:25:29.379	-17.4
11:25:29.387	-17.8
11:25:29.399	-17.3
11:25:29.411	-19.3
11:25:29.424	-18.3
11:25:29.432	-18.1
11:25:29.444	-17.6
11:25:29.456	-17.1
11:25:29.465	-17.4
11:25:29.477	-16.7
11:25:29.489	-16.1
11:25:29.497	-14.8
11:25:29.510	-13.8
11:25:29.522	-11.9
11:25:29.530	-11.0
11:25:29.542	-9.4
11:25:29.555	-7.0
11:25:29.563	-5.3
11:25:29.575	-2.8
11:25:29.587	-2.1
11:25:29.600	-0.8
11:25:29.608	0.9
11:25:29.620	1.9
11:25:29.633	2.3
11:25:29.641	1.8
11:25:29.653	2.1
11:25:29.665	1.7
11:25:29.673	0.9
11:25:29.686	0.6
11:25:29.698	0.8
11:25:29.706	3.6
11:25:29.719	3.4
11:25:29.731	2.8
11:25:29.743	2.7
11:25:29.751	4.6
11:25:29.764	4.1
11:25:29.776	4.5
11:25:29.784	5.8
11:25:29.796	6.0
11:25:29.809	5.7
11:25:29.817	2.6
11:25:29.829	1.0
11:25:29.841	1.5
11:25:29.854	1.2
11:25:29.862	0.5
11:25:29.874	1.5
11:25:29.886	1.6
11:25:29.895	-0.3
11:25:29.907	0.2
11:25:29.919	-0.8
11:25:29.927	0.6
11:25:29.940	2.3
11:25:29.952	1.4
11:25:29.960	1.9
11:25:29.972	3.1
11:25:29.985	1.8
11:25:29.993	2.7
11:25:30.005	4.0
11:25:30.017	4.3
11:25:30.030	3.3
11:25:30.038	3.2
11:25:30.050	0.8
11:25:30.062	0.8
11:25:30.071	2.2
11:25:30.083	1.7
11:25:30.095	1.3
11:25:30.107	1.7
11:25:30.116	4.1
11:25:30.128	4.7
11:25:30.140	4.5
11:25:30.148	3.4
11:25:30.160	2.7
11:25:30.173	4.8
11:25:30.181	2.5
11:25:30.194	2.9
11:25:30.206	4.6
11:25:30.214	3.0
11:25:30.226	-0.2
11:25:30.239	-1.3
11:25:30.247	0.0
11:25:30.259	1.0
11:25:30.271	3.6
11:25:30.284	2.8
11:25:30.292	4.0
11:25:30.304	2.7
11:25:30.317	2.3
11:25:30.325	2.0
11:25:30.337	4.3
11:25:30.349	4.5
11:25:30.357	4.6
11:25:30.370	5.3
11:25:30.382	5.0
11:25:30.394	4.6
11:25:30.403	5.5
11:25:30.415	8.1
11:25:30.427	8.2
11:25:30.435	8.8
11:25:30.448	9.0
11:25:30.460	10.0
11:25:30.468	12.4
11:25:30.480	13.2
11:25:30.493	14.7
11:25:30.501	17.2
11:25:30.513	17.6
11:25:30.525	17.0
11:25:30.538	20.1
11:25:30.546	21.6
11:25:30.558	20.8
11:25:30.570	20.7
11:25:30.583	20.0
11:25:30.591	20.1
11:25:30.603	20.6
11:25:30.615	19.6
11:25:30.624	20.2
11:25:30.636	20.6
11:25:30.648	17.8
11:25:30.656	17.3
11:25:30.669	17.8
11:25:30.681	17.6
11:25:30.693	18.2
11:25:30.701	18.9
11:25:30.714	17.6
11:25:30.726	16.1
11:25:30.734	15.1
11:25:30.746	14.0
11:25:30.759	14.7
11:25:30.767	14.6
11:25:30.779	15.2
11:25:30.792	16.3
11:25:30.800	14.6
11:25:30.812	12.9
11:25:30.824	13.1
11:25:30.837	13.7
11:25:30.845	14.3
11:25:30.857	14.3
11:25:30.869	13.5
11:25:30.878	11.8
11:25:30.890	8.4
11:25:30.902	8.6
11:25:30.910	9.2
11:25:30.923	8.1
11:25:30.935	7.5
11:25:30.943	7.1
11:25:30.955	5.8
11:25:30.968	3.5
11:25:30.976	1.5
11:25:30.988	0.7
11:25:31.000	0.8
11:25:31.013	-1.9
11:25:31.021	-3.8
11:25:31.033	-2.9
11:25:31.045	-3.7
11:25:31.054	-3.4
11:25:31.066	-4.6
11:25:31.078	-3.4
11:25:31.090	-1.4
11:25:31.099	-0.2
11:25:31.111	0.2
11:25:31.123	-0.7
11:25:31.131	-1.5
11:25:31.144	-3.9
11:25:31.156	-3.9
11:25:31.164	-5.5
11:25:31.176	-2.9
11:25:31.189	-4.7
11:25:31.197	-5.3
11:25:31.209	-7.2
11:25:31.221	-9.1
11:25:31.230	-9.5
11:25:31.242	-8.4
11:25:31.254	-7.9
11:25:31.266	-9.9
11:25:31.275	-8.3
11:25:31.287	-12.5
11:25:31.299	-12.0
11:25:31.307	-14.0
11:25:31.320	-12.8
11:25:31.332	-11.3
11:25:31.344	-12.7
11:25:31.353	-12.9
11:25:31.365	-13.6
11:25:31.377	-10.5
11:25:31.385	-12.7
11:25:31.398	-10.8
11:25:31.410	-11.0
11:25:31.418	-9.7
11:25:31.430	-10.2
11:25:31.443	-11.0
11:25:31.451	-10.2
11:25:31.463	-9.8
11:25:31.475	-10.3
11:25:31.484	-12.5
11:25:31.496	-12.2
11:25:31.508	-15.4
11:25:31.520	-17.2
11:25:31.529	-15.9
11:25:31.541	-14.8
11:25:31.553	-15.2
11:25:31.561	-13.8
11:25:31.574	-14.0
11:25:31.586	-13.6
11:25:31.594	-13.5
11:25:31.606	-12.9
11:25:31.619	-12.6
11:25:31.627	-12.8
11:25:31.639	-16.5
11:25:31.651	-19.4
11:25:31.664	-20.7
11:25:31.672	-22.3
11:25:31.684	-25.2
11:25:31.696	-24.7
11:25:31.705	-25.3
11:25:31.717	-24.9
11:25:31.729	-24.2
11:25:31.737	-20.9
11:25:31.750	-19.8
11:25:31.762	-19.0
11:25:31.774	-16.5
11:25:31.783	-15.6
11:25:31.795	-13.1
11:25:31.807	-14.1
11:25:31.815	-13.7
11:25:31.828	-14.9
11:25:31.840	-16.5
11:25:31.848	-18.8
11:25:31.861	-18.5
11:25:31.873	-17.4
11:25:31.881	-18.3
11:25:31.893	-16.3
11:25:31.906	-17.0
11:25:31.914	-14.5
11:25:31.926	-14.5
11:25:31.938	-14.5
11:25:31.951	-10.8
11:25:31.959	-9.6
11:25:31.971	-8.8
11:25:31.983	-8.2
11:25:31.992	-4.6
11:25:32.004	-4.9
11:25:32.016	0.3
11:25:32.028	0.5
11:25:32.037	2.1
11:25:32.049	6.1
11:25:32.061	5.3
11:25:32.069	6.3
11:25:32.082	7.8
11:25:32.094	11.7
11:25:32.102	9.7
11:25:32.114	8.3
11:25:32.127	4.7
11:25:32.135	4.6
11:25:32.147	5.3
11:25:32.159	3.2
11:25:32.168	6.1
11:25:32.180	7.1
11:25:32.192	7.6
11:25:32.204	5.6
11:25:32.213	6.5
11:25:32.225	8.2
11:25:32.237	10.1
11:25:32.245	10.5
11:25:32.258	9.2
11:25:32.270	11.8
11:25:32.278	11.7
11:25:32.291	13.4
11:25:32.303	12.2
11:25:32.315	11.8
11:25:32.324	11.3
11:25:32.336	14.3
11:25:32.348	14.0
11:25:32.356	15.3
11:25:32.369	15.7
11:25:32.381	19.8
11:25:32.389	20.4
11:25:32.401	20.6
11:25:32.413	21.8
11:25:32.421	21.8
11:25:32.433	22.9
11:25:32.446	21.1
11:25:32.458	20.5
11:25:32.466	21.1
11:25:32.478	23.9
11:25:32.491	17.8
11:25:32.499	16.9
11:25:32.511	15.9
11:25:32.524	16.9
11:25:32.536	17.6
11:25:32.544	16.9
11:25:32.556	17.5
11:25:32.569	18.6
11:25:32.577	18.7
11:25:32.589	17.9
11:25:32.601	18.8
11:25:32.614	20.0
11:25:32.622	19.4
11:25:32.634	18.3
11:25:32.646	19.5
11:25:32.655	20.8
11:25:32.667	20.2
11:25:32.679	20.1
11:25:32.688	18.8
11:25:32.700	18.7
11:25:32.712	18.9
11:25:32.720	18.7
11:25:32.733	19.5
11:25:32.745	20.7
11:25:32.757	18.9
11:25:32.765	18.6
11:25:32.778	17.7
11:25:32.790	18.6
11:25:32.798	19.4
11:25:32.810	19.1
11:25:32.822	18.1
11:25:32.831	17.5
11:25:32.843	17.6
11:25:32.855	16.7
11:25:32.864	17.3
11:25:32.876	19.1
11:25:32.888	20.3
11:25:32.896	19.7
11:25:32.909	18.0
11:25:32.921	20.1
11:25:32.933	20.3
11:25:32.941	22.0
11:25:32.954	21.9
11:25:32.966	21.8
11:25:32.974	21.8
11:25:32.986	20.6
11:25:32.999	20.5
11:25:33.011	22.2
11:25:33.019	22.6
11:25:33.032	20.8
11:25:33.044	21.2
11:25:33.052	20.1
11:25:33.064	19.9
11:25:33.077	20.6
11:25:33.085	22.3
11:25:33.097	21.6
11:25:33.109	21.1
11:25:33.118	21.2
11:25:33.130	22.1
11:25:33.142	21.3
11:25:33.150	21.5
11:25:33.163	21.7
11:25:33.175	22.5
11:25:33.187	22.0
11:25:33.195	20.1
11:25:33.208	21.2
11:25:33.220	22.0
11:25:33.228	20.5
11:25:33.240	21.8
11:25:33.253	22.8
11:25:33.265	21.8
11:25:33.273	20.9
11:25:33.285	20.2
11:25:33.298	21.0
11:25:33.306	21.8
11:25:33.318	20.7
11:25:33.330	19.5
11:25:33.339	18.3
11:25:33.351	15.9
11:25:33.363	15.7
11:25:33.371	16.9
11:25:33.384	16.1
11:25:33.396	16.3
11:25:33.404	13.9
11:25:33.416	17.4
11:25:33.429	17.7
11:25:33.441	18.5
11:25:33.449	16.6
11:25:33.462	15.6
11:25:33.474	15.4
11:25:33.482	14.7
11:25:33.494	15.7
11:25:33.507	15.6
11:25:33.515	16.6
11:25:33.528	11.7
11:25:33.540	12.4
11:25:33.548	13.0
11:25:33.560	16.5
11:25:33.573	17.9
11:25:33.585	16.5
11:25:33.593	16.7
11:25:33.605	15.8
11:25:33.618	16.2
11:25:33.626	16.3
11:25:33.638	17.9
11:25:33.650	18.1
11:25:33.659	17.6
11:25:33.671	14.5
11:25:33.683	16.7
11:25:33.696	17.5
11:25:33.704	18.2
11:25:33.716	18.0
11:25:33.728	16.8
11:25:33.737	16.8
11:25:33.749	16.2
11:25:33.761	15.7
11:25:33.769	15.6
11:25:33.782	17.4
11:25:33.794	14.9
11:25:33.802	16.4
11:25:33.814	15.1
11:25:33.826	17.2
11:25:33.834	16.7
11:25:33.846	16.2
11:25:33.859	14.1
11:25:33.871	12.5
11:25:33.879	13.3
11:25:33.892	12.3
11:25:33.904	14.9
11:25:33.912	13.9
11:25:33.924	15.3
11:25:33.937	16.3
11:25:33.949	16.1
11:25:33.957	15.8
11:25:33.969	17.0
11:25:33.982	17.5
11:25:33.990	16.8
11:25:34.002	17.8
11:25:34.014	14.8
11:25:34.023	17.1
11:25:34.035	15.0
11:25:34.047	13.2
11:25:34.055	13.5
11:25:34.068	14.2
11:25:34.080	14.2
11:25:34.088	13.1
11:25:34.100	10.7
11:25:34.113	10.4
11:25:34.125	11.4
11:25:34.133	7.3
11:25:34.145	8.0
11:25:34.158	7.4
11:25:34.166	6.8
11:25:34.178	4.8
11:25:34.190	4.1
11:25:34.199	4.5
11:25:34.211	6.2
11:25:34.223	5.2
11:25:34.236	4.5
11:25:34.244	5.8
11:25:34.256	4.6
11:25:34.268	3.3
11:25:34.277	4.2
11:25:34.289	5.2
11:25:34.301	3.5
11:25:34.309	4.8
11:25:34.322	5.0
11:25:34.334	4.8
11:25:34.342	2.7
11:25:34.354	3.0
11:25:34.367	3.4
11:25:34.379	5.6
11:25:34.387	4.3
11:25:34.399	4.8
11:25:34.412	9.6
11:25:34.420	10.5
11:25:34.432	7.3
11:25:34.444	7.3
11:25:34.453	7.9
11:25:34.465	6.4
11:25:34.477	5.9
11:25:34.485	3.0
11:25:34.498	6.2
11:25:34.511	8.1
11:25:34.523	1.7
11:25:34.531	-2.1
11:25:34.543	-0.7
11:25:34.556	-1.8
11:25:34.564	-0.3
11:25:34.576	-0.8
11:25:34.588	0.0
11:25:34.597	-0.2
11:25:34.609	-3.9
11:25:34.621	-7.8
11:25:34.633	-7.1
11:25:34.642	-7.6
11:25:34.654	-8.5
11:25:34.666	-8.2
11:25:34.678	-10.4
11:25:34.687	-12.0
11:25:34.699	-15.4
11:25:34.711	-15.8
11:25:34.719	-16.5
11:25:34.732	-17.9
11:25:34.744	-18.3
11:25:34.752	-19.3
11:25:34.764	-20.3
11:25:34.777	-21.6
11:25:34.785	-22.4
11:25:34.797	-22.0
11:25:34.810	-19.8
11:25:34.818	-21.4
11:25:34.830	-21.0
11:25:34.842	-20.4
11:25:34.855	-21.0
11:25:34.863	-21.7
11:25:34.875	-21.7
11:25:34.887	-21.7
11:25:34.896	-22.5
11:25:34.908	-22.9
11:25:34.920	-24.3
11:25:34.932	-24.3
11:25:34.941	-26.3
11:25:34.953	-27.9
11:25:34.965	-28.2
11:25:34.973	-28.1
11:25:34.986	-29.6
11:25:34.998	-27.4
11:25:35.006	-27.4
11:25:35.018	-25.9
11:25:35.031	-25.5
11:25:35.039	-27.2
11:25:35.051	-26.0
11:25:35.063	-26.5
11:25:35.072	-26.5
11:25:35.084	-26.5
11:25:35.096	-25.6
11:25:35.108	-28.7
11:25:35.117	-27.1
11:25:35.129	-28.5
11:25:35.141	-30.0
11:25:35.149	-25.2
11:25:35.162	-27.9
11:25:35.174	-25.1
11:25:35.186	-24.6
11:25:35.194	-21.8
11:25:35.207	-20.1
11:25:35.219	-18.2
11:25:35.227	-18.6
11:25:35.240	-18.3
11:25:35.252	-15.9
11:25:35.260	-15.5
11:25:35.272	-11.4
11:25:35.284	-11.2
11:25:35.293	-9.2
11:25:35.305	-10.0
11:25:35.317	-8.3
11:25:35.325	-7.5
11:25:35.338	-4.6
11:25:35.350	-4.4
11:25:35.362	-4.5
11:25:35.371	-5.8
11:25:35.383	-5.3
11:25:35.395	-4.1
11:25:35.403	-4.4
11:25:35.416	-5.5
11:25:35.428	-7.0
11:25:35.436	-6.5
11:25:35.448	-7.7
11:25:35.461	-6.3
11:25:35.469	-6.2
11:25:35.481	-7.0
11:25:35.493	-7.3
11:25:35.506	-5.7
11:25:35.514	-3.3
11:25:35.526	-0.7
11:25:35.538	-0.5
11:25:35.547	-0.1
11:25:35.559	0.5
11:25:35.571	0.8
11:25:35.579	1.7
11:25:35.592	4.7
11:25:35.604	6.5
11:25:35.616	5.5
11:25:35.625	5.3
11:25:35.637	6.3
11:25:35.649	8.3
11:25:35.657	12.8
11:25:35.669	15.0
11:25:35.682	17.1
11:25:35.690	18.2
11:25:35.702	17.1
11:25:35.715	15.2
11:25:35.723	18.2
11:25:35.735	18.6
11:25:35.747	18.0
11:25:35.755	19.4
11:25:35.768	15.2
11:25:35.780	15.2
11:25:35.792	15.5
11:25:35.801	15.6
11:25:35.813	16.4
11:25:35.825	18.3
11:25:35.833	16.8
11:25:35.845	17.7
11:25:35.858	18.6
11:25:35.870	16.3
11:25:35.878	17.1
11:25:35.891	16.5
11:25:35.903	14.6
11:25:35.911	14.9
11:25:35.924	15.7
11:25:35.936	15.5
11:25:35.944	14.9
11:25:35.956	13.6
11:25:35.968	14.5
11:25:35.977	18.4
11:25:35.989	18.5
11:25:36.001	19.1
11:25:36.009	20.6
11:25:36.022	22.1
11:25:36.034	21.9
11:25:36.046	21.8
11:25:36.054	22.6
11:25:36.067	25.6
11:25:36.079	26.5
11:25:36.087	23.3
11:25:36.099	23.8
11:25:36.112	22.9
11:25:36.120	25.2
11:25:36.132	23.7
11:25:36.144	23.7
11:25:36.157	26.2
11:25:36.165	25.5
11:25:36.177	24.8
11:25:36.189	22.5
11:25:36.198	23.6
11:25:36.210	23.4
11:25:36.222	27.2
11:25:36.230	23.9
11:25:36.243	28.1
11:25:36.255	27.8
11:25:36.263	25.8
11:25:36.275	25.6
11:25:36.288	23.6
11:25:36.300	24.6
11:25:36.308	23.8
11:25:36.321	23.1
11:25:36.333	18.7
11:25:36.341	20.4
11:25:36.353	17.0
11:25:36.366	17.3
11:25:36.374	18.5
11:25:36.386	18.5
11:25:36.398	20.3
11:25:36.407	19.1
11:25:36.419	20.5
11:25:36.431	21.6
11:25:36.443	21.9
11:25:36.452	20.8
11:25:36.464	20.9
11:25:36.476	20.3
11:25:36.484	17.6
11:25:36.497	17.3
11:25:36.509	15.7
11:25:36.521	14.6
11:25:36.529	14.9
11:25:36.542	16.2
11:25:36.554	17.0
11:25:36.563	16.5
11:25:36.575	15.5
11:25:36.587	14.9
11:25:36.599	16.9
11:25:36.608	15.7
11:25:36.620	18.2
11:25:36.632	19.5
11:25:36.640	17.6
11:25:36.653	17.3
11:25:36.665	16.6
11:25:36.673	16.8
11:25:36.685	16.1
11:25:36.698	17.5
11:25:36.706	17.2
11:25:36.718	21.8
11:25:36.731	18.3
11:25:36.739	18.5
11:25:36.751	18.8
11:25:36.763	16.0
11:25:36.776	15.9
11:25:36.784	17.0
11:25:36.796	17.6
11:25:36.808	17.1
11:25:36.817	14.6
11:25:36.829	11.5
11:25:36.841	11.9
11:25:36.853	10.5
11:25:36.862	9.5
11:25:36.874	9.2
11:25:36.886	7.3
11:25:36.894	3.8
11:25:36.907	3.8
11:25:36.919	2.7
11:25:36.927	2.9
11:25:36.940	3.1
11:25:36.952	1.8
11:25:36.960	1.7
11:25:36.972	1.7
11:25:36.985	-0.1
11:25:36.993	-0.5
11:25:37.005	0.8
11:25:37.017	-1.2
11:25:37.030	-2.2
11:25:37.038	-1.8
11:25:37.050	-5.0
11:25:37.062	-4.0
11:25:37.071	-4.4
11:25:37.083	-3.2
11:25:37.095	-3.0
11:25:37.107	-2.8
11:25:37.116	-4.1
11:25:37.128	-5.1
11:25:37.140	-3.6
11:25:37.148	-4.3
11:25:37.161	-4.3
11:25:37.173	-6.7
11:25:37.181	-8.5
11:25:37.193	-11.2
11:25:37.206	-13.0
11:25:37.214	-16.5
11:25:37.226	-17.5
11:25:37.239	-17.2
11:25:37.247	-20.6
11:25:37.259	-21.7
11:25:37.271	-22.6
11:25:37.284	-22.1
11:25:37.292	-22.1
11:25:37.304	-24.2
11:25:37.316	-25.0
11:25:37.324	-22.6
11:25:37.337	-23.4
11:25:37.349	-26.1
11:25:37.357	-27.0
11:25:37.370	-27.6
11:25:37.382	-26.0
11:25:37.390	-25.8
11:25:37.402	-22.8
11:25:37.415	-21.4
11:25:37.427	-19.3
11:25:37.435	-21.4
11:25:37.447	-22.7
11:25:37.460	-21.4
11:25:37.468	-22.5
11:25:37.480	-23.4
11:25:37.492	-26.7
11:25:37.501	-29.4
11:25:37.513	-35.1
11:25:37.525	-36.6
11:25:37.537	-38.6
11:25:37.546	-38.0
11:25:37.558	-38.7
11:25:37.570	-38.7
11:25:37.578	-38.2
11:25:37.591	-37.2
11:25:37.603	-35.9
11:25:37.611	-35.1
11:25:37.623	-33.5
11:25:37.636	-31.9
11:25:37.644	-31.0
11:25:37.656	-30.6
11:25:37.668	-30.2
11:25:37.677	-31.2
11:25:37.689	-31.4
11:25:37.701	-30.6
11:25:37.714	-31.3
11:25:37.722	-30.6
11:25:37.734	-29.6
11:25:37.746	-31.0
11:25:37.755	-30.5
11:25:37.767	-31.2
11:25:37.779	-30.0
11:25:37.791	-29.2
11:25:37.799	-28.5
11:25:37.812	-29.2
11:25:37.824	-28.3
11:25:37.832	-28.1
11:25:37.845	-26.8
11:25:37.857	-26.2
11:25:37.865	-25.8
11:25:37.877	-24.8
11:25:37.890	-24.3
11:25:37.898	-22.7
11:25:37.910	-19.9
11:25:37.922	-19.0
11:25:37.931	-18.1
11:25:37.943	-18.0
11:25:37.955	-19.3
11:25:37.968	-17.2
11:25:37.976	-17.3
11:25:37.988	-16.8
11:25:38.000	-14.2
11:25:38.008	-13.9
11:25:38.021	-14.0
11:25:38.033	-14.7
11:25:38.041	-11.0
11:25:38.053	-9.8
11:25:38.066	-6.7
11:25:38.078	-7.9
11:25:38.086	-8.4
11:25:38.098	-8.2
11:25:38.111	-8.5
11:25:38.119	-6.8
11:25:38.131	-7.4
11:25:38.143	-4.6
11:25:38.152	-9.4
11:25:38.164	-7.5
11:25:38.176	-9.1
11:25:38.184	-8.8
11:25:38.197	-7.3
11:25:38.209	-5.3
11:25:38.221	-4.6
11:25:38.229	-6.3
11:25:38.242	-5.5
11:25:38.254	-5.1
11:25:38.262	-2.7
11:25:38.275	-3.2
11:25:38.287	0.9
11:25:38.295	2.2
11:25:38.307	4.4
11:25:38.320	3.5
11:25:38.328	2.2
11:25:38.340	3.1
11:25:38.352	4.4
11:25:38.365	3.6
11:25:38.373	3.9
11:25:38.385	1.6
11:25:38.397	-0.8
11:25:38.406	-1.4
11:25:38.418	-0.7
11:25:38.430	-0.5
11:25:38.438	0.2
11:25:38.451	1.3
11:25:38.463	1.1
11:25:38.475	1.5
11:25:38.483	2.4
11:25:38.496	5.4
11:25:38.508	3.4
11:25:38.516	5.5
11:25:38.528	3.0
11:25:38.541	4.5
11:25:38.549	6.1
11:25:38.561	4.5
11:25:38.573	3.1
11:25:38.582	4.0
11:25:38.594	4.0
11:25:38.606	5.8
11:25:38.615	8.8
11:25:38.627	8.1
11:25:38.639	9.2
11:25:38.651	8.5
11:25:38.660	8.2
11:25:38.672	10.3
11:25:38.684	11.6
11:25:38.696	9.5
11:25:38.705	8.0
11:25:38.717	3.5
11:25:38.729	3.2
11:25:38.737	2.6
11:25:38.750	2.5
11:25:38.762	2.9
11:25:38.774	2.2
11:25:38.782	3.2
11:25:38.795	4.4
11:25:38.807	5.1
11:25:38.815	6.7
11:25:38.827	8.4
11:25:38.840	7.1
11:25:38.848	7.3
11:25:38.860	8.8
11:25:38.872	10.0
11:25:38.881	12.7
11:25:38.893	11.0
11:25:38.905	11.1
11:25:38.913	12.1
11:25:38.926	12.7
11:25:38.938	13.0
11:25:38.950	13.4
11:25:38.958	14.2
11:25:38.971	12.7
11:25:38.983	11.9
11:25:38.991	9.5
11:25:39.004	8.5
11:25:39.016	7.0
11:25:39.028	7.6
11:25:39.036	6.9
11:25:39.049	6.5
11:25:39.061	6.8
11:25:39.069	5.7
11:25:39.081	9.7
11:25:39.094	8.9
11:25:39.102	8.1
11:25:39.114	8.8
11:25:39.126	8.7
11:25:39.135	6.4
11:25:39.147	5.7
11:25:39.159	6.0
11:25:39.167	4.8
11:25:39.180	4.7
11:25:39.192	0.9
11:25:39.204	0.9
11:25:39.212	1.7
11:25:39.225	2.3
11:25:39.237	4.1
11:25:39.245	8.5
11:25:39.257	6.7
11:25:39.270	5.2
11:25:39.278	5.8
11:25:39.290	5.8
11:25:39.302	5.5
11:25:39.311	5.5
11:25:39.323	5.7
11:25:39.335	4.1
11:25:39.348	2.1
11:25:39.356	-0.8
11:25:39.368	1.6
11:25:39.380	3.0
11:25:39.388	0.9
11:25:39.401	2.4
11:25:39.413	1.3
11:25:39.421	2.7
11:25:39.433	3.0
11:25:39.446	3.5
11:25:39.458	3.0
11:25:39.466	1.2
11:25:39.478	1.6
11:25:39.491	3.3
11:25:39.499	5.8
11:25:39.511	4.4
11:25:39.523	9.0
11:25:39.532	7.6
11:25:39.544	6.9
11:25:39.556	6.6
11:25:39.564	7.6
11:25:39.577	7.3
11:25:39.589	7.7
11:25:39.597	5.3
11:25:39.609	5.1
11:25:39.622	5.1
11:25:39.634	1.8
11:25:39.642	3.3
11:25:39.654	1.6
11:25:39.667	1.6
11:25:39.675	0.2
11:25:39.687	1.0
11:25:39.700	-1.6
11:25:39.712	-1.2
11:25:39.720	-3.2
11:25:39.732	-3.7
11:25:39.745	-4.0
11:25:39.753	-6.5
11:25:39.765	-5.1
11:25:39.777	-5.9
11:25:39.786	-6.2
11:25:39.798	-6.7
11:25:39.810	-5.9
11:25:39.818	-5.9
11:25:39.831	-4.9
11:25:39.843	-5.5
11:25:39.851	-4.7
11:25:39.863	-4.4
11:25:39.876	-4.9
11:25:39.888	-4.8
11:25:39.896	-4.5
11:25:39.908	-4.0
11:25:39.921	-4.4
11:25:39.929	-4.6
11:25:39.941	-5.3
11:25:39.953	-4.1
11:25:39.962	-5.9
11:25:39.974	-4.6
11:25:39.986	-6.4
11:25:39.998	-5.8
11:25:40.007	-5.7
11:25:40.019	-7.3
11:25:40.031	-7.8
11:25:40.039	-10.1
11:25:40.052	-9.2
11:25:40.064	-9.5
11:25:40.072	-9.3
11:25:40.084	-11.8
11:25:40.097	-10.5
11:25:40.105	-12.4
11:25:40.117	-13.8
11:25:40.130	-14.4
11:25:40.142	-12.7
11:25:40.150	-10.9
11:25:40.162	-11.6
11:25:40.175	-12.7
11:25:40.183	-14.3
11:25:40.195	-13.5
11:25:40.207	-13.0
11:25:40.216	-11.2
11:25:40.228	-10.8
11:25:40.241	-9.9
11:25:40.249	-11.3
11:25:40.262	-12.1
11:25:40.274	-12.3
11:25:40.286	-12.8
11:25:40.294	-11.9
11:25:40.307	-13.1
11:25:40.319	-13.4
11:25:40.327	-13.3
11:25:40.339	-13.0
11:25:40.351	-13.5
11:25:40.359	-13.2
11:25:40.371	-12.3
11:25:40.384	-12.2
11:25:40.396	-6.0
11:25:40.404	-5.7
11:25:40.416	-3.8
11:25:40.429	-4.1
11:25:40.437	-4.0
11:25:40.449	-5.6
11:25:40.461	-3.4
11:25:40.470	-3.9
11:25:40.482	-2.6
11:25:40.494	-1.6
11:25:40.502	-7.2
11:25:40.515	-5.8
11:25:40.527	-6.3
11:25:40.535	-6.4
11:25:40.547	-6.3
11:25:40.560	-2.7
11:25:40.572	-2.9
11:25:40.580	-0.6
11:25:40.592	-1.8
11:25:40.605	-1.0
11:25:40.613	-2.5
11:25:40.625	-4.0
11:25:40.637	-2.2
11:25:40.650	-0.9
11:25:40.658	-0.1
11:25:40.670	-0.5
11:25:40.683	-0.8
11:25:40.695	-1.8
11:25:40.704	-1.6
11:25:40.716	-2.8
11:25:40.728	-0.6
11:25:40.736	2.2
11:25:40.749	2.6
11:25:40.761	1.8
11:25:40.769	2.3
11:25:40.781	5.1
11:25:40.794	5.8
11:25:40.802	5.4
11:25:40.814	5.8
11:25:40.826	7.6
11:25:40.835	10.0
11:25:40.847	8.3
11:25:40.859	6.4
11:25:40.871	8.3
11:25:40.880	8.5
11:25:40.892	6.5
11:25:40.904	7.5
11:25:40.912	7.0
11:25:40.925	8.1
11:25:40.937	4.8
11:25:40.949	1.6
11:25:40.957	0.0
11:25:40.970	-1.0
11:25:40.982	-2.2
11:25:40.990	-5.8
11:25:41.002	-8.6
11:25:41.015	-10.8
11:25:41.023	-11.1
11:25:41.035	-14.2
11:25:41.048	-13.6
11:25:41.056	-15.7
11:25:41.068	-15.8
11:25:41.080	-14.3
11:25:41.088	-15.6
11:25:41.101	-15.5
11:25:41.113	-15.2
11:25:41.125	-13.8
11:25:41.134	-13.6
11:25:41.146	-12.2
11:25:41.158	-11.2
11:25:41.166	-8.1
11:25:41.179	-4.9
11:25:41.191	-5.7
11:25:41.199	-4.6
11:25:41.211	-1.8
11:25:41.224	-0.4
11:25:41.232	0.0
11:25:41.244	1.2
11:25:41.256	2.6
11:25:41.269	2.1
11:25:41.277	1.6
11:25:41.289	1.2
11:25:41.301	3.2
11:25:41.310	2.0
11:25:41.322	1.4
11:25:41.334	1.6
11:25:41.342	0.6
11:25:41.355	0.8
11:25:41.367	1.5
11:25:41.379	2.2
11:25:41.387	1.7
11:25:41.400	1.4
11:25:41.412	1.1
11:25:41.420	2.9
11:25:41.432	4.6
11:25:41.445	5.4
11:25:41.453	6.7
11:25:41.465	9.5
11:25:41.477	9.2
11:25:41.486	11.5
11:25:41.498	13.4
11:25:41.510	15.4
11:25:41.518	15.5
11:25:41.531	15.9
11:25:41.543	13.2
11:25:41.555	12.8
11:25:41.563	11.1
11:25:41.576	7.9
11:25:41.588	7.3
11:25:41.596	4.8
11:25:41.608	3.7
11:25:41.621	0.6
11:25:41.633	0.8
11:25:41.641	0.3
11:25:41.654	0.0
11:25:41.666	-1.2
11:25:41.674	-1.4
11:25:41.686	-3.1
11:25:41.699	-4.8
11:25:41.707	-4.2
11:25:41.719	-3.8
11:25:41.731	-3.5
11:25:41.740	-4.6
11:25:41.752	-3.9
11:25:41.764	-2.9
11:25:41.772	-3.0
11:25:41.785	-2.8
11:25:41.797	-2.0
11:25:41.809	-1.4
11:25:41.817	-2.3
11:25:41.830	-1.5
11:25:41.842	-2.3
11:25:41.850	-2.7
11:25:41.862	-2.6
11:25:41.875	-2.2
11:25:41.883	-1.8
11:25:41.895	-1.7
11:25:41.907	-0.3
11:25:41.920	-0.6
11:25:41.928	0.7
11:25:41.940	-0.8
11:25:41.953	1.7
11:25:41.961	0.6
11:25:41.973	-0.9
11:25:41.985	-0.8
11:25:41.993	0.7
11:25:42.006	0.6
11:25:42.018	0.8
11:25:42.026	1.7
11:25:42.038	2.0
11:25:42.051	1.8
11:25:42.063	0.4
11:25:42.071	0.2
11:25:42.083	0.9
11:25:42.096	-0.1
11:25:42.104	-1.3
11:25:42.116	-0.6
11:25:42.129	-0.3
11:25:42.137	-1.9
11:25:42.149	-2.1
11:25:42.161	-0.7
11:25:42.169	0.4
11:25:42.182	1.5
11:25:42.194	0.8
11:25:42.206	0.8
11:25:42.215	0.1
11:25:42.227	-2.0
11:25:42.239	-3.0
11:25:42.247	-1.0
11:25:42.260	-1.8
11:25:42.272	-1.4
11:25:42.280	-0.9
11:25:42.292	0.9
11:25:42.305	3.5
11:25:42.317	4.3
11:25:42.325	6.2
11:25:42.337	9.8
11:25:42.350	10.6
11:25:42.358	9.8
11:25:42.370	11.2
11:25:42.382	9.7
11:25:42.391	9.2
11:25:42.403	7.4
11:25:42.415	4.9
11:25:42.423	4.4
11:25:42.436	3.8
11:25:42.448	3.4
11:25:42.456	2.7
11:25:42.468	5.1
11:25:42.481	4.8
11:25:42.493	6.7
11:25:42.501	8.2
11:25:42.513	10.9
11:25:42.526	15.6
11:25:42.538	16.3
11:25:42.546	17.8
11:25:42.559	18.8
11:25:42.571	21.0
11:25:42.579	22.7
11:25:42.592	23.0
11:25:42.604	24.8
11:25:42.617	25.5
11:25:42.625	28.3
11:25:42.637	28.2
11:25:42.649	31.1
11:25:42.658	33.8
11:25:42.670	37.2
11:25:42.682	39.3
11:25:42.690	39.5
11:25:42.703	42.7
11:25:42.715	44.1
11:25:42.724	43.8
11:25:42.735	42.9
11:25:42.748	45.1
11:25:42.756	46.8
11:25:42.768	45.9
11:25:42.780	43.7
11:25:42.793	43.5
11:25:42.801	42.0
11:25:42.813	39.9
11:25:42.825	39.3
11:25:42.834	39.5
11:25:42.846	37.7
11:25:42.858	33.3
11:25:42.870	31.3
11:25:42.879	31.2
11:25:42.891	31.0
11:25:42.903	29.5
11:25:42.911	28.7
11:25:42.924	28.6
11:25:42.936	27.3
11:25:42.944	26.0
11:25:42.957	24.1
11:25:42.969	22.6
11:25:42.977	21.9
11:25:42.989	21.0
11:25:43.002	19.8
11:25:43.010	20.6
11:25:43.022	21.4
11:25:43.034	21.4
11:25:43.047	22.1
11:25:43.055	22.7
11:25:43.067	24.6
11:25:43.079	27.3
11:25:43.088	26.6
11:25:43.100	26.2
11:25:43.112	25.0
11:25:43.120	23.4
11:25:43.133	22.0
11:25:43.145	21.9
11:25:43.153	21.2
11:25:43.165	19.0
11:25:43.178	18.1
11:25:43.190	18.4
11:25:43.198	19.4
11:25:43.210	18.6
11:25:43.223	18.9
11:25:43.231	18.0
11:25:43.243	19.7
11:25:43.255	19.8
11:25:43.264	22.0
11:25:43.276	23.7
11:25:43.288	21.7
11:25:43.300	19.8
11:25:43.309	20.0
11:25:43.321	21.4
11:25:43.333	22.0
11:25:43.341	23.7
11:25:43.354	23.6
11:25:43.366	23.5
11:25:43.374	22.7
11:25:43.387	22.9
11:25:43.399	27.0
11:25:43.407	29.6
11:25:43.419	30.4
11:25:43.432	30.6
11:25:43.440	31.3
11:25:43.452	31.4
11:25:43.464	31.2
11:25:43.477	30.4
11:25:43.485	29.0
11:25:43.497	29.4
11:25:43.509	29.0
11:25:43.518	26.5
11:25:43.530	25.0
11:25:43.542	27.3
11:25:43.554	28.5
11:25:43.563	28.2
11:25:43.575	29.7
11:25:43.587	31.0
11:25:43.595	30.7
11:25:43.608	30.7
11:25:43.620	30.8
11:25:43.628	32.1
11:25:43.640	33.8
11:25:43.653	31.0
11:25:43.661	29.6
11:25:43.673	30.3
11:25:43.686	28.1
11:25:43.694	27.4
11:25:43.706	28.8
11:25:43.718	28.7
11:25:43.731	27.5
11:25:43.739	25.4
11:25:43.751	26.1
11:25:43.763	25.7
11:25:43.772	25.6
11:25:43.784	24.0
11:25:43.796	23.7
11:25:43.804	21.8
11:25:43.817	20.3
11:25:43.829	17.8
11:25:43.841	18.6
11:25:43.849	20.0
11:25:43.862	18.0
11:25:43.874	16.3
11:25:43.882	16.5
11:25:43.894	17.0
11:25:43.907	17.2
11:25:43.915	18.2
11:25:43.927	19.2
11:25:43.939	21.0
11:25:43.948	17.5
11:25:43.960	16.2
11:25:43.972	15.1
11:25:43.984	16.1
11:25:43.993	14.4
11:25:44.005	12.7
11:25:44.017	10.5
11:25:44.025	10.2
11:25:44.038	6.2
11:25:44.050	5.8
11:25:44.058	6.0
11:25:44.070	5.6
11:25:44.083	4.0
11:25:44.091	2.7
11:25:44.103	3.1
11:25:44.115	2.5
11:25:44.128	3.3
11:25:44.136	2.2
11:25:44.148	0.8
11:25:44.161	0.0
11:25:44.169	3.5
11:25:44.181	2.4
11:25:44.193	2.9
11:25:44.201	2.0
11:25:44.214	0.1
11:25:44.226	-0.4
11:25:44.238	-1.5
11:25:44.247	-4.1
11:25:44.259	-1.6
11:25:44.271	-3.8
11:25:44.279	-9.3
11:25:44.292	-10.2
11:25:44.304	-11.9
11:25:44.312	-11.7
11:25:44.325	-13.3
11:25:44.337	-13.2
11:25:44.344	-13.6
11:25:44.357	-10.8
11:25:44.369	-12.4
11:25:44.377	-12.7
11:25:44.389	-12.0
11:25:44.402	-12.8
11:25:44.414	-11.8
11:25:44.422	-13.4
11:25:44.434	-13.4
11:25:44.447	-12.9
11:25:44.459	-12.2
11:25:44.467	-14.2
11:25:44.480	-14.1
11:25:44.492	-13.7
11:25:44.500	-14.1
11:25:44.512	-13.6
11:25:44.525	-14.5
11:25:44.537	-15.5
11:25:44.545	-14.6
11:25:44.557	-17.3
11:25:44.570	-19.9
11:25:44.578	-20.8
11:25:44.590	-22.0
11:25:44.602	-22.9
11:25:44.611	-22.6
11:25:44.623	-22.8
11:25:44.635	-23.6
11:25:44.643	-23.3
11:25:44.656	-23.5
11:25:44.668	-22.8
11:25:44.676	-20.8
11:25:44.688	-19.6
11:25:44.701	-20.3
11:25:44.713	-19.7
11:25:44.721	-19.7
11:25:44.733	-17.9
11:25:44.746	-18.0
11:25:44.754	-16.6
11:25:44.766	-17.8
11:25:44.778	-16.1
11:25:44.791	-15.8
11:25:44.799	-15.1
11:25:44.811	-14.0
11:25:44.823	-13.3
11:25:44.832	-12.0
11:25:44.844	-12.4
11:25:44.856	-10.8
11:25:44.865	-10.7
11:25:44.877	-9.9
11:25:44.889	-10.0
11:25:44.897	-10.1
11:25:44.910	-10.0
11:25:44.922	-8.7
11:25:44.930	-8.6
11:25:44.942	-9.3
11:25:44.955	-8.9
11:25:44.967	-8.7
11:25:44.975	-7.6
11:25:44.988	-5.5
11:25:45.000	-5.9
11:25:45.008	-6.1
11:25:45.020	-6.7
11:25:45.033	-2.2
11:25:45.041	-1.1
11:25:45.053	-0.2
11:25:45.065	-0.1
11:25:45.074	0.8
11:25:45.086	2.0
11:25:45.098	3.1
11:25:45.110	6.7
11:25:45.119	8.1
11:25:45.131	10.5
11:25:45.143	8.5
11:25:45.151	9.3
11:25:45.164	11.2
11:25:45.176	11.2
11:25:45.184	11.8
11:25:45.196	12.7
11:25:45.209	11.8
11:25:45.221	11.4
11:25:45.229	12.8
11:25:45.241	12.0
11:25:45.254	13.0
11:25:45.262	14.6
11:25:45.274	13.7
11:25:45.286	15.4
11:25:45.295	15.9
11:25:45.307	15.4
11:25:45.319	18.1
11:25:45.328	17.6
11:25:45.340	17.2
11:25:45.352	19.3
11:25:45.360	17.6
11:25:45.372	16.5
11:25:45.385	17.2
11:25:45.397	17.6
11:25:45.405	17.7
11:25:45.418	17.9
11:25:45.430	14.6
11:25:45.438	12.0
11:25:45.450	11.9
11:25:45.463	12.3
11:25:45.475	13.4
11:25:45.483	13.1
11:25:45.495	14.7
11:25:45.508	14.7
11:25:45.516	16.3
11:25:45.528	17.5
11:25:45.540	19.9
11:25:45.549	22.3
11:25:45.561	22.1
11:25:45.573	21.0
11:25:45.581	20.3
11:25:45.594	21.2
11:25:45.606	23.2
11:25:45.614	21.8
11:25:45.626	22.4
11:25:45.639	21.2
11:25:45.651	21.7
11:25:45.659	23.0
11:25:45.671	24.9
11:25:45.684	25.8
11:25:45.692	25.1
11:25:45.704	24.7
11:25:45.716	22.4
11:25:45.725	25.1
11:25:45.737	23.3
11:25:45.749	23.9
11:25:45.762	24.7
11:25:45.770	24.6
11:25:45.782	24.3
11:25:45.794	24.9
11:25:45.802	27.0
11:25:45.815	27.5
11:25:45.827	28.9
11:25:45.835	28.4
11:25:45.847	29.4
11:25:45.860	29.3
11:25:45.868	27.7
11:25:45.880	27.9
11:25:45.893	27.3
11:25:45.905	26.2
11:25:45.913	25.3
11:25:45.925	26.7
11:25:45.938	25.3
11:25:45.946	25.7
11:25:45.958	23.3
11:25:45.970	26.3
11:25:45.978	26.8
11:25:45.991	25.9
11:25:46.003	25.6
11:25:46.011	26.9
11:25:46.024	27.6
11:25:46.036	25.3
11:25:46.048	27.4
11:25:46.056	26.0
11:25:46.069	28.3
11:25:46.081	24.6
11:25:46.089	25.6
11:25:46.101	24.9
11:25:46.114	26.6
11:25:46.122	25.5
11:25:46.134	25.6
11:25:46.146	26.3
11:25:46.160	25.6
11:25:46.168	27.7
11:25:46.180	27.7
11:25:46.192	28.9
11:25:46.201	28.2
11:25:46.213	28.7
11:25:46.225	27.1
11:25:46.233	26.4
11:25:46.246	25.2
11:25:46.258	25.5
11:25:46.266	23.8
11:25:46.278	21.1
11:25:46.291	19.7
11:25:46.299	19.9
11:25:46.311	19.2
11:25:46.323	19.7
11:25:46.336	20.1
11:25:46.344	22.3
11:25:46.356	24.6
11:25:46.369	23.8
11:25:46.377	24.2
11:25:46.389	25.1
11:25:46.401	25.3
11:25:46.414	25.3
11:25:46.422	25.7
11:25:46.434	24.2
11:25:46.446	23.5
11:25:46.459	22.1
11:25:46.467	19.9
11:25:46.479	19.7
11:25:46.491	22.2
11:25:46.500	22.1
11:25:46.512	22.8
11:25:46.524	22.0
11:25:46.532	21.4
11:25:46.545	21.4
11:25:46.557	21.6
11:25:46.565	21.6
11:25:46.577	22.2
11:25:46.590	23.0
11:25:46.598	19.4
11:25:46.610	21.6
11:25:46.622	25.0
11:25:46.635	26.1
11:25:46.643	27.2
11:25:46.655	26.3
11:25:46.667	26.4
11:25:46.676	26.0
11:25:46.688	25.1
11:25:46.700	25.6
11:25:46.712	27.8
11:25:46.720	23.5
11:25:46.732	19.3
11:25:46.744	18.3
11:25:46.753	18.3
11:25:46.765	20.0
11:25:46.777	19.8
11:25:46.785	21.7
11:25:46.798	21.5
11:25:46.811	22.5
11:25:46.819	21.1
11:25:46.831	25.4
11:25:46.844	27.2
11:25:46.852	27.9
11:25:46.864	28.1
11:25:46.876	27.0
11:25:46.889	27.1
11:25:46.897	25.2
11:25:46.909	25.5
11:25:46.921	24.3
11:25:46.930	22.6
11:25:46.942	19.2
11:25:46.954	18.3
11:25:46.962	18.5
11:25:46.975	16.3
11:25:46.987	17.3
11:25:46.995	17.4
11:25:47.008	17.3
11:25:47.020	16.2
11:25:47.032	14.1
11:25:47.040	13.6
11:25:47.053	14.5
11:25:47.065	14.1
11:25:47.073	13.4
11:25:47.085	13.9
11:25:47.097	14.3
11:25:47.105	13.2
11:25:47.118	13.5
11:25:47.130	16.6
11:25:47.142	16.8
11:25:47.150	18.2
11:25:47.163	16.3
11:25:47.175	16.5
11:25:47.183	15.5
11:25:47.195	14.9
11:25:47.208	14.6
11:25:47.216	14.7
11:25:47.228	12.9
11:25:47.240	10.0
11:25:47.249	10.0
11:25:47.261	9.7
11:25:47.273	9.3
11:25:47.282	9.4
11:25:47.294	7.8
11:25:47.306	6.4
11:25:47.318	5.0
11:25:47.326	4.0
11:25:47.339	3.9
11:25:47.351	4.5
11:25:47.359	3.3
11:25:47.371	2.8
11:25:47.384	2.4
11:25:47.396	-1.2
11:25:47.404	-0.8
11:25:47.417	-0.9
11:25:47.429	-0.7
11:25:47.437	-0.4
11:25:47.449	-0.6
11:25:47.462	-2.4
11:25:47.470	-3.2
11:25:47.482	-4.6
11:25:47.494	-6.1
11:25:47.503	-5.5
11:25:47.515	-7.2
11:25:47.527	-6.4
11:25:47.535	-8.5
11:25:47.548	-9.4
11:25:47.560	-11.4
11:25:47.572	-9.5
11:25:47.580	-10.0
11:25:47.593	-11.5
11:25:47.605	-11.6
11:25:47.613	-11.7
11:25:47.625	-12.2
11:25:47.638	-14.7
11:25:47.646	-13.2
11:25:47.658	-15.6
11:25:47.670	-17.0
11:25:47.683	-18.4
11:25:47.691	-17.9
11:25:47.703	-19.1
11:25:47.715	-19.7
11:25:47.724	-20.9
11:25:47.736	-21.4
11:25:47.748	-20.9
11:25:47.756	-23.1
11:25:47.769	-21.9
11:25:47.781	-21.9
11:25:47.789	-24.0
11:25:47.801	-26.1
11:25:47.814	-24.7
11:25:47.826	-24.1
11:25:47.834	-24.2
11:25:47.847	-24.6
11:25:47.859	-24.1
11:25:47.867	-24.7
11:25:47.879	-26.3
11:25:47.892	-25.8
11:25:47.900	-27.7
11:25:47.912	-27.6
11:25:47.925	-29.4
11:25:47.932	-29.5
11:25:47.945	-29.9
11:25:47.957	-30.0
11:25:47.969	-30.9
11:25:47.978	-31.1
11:25:47.990	-30.0
11:25:48.002	-29.7
11:25:48.010	-28.0
11:25:48.023	-28.8
11:25:48.035	-28.3
11:25:48.043	-27.8
11:25:48.055	-30.1
11:25:48.068	-28.8
11:25:48.080	-28.0
11:25:48.088	-28.2
11:25:48.100	-28.6
11:25:48.113	-28.0
11:25:48.121	-28.6
11:25:48.133	-28.2
11:25:48.145	-27.2
11:25:48.154	-28.2
11:25:48.166	-23.9
11:25:48.178	-23.4
11:25:48.186	-24.4
11:25:48.199	-25.5
11:25:48.211	-24.7
11:25:48.219	-24.4
11:25:48.231	-22.1
11:25:48.244	-19.9
11:25:48.256	-20.9
11:25:48.264	-19.9
11:25:48.276	-21.6
11:25:48.289	-21.7
11:25:48.297	-21.1
11:25:48.309	-15.8
11:25:48.321	-16.2
11:25:48.334	-15.7
11:25:48.342	-17.2
11:25:48.354	-17.2
11:25:48.367	-15.7
11:25:48.375	-17.2
11:25:48.387	-15.0
11:25:48.399	-16.4
11:25:48.412	-16.1
11:25:48.420	-18.8
11:25:48.432	-16.9
11:25:48.444	-16.3
11:25:48.453	-15.0
11:25:48.465	-15.0
11:25:48.477	-15.4
11:25:48.485	-13.3
11:25:48.498	-14.0
11:25:48.510	-11.8
11:25:48.518	-10.0
11:25:48.530	-9.6
11:25:48.543	-11.7
11:25:48.555	-12.9
11:25:48.563	-11.4
11:25:48.575	-12.5
11:25:48.588	-13.7
11:25:48.596	-13.9
11:25:48.608	-13.3
11:25:48.620	-12.1
11:25:48.633	-14.6
11:25:48.641	-15.4
11:25:48.653	-13.9
11:25:48.665	-11.6
11:25:48.674	-12.2
11:25:48.686	-10.7
11:25:48.698	-6.8
11:25:48.706	-5.7
11:25:48.719	-5.8
11:25:48.731	-6.2
11:25:48.739	-6.3
11:25:48.751	-4.1
11:25:48.764	-3.7
11:25:48.772	-5.1
11:25:48.784	-7.8
11:25:48.796	-6.4
11:25:48.809	-6.8
11:25:48.817	-7.6
11:25:48.830	-8.4
11:25:48.843	-8.2
11:25:48.851	-6.3
11:25:48.863	-7.5
11:25:48.875	-6.9
11:25:48.883	-6.8
11:25:48.896	-3.0
11:25:48.908	-5.2
11:25:48.916	-6.8
11:25:48.929	-4.9
11:25:48.941	-4.9
11:25:48.953	-3.9
11:25:48.961	-3.7
11:25:48.974	-1.5
11:25:48.986	-2.7
11:25:48.994	-1.5
11:25:49.006	-2.9
11:25:49.019	-2.4
11:25:49.027	-1.7
11:25:49.039	-3.3
11:25:49.051	0.2
11:25:49.064	-3.0
11:25:49.072	-2.9
11:25:49.084	-2.4
11:25:49.096	-2.2
11:25:49.105	-2.9
11:25:49.117	-2.7
11:25:49.129	-0.7
11:25:49.137	-1.2
11:25:49.150	0.5
11:25:49.162	-0.5
11:25:49.170	-0.4
11:25:49.182	-0.7
11:25:49.195	-2.0
11:25:49.203	-0.8
11:25:49.215	-0.6
11:25:49.227	0.3
11:25:49.240	-0.7
11:25:49.248	0.4
11:25:49.260	-0.7
11:25:49.272	-2.9
11:25:49.281	-0.1
11:25:49.293	0.4
11:25:49.305	0.1
11:25:49.318	2.5
11:25:49.326	3.1
11:25:49.338	2.2
11:25:49.350	3.4
11:25:49.359	3.9
11:25:49.371	6.1
11:25:49.383	5.3
11:25:49.391	5.3
11:25:49.404	6.8
11:25:49.416	7.0
11:25:49.424	5.4
11:25:49.436	4.6
11:25:49.449	5.9
11:25:49.457	5.8
11:25:49.469	6.1
11:25:49.481	5.7
11:25:49.494	9.1
11:25:49.502	9.1
11:25:49.514	9.3
11:25:49.526	10.3
11:25:49.535	9.9
11:25:49.547	11.8
11:25:49.559	11.9
11:25:49.567	12.6
11:25:49.580	13.3
11:25:49.592	16.8
11:25:49.604	15.3
11:25:49.612	15.9
11:25:49.625	15.7
11:25:49.637	15.0
11:25:49.645	16.2
11:25:49.657	15.5
11:25:49.670	15.6
11:25:49.678	15.1
11:25:49.690	15.2
11:25:49.702	12.0
11:25:49.711	16.4
11:25:49.723	15.9
11:25:49.735	13.9
11:25:49.748	14.7
11:25:49.756	14.7
11:25:49.768	15.0
11:25:49.780	15.8
11:25:49.788	15.9
11:25:49.801	15.9
11:25:49.813	16.5
11:25:49.821	11.4
11:25:49.833	12.2
11:25:49.846	12.7
11:25:49.854	12.6
11:25:49.866	14.3
11:25:49.879	13.6
11:25:49.891	13.7
11:25:49.899	13.9
11:25:49.911	16.0
11:25:49.924	16.1
11:25:49.932	17.6
11:25:49.944	17.8
11:25:49.956	18.6
11:25:49.964	17.8
11:25:49.977	16.1
11:25:49.989	17.1
11:25:50.001	15.5
11:25:50.010	17.7
11:25:50.022	16.5
11:25:50.034	16.0
11:25:50.042	14.9
11:25:50.055	15.0
11:25:50.067	15.0
11:25:50.075	14.8
11:25:50.087	13.9
11:25:50.100	12.8
11:25:50.108	11.9
11:25:50.120	10.8
11:25:50.132	8.3
11:25:50.141	7.6
11:25:50.153	7.3
11:25:50.165	5.7
11:25:50.177	5.3
11:25:50.186	5.2
11:25:50.198	6.4
11:25:50.210	6.9
11:25:50.218	8.6
11:25:50.231	6.9
11:25:50.243	6.3
11:25:50.255	5.9
11:25:50.263	6.6
11:25:50.276	7.0
11:25:50.288	8.1
11:25:50.296	8.1
11:25:50.308	7.7
11:25:50.321	7.7
11:25:50.329	8.1
11:25:50.341	8.2
11:25:50.354	10.6
11:25:50.362	10.9
11:25:50.374	11.6
11:25:50.386	10.0
11:25:50.394	8.5
11:25:50.407	9.3
11:25:50.419	7.9
11:25:50.431	8.3
11:25:50.439	7.4
11:25:50.452	6.4
11:25:50.464	4.4
11:25:50.472	3.9
11:25:50.485	3.2
11:25:50.497	3.1
11:25:50.505	2.3
11:25:50.517	1.7
11:25:50.530	2.1
11:25:50.542	-0.1
11:25:50.550	-0.4
11:25:50.562	0.1
11:25:50.575	0.0
11:25:50.583	-2.3
11:25:50.595	-1.7
11:25:50.608	-3.3
11:25:50.620	-1.9
11:25:50.628	-3.9
11:25:50.640	-5.5
11:25:50.653	-4.9
11:25:50.661	-6.5
11:25:50.673	-7.3
11:25:50.685	-9.5
11:25:50.694	-9.4
11:25:50.706	-10.8
11:25:50.718	-9.2
11:25:50.730	-9.9
11:25:50.739	-7.5
11:25:50.751	-6.9
11:25:50.763	-7.1
11:25:50.771	-5.0
11:25:50.784	-6.3
11:25:50.796	-6.5
11:25:50.804	-5.9
11:25:50.817	-7.2
11:25:50.829	-8.0
11:25:50.837	-10.2
11:25:50.849	-12.4
11:25:50.862	-14.1
11:25:50.874	-15.9
11:25:50.882	-17.0
11:25:50.894	-14.7
11:25:50.907	-14.2
11:25:50.915	-15.4
11:25:50.927	-16.1
11:25:50.940	-18.2
11:25:50.948	-17.9
11:25:50.960	-16.4
11:25:50.972	-16.3
11:25:50.985	-16.8
11:25:50.993	-18.5
11:25:51.005	-20.0
11:25:51.017	-18.7
11:25:51.026	-19.4
11:25:51.038	-19.6
11:25:51.050	-18.0
11:25:51.058	-18.1
11:25:51.071	-19.4
11:25:51.083	-18.8
11:25:51.091	-18.0
11:25:51.103	-19.5
11:25:51.116	-22.1
11:25:51.124	-24.4
11:25:51.136	-24.0
11:25:51.148	-25.0
11:25:51.161	-24.6
11:25:51.169	-24.9
11:25:51.181	-25.3
11:25:51.193	-24.0
11:25:51.202	-24.3
11:25:51.214	-19.4
11:25:51.226	-18.1
11:25:51.238	-16.0
11:25:51.247	-16.4
11:25:51.259	-15.7
11:25:51.271	-17.8
11:25:51.279	-18.9
11:25:51.292	-17.3
11:25:51.304	-19.0
11:25:51.312	-19.2
11:25:51.324	-24.3
11:25:51.337	-24.5
11:25:51.345	-26.5
11:25:51.357	-25.8
11:25:51.369	-24.8
11:25:51.378	-24.3
11:25:51.390	-21.7
11:25:51.402	-23.4
11:25:51.415	-23.9
11:25:51.423	-25.2
11:25:51.435	-23.5
11:25:51.447	-23.5
11:25:51.455	-20.5
11:25:51.468	-20.9
11:25:51.480	-20.1
11:25:51.488	-16.0
11:25:51.500	-16.2
11:25:51.513	-13.7
11:25:51.525	-11.6
11:25:51.533	-8.4
11:25:51.546	-7.3
11:25:51.558	-4.1
11:25:51.566	-4.4
11:25:51.578	-2.2
11:25:51.591	-0.4
11:25:51.599	-1.8
11:25:51.611	-1.2
11:25:51.623	-1.5
11:25:51.632	-0.3
11:25:51.644	0.8
11:25:51.656	1.7
11:25:51.668	0.4
11:25:51.677	1.8
11:25:51.689	3.6
11:25:51.701	3.8
11:25:51.709	4.8
11:25:51.722	7.1
11:25:51.734	9.4
11:25:51.742	9.6
11:25:51.755	10.5
11:25:51.767	11.7
11:25:51.775	15.3
11:25:51.787	16.4
11:25:51.800	16.8
11:25:51.812	17.8
11:25:51.820	19.6
11:25:51.832	18.1
11:25:51.845	15.1
11:25:51.853	15.0
11:25:51.865	15.4
11:25:51.878	16.6
11:25:51.886	14.6
11:25:51.898	13.3
11:25:51.910	12.4
11:25:51.923	11.7
11:25:51.931	12.0
11:25:51.943	13.4
11:25:51.955	14.6
11:25:51.963	14.6
11:25:51.976	13.4
11:25:51.988	11.3
11:25:51.996	11.9
11:25:52.009	11.8
11:25:52.021	11.3
11:25:52.029	11.8
11:25:52.041	10.2
11:25:52.054	9.6
11:25:52.062	9.5
11:25:52.073	12.4
11:25:52.086	13.8
11:25:52.098	14.4
11:25:52.106	15.1
11:25:52.118	16.2
11:25:52.131	17.7
11:25:52.139	17.7
11:25:52.151	18.5
11:25:52.163	17.0
11:25:52.176	21.1
11:25:52.184	18.4
11:25:52.196	18.0
11:25:52.208	18.9
11:25:52.217	18.7
11:25:52.229	19.0
11:25:52.241	20.3
11:25:52.249	21.6
11:25:52.262	21.1
11:25:52.274	24.8
11:25:52.282	22.1
11:25:52.295	21.9
11:25:52.308	21.7
11:25:52.316	23.3
11:25:52.328	23.5
11:25:52.340	24.2
11:25:52.353	25.0
11:25:52.361	23.8
11:25:52.373	25.0
11:25:52.385	23.5
11:25:52.398	21.5
11:25:52.406	20.8
11:25:52.418	22.1
11:25:52.430	20.4
11:25:52.439	20.2
11:25:52.451	20.7
11:25:52.463	19.5
11:25:52.476	19.2
11:25:52.484	18.3
11:25:52.496	18.5
11:25:52.508	19.6
11:25:52.517	21.3
11:25:52.529	20.4
11:25:52.541	20.5
11:25:52.549	21.9
11:25:52.562	20.7
11:25:52.574	19.4
11:25:52.582	18.2
11:25:52.594	20.4
11:25:52.607	19.7
11:25:52.615	21.9
11:25:52.627	22.4
11:25:52.639	23.7
11:25:52.652	22.9
11:25:52.660	21.7
11:25:52.672	21.6
11:25:52.684	20.4
11:25:52.693	21.5
11:25:52.705	18.4
11:25:52.717	17.5
11:25:52.725	16.4
11:25:52.738	15.1
11:25:52.750	13.2
11:25:52.758	13.4
11:25:52.770	13.2
11:25:52.783	12.5
11:25:52.795	16.6
11:25:52.803	16.3
11:25:52.815	19.4
11:25:52.828	20.8
11:25:52.836	20.1
11:25:52.848	20.4
11:25:52.860	19.6
11:25:52.869	18.6
11:25:52.881	17.6
11:25:52.893	17.0
11:25:52.906	12.5
11:25:52.914	9.8
11:25:52.926	5.8
11:25:52.938	4.1
11:25:52.947	2.8
11:25:52.959	2.6
11:25:52.971	3.3
11:25:52.979	3.8
11:25:52.992	4.7
11:25:53.004	3.9
11:25:53.012	5.7
11:25:53.024	8.2
11:25:53.037	9.9
11:25:53.045	10.1
11:25:53.057	10.6
11:25:53.069	9.4
11:25:53.082	10.1
11:25:53.090	10.2
11:25:53.102	8.5
11:25:53.114	9.9
11:25:53.123	9.4
11:25:53.135	9.1
11:25:53.147	6.2
11:25:53.159	7.6
11:25:53.168	7.9
11:25:53.180	7.4
11:25:53.192	5.6
11:25:53.200	4.8
11:25:53.213	3.4
11:25:53.225	3.7
11:25:53.233	4.0
11:25:53.245	4.0
11:25:53.258	9.1
11:25:53.266	9.2
11:25:53.278	10.1
11:25:53.290	10.0
11:25:53.299	11.6
11:25:53.311	12.6
11:25:53.323	14.6
11:25:53.335	12.9
11:25:53.343	11.7
11:25:53.355	12.6
11:25:53.368	8.8
11:25:53.376	8.0
11:25:53.388	6.6
11:25:53.400	6.4
11:25:53.408	8.7
11:25:53.421	7.8
11:25:53.433	10.7
11:25:53.446	13.1
11:25:53.454	13.8
11:25:53.466	13.5
11:25:53.478	15.8
11:25:53.487	16.4
11:25:53.499	17.0
11:25:53.511	18.2
11:25:53.519	15.5
11:25:53.532	16.5
11:25:53.544	13.2
11:25:53.552	11.7
11:25:53.564	12.0
11:25:53.577	15.2
11:25:53.589	13.9
11:25:53.597	12.1
11:25:53.609	10.5
11:25:53.622	10.7
11:25:53.630	8.9
11:25:53.642	8.5
11:25:53.655	6.2
11:25:53.663	6.1
11:25:53.675	3.8
11:25:53.687	0.3
11:25:53.696	-1.8
11:25:53.708	-1.5
11:25:53.720	0.3
11:25:53.732	0.5
11:25:53.741	1.5
11:25:53.753	-0.1
11:25:53.765	0.6
11:25:53.773	-0.2
11:25:53.786	0.4
11:25:53.798	-0.2
11:25:53.806	-0.2
11:25:53.818	0.6
11:25:53.831	-1.3
11:25:53.843	-2.1
11:25:53.851	-2.5
11:25:53.863	-3.3
11:25:53.876	-2.3
11:25:53.884	-3.5
11:25:53.896	-3.7
11:25:53.908	-6.3
11:25:53.917	-6.3
11:25:53.929	-7.7
11:25:53.941	-9.7
11:25:53.949	-9.0
11:25:53.962	-9.6
11:25:53.974	-7.7
11:25:53.982	-9.2
11:25:53.994	-8.0
11:25:54.007	-8.3
11:25:54.019	-7.0
11:25:54.027	-6.8
11:25:54.040	-6.7
11:25:54.052	-3.5
11:25:54.060	-5.7
11:25:54.072	-8.2
11:25:54.084	-11.1
11:25:54.097	-9.5
11:25:54.105	-10.6
11:25:54.117	-10.2
11:25:54.130	-10.6
11:25:54.138	-10.2
11:25:54.150	-11.1
11:25:54.162	-13.5
11:25:54.170	-12.1
11:25:54.183	-9.7
11:25:54.195	-8.0
11:25:54.203	-9.6
11:25:54.216	-11.8
11:25:54.228	-13.2
11:25:54.236	-13.8
11:25:54.248	-12.6
11:25:54.261	-12.8
11:25:54.273	-12.2
11:25:54.281	-13.2
11:25:54.293	-13.2
11:25:54.306	-12.4
11:25:54.314	-9.9
11:25:54.326	-7.6
11:25:54.338	-5.3
11:25:54.347	-3.2
11:25:54.359	-4.0
11:25:54.371	-3.3
11:25:54.383	-3.0
11:25:54.392	-1.4
11:25:54.404	-1.7
11:25:54.416	-1.4
11:25:54.424	-2.1
11:25:54.437	-1.1
11:25:54.449	-1.2
11:25:54.457	-1.5
11:25:54.469	-0.8
11:25:54.482	0.9
11:25:54.490	1.6
11:25:54.502	0.3
11:25:54.514	-0.7
11:25:54.528	-1.9
11:25:54.536	-1.9
11:25:54.548	-1.6
11:25:54.560	-1.3
11:25:54.569	0.7
11:25:54.581	-0.1
11:25:54.593	-0.6
11:25:54.605	0.5
11:25:54.614	2.0
11:25:54.626	4.3
11:25:54.638	6.1
11:25:54.646	6.0
11:25:54.659	6.0
11:25:54.671	5.4
11:25:54.679	3.6
11:25:54.691	6.1
11:25:54.704	6.9
11:25:54.716	8.2
11:25:54.724	8.5
11:25:54.737	9.7
11:25:54.749	9.6
11:25:54.757	10.6
11:25:54.769	11.8
11:25:54.782	13.5
11:25:54.790	14.7
11:25:54.802	14.8
11:25:54.814	16.9
11:25:54.827	15.2
11:25:54.835	16.0
11:25:54.847	15.9
11:25:54.860	16.5
11:25:54.868	16.9
11:25:54.880	16.3
11:25:54.892	15.9
11:25:54.900	16.8
11:25:54.913	14.7
11:25:54.925	12.9
11:25:54.933	15.4
11:25:54.945	15.0
11:25:54.958	15.9
11:25:54.966	14.9
11:25:54.978	16.1
11:25:54.990	16.3
11:25:55.003	18.1
11:25:55.011	19.3
11:25:55.023	20.9
11:25:55.035	21.6
11:25:55.044	19.0
11:25:55.056	19.8
11:25:55.068	18.4
11:25:55.080	20.2
11:25:55.089	19.3
11:25:55.101	19.7
11:25:55.113	17.5
11:25:55.121	16.5
11:25:55.134	16.1
11:25:55.146	14.3
11:25:55.154	14.8
11:25:55.166	14.7
11:25:55.179	16.8
11:25:55.187	16.5
11:25:55.199	16.4
11:25:55.212	18.2
11:25:55.220	18.3
11:25:55.232	17.1
11:25:55.244	17.1
11:25:55.257	18.7
11:25:55.265	18.8
11:25:55.277	16.8
11:25:55.289	17.1
11:25:55.298	16.6
11:25:55.310	16.5
11:25:55.322	14.4
11:25:55.330	15.4
11:25:55.343	16.7
11:25:55.355	17.9
11:25:55.367	17.1
11:25:55.375	19.6
11:25:55.388	19.7
11:25:55.400	18.2
11:25:55.408	19.2
11:25:55.420	21.4
11:25:55.433	21.1
11:25:55.441	21.5
11:25:55.453	22.7
11:25:55.465	21.9
11:25:55.474	24.5
11:25:55.486	21.4
11:25:55.498	22.1
11:25:55.510	22.1
11:25:55.519	20.0
11:25:55.531	18.9
11:25:55.543	21.4
11:25:55.551	21.4
11:25:55.564	19.3
11:25:55.576	18.6
11:25:55.584	17.2
11:25:55.596	17.3
11:25:55.609	17.6
11:25:55.617	18.8
11:25:55.629	19.4
11:25:55.641	17.1
11:25:55.654	15.0
11:25:55.662	12.8
11:25:55.674	14.1
11:25:55.687	14.9
11:25:55.695	13.5
11:25:55.707	12.1
11:25:55.719	8.6
11:25:55.727	6.3
11:25:55.740	5.7
11:25:55.752	6.8
11:25:55.764	4.7
11:25:55.773	4.0
11:25:55.785	-0.9
11:25:55.797	-3.4
11:25:55.805	-6.1
11:25:55.818	-7.8
11:25:55.830	-8.1
11:25:55.838	-12.0
11:25:55.850	-12.3
11:25:55.863	-14.6
11:25:55.871	-14.0
11:25:55.883	-14.6
11:25:55.895	-12.5
11:25:55.904	-13.0
11:25:55.916	-9.6
11:25:55.928	-7.2
11:25:55.940	-5.5
11:25:55.949	-3.4
11:25:55.961	-4.1
11:25:55.973	-3.9
11:25:55.982	-5.5
11:25:55.994	-5.7
11:25:56.006	-4.4
11:25:56.018	-5.5
11:25:56.026	-8.3
11:25:56.039	-8.6
11:25:56.051	-10.2
11:25:56.059	-9.9
11:25:56.071	-10.1
11:25:56.084	-12.1
11:25:56.092	-12.7
11:25:56.104	-13.8
11:25:56.116	-15.9
11:25:56.125	-15.8
11:25:56.137	-17.3
11:25:56.149	-18.8
11:25:56.157	-18.1
11:25:56.170	-20.9
11:25:56.182	-21.0
11:25:56.194	-18.3
11:25:56.202	-18.5
11:25:56.215	-17.7
11:25:56.227	-17.8
11:25:56.235	-17.2
11:25:56.248	-16.0
11:25:56.260	-16.0
11:25:56.268	-16.3
11:25:56.280	-14.5
11:25:56.293	-15.6
11:25:56.305	-17.7
11:25:56.317	-16.8
11:25:56.325	-18.1
11:25:56.338	-18.2
11:25:56.350	-20.0
11:25:56.358	-20.0
11:25:56.370	-20.7
11:25:56.383	-21.7
11:25:56.391	-20.5
11:25:56.403	-20.8
11:25:56.415	-20.5
11:25:56.424	-20.3
11:25:56.436	-18.9
11:25:56.448	-19.3
11:25:56.456	-18.4
11:25:56.469	-18.8
11:25:56.481	-18.9
11:25:56.493	-16.9
11:25:56.501	-17.6
11:25:56.514	-17.3
11:25:56.526	-16.0
11:25:56.534	-15.8
11:25:56.546	-14.9
11:25:56.559	-15.6
11:25:56.567	-14.7
11:25:56.579	-14.2
11:25:56.592	-12.7
11:25:56.600	-13.7
11:25:56.612	-13.7
11:25:56.624	-11.1
11:25:56.636	-10.5
11:25:56.645	-8.7
11:25:56.657	-8.1
11:25:56.669	-7.0
11:25:56.677	-5.6
11:25:56.690	-5.0
11:25:56.702	-5.0
11:25:56.710	-2.4
11:25:56.722	-0.8
11:25:56.735	-2.1
11:25:56.747	-3.4
11:25:56.755	-5.4
11:25:56.768	-5.5
11:25:56.780	-5.4
11:25:56.788	-7.1
11:25:56.800	-7.3
11:25:56.813	-7.8
11:25:56.821	-10.9
11:25:56.833	-12.1
11:25:56.845	-14.4
11:25:56.854	-15.3
11:25:56.866	-16.2
11:25:56.878	-17.8
11:25:56.886	-18.9
11:25:56.899	-18.3
11:25:56.911	-19.4
11:25:56.923	-19.2
11:25:56.931	-18.4
11:25:56.944	-18.7
11:25:56.956	-18.0
11:25:56.964	-16.0
11:25:56.976	-14.9
11:25:56.989	-15.6
11:25:57.001	-15.7
11:25:57.009	-16.3
11:25:57.021	-16.0
11:25:57.034	-16.0
11:25:57.042	-14.8
11:25:57.054	-13.6
11:25:57.066	-12.6
11:25:57.075	-13.0
11:25:57.087	-11.4
11:25:57.099	-7.6
11:25:57.108	-4.9
11:25:57.120	-4.4
11:25:57.132	0.7
11:25:57.140	2.3
11:25:57.153	3.3
11:25:57.165	2.9
11:25:57.177	4.9
11:25:57.185	4.7
11:25:57.198	6.9
11:25:57.210	5.2
11:25:57.218	3.6
11:25:57.230	4.5
11:25:57.243	0.0
11:25:57.251	-1.6
11:25:57.263	-2.4
11:25:57.276	-3.1
11:25:57.288	-4.5
11:25:57.296	-5.1
11:25:57.308	-8.1
11:25:57.321	-9.4
11:25:57.329	-8.9
11:25:57.341	-7.6
11:25:57.353	-6.7
11:25:57.361	-4.8
11:25:57.374	-5.7
11:25:57.386	-3.3
11:25:57.394	-2.6
11:25:57.407	-0.8
11:25:57.419	-0.3
11:25:57.431	0.8
11:25:57.439	0.7
11:25:57.452	-2.3
11:25:57.464	-1.4
11:25:57.472	-1.8
11:25:57.484	-0.1
11:25:57.497	-1.8
11:25:57.505	-2.6
11:25:57.517	-3.4
11:25:57.529	-2.1
11:25:57.538	-1.9
11:25:57.550	0.0
11:25:57.562	1.2
11:25:57.574	3.1
11:25:57.583	3.2
11:25:57.595	2.6
11:25:57.607	3.1
11:25:57.615	5.7
11:25:57.628	6.7
11:25:57.640	4.9
11:25:57.648	5.0
11:25:57.660	3.2
11:25:57.673	3.4
11:25:57.685	1.3
11:25:57.693	2.1
11:25:57.705	3.3
11:25:57.718	0.8
11:25:57.726	-0.9
11:25:57.738	-1.0
11:25:57.751	1.0
11:25:57.759	3.9
11:25:57.771	8.3
11:25:57.783	9.5
11:25:57.791	10.8
11:25:57.804	10.1
11:25:57.816	10.1
11:25:57.824	15.2
11:25:57.837	15.7
11:25:57.849	16.1
11:25:57.861	15.6
11:25:57.869	14.1
11:25:57.882	13.1
11:25:57.894	14.4
11:25:57.902	13.6
11:25:57.915	14.5
11:25:57.927	14.5
11:25:57.939	12.8
11:25:57.947	13.2
11:25:57.960	15.9
11:25:57.972	16.4
11:25:57.980	17.0
11:25:57.992	14.0
11:25:58.005	13.7
11:25:58.013	13.4
11:25:58.025	14.5
11:25:58.037	14.2
11:25:58.046	14.4
11:25:58.058	15.1
11:25:58.070	13.4
11:25:58.078	13.8
11:25:58.091	13.3
11:25:58.103	16.4
11:25:58.115	15.2
11:25:58.123	16.0
11:25:58.136	16.2
11:25:58.148	17.0
11:25:58.156	19.1
11:25:58.168	20.3
11:25:58.181	19.5
11:25:58.189	19.8
11:25:58.201	19.3
11:25:58.213	19.5
11:25:58.226	21.1
11:25:58.234	21.4
11:25:58.246	20.4
11:25:58.258	23.7
11:25:58.267	21.8
11:25:58.279	22.1
11:25:58.291	22.7
11:25:58.304	22.6
11:25:58.312	25.8
11:25:58.324	24.8
11:25:58.336	25.0
11:25:58.344	26.1
11:25:58.357	26.6
11:25:58.369	23.4
11:25:58.377	24.6
11:25:58.389	24.0
11:25:58.402	24.1
11:25:58.414	25.1
11:25:58.422	23.1
11:25:58.435	25.5
11:25:58.447	25.3
11:25:58.455	26.4
11:25:58.467	26.8
11:25:58.480	26.8
11:25:58.488	26.5
11:25:58.500	26.2
11:25:58.512	26.2
11:25:58.521	24.8
11:25:58.533	26.1
11:25:58.545	22.1
11:25:58.557	21.8
11:25:58.566	20.2
11:25:58.578	19.9
11:25:58.590	20.2
11:25:58.599	19.1
11:25:58.611	18.5
11:25:58.623	18.8
11:25:58.631	19.6
11:25:58.644	18.7
11:25:58.656	19.9
11:25:58.668	19.8
11:25:58.676	19.1
11:25:58.689	19.4
11:25:58.701	18.0
11:25:58.709	19.5
11:25:58.721	18.8
11:25:58.734	18.6
11:25:58.742	18.4
11:25:58.754	20.3
11:25:58.766	22.0
11:25:58.775	22.1
11:25:58.787	23.1
11:25:58.799	22.3
11:25:58.807	23.5
11:25:58.820	23.8
11:25:58.832	25.1
11:25:58.844	23.8
11:25:58.852	23.5
11:25:58.865	20.6
11:25:58.877	23.2
11:25:58.885	23.9
11:25:58.897	24.3
11:25:58.910	24.5
11:25:58.922	23.8
11:25:58.930	23.6
11:25:58.942	22.9
11:25:58.955	25.9
11:25:58.963	26.7
11:25:58.975	29.3
11:25:58.987	26.6
11:25:58.996	30.0
11:25:59.008	29.7
11:25:59.020	30.8
11:25:59.028	32.5
11:25:59.041	31.9
11:25:59.053	33.6
11:25:59.061	32.6
11:25:59.073	33.0
11:25:59.086	31.3
11:25:59.098	31.8
11:25:59.106	29.7
11:25:59.119	29.2
11:25:59.131	30.2
11:25:59.139	30.6
11:25:59.151	30.2
11:25:59.164	30.0
11:25:59.172	30.8
11:25:59.184	29.9
11:25:59.196	30.4
11:25:59.209	29.8
11:25:59.217	28.9
11:25:59.229	27.2
11:25:59.241	26.4
11:25:59.250	24.7
11:25:59.262	25.1
11:25:59.274	23.2
11:25:59.282	20.9
11:25:59.295	21.6
11:25:59.307	19.9
11:25:59.315	20.8
11:25:59.327	18.6
11:25:59.340	19.9
11:25:59.352	16.5
11:25:59.360	15.3
11:25:59.373	16.1
11:25:59.385	16.2
11:25:59.393	17.8
11:25:59.405	16.3
11:25:59.417	18.2
11:25:59.426	15.5
11:25:59.438	14.0
11:25:59.450	14.0
11:25:59.458	13.7
11:25:59.471	13.6
11:25:59.483	14.9
11:25:59.495	14.0
11:25:59.503	11.4
11:25:59.516	10.1
11:25:59.528	5.7
11:25:59.536	6.1
11:25:59.549	6.8
11:25:59.561	4.6
11:25:59.569	3.9
11:25:59.581	2.8
11:25:59.593	-1.5
11:25:59.606	-2.3
11:25:59.614	-0.4
11:25:59.626	0.2
11:25:59.639	0.4
11:25:59.647	-2.4
11:25:59.659	-2.6
11:25:59.671	-2.1
11:25:59.679	-1.6
11:25:59.692	-1.2
11:25:59.704	-2.7
11:25:59.712	-3.8
11:25:59.725	-6.1
11:25:59.737	-8.9
11:25:59.745	-11.6
11:25:59.757	-11.6
11:25:59.770	-13.7
11:25:59.782	-14.4
11:25:59.790	-14.6
11:25:59.802	-16.0
11:25:59.815	-12.1
11:25:59.823	-13.1
11:25:59.835	-13.5
11:25:59.847	-14.2
11:25:59.860	-12.2
11:25:59.868	-12.9
11:25:59.880	-11.8
11:25:59.892	-13.3
11:25:59.901	-13.5
11:25:59.913	-12.9
11:25:59.925	-18.0
11:25:59.933	-15.6
11:25:59.946	-15.9
11:25:59.958	-16.2
11:25:59.966	-14.8
11:25:59.978	-14.8
11:25:59.991	-15.4
11:25:59.999	-16.2
11:26:00.011	-17.2
11:26:00.025	-16.9
11:26:00.036	-14.3
11:26:00.044	-15.9
11:26:00.057	-16.7
11:26:00.070	-15.5
11:26:00.078	-16.6
11:26:00.090	-16.1
11:26:00.102	-15.9
11:26:00.110	-16.7
11:26:00.123	-16.1
11:26:00.135	-15.1
11:26:00.147	-16.3
11:26:00.156	-17.0
11:26:00.168	-16.8
11:26:00.180	-17.6
11:26:00.188	-17.4
11:26:00.201	-16.9
11:26:00.213	-16.0
11:26:00.221	-13.6
11:26:00.233	-13.3
11:26:00.246	-13.1
11:26:00.254	-12.4
11:26:00.266	-11.1
11:26:00.278	-8.7
11:26:00.291	-7.6
11:26:00.299	-7.0
11:26:00.311	-6.6
11:26:00.323	-7.0
11:26:00.332	-4.5
11:26:00.344	-2.5
11:26:00.356	-4.7
11:26:00.364	-5.6
11:26:00.377	-3.4
11:26:00.389	-2.6
11:26:00.397	0.1
11:26:00.409	2.1
11:26:00.422	1.7
11:26:00.430	3.2
11:26:00.442	2.4
11:26:00.454	2.5
11:26:00.467	7.1
11:26:00.479	10.0
11:26:00.487	9.8
11:26:00.499	8.1
11:26:00.508	7.3
11:26:00.520	6.1
11:26:00.532	7.6
11:26:00.544	7.7
11:26:00.553	10.2
11:26:00.565	8.9
11:26:00.577	6.2
11:26:00.589	5.2
11:26:00.598	5.9
11:26:00.609	7.2
11:26:00.621	7.4
11:26:00.630	9.0
11:26:00.642	8.4
11:26:00.654	10.0
11:26:00.662	8.2
11:26:00.676	10.7
11:26:00.688	12.5
11:26:00.696	14.2
11:26:00.708	12.7
11:26:00.721	13.2
11:26:00.729	13.7
11:26:00.741	13.0
11:26:00.753	13.4
11:26:00.766	14.7
11:26:00.774	17.3
11:26:00.786	16.2
11:26:00.799	17.4
11:26:00.807	18.3
11:26:00.819	19.7
11:26:00.831	19.9
11:26:00.844	23.0
11:26:00.852	23.3
11:26:00.864	24.6
11:26:00.876	23.9
11:26:00.885	22.7
11:26:00.897	22.7
11:26:00.909	23.4
11:26:00.917	23.0
11:26:00.930	24.1
11:26:00.942	24.7
11:26:00.950	23.7
11:26:00.962	24.5
11:26:00.975	25.0
11:26:00.983	26.5
11:26:00.995	27.2
11:26:01.007	29.9
11:26:01.020	32.0
11:26:01.028	32.1
11:26:01.040	30.9
11:26:01.052	30.0
11:26:01.061	29.9
11:26:01.073	29.7
11:26:01.085	30.1
11:26:01.093	29.0
11:26:01.106	28.5
11:26:01.118	26.4
11:26:01.130	23.9
11:26:01.138	23.1
11:26:01.151	23.5
11:26:01.163	24.9
11:26:01.171	24.5
11:26:01.183	25.5
11:26:01.196	27.3
11:26:01.204	28.3
11:26:01.216	28.6
11:26:01.229	29.4
11:26:01.237	28.4
11:26:01.249	29.5
11:26:01.261	29.4
11:26:01.274	28.2
11:26:01.282	28.2
11:26:01.294	29.4
11:26:01.306	28.4
11:26:01.315	26.5
11:26:01.327	24.9
11:26:01.339	26.2
11:26:01.347	27.5
11:26:01.360	26.8
11:26:01.372	27.6
11:26:01.380	29.0
11:26:01.392	28.3
11:26:01.405	27.9
11:26:01.417	29.2
11:26:01.425	28.4
11:26:01.437	29.5
11:26:01.450	29.5
11:26:01.458	28.4
11:26:01.470	27.9
11:26:01.482	26.8
11:26:01.490	26.5
11:26:01.503	27.8
11:26:01.515	27.7
11:26:01.527	24.9
11:26:01.535	24.5
11:26:01.548	23.5
11:26:01.560	20.4
11:26:01.568	21.1
11:26:01.580	22.0
11:26:01.593	23.1
11:26:01.601	23.1
11:26:01.613	21.7
11:26:01.626	20.2
11:26:01.634	20.0
11:26:01.646	21.2
11:26:01.658	20.6
11:26:01.666	21.1
11:26:01.679	21.8
11:26:01.691	22.1
11:26:01.703	22.6
11:26:01.712	21.5
11:26:01.724	18.8
11:26:01.736	17.8
11:26:01.744	17.5
11:26:01.757	16.5
11:26:01.769	18.3
11:26:01.781	17.7
11:26:01.790	16.4
11:26:01.802	16.7
11:26:01.814	15.7
11:26:01.822	16.5
11:26:01.834	18.2
11:26:01.847	18.2
11:26:01.855	18.1
11:26:01.867	17.4
11:26:01.879	15.7
11:26:01.888	17.2
11:26:01.900	16.5
11:26:01.912	14.4
11:26:01.920	12.5
11:26:01.933	10.1
11:26:01.945	9.9
11:26:01.957	9.1
11:26:01.965	8.4
11:26:01.978	8.1
11:26:01.990	5.9
11:26:01.998	4.4
11:26:02.010	2.6
11:26:02.023	1.8
11:26:02.031	2.7
11:26:02.043	2.9
11:26:02.055	2.4
11:26:02.068	1.9
11:26:02.076	-0.4
11:26:02.088	0.1
11:26:02.100	1.0
11:26:02.109	0.8
11:26:02.121	-0.3
11:26:02.133	-0.6
11:26:02.141	-1.2
11:26:02.154	-1.4
11:26:02.166	-0.6
11:26:02.174	0.5
11:26:02.187	1.2
11:26:02.199	0.0
11:26:02.211	1.0
11:26:02.219	2.4
11:26:02.232	3.1
11:26:02.244	2.3
11:26:02.252	2.5
11:26:02.264	1.5
11:26:02.277	0.7
11:26:02.285	-0.6
11:26:02.297	-0.9
11:26:02.309	0.7
11:26:02.318	0.6
11:26:02.330	-0.8
11:26:02.342	-0.4
11:26:02.350	0.9
11:26:02.363	0.6
11:26:02.375	0.7
11:26:02.387	0.8
11:26:02.395	2.8
11:26:02.408	5.4
11:26:02.420	4.5
11:26:02.428	5.0
11:26:02.440	4.3
11:26:02.453	5.8
11:26:02.465	5.6
11:26:02.473	4.8
11:26:02.485	4.5
11:26:02.498	3.4
11:26:02.510	1.1
11:26:02.518	-2.3
11:26:02.530	-3.4
11:26:02.543	-4.9
11:26:02.551	-5.5
11:26:02.563	-6.2
11:26:02.575	-6.1
11:26:02.584	-6.4
11:26:02.596	-6.0
11:26:02.608	-4.2
11:26:02.616	-3.7
11:26:02.629	-3.5
11:26:02.641	-0.3
11:26:02.649	-1.7
11:26:02.662	-1.1
11:26:02.674	-3.3
11:26:02.686	-4.6
11:26:02.694	-4.8
11:26:02.707	-5.8
11:26:02.719	-5.2
11:26:02.727	-6.0
11:26:02.739	-4.7
11:26:02.752	-7.8
11:26:02.764	-6.1
11:26:02.772	-5.6
11:26:02.784	-4.8
11:26:02.797	-4.4
11:26:02.805	-4.2
11:26:02.817	-2.5
11:26:02.829	-3.7
11:26:02.838	-3.7
11:26:02.850	-2.9
11:26:02.862	-1.6
11:26:02.870	-3.2
11:26:02.883	-4.6
11:26:02.895	-3.7
11:26:02.903	-3.7
11:26:02.915	-2.3
11:26:02.928	-1.7
11:26:02.940	-2.4
11:26:02.948	-2.6
11:26:02.960	-4.1
11:26:02.973	-4.9
11:26:02.981	-3.4
11:26:02.993	-3.1
11:26:03.005	-4.3
11:26:03.014	-5.6
11:26:03.026	-6.2
11:26:03.038	-8.5
11:26:03.050	-8.1
11:26:03.059	-5.3
11:26:03.071	-5.9
11:26:03.083	-5.6
11:26:03.091	-3.8
11:26:03.104	-4.1
11:26:03.116	-4.1
11:26:03.124	-4.0
11:26:03.137	-4.2
11:26:03.149	-5.2
11:26:03.157	-7.2
11:26:03.169	-9.6
11:26:03.182	-9.6
11:26:03.194	-11.5
11:26:03.202	-14.9
11:26:03.214	-14.8
11:26:03.227	-15.2
11:26:03.235	-15.2
11:26:03.248	-18.0
11:26:03.260	-16.9
11:26:03.268	-16.8
11:26:03.281	-19.9
11:26:03.293	-20.4
11:26:03.301	-20.1
11:26:03.313	-18.1
11:26:03.326	-20.9
11:26:03.338	-22.8
11:26:03.346	-22.3
11:26:03.358	-22.9
11:26:03.371	-22.8
11:26:03.379	-24.5
11:26:03.391	-23.2
11:26:03.403	-23.8
11:26:03.412	-25.8
11:26:03.424	-28.1
11:26:03.436	-27.7
11:26:03.449	-26.7
11:26:03.457	-29.5
11:26:03.469	-30.6
11:26:03.481	-31.5
11:26:03.489	-29.8
11:26:03.502	-30.6
11:26:03.514	-30.3
11:26:03.522	-29.2
11:26:03.535	-30.3
11:26:03.547	-29.4
11:26:03.555	-28.0
11:26:03.567	-27.9
11:26:03.580	-27.0
11:26:03.588	-26.9
11:26:03.600	-28.3
11:26:03.612	-27.4
11:26:03.625	-28.2
11:26:03.633	-28.6
11:26:03.645	-27.3
11:26:03.657	-27.2
11:26:03.666	-30.6
11:26:03.678	-29.6
11:26:03.690	-29.2
11:26:03.702	-30.5
11:26:03.711	-29.0
11:26:03.723	-29.0
11:26:03.735	-28.4
11:26:03.743	-27.5
11:26:03.756	-29.2
11:26:03.768	-29.1
11:26:03.776	-27.8
11:26:03.788	-27.4
11:26:03.801	-26.9
11:26:03.809	-26.5
11:26:03.821	-24.2
11:26:03.833	-24.6
11:26:03.842	-25.3
11:26:03.854	-24.8
11:26:03.866	-23.9
11:26:03.878	-24.3
11:26:03.887	-23.2
11:26:03.899	-22.7
11:26:03.911	-23.0
11:26:03.919	-21.7
11:26:03.932	-24.7
11:26:03.944	-24.3
11:26:03.952	-24.2
11:26:03.965	-25.4
11:26:03.977	-23.8
11:26:03.989	-22.6
11:26:03.997	-23.0
11:26:04.010	-22.8
11:26:04.022	-20.3
11:26:04.030	-20.8
11:26:04.042	-20.0
11:26:04.055	-17.2
11:26:04.063	-16.2
11:26:04.075	-15.5
11:26:04.087	-16.4
11:26:04.096	-15.6
11:26:04.108	-13.2
11:26:04.120	-11.1
11:26:04.133	-12.1
11:26:04.141	-10.2
11:26:04.153	-10.9
11:26:04.165	-11.7
11:26:04.173	-9.8
11:26:04.186	-8.0
11:26:04.198	-6.3
11:26:04.206	-5.3
11:26:04.219	-4.8
11:26:04.231	-2.1
11:26:04.239	-0.9
11:26:04.251	-0.9
11:26:04.264	2.9
11:26:04.272	3.2
11:26:04.284	2.6
11:26:04.296	3.6
11:26:04.309	5.3
11:26:04.317	7.4
11:26:04.329	6.7
11:26:04.341	4.3
11:26:04.350	5.6
11:26:04.362	6.2
11:26:04.374	5.1
11:26:04.387	6.5
11:26:04.395	8.5
11:26:04.407	9.2
11:26:04.419	9.0
11:26:04.427	6.3
11:26:04.440	7.0
11:26:04.452	8.5
11:26:04.460	8.0
11:26:04.473	10.5
11:26:04.485	13.9
11:26:04.497	13.9
11:26:04.505	13.5
11:26:04.518	14.9
11:26:04.530	15.2
11:26:04.538	16.4
11:26:04.550	17.1
11:26:04.563	15.6
11:26:04.571	15.1
11:26:04.583	12.8
11:26:04.595	10.9
11:26:04.608	12.0
11:26:04.616	12.5
11:26:04.628	11.5
11:26:04.640	10.4
11:26:04.649	10.3
11:26:04.661	13.4
11:26:04.673	14.0
11:26:04.685	14.5
11:26:04.694	15.4
11:26:04.706	16.6
11:26:04.718	19.5
11:26:04.727	19.1
11:26:04.739	21.1
11:26:04.751	22.1
11:26:04.759	24.2
11:26:04.771	22.5
11:26:04.784	24.4
11:26:04.791	26.3
11:26:04.804	27.6
11:26:04.816	27.4
11:26:04.824	25.2
11:26:04.836	28.8
11:26:04.849	27.2
11:26:04.861	27.4
11:26:04.869	26.6
11:26:04.881	25.6
11:26:04.894	23.4
11:26:04.902	25.2
11:26:04.914	23.9
11:26:04.926	22.6
11:26:04.935	22.3
11:26:04.947	19.2
11:26:04.959	19.7
11:26:04.971	20.2
11:26:04.980	20.4
11:26:04.992	20.7
11:26:05.004	21.3
11:26:05.012	20.0
11:26:05.025	20.2
11:26:05.037	21.3
11:26:05.045	19.3
11:26:05.058	18.8
11:26:05.070	17.9
11:26:05.078	19.4
11:26:05.090	19.1
11:26:05.103	19.8
11:26:05.115	19.9
11:26:05.123	17.6
11:26:05.135	18.6
11:26:05.148	16.6
11:26:05.156	16.6
11:26:05.168	17.7
11:26:05.180	20.9
11:26:05.189	18.2
11:26:05.201	19.2
11:26:05.213	19.3
11:26:05.221	21.8
11:26:05.234	24.2
11:26:05.246	24.8
11:26:05.258	28.5
11:26:05.266	32.2
11:26:05.279	35.5
11:26:05.291	34.0
11:26:05.299	34.8
11:26:05.311	33.4
11:26:05.324	33.2
11:26:05.332	31.4
11:26:05.344	30.8
11:26:05.356	31.4
11:26:05.369	28.4
11:26:05.377	25.5
11:26:05.389	22.7
11:26:05.401	24.1
11:26:05.410	24.2
11:26:05.422	24.7
11:26:05.435	25.9
11:26:05.443	27.0
11:26:05.456	28.0
11:26:05.468	26.9
11:26:05.476	29.3
11:26:05.488	34.2
11:26:05.501	35.1
11:26:05.509	34.9
11:26:05.521	36.1
11:26:05.533	38.2
11:26:05.546	37.3
11:26:05.554	36.9
11:26:05.566	37.0
11:26:05.578	39.7
11:26:05.587	42.9
11:26:05.599	41.7
11:26:05.611	44.0
11:26:05.624	46.3
11:26:05.632	50.1
11:26:05.644	52.6
11:26:05.656	54.4
11:26:05.664	57.3
11:26:05.677	58.5
11:26:05.689	59.2
11:26:05.697	57.3
11:26:05.710	61.2
11:26:05.722	66.9
11:26:05.730	69.0
11:26:05.742	72.1
11:26:05.755	75.1
11:26:05.763	81.1
11:26:05.775	85.1
11:26:05.787	90.2
11:26:05.800	92.9
11:26:05.808	96.6
11:26:05.820	96.2
11:26:05.832	91.7
11:26:05.841	90.2
11:26:05.853	87.6
11:26:05.865	86.2
11:26:05.873	84.1
11:26:05.886	80.8
11:26:05.898	80.2
11:26:05.910	77.2
11:26:05.918	71.9
11:26:05.931	71.3
11:26:05.943	70.1
11:26:05.951	67.7
11:26:05.963	64.9
11:26:05.976	60.8
11:26:05.984	56.0
11:26:05.996	55.6
11:26:06.008	50.9
11:26:06.017	49.2
11:26:06.029	48.5
11:26:06.041	43.7
11:26:06.053	42.7
11:26:06.062	39.4
11:26:06.074	39.1
11:26:06.086	37.4
11:26:06.094	39.4
11:26:06.107	36.8
11:26:06.119	36.3
11:26:06.127	35.5
11:26:06.139	38.0
11:26:06.152	36.5
11:26:06.160	34.6
11:26:06.172	34.9
11:26:06.185	32.0
11:26:06.193	32.0
11:26:06.205	27.6
11:26:06.217	25.3
11:26:06.230	22.8
11:26:06.238	19.7
11:26:06.250	15.0
11:26:06.262	14.3
11:26:06.275	13.4
11:26:06.283	11.3
11:26:06.295	13.2
11:26:06.307	10.1
11:26:06.316	9.4
11:26:06.328	7.9
11:26:06.340	8.0
11:26:06.348	8.6
11:26:06.361	8.4
11:26:06.373	6.4
11:26:06.381	2.7
11:26:06.393	1.6
11:26:06.406	-3.9
11:26:06.414	-3.6
11:26:06.426	-6.7
11:26:06.438	-4.9
11:26:06.447	-7.5
11:26:06.459	-9.7
11:26:06.471	-10.2
11:26:06.483	-11.2
11:26:06.492	-10.7
11:26:06.504	-11.0
11:26:06.516	-11.7
11:26:06.529	-12.4
11:26:06.537	-12.0
11:26:06.549	-13.2
11:26:06.561	-12.2
11:26:06.569	-12.9
11:26:06.582	-14.5
11:26:06.594	-13.4
11:26:06.606	-14.2
11:26:06.614	-14.4
11:26:06.627	-12.6
11:26:06.639	-12.4
11:26:06.647	-11.8
11:26:06.660	-15.4
11:26:06.672	-15.7
11:26:06.680	-13.9
11:26:06.692	-15.2
11:26:06.705	-14.5
11:26:06.713	-13.5
11:26:06.725	-13.3
11:26:06.737	-11.2
11:26:06.746	-10.8
11:26:06.758	-10.3
11:26:06.770	-8.3
11:26:06.782	-8.0
11:26:06.791	-9.3
11:26:06.803	-3.1
11:26:06.815	-1.2
11:26:06.823	0.7
11:26:06.836	0.9
11:26:06.848	1.5
11:26:06.856	1.6
11:26:06.868	4.4
11:26:06.881	4.7
11:26:06.893	6.7
11:26:06.901	9.9
11:26:06.913	7.1
11:26:06.926	6.8
11:26:06.934	5.2
11:26:06.946	6.4
11:26:06.958	5.4
11:26:06.967	6.1
11:26:06.979	3.9
11:26:06.991	3.0
11:26:06.999	0.4
11:26:07.012	0.2
11:26:07.024	0.0
11:26:07.036	-2.3
11:26:07.044	-1.9
11:26:07.057	-0.8
11:26:07.069	0.9
11:26:07.077	1.5
11:26:07.090	2.2
11:26:07.102	5.0
11:26:07.110	7.3
11:26:07.122	7.6
11:26:07.135	7.3
11:26:07.143	9.9
11:26:07.155	10.5
11:26:07.167	9.9
11:26:07.180	7.8
11:26:07.188	6.4
11:26:07.200	9.2
11:26:07.212	8.0
11:26:07.220	9.9
11:26:07.233	9.3
11:26:07.245	11.1
11:26:07.253	9.8
11:26:07.266	10.4
11:26:07.278	9.6
11:26:07.290	9.3
11:26:07.298	10.6
11:26:07.311	7.4
11:26:07.323	7.6
11:26:07.331	4.0
11:26:07.343	4.2
11:26:07.356	2.7
11:26:07.364	2.9
11:26:07.376	3.5
11:26:07.388	2.0
11:26:07.397	3.2
11:26:07.409	3.1
11:26:07.421	4.0
11:26:07.429	6.1
11:26:07.442	6.1
11:26:07.454	5.5
11:26:07.466	5.0
11:26:07.474	5.1
11:26:07.487	4.1
11:26:07.499	5.9
11:26:07.507	4.9
11:26:07.519	4.3
11:26:07.532	4.5
11:26:07.544	3.9
11:26:07.552	6.1
11:26:07.565	7.0
11:26:07.577	6.6
11:26:07.585	6.8
11:26:07.597	9.3
11:26:07.610	11.0
11:26:07.618	11.1
11:26:07.630	11.8
11:26:07.642	12.4
11:26:07.651	10.8
11:26:07.663	9.6
11:26:07.675	8.8
11:26:07.683	9.1
11:26:07.696	8.7
11:26:07.708	5.7
11:26:07.720	4.4
11:26:07.728	5.0
11:26:07.741	4.8
11:26:07.753	3.8
11:26:07.761	4.4
11:26:07.773	4.6
11:26:07.786	5.5
11:26:07.794	6.7
11:26:07.806	6.7
11:26:07.818	8.7
11:26:07.831	10.5
11:26:07.839	8.8
11:26:07.851	7.6
11:26:07.864	8.1
11:26:07.872	8.5
11:26:07.884	8.8
11:26:07.896	8.9
11:26:07.904	9.1
11:26:07.917	8.7
11:26:07.929	5.6
11:26:07.937	4.7
11:26:07.950	5.1
11:26:07.962	7.1
11:26:07.974	5.9
11:26:07.982	5.7
11:26:07.995	4.4
11:26:08.007	4.1
11:26:08.015	2.6
11:26:08.028	2.1
11:26:08.040	3.3
11:26:08.048	2.8
11:26:08.060	3.5
11:26:08.073	1.8
11:26:08.081	1.1
11:26:08.093	2.7
11:26:08.105	1.7
11:26:08.114	0.0
11:26:08.126	0.5
11:26:08.138	1.6
11:26:08.151	1.6
11:26:08.159	0.2
11:26:08.171	0.0
11:26:08.183	-0.6
11:26:08.191	-0.4
11:26:08.204	-3.6
11:26:08.216	-2.1
11:26:08.228	-0.9
11:26:08.237	-0.1
11:26:08.249	-0.7
11:26:08.261	-0.2
11:26:08.269	-0.4
11:26:08.282	-1.3
11:26:08.294	-2.1
11:26:08.302	-2.4
11:26:08.314	-1.8
11:26:08.327	-3.4
11:26:08.335	-4.6
11:26:08.347	-5.5
11:26:08.360	-7.6
11:26:08.368	-9.7
11:26:08.380	-9.6
11:26:08.392	-8.1
11:26:08.405	-7.6
11:26:08.413	-8.0
11:26:08.425	-9.3
11:26:08.437	-6.6
11:26:08.450	-6.3
11:26:08.458	-7.2
11:26:08.470	-7.2
11:26:08.482	-6.1
11:26:08.491	-4.5
11:26:08.503	-6.2
11:26:08.515	-6.5
11:26:08.527	-5.0
11:26:08.536	-2.9
11:26:08.548	-5.9
11:26:08.560	-7.2
11:26:08.568	-7.6
11:26:08.581	-5.5
11:26:08.593	-6.7
11:26:08.601	-7.4
11:26:08.613	-8.0
11:26:08.626	-5.5
11:26:08.634	-7.9
11:26:08.646	-9.8
11:26:08.658	-7.1
11:26:08.667	-7.3
11:26:08.678	-5.8
11:26:08.691	-6.7
11:26:08.703	-6.5
11:26:08.711	-6.9
11:26:08.724	-4.1
11:26:08.736	-7.0
11:26:08.744	-4.4
11:26:08.756	-2.9
11:26:08.768	-6.7
11:26:08.777	-5.8
11:26:08.789	-7.0
11:26:08.801	-7.8
11:26:08.813	-6.2
11:26:08.822	-7.8
11:26:08.834	-11.2
11:26:08.846	-12.4
11:26:08.854	-14.3
11:26:08.867	-16.1
11:26:08.879	-15.8
11:26:08.887	-16.5
11:26:08.899	-16.8
11:26:08.912	-17.9
11:26:08.920	-20.4
11:26:08.932	-21.2
11:26:08.945	-22.5
11:26:08.957	-21.2
11:26:08.965	-21.7
11:26:08.977	-23.2
11:26:08.990	-23.0
11:26:08.998	-23.7
11:26:09.010	-23.4
11:26:09.022	-24.8
11:26:09.031	-24.5
11:26:09.043	-24.8
11:26:09.055	-23.5
11:26:09.063	-24.0
11:26:09.076	-24.5
11:26:09.088	-24.4
11:26:09.100	-25.1
11:26:09.108	-26.0
11:26:09.121	-28.8
11:26:09.133	-26.5
11:26:09.141	-27.2
11:26:09.153	-27.8
11:26:09.166	-28.0
11:26:09.174	-28.7
11:26:09.186	-30.3
11:26:09.198	-30.0
11:26:09.211	-31.5
11:26:09.219	-31.3
11:26:09.231	-31.7
11:26:09.243	-31.5
11:26:09.252	-31.5
11:26:09.264	-29.0
11:26:09.276	-28.9
11:26:09.284	-28.2
11:26:09.297	-27.3
11:26:09.309	-27.9
11:26:09.317	-26.8
11:26:09.329	-25.4
11:26:09.342	-23.1
11:26:09.350	-24.5
11:26:09.362	-24.2
11:26:09.374	-23.9
11:26:09.387	-23.2
11:26:09.395	-23.4
11:26:09.408	-21.5
11:26:09.421	-18.9
11:26:09.429	-17.2
11:26:09.441	-17.3
11:26:09.453	-17.5
11:26:09.466	-16.7
11:26:09.474	-15.5
11:26:09.486	-15.1
11:26:09.498	-13.2
11:26:09.506	-10.8
11:26:09.519	-9.6
11:26:09.531	-11.0
11:26:09.539	-10.6
11:26:09.552	-10.2
11:26:09.564	-7.7
11:26:09.572	-5.3
11:26:09.584	-4.3
11:26:09.597	-4.9
11:26:09.605	-6.3
11:26:09.617	-6.3
11:26:09.629	-6.6
11:26:09.642	-4.7
11:26:09.650	-2.9
11:26:09.662	-3.9
11:26:09.674	-4.6
11:26:09.683	-6.3
11:26:09.695	-5.7
11:26:09.707	-5.5
11:26:09.715	-1.6
11:26:09.728	-2.9
11:26:09.740	-2.2
11:26:09.752	-2.0
11:26:09.760	1.2
11:26:09.773	3.5
11:26:09.785	5.5
11:26:09.793	7.8
11:26:09.805	6.4
11:26:09.818	7.1
11:26:09.826	2.6
11:26:09.838	3.7
11:26:09.850	3.0
11:26:09.859	3.3
11:26:09.871	0.3
11:26:09.883	-1.1
11:26:09.895	-2.7
11:26:09.904	-1.3
11:26:09.916	-0.3
11:26:09.928	-1.1
11:26:09.937	-0.2
11:26:09.949	0.7
11:26:09.961	1.1
11:26:09.969	0.5
11:26:09.982	-0.7
11:26:09.994	1.6
11:26:10.002	2.8
11:26:10.014	1.0
11:26:10.027	0.0
11:26:10.035	0.4
11:26:10.047	1.8
11:26:10.059	1.8
11:26:10.072	1.9
11:26:10.080	0.9
11:26:10.092	-0.2
11:26:10.104	-2.0
11:26:10.112	-2.2
11:26:10.125	-2.4
11:26:10.137	-0.3
11:26:10.150	-0.2
11:26:10.158	2.0
11:26:10.170	3.1
11:26:10.182	4.0
11:26:10.190	4.8
11:26:10.203	6.4
11:26:10.215	7.4
11:26:10.223	5.5
11:26:10.235	5.9
11:26:10.248	4.6
11:26:10.256	7.2
11:26:10.268	4.4
11:26:10.280	2.5
11:26:10.288	0.5
11:26:10.301	1.9
11:26:10.313	0.9
11:26:10.326	1.4
11:26:10.334	2.0
11:26:10.346	2.1
11:26:10.358	3.2
11:26:10.366	1.6
11:26:10.379	2.1
11:26:10.391	3.1
11:26:10.403	3.6
11:26:10.411	2.9
11:26:10.424	3.7
11:26:10.436	2.9
11:26:10.444	4.8
11:26:10.456	3.4
11:26:10.469	1.6
11:26:10.481	1.3
11:26:10.489	0.8
11:26:10.501	0.2
11:26:10.514	0.1
11:26:10.522	0.1
11:26:10.534	0.7
11:26:10.546	-1.6
11:26:10.555	-3.4
11:26:10.567	-3.6
11:26:10.579	-2.5
11:26:10.588	-2.3
11:26:10.600	-4.4
11:26:10.612	-4.0
11:26:10.624	-2.3
11:26:10.632	-2.8
11:26:10.645	-2.8
11:26:10.657	-0.1
11:26:10.665	0.3
11:26:10.678	3.4
11:26:10.690	4.2
11:26:10.698	3.3
11:26:10.710	5.9
11:26:10.723	5.8
11:26:10.735	4.8
11:26:10.743	4.7
11:26:10.755	3.6
11:26:10.768	3.8
11:26:10.776	3.2
11:26:10.788	0.8
11:26:10.800	-0.4
11:26:10.809	-0.7
11:26:10.821	-1.7
11:26:10.833	-1.8
11:26:10.841	-0.6
11:26:10.854	-0.3
11:26:10.866	-0.7
11:26:10.878	-1.8
11:26:10.886	-3.0
11:26:10.899	-4.4
11:26:10.911	-4.6
11:26:10.919	-4.3
11:26:10.931	-5.0
11:26:10.944	-4.1
11:26:10.952	-5.6
11:26:10.964	-5.9
11:26:10.977	-5.0
11:26:10.985	-4.6
11:26:10.997	-2.5
11:26:11.010	-0.4
11:26:11.021	1.5
11:26:11.029	1.2
11:26:11.042	3.3
11:26:11.054	0.3
11:26:11.062	-0.3
11:26:11.074	0.0
11:26:11.087	-1.8
11:26:11.095	-2.1
11:26:11.107	-2.6
11:26:11.119	-0.6
11:26:11.132	-2.6
11:26:11.140	-0.5
11:26:11.152	-0.4
11:26:11.164	0.3
11:26:11.173	0.7
11:26:11.185	0.5
11:26:11.197	2.5
11:26:11.205	3.2
11:26:11.219	2.6
11:26:11.231	-0.6
11:26:11.239	-0.8
11:26:11.251	-2.5
11:26:11.264	-3.4
11:26:11.272	-4.5
11:26:11.284	-5.1
11:26:11.296	-5.3
11:26:11.309	-7.6
11:26:11.317	-9.2
11:26:11.330	-9.0
11:26:11.342	-9.2
11:26:11.350	-9.6
11:26:11.362	-9.9
11:26:11.374	-10.1
11:26:11.387	-8.8
11:26:11.395	-10.1
11:26:11.407	-9.5
11:26:11.419	-7.8
11:26:11.427	-6.9
11:26:11.440	-7.0
11:26:11.452	-8.1
11:26:11.461	-6.8
11:26:11.473	-7.0
11:26:11.485	-5.5
11:26:11.493	-5.3
11:26:11.505	-2.4
11:26:11.518	-3.5
11:26:11.526	-2.9
11:26:11.538	-0.4
11:26:11.550	-1.7
11:26:11.563	2.6
11:26:11.571	1.4
11:26:11.583	2.7
11:26:11.595	0.5
11:26:11.604	0.9
11:26:11.616	0.7
11:26:11.628	3.5
11:26:11.636	2.5
11:26:11.649	0.6
11:26:11.661	2.6
11:26:11.673	-0.5
11:26:11.681	1.0
11:26:11.694	1.0
11:26:11.706	1.2
11:26:11.714	1.2
11:26:11.726	0.5
11:26:11.739	-0.9
11:26:11.747	-1.1
11:26:11.759	-3.8
11:26:11.771	-5.1
11:26:11.780	-4.7
11:26:11.792	-6.1
11:26:11.804	-6.2
11:26:11.816	-6.9
11:26:11.825	-5.9
11:26:11.837	-7.9
11:26:11.849	-9.2
11:26:11.857	-8.5
11:26:11.870	-6.6
11:26:11.882	-6.5
11:26:11.890	-7.4
11:26:11.902	-6.2
11:26:11.915	-6.7
11:26:11.923	-6.8
11:26:11.935	-8.8
11:26:11.947	-7.7
11:26:11.956	-6.7
11:26:11.968	-6.8
11:26:11.980	-6.7
11:26:11.992	-5.5
11:26:12.001	-5.3
11:26:12.013	-7.1
11:26:12.025	-7.9
11:26:12.033	-6.7
11:26:12.046	-3.5
11:26:12.058	-0.9
11:26:12.070	-0.1
11:26:12.078	-0.6
11:26:12.091	-0.2
11:26:12.103	-0.3
11:26:12.111	0.7
11:26:12.123	2.6
11:26:12.136	3.9
11:26:12.144	4.6
11:26:12.156	2.7
11:26:12.169	0.7
11:26:12.177	0.9
11:26:12.189	2.7
11:26:12.201	2.4
11:26:12.209	3.2
11:26:12.222	5.2
11:26:12.234	5.1
11:26:12.246	5.5
11:26:12.254	6.7
11:26:12.267	7.5
11:26:12.279	8.7
11:26:12.287	7.7
11:26:12.300	9.6
11:26:12.312	12.9
11:26:12.324	13.5
11:26:12.332	11.7
11:26:12.345	12.6
11:26:12.357	11.4
11:26:12.369	10.7
11:26:12.377	10.5
11:26:12.390	9.5
11:26:12.402	10.6
11:26:12.410	6.8
11:26:12.422	4.8
11:26:12.431	4.2
11:26:12.443	6.4
11:26:12.455	5.6
11:26:12.467	5.2
11:26:12.476	3.9
11:26:12.488	3.4
11:26:12.500	3.8
11:26:12.508	3.2
11:26:12.521	6.5
11:26:12.533	5.7
11:26:12.545	3.5
11:26:12.553	1.1
11:26:12.566	2.0
11:26:12.578	3.5
11:26:12.586	3.1
11:26:12.598	4.2
11:26:12.611	5.5
11:26:12.619	4.8
11:26:12.631	3.2
11:26:12.643	4.4
11:26:12.656	6.5
11:26:12.664	8.7
11:26:12.676	7.9
11:26:12.688	7.9
11:26:12.697	9.3
11:26:12.709	8.7
11:26:12.721	9.1
11:26:12.729	11.4
11:26:12.742	11.0
11:26:12.754	11.8
11:26:12.762	14.6
11:26:12.775	15.2
11:26:12.787	17.3
11:26:12.799	18.5
11:26:12.807	21.1
11:26:12.820	22.0
11:26:12.832	23.3
11:26:12.840	23.9
11:26:12.852	25.6
11:26:12.865	26.1
11:26:12.873	25.4
11:26:12.885	23.9
11:26:12.897	23.4
11:26:12.906	23.5
11:26:12.918	22.5
11:26:12.930	23.5
11:26:12.942	23.3
11:26:12.951	23.7
11:26:12.963	26.0
11:26:12.975	24.9
11:26:12.983	24.5
11:26:12.996	25.4
11:26:13.008	27.2
11:26:13.016	26.2
11:26:13.028	24.7
11:26:13.041	25.5
11:26:13.053	24.3
11:26:13.061	22.6
11:26:13.073	19.3
11:26:13.086	19.0
11:26:13.094	20.6
11:26:13.106	21.5
11:26:13.119	18.6
11:26:13.127	18.6
11:26:13.139	18.9
11:26:13.151	16.2
11:26:13.159	14.8
11:26:13.172	13.9
11:26:13.184	14.6
11:26:13.192	14.2
11:26:13.204	12.3
11:26:13.217	9.3
11:26:13.229	10.3
11:26:13.237	10.5
11:26:13.250	11.0
11:26:13.262	12.4
11:26:13.270	12.4
11:26:13.282	13.9
11:26:13.295	13.5
11:26:13.307	13.8
11:26:13.315	12.9
11:26:13.327	15.4
11:26:13.340	14.7
11:26:13.348	14.1
11:26:13.360	17.4
11:26:13.372	17.5
11:26:13.381	18.7
11:26:13.393	17.3
11:26:13.405	18.6
11:26:13.413	17.4
11:26:13.426	17.6
11:26:13.438	15.8
11:26:13.446	16.2
11:26:13.458	16.5
11:26:13.471	14.6
11:26:13.483	14.5
11:26:13.491	15.8
11:26:13.503	17.1
11:26:13.516	18.6
11:26:13.524	18.4
11:26:13.536	17.5
11:26:13.548	18.9
11:26:13.557	19.2
11:26:13.569	20.2
11:26:13.581	18.1
11:26:13.594	15.2
11:26:13.602	14.7
11:26:13.614	15.1
11:26:13.626	14.2
11:26:13.635	16.5
11:26:13.647	18.6
11:26:13.659	20.6
11:26:13.667	20.8
11:26:13.680	20.7
11:26:13.692	21.2
11:26:13.700	24.4
11:26:13.712	23.1
11:26:13.725	23.5
11:26:13.737	23.2
11:26:13.745	24.5
11:26:13.757	24.8
11:26:13.770	23.9
11:26:13.778	26.8
11:26:13.790	27.4
11:26:13.802	29.1
11:26:13.811	29.9
11:26:13.823	32.9
11:26:13.835	33.2
11:26:13.843	31.9
11:26:13.856	30.6
11:26:13.868	31.0
11:26:13.876	28.1
11:26:13.888	24.8
11:26:13.901	26.1
11:26:13.913	25.6
11:26:13.921	25.1
11:26:13.934	22.3
11:26:13.946	21.2
11:26:13.954	21.9
11:26:13.966	22.8
11:26:13.979	22.1
11:26:13.991	24.5
11:26:13.999	25.3
11:26:14.011	22.5
11:26:14.024	21.3
11:26:14.032	21.6
11:26:14.044	21.0
11:26:14.056	18.7
11:26:14.064	15.0
11:26:14.077	13.2
11:26:14.089	10.7
11:26:14.097	8.3
11:26:14.110	5.6
11:26:14.122	7.3
11:26:14.130	8.0
11:26:14.142	7.1
11:26:14.155	6.8
11:26:14.167	10.8
11:26:14.175	13.2
11:26:14.187	12.7
11:26:14.200	13.2
11:26:14.212	14.1
11:26:14.220	15.5
11:26:14.232	12.3
11:26:14.245	12.6
11:26:14.253	11.9
11:26:14.265	14.4
11:26:14.277	10.5
11:26:14.286	9.5
11:26:14.298	8.0
11:26:14.310	7.1
11:26:14.318	6.3
11:26:14.331	5.0
11:26:14.343	3.5
11:26:14.351	1.9
11:26:14.363	1.0
11:26:14.376	-4.2
11:26:14.384	-4.9
11:26:14.396	-6.2
11:26:14.408	-6.2
11:26:14.421	-5.4
11:26:14.429	-6.1
11:26:14.441	-7.2
11:26:14.453	-7.3
11:26:14.466	-7.3
11:26:14.474	-7.4
11:26:14.486	-6.1
11:26:14.498	-5.4
11:26:14.507	-5.9
11:26:14.519	-6.5
11:26:14.531	-7.7
11:26:14.539	-8.7
11:26:14.552	-7.9
11:26:14.564	-6.6
11:26:14.576	-9.6
11:26:14.585	-11.4
11:26:14.597	-11.8
11:26:14.609	-11.5
11:26:14.617	-9.0
11:26:14.631	-8.5
11:26:14.642	-8.3
11:26:14.651	-9.0
11:26:14.663	-11.4
11:26:14.676	-12.5
11:26:14.684	-13.4
11:26:14.696	-14.0
11:26:14.708	-13.0
11:26:14.721	-15.1
11:26:14.729	-19.0
11:26:14.741	-18.0
11:26:14.753	-19.6
11:26:14.762	-17.3
11:26:14.774	-14.9
11:26:14.786	-15.4
11:26:14.794	-13.1
11:26:14.807	-13.3
11:26:14.819	-14.1
11:26:14.827	-14.7
11:26:14.839	-14.1
11:26:14.852	-16.5
11:26:14.864	-16.5
11:26:14.872	-17.4
11:26:14.884	-19.2
11:26:14.897	-18.6
11:26:14.905	-19.9
11:26:14.917	-18.8
11:26:14.929	-20.5
11:26:14.938	-20.6
11:26:14.950	-17.6
11:26:14.962	-14.2
11:26:14.974	-13.2
11:26:14.983	-14.0
11:26:14.995	-13.3
11:26:15.007	-13.5
11:26:15.015	-11.7
11:26:15.028	-10.1
11:26:15.040	-7.1
11:26:15.048	-5.5
11:26:15.060	-7.0
11:26:15.073	-9.1
11:26:15.081	-7.6
11:26:15.093	-6.9
11:26:15.106	-6.1
11:26:15.114	-5.5
11:26:15.126	-6.7
11:26:15.138	-7.1
11:26:15.151	-5.7
11:26:15.159	-5.5
11:26:15.171	-4.8
11:26:15.183	-4.5
11:26:15.191	-5.0
11:26:15.203	-5.4
11:26:15.215	-4.0
11:26:15.228	-3.9
11:26:15.236	-3.8
11:26:15.248	-5.3
11:26:15.260	-6.8
11:26:15.269	-5.2
11:26:15.281	-3.6
11:26:15.294	-3.8
11:26:15.301	-5.7
11:26:15.315	-4.8
11:26:15.327	-6.1
11:26:15.335	-4.4
11:26:15.347	-2.4
11:26:15.359	1.4
11:26:15.367	1.3
11:26:15.380	2.6
11:26:15.392	0.7
11:26:15.404	0.3
11:26:15.412	3.1
11:26:15.425	2.4
11:26:15.437	3.6
11:26:15.445	2.8
11:26:15.457	2.4
11:26:15.470	1.1
11:26:15.478	1.6
11:26:15.490	-1.1
11:26:15.502	0.2
11:26:15.515	4.9
11:26:15.523	3.6
11:26:15.535	5.0
11:26:15.547	7.0
11:26:15.556	7.6
11:26:15.568	7.4
11:26:15.580	6.8
11:26:15.588	7.9
11:26:15.601	10.1
11:26:15.613	9.4
11:26:15.621	5.7
11:26:15.633	6.6
11:26:15.646	7.0
11:26:15.658	5.3
11:26:15.666	5.4
11:26:15.678	6.5
11:26:15.691	6.2
11:26:15.699	6.4
11:26:15.711	7.1
11:26:15.724	8.2
11:26:15.732	10.0
11:26:15.744	9.9
11:26:15.756	10.3
11:26:15.765	9.8
11:26:15.777	10.9
11:26:15.789	10.1
11:26:15.797	12.3
11:26:15.810	11.0
11:26:15.822	9.4
11:26:15.834	9.3
11:26:15.842	8.1
11:26:15.855	8.5
11:26:15.867	7.5
11:26:15.875	8.5
11:26:15.887	8.0
11:26:15.900	10.4
11:26:15.912	7.5
11:26:15.920	8.3
11:26:15.932	8.9
11:26:15.945	9.2
11:26:15.953	10.6
11:26:15.965	12.1
11:26:15.978	13.2
11:26:15.986	12.1
11:26:15.998	12.2
11:26:16.010	11.2
11:26:16.019	13.1
11:26:16.031	13.0
11:26:16.043	13.5
11:26:16.051	14.8
11:26:16.064	13.8
11:26:16.076	10.1
11:26:16.088	9.5
11:26:16.096	10.2
11:26:16.109	10.0
11:26:16.121	8.1
11:26:16.129	7.3
11:26:16.141	6.6
11:26:16.154	7.4
11:26:16.166	6.6
11:26:16.174	7.8
11:26:16.186	9.8
11:26:16.199	9.6
11:26:16.207	8.9
11:26:16.219	8.6
11:26:16.231	11.1
11:26:16.244	11.9
11:26:16.252	11.3
11:26:16.264	9.1
11:26:16.272	7.5
11:26:16.285	6.6
11:26:16.297	7.1
11:26:16.305	6.1
11:26:16.318	6.7
11:26:16.330	7.7
11:26:16.342	6.9
11:26:16.350	7.1
11:26:16.363	7.6
11:26:16.375	7.5
11:26:16.383	7.3
11:26:16.395	7.6
11:26:16.408	7.9
11:26:16.420	8.8
11:26:16.428	10.1
11:26:16.440	11.4
11:26:16.453	10.9
11:26:16.461	9.9
11:26:16.473	9.9
11:26:16.485	12.2
11:26:16.498	12.3
11:26:16.506	13.3
11:26:16.518	13.7
11:26:16.530	12.6
11:26:16.539	12.0
11:26:16.551	11.7
11:26:16.563	9.8
11:26:16.571	10.7
11:26:16.584	8.3
11:26:16.596	7.1
11:26:16.604	9.0
11:26:16.616	8.9
11:26:16.629	8.2
11:26:16.641	9.8
11:26:16.649	9.6
11:26:16.662	7.7
11:26:16.674	9.0
11:26:16.682	10.4
11:26:16.694	14.8
11:26:16.707	15.9
11:26:16.715	14.4
11:26:16.727	14.8
11:26:16.739	14.7
11:26:16.748	13.5
11:26:16.760	13.4
11:26:16.772	12.6
11:26:16.784	14.1
11:26:16.793	12.0
11:26:16.805	10.0
11:26:16.817	7.4
11:26:16.825	8.5
11:26:16.838	6.5
11:26:16.850	4.3
11:26:16.858	4.8
11:26:16.870	4.4
11:26:16.883	7.7
11:26:16.895	6.0
11:26:16.903	7.4
11:26:16.915	7.2
11:26:16.928	9.2
11:26:16.936	9.2
11:26:16.948	9.5
11:26:16.960	12.0
11:26:16.969	12.2
11:26:16.981	13.9
11:26:16.993	11.7
11:26:17.001	13.9
11:26:17.014	13.5
11:26:17.026	17.5
11:26:17.034	17.3
11:26:17.046	15.9
11:26:17.059	16.8
11:26:17.071	16.9
11:26:17.079	17.2
11:26:17.091	16.3
11:26:17.104	17.1
11:26:17.112	15.7
11:26:17.124	15.5
11:26:17.137	12.6
11:26:17.149	12.2
11:26:17.157	11.7
11:26:17.169	10.2
11:26:17.182	8.8
11:26:17.190	7.9
11:26:17.202	8.1
11:26:17.214	8.6
11:26:17.223	8.4
11:26:17.235	9.1
11:26:17.247	12.0
11:26:17.255	13.0
11:26:17.268	14.6
11:26:17.280	16.7
11:26:17.288	17.9
11:26:17.300	20.5
11:26:17.313	21.4
11:26:17.325	19.9
11:26:17.334	22.0
11:26:17.346	21.7
11:26:17.358	20.6
11:26:17.366	19.5
11:26:17.379	21.2
11:26:17.391	21.5
11:26:17.399	22.9
11:26:17.411	23.3
11:26:17.424	22.9
11:26:17.436	25.4
11:26:17.444	22.4
11:26:17.456	21.5
11:26:17.469	21.8
11:26:17.477	22.3
11:26:17.489	20.6
11:26:17.501	21.0
11:26:17.510	20.2
11:26:17.522	18.6
11:26:17.534	18.1
11:26:17.542	16.6
11:26:17.555	18.1
11:26:17.567	19.6
11:26:17.579	18.0
11:26:17.587	18.0
11:26:17.600	19.6
11:26:17.612	18.2
11:26:17.620	17.8
11:26:17.633	18.9
11:26:17.645	20.6
11:26:17.653	19.5
11:26:17.665	19.6
11:26:17.678	19.3
11:26:17.686	20.0
11:26:17.698	19.5
11:26:17.710	18.2
11:26:17.718	18.2
11:26:17.731	18.0
11:26:17.743	17.4
11:26:17.755	16.3
11:26:17.764	19.3
11:26:17.776	19.4
11:26:17.788	20.9
11:26:17.796	19.7
11:26:17.809	20.1
11:26:17.821	19.5
11:26:17.833	20.0
11:26:17.841	20.3
11:26:17.854	20.2
11:26:17.866	19.2
11:26:17.874	19.9
11:26:17.886	20.6
11:26:17.899	18.6
11:26:17.907	20.1
11:26:17.919	19.8
11:26:17.931	18.2
11:26:17.940	18.1
11:26:17.952	19.0
11:26:17.964	18.1
11:26:17.972	18.2
11:26:17.985	16.0
11:26:17.997	14.9
11:26:18.009	15.5
11:26:18.017	14.3
11:26:18.030	14.7
11:26:18.042	16.0
11:26:18.050	14.5
11:26:18.062	14.8
11:26:18.075	17.4
11:26:18.087	20.3
11:26:18.095	19.9
11:26:18.108	20.0
11:26:18.120	19.8
11:26:18.128	19.2
11:26:18.140	18.8
11:26:18.153	19.4
11:26:18.165	19.5
11:26:18.173	19.1
11:26:18.185	16.2
11:26:18.198	12.2
11:26:18.206	14.4
11:26:18.218	15.0
11:26:18.230	15.3
11:26:18.239	14.7
11:26:18.251	14.9
11:26:18.263	14.8
11:26:18.271	15.7
11:26:18.284	14.8
11:26:18.296	18.6
11:26:18.309	20.1
11:26:18.317	16.9
11:26:18.329	18.3
11:26:18.341	17.9
11:26:18.350	18.2
11:26:18.362	17.7
11:26:18.374	18.2
11:26:18.382	18.6
11:26:18.394	18.4
11:26:18.406	15.1
11:26:18.418	13.9
11:26:18.427	16.9
11:26:18.439	14.9
11:26:18.451	13.5
11:26:18.459	13.8
11:26:18.472	13.5
11:26:18.484	13.0
11:26:18.492	11.4
11:26:18.504	11.5
11:26:18.517	9.9
11:26:18.525	10.4
11:26:18.537	7.4
11:26:18.550	6.7
11:26:18.562	7.8
11:26:18.570	7.3
11:26:18.582	8.8
11:26:18.594	9.7
11:26:18.603	13.0
11:26:18.615	13.6
11:26:18.627	18.3
11:26:18.635	16.7
11:26:18.648	16.9
11:26:18.660	16.8
11:26:18.668	16.6
11:26:18.680	17.7
11:26:18.693	16.7
11:26:18.705	16.9
11:26:18.713	13.9
11:26:18.726	14.5
11:26:18.738	9.7
11:26:18.746	13.5
11:26:18.758	14.9
11:26:18.771	14.4
11:26:18.779	13.8
11:26:18.791	14.2
11:26:18.803	16.9
11:26:18.816	14.9
11:26:18.824	16.5
11:26:18.836	14.2
11:26:18.848	15.9
11:26:18.857	13.4
11:26:18.870	11.7
11:26:18.881	13.7
11:26:18.890	14.3
11:26:18.903	14.9
11:26:18.915	12.9
11:26:18.923	12.7
11:26:18.935	11.8
11:26:18.948	11.6
11:26:18.956	10.3
11:26:18.968	8.5
11:26:18.980	7.8
11:26:18.993	5.5
11:26:19.001	4.9
11:26:19.013	2.0
11:26:19.025	1.6
11:26:19.034	2.4
11:26:19.046	1.5
11:26:19.058	2.1
11:26:19.071	1.0
11:26:19.079	1.3
11:26:19.091	0.4
11:26:19.103	2.2
11:26:19.111	1.0
11:26:19.124	0.5
11:26:19.136	-1.3
11:26:19.144	-3.7
11:26:19.156	-4.3
11:26:19.169	-7.0
11:26:19.177	-6.0
11:26:19.189	-6.2
11:26:19.202	-4.5
11:26:19.210	-7.0
11:26:19.222	-6.8
11:26:19.234	-7.3
11:26:19.247	-7.0
11:26:19.255	-6.7
11:26:19.267	-8.0
11:26:19.279	-6.5
11:26:19.288	-7.7
11:26:19.300	-8.2
11:26:19.312	-9.8
11:26:19.320	-10.2
11:26:19.333	-10.9
11:26:19.345	-11.0
11:26:19.357	-13.6
11:26:19.365	-12.6
11:26:19.378	-14.0
11:26:19.390	-14.5
11:26:19.398	-14.4
11:26:19.410	-15.5
11:26:19.423	-15.8
11:26:19.431	-16.7
11:26:19.443	-17.6
11:26:19.455	-18.9
11:26:19.464	-17.5
11:26:19.476	-17.7
11:26:19.488	-17.4
11:26:19.500	-18.4
11:26:19.509	-19.8
11:26:19.521	-19.6
11:26:19.533	-19.7
11:26:19.541	-19.6
11:26:19.554	-19.6
11:26:19.566	-18.1
11:26:19.574	-20.1
11:26:19.586	-19.3
11:26:19.599	-19.4
11:26:19.607	-19.0
11:26:19.619	-18.2
11:26:19.632	-19.1
11:26:19.640	-19.0
11:26:19.652	-20.2
11:26:19.664	-18.1
11:26:19.677	-17.8
11:26:19.685	-16.2
11:26:19.697	-19.3
11:26:19.709	-18.6
11:26:19.717	-19.0
11:26:19.730	-21.0
11:26:19.742	-19.5
11:26:19.754	-20.7
11:26:19.763	-18.7
11:26:19.775	-21.7
11:26:19.787	-23.7
11:26:19.795	-25.6
11:26:19.808	-22.7
11:26:19.820	-23.7
11:26:19.828	-24.4
11:26:19.840	-22.4
11:26:19.853	-23.1
11:26:19.861	-22.0
11:26:19.873	-22.0
11:26:19.885	-21.9
11:26:19.894	-19.6
11:26:19.906	-18.4
11:26:19.918	-20.2
11:26:19.930	-19.1
11:26:19.939	-16.6
11:26:19.951	-17.1
11:26:19.963	-17.5
11:26:19.971	-19.2
11:26:19.984	-19.0
11:26:19.996	-15.4
11:26:20.008	-16.1
11:26:20.016	-14.0
11:26:20.029	-12.7
11:26:20.041	-11.6
11:26:20.049	-11.9
11:26:20.061	-11.0
11:26:20.074	-8.5
11:26:20.082	-7.8
11:26:20.094	-7.2
11:26:20.107	-7.2
11:26:20.115	-8.1
11:26:20.127	-8.1
11:26:20.139	-8.6
11:26:20.148	-6.7
11:26:20.160	-6.8
11:26:20.172	-4.5
11:26:20.184	-5.1
11:26:20.193	-4.0
11:26:20.205	-3.4
11:26:20.217	-6.3
11:26:20.225	-6.0
11:26:20.238	-6.7
11:26:20.250	-7.3
11:26:20.257	-9.7
11:26:20.270	-7.9
11:26:20.282	-8.8
11:26:20.290	-8.9
11:26:20.302	-7.5
11:26:20.315	-8.1
11:26:20.327	-3.6
11:26:20.335	-1.6
11:26:20.348	-1.0
11:26:20.360	-1.6
11:26:20.372	-0.8
11:26:20.380	-2.2
11:26:20.393	-3.9
11:26:20.406	-3.5
11:26:20.414	-4.2
11:26:20.426	-6.3
11:26:20.439	-11.0
11:26:20.447	-12.3
11:26:20.459	-14.1
11:26:20.471	-13.1
11:26:20.484	-16.8
11:26:20.492	-18.0
11:26:20.504	-17.5
11:26:20.516	-18.9
11:26:20.525	-20.2
11:26:20.537	-18.6
11:26:20.549	-18.6
11:26:20.557	-20.0
11:26:20.570	-17.5
11:26:20.582	-20.0
11:26:20.590	-18.7
11:26:20.602	-18.8
11:26:20.615	-20.0
11:26:20.627	-20.1
11:26:20.635	-20.2
11:26:20.647	-21.4
11:26:20.660	-23.6
11:26:20.668	-22.2
11:26:20.680	-24.8
11:26:20.692	-23.2
11:26:20.701	-22.1
11:26:20.713	-20.7
11:26:20.725	-17.6
11:26:20.738	-17.4
11:26:20.746	-14.3
11:26:20.758	-12.3
11:26:20.770	-9.3
11:26:20.778	-8.9
11:26:20.791	-7.9
11:26:20.803	-7.4
11:26:20.811	-5.5
11:26:20.824	-7.8
11:26:20.836	-8.5
11:26:20.844	-6.9
11:26:20.856	-9.1
11:26:20.869	-10.2
11:26:20.877	-9.3
11:26:20.889	-10.1
11:26:20.901	-8.9
11:26:20.914	-8.7
11:26:20.922	-9.5
11:26:20.934	-8.2
11:26:20.946	-7.0
11:26:20.955	-5.8
11:26:20.967	-6.0
11:26:20.979	-5.3
11:26:20.991	-6.3
11:26:21.000	-6.1
11:26:21.012	-5.8
11:26:21.024	-6.5
11:26:21.032	-5.3
11:26:21.045	-3.6
11:26:21.057	-3.1
11:26:21.065	-5.0
11:26:21.077	-4.3
11:26:21.090	-4.0
11:26:21.098	-3.1
11:26:21.110	-0.5
11:26:21.122	-1.2
11:26:21.131	-0.1
11:26:21.143	1.7
11:26:21.155	-0.2
11:26:21.167	-1.9
11:26:21.176	-2.3
11:26:21.188	-1.9
11:26:21.200	-3.0
11:26:21.208	-0.3
11:26:21.221	-3.0
11:26:21.233	-2.5
11:26:21.241	-2.6
11:26:21.253	-4.7
11:26:21.266	-3.0
11:26:21.278	-1.9
11:26:21.286	2.0
11:26:21.298	0.7
11:26:21.311	2.6
11:26:21.319	-0.5
11:26:21.331	-1.7
11:26:21.344	-0.2
11:26:21.352	-0.1
11:26:21.364	-0.9
11:26:21.376	-1.2
11:26:21.384	-3.9
11:26:21.397	-7.8
11:26:21.409	-6.4
11:26:21.421	-8.6
11:26:21.430	-8.4
11:26:21.442	-5.5
11:26:21.454	-8.7
11:26:21.462	-8.6
11:26:21.475	-8.3
11:26:21.487	-8.3
11:26:21.495	-6.9
11:26:21.507	-5.6
11:26:21.520	-6.4
11:26:21.528	-5.7
11:26:21.540	-4.8
11:26:21.552	-5.3
11:26:21.560	-4.4
11:26:21.572	-3.4
11:26:21.585	-3.8
11:26:21.597	-1.6
11:26:21.605	-0.9
11:26:21.617	-0.8
11:26:21.630	1.8
11:26:21.638	3.4
11:26:21.650	4.1
11:26:21.662	4.1
11:26:21.675	6.6
11:26:21.683	7.9
11:26:21.695	10.1
11:26:21.707	10.1
11:26:21.716	10.9
11:26:21.728	13.2
11:26:21.740	13.0
11:26:21.748	15.6
11:26:21.761	16.3
11:26:21.773	19.1
11:26:21.781	19.3
11:26:21.793	21.2
11:26:21.806	22.2
11:26:21.814	22.6
11:26:21.827	23.9
11:26:21.839	23.1
11:26:21.851	22.8
11:26:21.860	20.9
11:26:21.872	22.3
11:26:21.884	20.6
11:26:21.892	21.0
11:26:21.905	19.9
11:26:21.917	20.8
11:26:21.929	20.1
11:26:21.937	20.4
11:26:21.950	22.7
11:26:21.962	24.4
11:26:21.970	25.5
11:26:21.983	26.5
11:26:21.995	28.7
11:26:22.003	28.7
11:26:22.015	26.9
11:26:22.028	25.9
11:26:22.036	29.7
11:26:22.048	29.5
11:26:22.060	27.3
11:26:22.069	26.5
11:26:22.081	27.2
11:26:22.093	26.9
11:26:22.105	27.3
11:26:22.114	28.9
11:26:22.126	31.0
11:26:22.138	31.9
11:26:22.150	30.0
11:26:22.159	30.6
11:26:22.171	32.3
11:26:22.183	32.6
11:26:22.191	32.9
11:26:22.204	30.4
11:26:22.216	30.8
11:26:22.224	30.8
11:26:22.236	29.8
11:26:22.249	29.2
11:26:22.261	28.2
11:26:22.269	28.1
11:26:22.281	26.1
11:26:22.294	26.8
11:26:22.302	27.3
11:26:22.314	27.7
11:26:22.326	26.5
11:26:22.335	26.0
11:26:22.347	27.3
11:26:22.360	27.3
11:26:22.368	26.3
11:26:22.380	25.9
11:26:22.392	28.0
11:26:22.404	27.6
11:26:22.413	25.8
11:26:22.425	26.2
11:26:22.437	25.5
11:26:22.445	29.1
11:26:22.458	28.1
11:26:22.470	27.7
11:26:22.478	30.0
11:26:22.490	33.2
11:26:22.503	33.4
11:26:22.511	33.2
11:26:22.523	34.0
11:26:22.535	36.9
11:26:22.548	36.7
11:26:22.556	31.6
11:26:22.568	32.0
11:26:22.580	31.7
11:26:22.589	31.1
11:26:22.601	26.4
11:26:22.613	24.1
11:26:22.621	23.6
11:26:22.634	22.7
11:26:22.646	18.8
11:26:22.658	19.3
11:26:22.666	18.7
11:26:22.679	17.9
11:26:22.691	19.7
11:26:22.699	19.4
11:26:22.711	20.6
11:26:22.724	20.8
11:26:22.732	20.9
11:26:22.744	21.9
11:26:22.757	22.3
11:26:22.765	21.4
11:26:22.777	25.2
11:26:22.790	25.5
11:26:22.798	21.0
11:26:22.810	18.5
11:26:22.822	19.1
11:26:22.834	19.2
11:26:22.842	19.0
11:26:22.854	17.9
11:26:22.867	19.4
11:26:22.875	19.2
11:26:22.887	15.4
11:26:22.899	15.9
11:26:22.912	18.2
11:26:22.920	18.4
11:26:22.932	16.2
11:26:22.944	16.5
11:26:22.953	17.2
11:26:22.965	18.8
11:26:22.977	18.4
11:26:22.985	19.3
11:26:22.998	22.2
11:26:23.010	21.9
11:26:23.018	22.4
11:26:23.030	23.8
11:26:23.043	25.3
11:26:23.051	25.5
11:26:23.063	23.9
11:26:23.076	23.4
11:26:23.088	22.0
11:26:23.096	23.3
11:26:23.108	20.5
11:26:23.121	20.2
11:26:23.129	18.8
11:26:23.141	20.5
11:26:23.153	18.7
11:26:23.161	17.8
11:26:23.174	18.0
11:26:23.186	16.2
11:26:23.198	16.3
11:26:23.207	14.3
11:26:23.219	13.9
11:26:23.231	12.4
11:26:23.239	13.3
11:26:23.252	11.1
11:26:23.264	13.4
11:26:23.272	12.6
11:26:23.284	14.3
11:26:23.297	13.7
11:26:23.305	14.6
11:26:23.317	14.8
11:26:23.329	17.1
11:26:23.342	17.6
11:26:23.350	15.6
11:26:23.363	14.7
11:26:23.375	12.2
11:26:23.383	12.3
11:26:23.396	10.5
11:26:23.408	10.8
11:26:23.416	8.7
11:26:23.428	7.9
11:26:23.440	8.0
11:26:23.449	8.5
11:26:23.461	9.0
11:26:23.473	9.6
11:26:23.481	10.5
11:26:23.494	11.3
11:26:23.506	11.8
11:26:23.518	12.2
11:26:23.526	12.0
11:26:23.539	12.4
11:26:23.551	8.7
11:26:23.559	7.8
11:26:23.571	6.5
11:26:23.584	4.8
11:26:23.596	3.5
11:26:23.604	2.9
11:26:23.617	0.7
11:26:23.629	-0.8
11:26:23.637	-1.6
11:26:23.649	-3.0
11:26:23.662	-2.8
11:26:23.670	-2.2
11:26:23.682	-1.7
11:26:23.694	-2.5
11:26:23.703	-0.3
11:26:23.715	-1.3
11:26:23.727	1.4
11:26:23.735	1.8
11:26:23.748	2.9
11:26:23.760	1.9
11:26:23.772	2.3
11:26:23.780	1.0
11:26:23.793	1.0
11:26:23.805	1.4
11:26:23.813	-3.3
11:26:23.826	-4.3
11:26:23.838	-8.6
11:26:23.850	-10.1
11:26:23.858	-9.9
11:26:23.870	-10.4
11:26:23.883	-11.3
11:26:23.891	-10.6
11:26:23.903	-11.5
11:26:23.915	-10.8
11:26:23.924	-9.0
11:26:23.936	-8.8
11:26:23.949	-9.5
11:26:23.957	-10.5
11:26:23.969	-10.7
11:26:23.981	-9.5
11:26:23.990	-10.6
11:26:24.002	-11.4
11:26:24.014	-10.1
11:26:24.026	-10.1
11:26:24.035	-10.2
11:26:24.047	-8.9
11:26:24.059	-5.2
11:26:24.067	-3.5
11:26:24.080	-2.7
11:26:24.092	-2.5
11:26:24.100	-1.6
11:26:24.112	-3.6
11:26:24.125	-5.1
11:26:24.133	-4.8
11:26:24.145	-6.4
11:26:24.157	-8.3
11:26:24.170	-7.2
11:26:24.178	-6.4
11:26:24.190	-7.7
11:26:24.203	-8.4
11:26:24.211	-6.8
11:26:24.223	-4.4
11:26:24.235	-2.4
11:26:24.243	-3.9
11:26:24.256	-1.1
11:26:24.268	0.1
11:26:24.280	-3.7
11:26:24.289	-2.5
11:26:24.301	-1.7
11:26:24.313	0.4
11:26:24.321	0.1
11:26:24.334	0.5
11:26:24.346	0.6
11:26:24.358	2.1
11:26:24.366	1.6
11:26:24.379	2.8
11:26:24.391	5.9
11:26:24.399	4.7
11:26:24.411	5.7
11:26:24.424	4.5
11:26:24.432	3.6
11:26:24.444	4.5
11:26:24.456	4.4
11:26:24.469	5.6
11:26:24.477	5.7
11:26:24.489	7.9
11:26:24.501	6.2
11:26:24.510	7.7
11:26:24.522	7.1
11:26:24.534	8.8
11:26:24.542	11.3
11:26:24.555	11.0
11:26:24.567	11.0
11:26:24.579	10.7
11:26:24.587	13.1
11:26:24.600	11.7
11:26:24.612	13.4
11:26:24.620	13.4
11:26:24.632	14.1
11:26:24.645	12.0
11:26:24.653	10.9
11:26:24.665	11.2
11:26:24.677	12.3
11:26:24.686	13.6
11:26:24.698	11.9
11:26:24.710	14.0
11:26:24.718	14.0
11:26:24.731	13.9
11:26:24.743	13.2
11:26:24.755	15.1
11:26:24.764	16.2
11:26:24.776	16.5
11:26:24.788	15.5
11:26:24.796	12.4
11:26:24.809	14.4
11:26:24.821	13.1
11:26:24.833	14.1
11:26:24.841	14.5
11:26:24.854	14.7
11:26:24.866	17.8
11:26:24.874	20.1
11:26:24.886	21.5
11:26:24.899	23.1
11:26:24.907	25.5
11:26:24.919	23.9
11:26:24.931	22.2
11:26:24.940	21.6
11:26:24.952	23.6
11:26:24.964	26.9
11:26:24.972	23.6
11:26:24.985	24.8
11:26:24.997	25.2
11:26:25.009	24.3
11:26:25.017	24.4
11:26:25.030	27.0
11:26:25.042	28.6
11:26:25.050	29.5
11:26:25.062	28.0
11:26:25.075	24.3
11:26:25.083	25.5
11:26:25.095	20.5
11:26:25.107	19.6
11:26:25.120	20.6
11:26:25.128	20.9
11:26:25.140	18.2
11:26:25.153	15.7
11:26:25.161	14.4
11:26:25.173	12.6
11:26:25.185	15.2
11:26:25.193	13.4
11:26:25.206	14.5
11:26:25.218	15.2
11:26:25.226	14.2
11:26:25.239	14.6
11:26:25.251	16.7
11:26:25.263	19.1
11:26:25.271	19.7
11:26:25.284	20.4
11:26:25.296	19.0
11:26:25.304	19.2
11:26:25.316	20.3
11:26:25.329	18.9
11:26:25.337	18.6
11:26:25.349	16.0
11:26:25.361	15.2
11:26:25.370	13.1
11:26:25.382	12.5
11:26:25.394	13.0
11:26:25.402	13.5
11:26:25.415	14.2
11:26:25.427	14.6
11:26:25.439	14.1
11:26:25.447	15.9
11:26:25.460	17.8
11:26:25.472	16.6
11:26:25.480	17.6
11:26:25.493	18.4
11:26:25.505	18.4
11:26:25.517	17.5
11:26:25.525	18.6
11:26:25.537	17.9
11:26:25.550	18.7
11:26:25.558	15.4
11:26:25.570	16.4
11:26:25.582	16.5
11:26:25.591	19.3
11:26:25.603	18.8
11:26:25.615	19.5
11:26:25.623	20.3
11:26:25.636	18.7
11:26:25.648	19.2
11:26:25.656	18.5
11:26:25.668	20.4
11:26:25.681	18.7
11:26:25.693	18.3
11:26:25.701	15.6
11:26:25.713	15.0
11:26:25.726	13.5
11:26:25.734	13.4
11:26:25.746	13.5
11:26:25.759	12.7
11:26:25.771	11.4
11:26:25.779	11.3
11:26:25.791	11.3
11:26:25.804	12.8
11:26:25.812	12.4
11:26:25.824	12.7
11:26:25.836	13.1
11:26:25.845	14.2
11:26:25.857	14.1
11:26:25.869	13.5
11:26:25.877	14.8
11:26:25.890	15.7
11:26:25.902	14.6
11:26:25.910	14.3
11:26:25.922	14.5
11:26:25.935	13.8
11:26:25.947	16.5
11:26:25.955	14.9
11:26:25.967	15.8
11:26:25.980	14.8
11:26:25.988	14.6
11:26:26.000	14.4
11:26:26.012	14.3
11:26:26.021	13.9
11:26:26.033	12.9
11:26:26.045	14.5
11:26:26.053	12.0
11:26:26.066	14.4
11:26:26.078	16.1
11:26:26.090	17.5
11:26:26.103	16.5
11:26:26.111	16.2
11:26:26.123	15.7
11:26:26.135	15.5
11:26:26.144	17.2
11:26:26.156	15.0
11:26:26.168	15.5
11:26:26.176	12.6
11:26:26.189	13.2
11:26:26.201	12.0
11:26:26.209	12.4
11:26:26.221	11.3
11:26:26.234	14.8
11:26:26.246	13.9
11:26:26.254	11.8
11:26:26.266	12.8
11:26:26.279	12.2
11:26:26.287	14.2
11:26:26.299	10.2
11:26:26.311	10.4
11:26:26.320	10.4
11:26:26.332	10.7
11:26:26.344	8.6
11:26:26.352	9.3
11:26:26.365	11.9
11:26:26.377	12.3
11:26:26.389	11.0
11:26:26.397	9.4
11:26:26.410	10.7
11:26:26.422	12.6
11:26:26.430	13.1
11:26:26.442	14.5
11:26:26.455	13.9
11:26:26.463	12.8
11:26:26.475	11.9
11:26:26.487	11.7
11:26:26.500	13.4
11:26:26.508	11.5
11:26:26.520	11.5
11:26:26.532	11.1
11:26:26.541	10.1
11:26:26.553	9.7
11:26:26.565	10.3
11:26:26.573	11.8
11:26:26.586	10.9
11:26:26.598	10.6
11:26:26.606	11.0
11:26:26.618	11.1
11:26:26.631	10.9
11:26:26.639	8.2
11:26:26.651	9.9
11:26:26.664	9.2
11:26:26.676	10.4
11:26:26.684	10.7
11:26:26.696	12.1
11:26:26.709	10.8
11:26:26.717	9.3
11:26:26.729	10.6
11:26:26.741	10.5
11:26:26.754	11.2
11:26:26.762	10.6
11:26:26.774	11.1
11:26:26.786	10.8
11:26:26.795	9.8
11:26:26.807	8.7
11:26:26.819	9.9
11:26:26.827	9.8
11:26:26.840	8.5
11:26:26.852	7.6
11:26:26.860	8.4
11:26:26.872	6.7
11:26:26.885	6.7
11:26:26.893	4.3
11:26:26.905	4.2
11:26:26.917	4.9
11:26:26.930	3.6
11:26:26.938	3.4
11:26:26.950	3.3
11:26:26.962	2.1
11:26:26.971	1.7
11:26:26.983	2.5
11:26:26.995	1.0
11:26:27.003	1.3
11:26:27.016	1.4
11:26:27.028	0.1
11:26:27.040	0.4
11:26:27.048	-1.3
11:26:27.061	-1.4
11:26:27.073	-0.1
11:26:27.081	-0.8
11:26:27.093	-0.4
11:26:27.106	-0.9
11:26:27.114	-0.9
11:26:27.126	-1.3
11:26:27.139	0.3
11:26:27.148	-1.2
11:26:27.160	0.5
11:26:27.172	-0.3
11:26:27.185	-1.4
11:26:27.193	-1.3
11:26:27.205	-2.7
11:26:27.217	-1.3
11:26:27.225	-3.1
11:26:27.238	-2.8
11:26:27.250	-4.7
11:26:27.258	-3.8
11:26:27.271	-5.0
11:26:27.283	-4.2
11:26:27.291	-3.7
11:26:27.303	-4.8
11:26:27.316	-6.1
11:26:27.324	-9.1
11:26:27.336	-8.9
11:26:27.348	-10.0
11:26:27.361	-12.6
11:26:27.369	-13.8
11:26:27.381	-15.2
11:26:27.393	-16.3
11:26:27.402	-18.1
11:26:27.414	-19.6
11:26:27.426	-17.4
11:26:27.438	-16.8
11:26:27.447	-17.5
11:26:27.459	-20.4
11:26:27.471	-18.8
11:26:27.479	-19.2
11:26:27.492	-18.8
11:26:27.504	-17.1
11:26:27.512	-16.5
11:26:27.524	-16.2
11:26:27.537	-19.5
11:26:27.545	-19.3
11:26:27.557	-18.7
11:26:27.569	-18.4
11:26:27.578	-19.0
11:26:27.590	-19.4
11:26:27.602	-20.0
11:26:27.615	-22.6
11:26:27.623	-22.0
11:26:27.634	-22.7
11:26:27.646	-22.9
11:26:27.655	-24.2
11:26:27.667	-25.1
11:26:27.679	-22.0
11:26:27.692	-22.2
11:26:27.700	-21.3
11:26:27.712	-22.3
11:26:27.724	-21.0
11:26:27.732	-23.7
11:26:27.745	-22.9
11:26:27.757	-22.0
11:26:27.765	-22.7
11:26:27.777	-23.2
11:26:27.790	-26.6
11:26:27.798	-27.7
11:26:27.810	-28.2
11:26:27.823	-27.9
11:26:27.831	-29.7
11:26:27.843	-29.1
11:26:27.856	-29.5
11:26:27.869	-30.1
11:26:27.877	-29.7
11:26:27.889	-28.2
11:26:27.901	-27.3
11:26:27.909	-25.9
11:26:27.921	-26.3
11:26:27.933	-24.8
11:26:27.942	-22.5
11:26:27.954	-22.3
11:26:27.966	-21.3
11:26:27.974	-20.0
11:26:27.987	-19.8
11:26:27.999	-19.6
11:26:28.011	-18.8
11:26:28.019	-19.0
11:26:28.032	-18.0
11:26:28.044	-16.0
11:26:28.056	-16.9
11:26:28.064	-15.2
11:26:28.077	-15.7
11:26:28.089	-15.1
11:26:28.097	-13.0
11:26:28.109	-12.6
11:26:28.122	-11.8
11:26:28.130	-10.9
11:26:28.142	-10.9
11:26:28.154	-11.0
11:26:28.167	-10.0
11:26:28.175	-9.9
11:26:28.187	-10.3
11:26:28.199	-10.0
11:26:28.208	-6.2
11:26:28.220	-5.5
11:26:28.228	-5.2
11:26:28.240	-3.4
11:26:28.253	-0.7
11:26:28.265	-1.7
11:26:28.273	-1.7
11:26:28.285	0.5
11:26:28.298	2.2
11:26:28.310	2.2
11:26:28.318	-1.0
11:26:28.331	0.2
11:26:28.343	0.0
11:26:28.351	-0.8
11:26:28.363	-0.6
11:26:28.376	0.6
11:26:28.384	3.5
11:26:28.396	1.6
11:26:28.408	1.6
11:26:28.421	1.7
11:26:28.429	1.7
11:26:28.441	2.1
11:26:28.453	3.7
11:26:28.462	5.6
11:26:28.474	4.6
11:26:28.486	5.8
11:26:28.494	4.2
11:26:28.507	5.6
11:26:28.519	5.3
11:26:28.527	4.9
11:26:28.539	6.1
11:26:28.552	7.5
11:26:28.560	7.6
11:26:28.572	5.7
11:26:28.584	5.4
11:26:28.597	4.9
11:26:28.605	6.8
11:26:28.617	6.0
11:26:28.629	7.6
11:26:28.638	9.6
11:26:28.651	10.3
11:26:28.662	8.4
11:26:28.675	6.5
11:26:28.683	7.2
11:26:28.696	6.8
11:26:28.708	7.0
11:26:28.716	5.4
11:26:28.729	7.2
11:26:28.741	10.8
11:26:28.749	9.6
11:26:28.761	8.6
11:26:28.774	9.1
11:26:28.782	10.9
11:26:28.794	12.2
11:26:28.807	13.1
11:26:28.815	13.4
11:26:28.827	14.5
11:26:28.839	12.6
11:26:28.852	10.2
11:26:28.860	13.8
11:26:28.872	12.9
11:26:28.884	13.4
11:26:28.893	13.9
11:26:28.905	12.6
11:26:28.917	10.9
11:26:28.925	12.0
11:26:28.938	11.6
11:26:28.950	13.5
11:26:28.962	13.9
11:26:28.970	12.6
11:26:28.983	13.9
11:26:28.994	13.3
11:26:29.002	13.7
11:26:29.015	14.2
11:26:29.027	18.3
11:26:29.035	17.0
11:26:29.047	15.9
11:26:29.060	14.3
11:26:29.068	13.1
11:26:29.080	12.3
11:26:29.092	11.8
11:26:29.105	13.0
11:26:29.113	11.6
11:26:29.125	10.1
11:26:29.137	6.2
11:26:29.146	2.5
11:26:29.158	1.6
11:26:29.170	2.2
11:26:29.178	1.4
11:26:29.191	-0.5
11:26:29.203	-1.6
11:26:29.211	-2.9
11:26:29.223	-4.1
11:26:29.236	-3.4
11:26:29.244	0.7
11:26:29.256	4.6
11:26:29.269	1.9
11:26:29.281	0.1
11:26:29.289	-0.7
11:26:29.301	1.1
11:26:29.314	-0.3
11:26:29.322	-3.2
11:26:29.334	-3.9
11:26:29.346	-6.4
11:26:29.359	-12.5
11:26:29.367	-17.3
11:26:29.379	-15.3
11:26:29.391	-16.2
11:26:29.400	-17.0
11:26:29.412	-21.6
11:26:29.424	-22.2
11:26:29.432	-22.6
11:26:29.445	-21.8
11:26:29.457	-22.5
11:26:29.465	-20.2
11:26:29.477	-17.2
11:26:29.490	-20.0
11:26:29.498	-20.7
11:26:29.510	-19.6
11:26:29.522	-17.4
11:26:29.535	-15.8
11:26:29.543	-13.7
11:26:29.555	-16.3
11:26:29.567	-14.5
11:26:29.576	-14.0
11:26:29.588	-16.4
11:26:29.600	-13.6
11:26:29.613	-10.3
11:26:29.621	-12.4
11:26:29.633	-13.3
11:26:29.645	-14.3
11:26:29.653	-13.9
11:26:29.666	-11.8
11:26:29.679	-12.3
11:26:29.687	-14.5
11:26:29.700	-12.4
11:26:29.712	-12.9
11:26:29.720	-14.1
11:26:29.732	-14.6
11:26:29.745	-13.5
11:26:29.753	-10.1
11:26:29.765	-11.7
11:26:29.777	-12.3
11:26:29.790	-11.1
11:26:29.798	-9.5
11:26:29.810	-12.1
11:26:29.823	-11.8
11:26:29.831	-12.7
11:26:29.843	-10.2
11:26:29.855	-10.7
11:26:29.863	-14.3
11:26:29.876	-14.4
11:26:29.888	-13.4
11:26:29.896	-11.7
11:26:29.908	-12.6
11:26:29.921	-9.8
11:26:29.933	-9.5
11:26:29.941	-9.1
11:26:29.953	-10.8
11:26:29.966	-10.0
11:26:29.974	-7.9
11:26:29.986	-5.1
11:26:29.998	-7.4
11:26:30.007	-10.0
11:26:30.019	-9.8
11:26:30.031	-11.7
11:26:30.043	-12.5
11:26:30.052	-13.5
11:26:30.064	-11.9
11:26:30.076	-13.2
11:26:30.088	-12.6
11:26:30.097	-15.2
11:26:30.109	-12.7
11:26:30.121	-11.8
11:26:30.129	-9.3
11:26:30.142	-8.8
11:26:30.150	-8.0
11:26:30.162	-5.2
11:26:30.174	-6.9
11:26:30.183	-4.5
11:26:30.195	-6.6
11:26:30.207	-6.2
11:26:30.220	-7.4
11:26:30.228	-7.6
11:26:30.240	-8.4
11:26:30.252	-7.5
11:26:30.265	-8.7
11:26:30.273	-10.1
11:26:30.285	-9.7
11:26:30.297	-10.3
11:26:30.306	-7.3
11:26:30.318	-6.1
11:26:30.330	-5.8
11:26:30.342	-4.1
11:26:30.351	-3.8
11:26:30.363	-3.8
11:26:30.375	-1.5
11:26:30.383	-1.6
11:26:30.396	-0.2
11:26:30.408	-0.8
11:26:30.416	-2.5
11:26:30.428	-2.9
11:26:30.441	-3.1
11:26:30.449	-5.2
11:26:30.461	-7.2
11:26:30.473	-9.1
11:26:30.482	-9.1
11:26:30.494	-9.7
11:26:30.506	-6.7
11:26:30.518	-5.2
11:26:30.527	-3.9
11:26:30.539	-6.1
11:26:30.551	-3.8
11:26:30.559	-2.7
11:26:30.572	-0.9
11:26:30.584	2.4
11:26:30.596	0.7
11:26:30.604	1.7
11:26:30.617	-1.0
11:26:30.629	-0.9
11:26:30.637	-2.3
11:26:30.649	1.1
11:26:30.662	1.2
11:26:30.670	2.6
11:26:30.682	1.7
11:26:30.694	1.9
11:26:30.703	4.1
11:26:30.715	5.6
11:26:30.727	4.6
11:26:30.735	3.3
11:26:30.748	3.1
11:26:30.760	1.7
11:26:30.772	0.3
11:26:30.781	-0.7
11:26:30.793	1.6
11:26:30.805	0.1
11:26:30.813	-0.3
11:26:30.826	-0.8
11:26:30.838	0.5
11:26:30.846	1.5
11:26:30.858	2.5
11:26:30.871	2.6
11:26:30.883	3.8
11:26:30.891	4.7
11:26:30.903	3.1
11:26:30.916	3.2
11:26:30.924	4.9
11:26:30.936	6.1
11:26:30.948	5.2
11:26:30.957	3.9
11:26:30.969	3.5
11:26:30.981	2.3
11:26:30.989	5.0
11:26:31.002	2.4
11:26:31.014	2.7
11:26:31.026	4.4
11:26:31.035	2.4
11:26:31.047	3.3
11:26:31.059	4.8
11:26:31.067	8.5
11:26:31.080	8.9
11:26:31.092	10.7
11:26:31.100	8.6
11:26:31.112	11.1
11:26:31.125	13.0
11:26:31.133	14.8
11:26:31.145	18.0
11:26:31.157	17.0
11:26:31.166	19.0
11:26:31.178	18.3
11:26:31.190	20.1
11:26:31.202	21.0
11:26:31.211	21.2
11:26:31.223	20.9
11:26:31.235	21.1
11:26:31.243	23.4
11:26:31.256	22.7
11:26:31.268	23.2
11:26:31.280	21.7
11:26:31.288	22.2
11:26:31.301	21.3
11:26:31.313	21.8
11:26:31.321	22.3
11:26:31.333	23.7
11:26:31.346	25.4
11:26:31.354	23.1
11:26:31.366	22.3
11:26:31.378	22.6
11:26:31.387	23.8
11:26:31.399	22.7
11:26:31.411	23.5
11:26:31.419	23.2
11:26:31.432	22.4
11:26:31.444	23.2
11:26:31.456	21.0
11:26:31.465	20.3
11:26:31.477	19.8
11:26:31.489	19.1
11:26:31.497	17.8
11:26:31.510	18.6
11:26:31.522	18.1
11:26:31.534	19.2
11:26:31.542	21.3
11:26:31.555	20.5
11:26:31.567	18.7
11:26:31.575	17.7
11:26:31.588	22.1
11:26:31.600	21.0
11:26:31.608	20.5
11:26:31.620	19.7
11:26:31.632	18.8
11:26:31.641	20.8
11:26:31.653	20.9
11:26:31.665	19.6
11:26:31.673	19.4
11:26:31.686	19.7
11:26:31.698	16.5
11:26:31.710	17.2
11:26:31.719	18.1
11:26:31.731	17.3
11:26:31.743	16.9
11:26:31.751	13.9
11:26:31.763	13.1
11:26:31.776	14.3
11:26:31.784	17.1
11:26:31.796	18.0
11:26:31.809	18.6
11:26:31.817	17.1
11:26:31.829	16.4
11:26:31.841	17.2
11:26:31.854	18.8
11:26:31.862	19.0
11:26:31.874	18.3
11:26:31.886	20.9
11:26:31.894	19.7
11:26:31.907	19.4
11:26:31.919	18.4
11:26:31.927	19.0
11:26:31.940	19.8
11:26:31.952	20.4
11:26:31.964	20.1
11:26:31.972	21.8
11:26:31.985	21.2
11:26:31.997	17.0
11:26:32.005	19.3
11:26:32.017	18.2
11:26:32.030	16.7
11:26:32.042	16.8
11:26:32.050	19.4
11:26:32.062	19.4
11:26:32.075	18.9
11:26:32.083	17.3
11:26:32.095	19.6
11:26:32.107	21.2
11:26:32.116	18.6
11:26:32.128	17.9
11:26:32.140	19.7
11:26:32.152	23.8
11:26:32.161	21.0
11:26:32.173	19.9
11:26:32.185	19.4
11:26:32.193	18.9
11:26:32.206	17.7
11:26:32.218	16.3
11:26:32.226	16.3
11:26:32.238	17.9
11:26:32.251	17.2
11:26:32.263	13.4
11:26:32.271	16.3
11:26:32.284	16.3
11:26:32.296	16.0
11:26:32.304	16.5
11:26:32.316	16.0
11:26:32.329	15.7
11:26:32.337	15.4
11:26:32.349	13.2
11:26:32.361	11.9
11:26:32.369	12.9
11:26:32.382	8.7
11:26:32.394	8.1
11:26:32.402	7.7
11:26:32.415	7.1
11:26:32.427	6.6
11:26:32.439	7.4
11:26:32.447	6.6
11:26:32.460	7.0
11:26:32.472	9.2
11:26:32.480	7.7
11:26:32.493	5.7
11:26:32.505	6.1
11:26:32.517	5.0
11:26:32.525	5.3
11:26:32.537	5.7
11:26:32.550	3.0
11:26:32.558	1.5
11:26:32.570	0.0
11:26:32.582	-2.2
11:26:32.591	-1.7
11:26:32.603	0.0
11:26:32.615	-1.0
11:26:32.623	-0.2
11:26:32.636	-2.0
11:26:32.648	-3.0
11:26:32.656	-3.1
11:26:32.668	-3.2
11:26:32.681	-1.6
11:26:32.693	-2.5
11:26:32.701	-5.5
11:26:32.714	-6.4
11:26:32.726	-6.0
11:26:32.734	-7.7
11:26:32.746	-7.1
11:26:32.759	-8.6
11:26:32.767	-6.5
11:26:32.779	-6.8
11:26:32.791	-8.8
11:26:32.804	-8.8
11:26:32.812	-8.8
11:26:32.824	-9.2
11:26:32.836	-12.2
11:26:32.845	-11.7
11:26:32.857	-15.0
11:26:32.869	-16.8
11:26:32.877	-17.5
11:26:32.890	-14.7
11:26:32.902	-13.9
11:26:32.910	-14.7
11:26:32.922	-14.9
11:26:32.935	-14.6
11:26:32.947	-14.4
11:26:32.955	-15.8
11:26:32.967	-13.7
11:26:32.980	-11.8
11:26:32.988	-14.2
11:26:33.000	-17.3
11:26:33.012	-17.8
11:26:33.021	-17.6
11:26:33.033	-17.1
11:26:33.045	-17.5
11:26:33.053	-15.9
11:26:33.066	-13.2
11:26:33.078	-14.9
11:26:33.086	-16.7
11:26:33.098	-18.4
11:26:33.111	-17.7
11:26:33.123	-17.7
11:26:33.131	-17.4
11:26:33.144	-16.6
11:26:33.156	-18.1
11:26:33.164	-18.3
11:26:33.176	-19.2
11:26:33.189	-19.7
11:26:33.201	-15.1
11:26:33.209	-11.4
11:26:33.221	-11.8
11:26:33.234	-11.4
11:26:33.242	-11.7
11:26:33.254	-13.0
11:26:33.266	-10.5
11:26:33.275	-9.0
11:26:33.287	-8.2
11:26:33.299	-6.5
11:26:33.307	-6.2
11:26:33.320	-7.3
11:26:33.332	-3.9
11:26:33.340	-2.6
11:26:33.352	-1.3
11:26:33.365	1.9
11:26:33.377	3.1
11:26:33.385	2.8
11:26:33.397	2.7
11:26:33.410	5.2
11:26:33.418	1.5
11:26:33.430	3.5
11:26:33.443	2.0
11:26:33.455	1.1
11:26:33.463	1.2
11:26:33.475	0.3
11:26:33.488	2.8
11:26:33.496	2.1
11:26:33.508	3.5
11:26:33.520	2.9
11:26:33.529	4.3
11:26:33.541	5.3
11:26:33.553	8.1
11:26:33.561	9.2
11:26:33.574	10.7
11:26:33.586	12.1
11:26:33.594	9.3
11:26:33.606	11.4
11:26:33.619	10.6
11:26:33.631	9.8
11:26:33.639	12.1
11:26:33.651	11.1
11:26:33.664	9.3
11:26:33.672	9.8
11:26:33.684	9.4
11:26:33.696	8.4
11:26:33.705	10.9
11:26:33.717	12.2
11:26:33.729	14.3
11:26:33.737	16.4
11:26:33.750	17.9
11:26:33.762	20.6
11:26:33.774	20.9
11:26:33.782	22.5
11:26:33.795	23.0
11:26:33.807	25.3
11:26:33.815	24.4
11:26:33.828	23.4
11:26:33.840	21.5
11:26:33.848	22.5
11:26:33.860	21.5
11:26:33.873	17.9
11:26:33.885	19.1
11:26:33.893	19.5
11:26:33.905	19.6
11:26:33.918	18.2
11:26:33.926	18.1
11:26:33.938	18.1
11:26:33.951	19.8
11:26:33.959	20.4
11:26:33.971	19.5
11:26:33.984	22.4
11:26:33.992	21.7
11:26:34.004	21.1
11:26:34.016	22.7
11:26:34.028	22.9
11:26:34.037	22.1
11:26:34.049	22.6
11:26:34.061	21.9
11:26:34.073	22.9
11:26:34.082	22.5
11:26:34.094	22.4
11:26:34.106	22.9
11:26:34.115	23.9
11:26:34.127	23.0
11:26:34.139	24.8
11:26:34.147	25.8
11:26:34.160	25.4
11:26:34.172	25.6
11:26:34.184	23.0
11:26:34.192	24.8
11:26:34.205	25.1
11:26:34.217	26.3
11:26:34.225	26.5
11:26:34.237	25.0
11:26:34.250	24.8
11:26:34.258	24.7
11:26:34.270	25.3
11:26:34.282	24.8
11:26:34.291	28.1
11:26:34.303	25.8
11:26:34.315	24.9
11:26:34.324	23.0
11:26:34.336	21.5
11:26:34.348	23.8
11:26:34.360	25.4
11:26:34.369	23.9
11:26:34.381	22.9
11:26:34.393	24.2
11:26:34.401	24.0
11:26:34.414	24.4
11:26:34.426	24.0
11:26:34.438	23.5
11:26:34.446	23.5
11:26:34.459	22.4
11:26:34.471	21.7
11:26:34.479	23.2
11:26:34.491	22.7
11:26:34.504	21.4
11:26:34.512	17.7
11:26:34.524	19.1
11:26:34.536	18.6
11:26:34.545	20.3
11:26:34.557	20.1
11:26:34.569	17.9
11:26:34.577	14.4
11:26:34.590	12.2
11:26:34.602	14.1
11:26:34.614	15.2
11:26:34.622	15.1
11:26:34.635	15.1
11:26:34.647	15.6
11:26:34.655	14.2
11:26:34.667	15.6
11:26:34.680	18.3
11:26:34.688	19.3
11:26:34.700	23.7
11:26:34.713	21.8
11:26:34.725	21.5
11:26:34.733	23.0
11:26:34.745	20.8
11:26:34.758	21.3
11:26:34.766	19.5
11:26:34.778	18.0
11:26:34.790	17.6
11:26:34.799	16.7
11:26:34.811	13.0
11:26:34.823	13.2
11:26:34.831	10.9
11:26:34.844	10.8
11:26:34.856	10.9
11:26:34.868	9.8
11:26:34.876	11.3
11:26:34.889	10.5
11:26:34.901	9.6
11:26:34.909	10.4
11:26:34.921	11.0
11:26:34.934	11.5
11:26:34.942	12.6
11:26:34.954	12.9
11:26:34.966	15.7
11:26:34.975	17.8
11:26:34.987	19.1
11:26:34.999	19.1
11:26:35.007	21.2
11:26:35.020	21.4
11:26:35.032	20.9
11:26:35.044	22.8
11:26:35.052	21.9
11:26:35.065	22.2
11:26:35.077	20.3
11:26:35.085	17.2
11:26:35.098	17.6
11:26:35.110	17.7
11:26:35.122	15.2
11:26:35.130	15.5
11:26:35.143	16.0
11:26:35.155	12.7
11:26:35.163	14.3
11:26:35.176	13.2
11:26:35.188	11.8
11:26:35.196	13.1
11:26:35.208	12.4
11:26:35.221	12.4
11:26:35.229	11.9
11:26:35.241	11.6
11:26:35.253	9.6
11:26:35.261	11.5
11:26:35.274	11.5
11:26:35.286	12.4
11:26:35.298	12.0
11:26:35.307	12.6
11:26:35.319	11.9
11:26:35.331	12.6
11:26:35.339	13.2
11:26:35.352	11.0
11:26:35.364	12.6
11:26:35.376	11.1
11:26:35.384	11.2
11:26:35.397	9.7
11:26:35.409	11.1
11:26:35.417	11.4
11:26:35.429	10.2
11:26:35.442	8.9
11:26:35.450	9.1
11:26:35.462	11.5
11:26:35.474	14.1
11:26:35.483	13.8
11:26:35.495	14.5
11:26:35.507	14.2
11:26:35.515	14.1
11:26:35.528	13.3
11:26:35.540	13.2
11:26:35.552	16.8
11:26:35.560	15.6
11:26:35.573	15.5
11:26:35.585	14.2
11:26:35.593	15.0
11:26:35.605	13.7
11:26:35.618	13.4
11:26:35.626	13.4
11:26:35.638	11.4
11:26:35.651	11.6
11:26:35.659	7.8
11:26:35.671	8.2
11:26:35.683	6.9
11:26:35.696	6.4
11:26:35.704	6.5
11:26:35.716	7.6
11:26:35.728	6.3
11:26:35.736	7.2
11:26:35.749	7.7
11:26:35.761	8.1
11:26:35.769	7.7
11:26:35.782	7.8
11:26:35.794	7.4
11:26:35.806	6.8
11:26:35.814	5.8
11:26:35.827	3.7
11:26:35.839	4.2
11:26:35.847	2.3
11:26:35.859	2.9
11:26:35.872	2.8
11:26:35.880	2.3
11:26:35.892	0.9
11:26:35.904	0.9
11:26:35.913	-1.2
11:26:35.925	-0.9
11:26:35.937	-0.5
11:26:35.945	-1.4
11:26:35.958	0.0
11:26:35.970	-1.1
11:26:35.982	-1.0
11:26:35.990	-1.2
11:26:36.003	0.0
11:26:36.015	-0.1
11:26:36.023	-0.5
11:26:36.035	-2.5
11:26:36.048	-3.0
11:26:36.060	-3.9
11:26:36.068	-6.1
11:26:36.080	-6.7
11:26:36.093	-8.0
11:26:36.101	-8.5
11:26:36.113	-10.4
11:26:36.125	-12.2
11:26:36.138	-12.0
11:26:36.146	-9.0
11:26:36.158	-9.8
11:26:36.170	-10.6
11:26:36.179	-11.9
11:26:36.191	-13.8
11:26:36.203	-14.4
11:26:36.212	-14.6
11:26:36.224	-14.2
11:26:36.236	-14.2
11:26:36.244	-12.6
11:26:36.257	-15.1
11:26:36.269	-16.4
11:26:36.281	-15.5
11:26:36.289	-14.2
11:26:36.302	-13.4
11:26:36.314	-13.3
11:26:36.322	-15.1
11:26:36.334	-16.7
11:26:36.347	-15.6
11:26:36.359	-17.0
11:26:36.367	-18.5
11:26:36.379	-17.7
11:26:36.392	-17.9
11:26:36.400	-19.2
11:26:36.412	-18.5
11:26:36.424	-18.4
11:26:36.433	-17.5
11:26:36.445	-16.7
11:26:36.457	-17.8
11:26:36.465	-19.1
11:26:36.478	-19.1
11:26:36.490	-19.7
11:26:36.498	-19.3
11:26:36.510	-18.4
11:26:36.523	-18.8
11:26:36.535	-19.5
11:26:36.543	-19.5
11:26:36.556	-19.5
11:26:36.568	-18.5
11:26:36.576	-18.8
11:26:36.588	-18.8
11:26:36.600	-20.4
11:26:36.609	-20.8
11:26:36.621	-21.9
11:26:36.633	-22.9
11:26:36.646	-22.1
11:26:36.654	-22.6
11:26:36.666	-21.9
11:26:36.678	-22.8
11:26:36.686	-22.0
11:26:36.699	-21.3
11:26:36.711	-19.7
11:26:36.719	-20.6
11:26:36.732	-20.5
11:26:36.744	-17.7
11:26:36.752	-19.5
11:26:36.764	-19.3
11:26:36.777	-19.5
11:26:36.789	-19.3
11:26:36.797	-20.5
11:26:36.809	-19.0
11:26:36.822	-18.3
11:26:36.830	-15.4
11:26:36.842	-14.7
11:26:36.854	-16.8
11:26:36.863	-16.4
11:26:36.875	-13.8
11:26:36.887	-12.5
11:26:36.895	-11.7
11:26:36.908	-9.9
11:26:36.920	-10.9
11:26:36.928	-9.5
11:26:36.941	-9.7
11:26:36.953	-8.7
11:26:36.965	-6.0
11:26:36.973	-4.2
11:26:36.986	-3.2
11:26:36.998	-0.9
11:26:37.006	-1.0
11:26:37.018	1.5
11:26:37.031	1.0
11:26:37.043	-0.4
11:26:37.051	0.1
11:26:37.064	0.6
11:26:37.076	-0.7
11:26:37.084	1.7
11:26:37.096	1.1
11:26:37.109	-0.9
11:26:37.117	0.5
11:26:37.129	-0.5
11:26:37.141	1.9
11:26:37.149	3.5
11:26:37.162	2.6
11:26:37.174	3.1
11:26:37.182	4.7
11:26:37.195	2.8
11:26:37.207	4.0
11:26:37.219	5.6
11:26:37.227	5.6
11:26:37.240	5.3
11:26:37.252	4.8
11:26:37.260	4.8
11:26:37.273	5.4
11:26:37.285	6.2
11:26:37.297	6.1
11:26:37.305	7.4
11:26:37.318	5.9
11:26:37.330	4.2
11:26:37.338	3.9
11:26:37.350	4.8
11:26:37.363	4.8
11:26:37.371	7.3
11:26:37.383	9.7
11:26:37.395	9.5
11:26:37.404	10.6
11:26:37.416	10.2
11:26:37.428	15.4
11:26:37.436	17.4
11:26:37.449	20.6
11:26:37.461	22.0
11:26:37.473	22.8
11:26:37.481	20.5
11:26:37.494	17.7
11:26:37.506	19.4
11:26:37.514	19.9
11:26:37.526	20.7
11:26:37.539	19.1
11:26:37.547	19.0
11:26:37.559	17.0
11:26:37.571	15.9
11:26:37.580	16.0
11:26:37.592	16.9
11:26:37.604	18.9
11:26:37.617	18.7
11:26:37.625	19.3
11:26:37.637	18.8
11:26:37.649	18.1
11:26:37.657	17.4
11:26:37.670	16.9
11:26:37.682	18.5
11:26:37.690	19.3
11:26:37.702	19.5
11:26:37.715	20.2
11:26:37.727	19.5
11:26:37.735	18.7
11:26:37.748	19.0
11:26:37.760	18.5
11:26:37.768	20.6
11:26:37.780	20.4
11:26:37.793	19.4
11:26:37.801	18.9
11:26:37.813	17.2
11:26:37.825	16.3
11:26:37.834	16.5
11:26:37.846	14.4
11:26:37.858	14.4
11:26:37.866	13.7
11:26:37.879	11.7
11:26:37.891	16.1
11:26:37.903	15.0
11:26:37.911	15.3
11:26:37.924	18.8
11:26:37.936	18.6
11:26:37.944	18.1
11:26:37.956	21.6
11:26:37.969	20.4
11:26:37.981	21.3
11:26:37.989	21.2
11:26:38.001	16.2
11:26:38.014	17.3
11:26:38.026	17.4
11:26:38.034	16.0
11:26:38.046	17.8
11:26:38.059	19.3
11:26:38.067	17.3
11:26:38.079	17.9
11:26:38.091	16.9
11:26:38.100	16.0
11:26:38.112	16.6
11:26:38.124	17.7
11:26:38.132	18.5
11:26:38.145	16.8
11:26:38.157	14.3
11:26:38.165	13.0
11:26:38.178	13.4
11:26:38.190	12.8
11:26:38.202	12.9
11:26:38.210	14.3
11:26:38.223	14.5
11:26:38.235	14.3
11:26:38.243	15.1
11:26:38.255	15.8
11:26:38.268	20.7
11:26:38.280	18.9
11:26:38.288	18.5
11:26:38.300	18.4
11:26:38.313	18.1
11:26:38.321	16.3
11:26:38.333	17.0
11:26:38.345	16.4
11:26:38.354	14.4
11:26:38.366	14.7
11:26:38.378	10.0
11:26:38.386	15.7
11:26:38.399	14.5
11:26:38.411	13.6
11:26:38.419	13.8
11:26:38.431	14.5
11:26:38.444	14.5
11:26:38.456	13.3
11:26:38.464	12.4
11:26:38.476	12.4
11:26:38.489	13.3
11:26:38.497	7.7
11:26:38.509	10.2
11:26:38.521	11.5
11:26:38.530	11.8
11:26:38.542	12.0
11:26:38.554	11.5
11:26:38.566	10.1
11:26:38.575	10.8
11:26:38.587	9.4
11:26:38.599	7.8
11:26:38.607	9.1
11:26:38.620	7.5
11:26:38.632	8.3
11:26:38.640	6.3
11:26:38.653	5.5
11:26:38.665	5.8
11:26:38.673	7.2
11:26:38.685	5.7
11:26:38.698	7.4
11:26:38.710	6.7
11:26:38.718	7.6
11:26:38.730	7.3
11:26:38.743	6.7
11:26:38.751	9.8
11:26:38.763	9.9
11:26:38.775	9.6
11:26:38.784	9.3
11:26:38.796	11.8
11:26:38.808	10.4
11:26:38.816	12.0
11:26:38.829	10.0
11:26:38.841	10.2
11:26:38.849	8.5
11:26:38.861	8.1
11:26:38.874	7.7
11:26:38.886	9.3
11:26:38.894	8.1
11:26:38.907	6.5
11:26:38.919	6.6
11:26:38.927	7.1
11:26:38.939	7.8
11:26:38.952	7.2
11:26:38.964	7.4
11:26:38.972	4.5
11:26:38.984	7.2
11:26:38.997	5.1
11:26:39.005	4.9
11:26:39.017	4.8
11:26:39.029	4.7
11:26:39.038	3.8
11:26:39.050	4.9
11:26:39.062	4.0
11:26:39.070	5.5
11:26:39.083	7.1
11:26:39.095	5.7
11:26:39.103	5.8
11:26:39.115	6.7
11:26:39.128	5.7
11:26:39.140	5.9
11:26:39.148	5.0
11:26:39.161	1.6
11:26:39.173	2.1
11:26:39.181	0.2
11:26:39.193	-0.6
11:26:39.205	-1.9
11:26:39.218	-4.2
11:26:39.226	-5.0
11:26:39.238	-5.8
11:26:39.251	-5.2
11:26:39.259	-6.2
11:26:39.271	-2.8
11:26:39.284	-0.4
11:26:39.292	-0.4
11:26:39.304	0.2
11:26:39.316	0.8
11:26:39.324	-0.3
11:26:39.337	-0.7
11:26:39.349	-0.1
11:26:39.357	-1.1
11:26:39.369	-1.2
11:26:39.382	-5.1
11:26:39.394	-6.9
11:26:39.402	-6.0
11:26:39.414	-9.1
11:26:39.427	-10.8
11:26:39.435	-10.0
11:26:39.447	-10.7
11:26:39.459	-11.8
11:26:39.468	-12.6
11:26:39.480	-13.1
11:26:39.492	-13.1
11:26:39.500	-15.1
11:26:39.513	-16.5
11:26:39.525	-16.3
11:26:39.537	-18.5
11:26:39.545	-18.8
11:26:39.558	-20.0
11:26:39.570	-20.1
11:26:39.578	-20.6
11:26:39.590	-20.9
11:26:39.603	-20.8
11:26:39.611	-20.4
11:26:39.623	-19.1
11:26:39.635	-17.9
11:26:39.648	-14.8
11:26:39.656	-15.3
11:26:39.668	-13.9
11:26:39.681	-14.2
11:26:39.689	-14.3
11:26:39.701	-14.5
11:26:39.713	-14.7
11:26:39.721	-15.5
11:26:39.734	-16.6
11:26:39.746	-17.6
11:26:39.754	-19.8
11:26:39.767	-20.3
11:26:39.779	-21.4
11:26:39.787	-22.3
11:26:39.799	-22.2
11:26:39.812	-23.8
11:26:39.824	-24.1
11:26:39.832	-24.0
11:26:39.844	-21.8
11:26:39.857	-20.7
11:26:39.865	-19.2
11:26:39.877	-18.9
11:26:39.889	-18.6
11:26:39.902	-17.8
11:26:39.910	-19.0
11:26:39.922	-17.7
11:26:39.934	-17.3
11:26:39.947	-18.0
11:26:39.955	-18.7
11:26:39.967	-19.4
11:26:39.979	-21.1
11:26:39.988	-21.4
11:26:40.000	-20.6
11:26:40.012	-20.5
11:26:40.020	-20.4
11:26:40.033	-19.5
11:26:40.045	-16.9
11:26:40.053	-15.3
11:26:40.065	-16.8
11:26:40.078	-18.2
11:26:40.086	-16.9
11:26:40.099	-14.8
11:26:40.111	-15.1
11:26:40.123	-14.2
11:26:40.131	-13.3
11:26:40.144	-12.3
11:26:40.156	-13.3
11:26:40.164	-13.9
11:26:40.176	-13.5
11:26:40.189	-12.8
11:26:40.201	-13.4
11:26:40.209	-12.8
11:26:40.221	-10.5
11:26:40.234	-11.0
11:26:40.242	-12.2
11:26:40.254	-10.3
11:26:40.266	-11.0
11:26:40.275	-9.5
11:26:40.287	-9.1
11:26:40.299	-7.3
11:26:40.307	-5.7
11:26:40.320	-7.1
11:26:40.332	-7.0
11:26:40.340	-6.3
11:26:40.352	-3.2
11:26:40.365	-4.4
11:26:40.377	-4.2
11:26:40.385	-3.8
11:26:40.397	-5.9
11:26:40.410	-7.2
11:26:40.418	-7.4
11:26:40.430	-6.0
11:26:40.442	-6.8
11:26:40.451	-5.4
11:26:40.463	-5.9
11:26:40.475	-5.3
11:26:40.488	-3.5
11:26:40.496	-4.2
11:26:40.508	-1.7
11:26:40.520	-0.6
11:26:40.528	1.7
11:26:40.541	3.6
11:26:40.553	3.0
11:26:40.561	3.8
11:26:40.574	3.5
11:26:40.586	3.5
11:26:40.594	0.6
11:26:40.606	2.8
11:26:40.619	2.8
11:26:40.631	4.2
11:26:40.639	1.1
11:26:40.651	-0.2
11:26:40.664	0.6
11:26:40.672	-1.2
11:26:40.684	-0.4
11:26:40.696	0.0
11:26:40.705	1.0
11:26:40.717	-1.3
11:26:40.729	-1.4
11:26:40.737	-2.6
11:26:40.750	-1.6
11:26:40.762	-3.2
11:26:40.770	0.0
11:26:40.782	0.0
11:26:40.795	-1.1
11:26:40.807	-2.6
11:26:40.815	-2.5
11:26:40.827	-1.2
11:26:40.840	-1.2
11:26:40.848	-1.8
11:26:40.860	-3.5
11:26:40.872	-3.9
11:26:40.885	-9.0
11:26:40.893	-7.2
11:26:40.905	-8.5
11:26:40.918	-7.7
11:26:40.926	-8.5
11:26:40.938	-10.2
11:26:40.950	-9.2
11:26:40.959	-8.4
11:26:40.971	-7.3
11:26:40.983	-6.3
11:26:40.991	-4.1
11:26:41.004	-3.8
11:26:41.016	-3.5
11:26:41.024	-2.2
11:26:41.036	-0.9
11:26:41.049	-1.9
11:26:41.061	-3.4
11:26:41.069	-4.0
11:26:41.081	-3.6
11:26:41.094	-2.8
11:26:41.102	-1.3
11:26:41.114	-3.7
11:26:41.126	-3.8
11:26:41.139	-5.3
11:26:41.147	-5.9
11:26:41.159	-4.3
11:26:41.171	-3.6
11:26:41.180	-3.5
11:26:41.192	-4.5
11:26:41.204	-4.3
11:26:41.212	-7.6
11:26:41.225	-8.8
11:26:41.237	-6.8
11:26:41.245	-2.7
11:26:41.257	-3.0
11:26:41.270	-4.8
11:26:41.278	-5.6
11:26:41.290	-5.7
11:26:41.302	-4.2
11:26:41.315	-6.4
11:26:41.324	-5.7
11:26:41.335	-6.8
11:26:41.348	-7.9
11:26:41.356	-11.7
11:26:41.368	-10.6
11:26:41.380	-9.7
11:26:41.389	-10.6
11:26:41.401	-11.0
11:26:41.413	-13.1
11:26:41.421	-9.9
11:26:41.434	-10.9
11:26:41.446	-9.3
11:26:41.458	-11.6
11:26:41.466	-14.0
11:26:41.479	-15.6
11:26:41.491	-16.0
11:26:41.499	-15.6
11:26:41.511	-17.0
11:26:41.524	-14.7
11:26:41.532	-16.3
11:26:41.544	-15.8
11:26:41.557	-16.4
11:26:41.569	-13.0
11:26:41.577	-11.3
11:26:41.589	-10.2
11:26:41.602	-8.5
11:26:41.610	-8.8
11:26:41.622	-4.2
11:26:41.634	-5.1
11:26:41.643	-5.6
11:26:41.655	-5.6
11:26:41.667	-4.2
11:26:41.675	-3.6
11:26:41.688	-3.6
11:26:41.700	-3.0
11:26:41.708	-3.3
11:26:41.720	-3.1
11:26:41.733	-6.2
11:26:41.745	-4.6
11:26:41.753	-2.5
11:26:41.765	-2.8
11:26:41.778	-1.6
11:26:41.786	-3.9
11:26:41.798	-3.3
11:26:41.810	-3.5
11:26:41.823	-3.3
11:26:41.831	-1.9
11:26:41.843	-0.9
11:26:41.855	-1.8
11:26:41.864	-3.4
11:26:41.876	-2.6
11:26:41.888	-3.3
11:26:41.896	-2.7
11:26:41.909	-3.0
11:26:41.921	0.1
11:26:41.929	1.7
11:26:41.941	0.9
11:26:41.954	0.3
11:26:41.962	1.2
11:26:41.974	7.6
11:26:41.986	9.5
11:26:41.999	10.2
11:26:42.007	11.3
11:26:42.019	12.6
11:26:42.032	10.2
11:26:42.044	10.1
11:26:42.052	12.6
11:26:42.064	12.0
11:26:42.077	12.9
11:26:42.085	9.8
11:26:42.097	9.7
11:26:42.109	9.6
11:26:42.118	7.6
11:26:42.130	5.8
11:26:42.142	3.9
11:26:42.150	1.5
11:26:42.163	0.7
11:26:42.175	-0.7
11:26:42.187	-2.0
11:26:42.195	-4.3
11:26:42.208	-6.0
11:26:42.220	-7.3
11:26:42.228	-7.5
11:26:42.240	-3.4
11:26:42.253	-3.3
11:26:42.261	-3.0
11:26:42.273	-3.7
11:26:42.285	2.4
11:26:42.298	0.8
11:26:42.306	-0.2
11:26:42.318	1.1
11:26:42.330	2.9
11:26:42.339	4.8
11:26:42.351	2.0
11:26:42.363	2.7
11:26:42.371	2.6
11:26:42.384	2.4
11:26:42.396	-1.7
11:26:42.408	-1.4
11:26:42.416	-0.4
11:26:42.429	-0.9
11:26:42.441	-2.9
11:26:42.449	-4.1
11:26:42.461	-4.7
11:26:42.474	-4.8
11:26:42.482	-3.7
11:26:42.494	-3.9
11:26:42.507	-3.0
11:26:42.515	-2.5
11:26:42.527	-3.4
11:26:42.539	-4.5
11:26:42.552	-4.0
11:26:42.560	-1.6
11:26:42.572	-1.7
11:26:42.585	-2.6
11:26:42.593	-4.4
11:26:42.606	-3.9
11:26:42.618	-3.3
11:26:42.626	-2.6
11:26:42.639	-0.3
11:26:42.651	1.8
11:26:42.659	3.4
11:26:42.671	2.2
11:26:42.684	2.8
11:26:42.692	4.7
11:26:42.704	5.3
11:26:42.716	3.7
11:26:42.729	5.2
11:26:42.737	5.9
11:26:42.749	4.5
11:26:42.761	3.8
11:26:42.770	2.0
11:26:42.782	5.3
11:26:42.794	4.5
11:26:42.807	4.4
11:26:42.815	4.3
11:26:42.827	5.4
11:26:42.839	3.0
11:26:42.847	3.4
11:26:42.860	4.1
11:26:42.872	5.4
11:26:42.880	7.8
11:26:42.892	4.3
11:26:42.905	6.3
11:26:42.913	6.5
11:26:42.925	8.7
11:26:42.937	10.0
11:26:42.946	11.1
11:26:42.958	10.3
11:26:42.970	10.0
11:26:42.983	10.0
11:26:42.991	9.4
11:26:43.003	10.3
11:26:43.015	8.2
11:26:43.023	7.9
11:26:43.036	6.8
11:26:43.048	5.7
11:26:43.060	5.7
11:26:43.068	4.9
11:26:43.081	3.7
11:26:43.093	2.0
11:26:43.101	1.7
11:26:43.114	1.7
11:26:43.126	2.9
11:26:43.134	3.1
11:26:43.146	4.0
11:26:43.159	5.3
11:26:43.167	5.5
11:26:43.179	7.2
11:26:43.191	8.8
11:26:43.200	10.2
11:26:43.212	9.9
11:26:43.224	10.1
11:26:43.236	8.6
11:26:43.245	10.3
11:26:43.257	9.6
11:26:43.269	9.5
11:26:43.277	8.4
11:26:43.290	7.1
11:26:43.302	7.8
11:26:43.310	8.4
11:26:43.322	11.5
11:26:43.335	12.8
11:26:43.343	16.1
11:26:43.355	16.7
11:26:43.367	18.5
11:26:43.380	19.9
11:26:43.388	22.4
11:26:43.400	24.5
11:26:43.413	25.7
11:26:43.421	26.7
11:26:43.433	24.6
11:26:43.445	25.1
11:26:43.453	24.1
11:26:43.466	22.7
11:26:43.478	22.6
11:26:43.490	23.7
11:26:43.498	24.1
11:26:43.511	23.7
11:26:43.523	24.2
11:26:43.531	25.4
11:26:43.543	28.0
11:26:43.556	27.8
11:26:43.564	28.6
11:26:43.576	30.1
11:26:43.589	29.4
11:26:43.597	27.6
11:26:43.609	27.4
11:26:43.621	27.4
11:26:43.630	26.1
11:26:43.642	25.9
11:26:43.654	24.2
11:26:43.666	24.4
11:26:43.675	23.1
11:26:43.687	22.8
11:26:43.699	23.3
11:26:43.707	22.9
11:26:43.720	22.4
11:26:43.732	22.4
11:26:43.744	21.6
11:26:43.753	22.6
11:26:43.765	22.4
11:26:43.777	21.5
11:26:43.785	22.0
11:26:43.798	21.6
11:26:43.810	20.7
11:26:43.818	21.3
11:26:43.830	21.2
11:26:43.843	23.3
11:26:43.851	21.8
11:26:43.863	17.8
11:26:43.875	17.0
11:26:43.884	15.7
11:26:43.896	14.7
11:26:43.908	14.4
11:26:43.920	13.7
11:26:43.929	13.2
11:26:43.941	13.1
11:26:43.953	10.5
11:26:43.966	14.6
11:26:43.974	16.7
11:26:43.986	18.3
11:26:43.998	19.8
11:26:44.007	22.4
11:26:44.019	23.7
11:26:44.031	26.1
11:26:44.043	27.7
11:26:44.052	27.7
11:26:44.064	29.5
11:26:44.076	29.6
11:26:44.084	29.8
11:26:44.096	29.8
11:26:44.108	28.7
11:26:44.116	28.5
11:26:44.129	28.9
11:26:44.141	30.6
11:26:44.149	29.8
11:26:44.161	29.1
11:26:44.174	26.8
11:26:44.182	26.6
11:26:44.194	28.3
11:26:44.206	28.1
11:26:44.219	30.5
11:26:44.227	30.3
11:26:44.239	28.3
11:26:44.251	28.3
11:26:44.260	29.7
11:26:44.272	29.9
11:26:44.284	31.0
11:26:44.292	30.2
11:26:44.305	26.8
11:26:44.317	27.3
11:26:44.329	26.2
11:26:44.337	27.4
11:26:44.351	28.4
11:26:44.363	25.6
11:26:44.371	26.0
11:26:44.383	26.5
11:26:44.395	26.5
11:26:44.404	26.1
11:26:44.416	26.3
11:26:44.428	28.1
11:26:44.436	27.8
11:26:44.449	25.8
11:26:44.461	25.4
11:26:44.473	24.9
11:26:44.482	22.8
11:26:44.494	22.0
11:26:44.506	21.7
11:26:44.514	19.6
11:26:44.527	18.6
11:26:44.539	15.6
11:26:44.547	14.4
11:26:44.559	17.4
11:26:44.572	16.0
11:26:44.580	15.8
11:26:44.592	14.9
11:26:44.604	14.9
11:26:44.613	14.3
11:26:44.625	14.3
11:26:44.637	14.2
11:26:44.649	12.7
11:26:44.658	11.8
11:26:44.670	7.5
11:26:44.682	5.5
11:26:44.690	5.5
11:26:44.703	3.6
11:26:44.715	3.4
11:26:44.727	1.1
11:26:44.735	0.1
11:26:44.748	-0.9
11:26:44.760	-0.1
11:26:44.768	0.2
11:26:44.780	-1.7
11:26:44.793	-2.0
11:26:44.801	-1.9
11:26:44.813	-1.1
11:26:44.825	-4.1
11:26:44.834	-4.5
11:26:44.846	-5.8
11:26:44.858	-5.8
11:26:44.866	-6.5
11:26:44.879	-6.6
11:26:44.891	-6.6
11:26:44.903	-6.1
11:26:44.911	-7.3
11:26:44.924	-7.9
11:26:44.936	-8.4
11:26:44.944	-8.0
11:26:44.957	-8.6
11:26:44.969	-8.8
11:26:44.981	-9.8
11:26:44.990	-11.1
11:26:45.002	-11.1
11:26:45.014	-9.0
11:26:45.022	-9.2
11:26:45.035	-10.7
11:26:45.047	-10.4
11:26:45.055	-9.9
11:26:45.067	-9.5
11:26:45.080	-11.4
11:26:45.088	-12.2
11:26:45.100	-14.1
11:26:45.112	-15.2
11:26:45.121	-19.4
11:26:45.133	-20.7
11:26:45.145	-18.6
11:26:45.157	-17.2
11:26:45.166	-18.5
11:26:45.178	-17.9
11:26:45.190	-16.3
11:26:45.198	-15.8
11:26:45.211	-14.6
11:26:45.223	-12.1
11:26:45.231	-10.9
11:26:45.244	-12.6
11:26:45.256	-13.4
11:26:45.264	-15.5
11:26:45.276	-14.6
11:26:45.288	-14.1
11:26:45.301	-14.7
11:26:45.309	-13.7
11:26:45.321	-12.6
11:26:45.334	-12.1
11:26:45.342	-13.1
11:26:45.354	-11.0
11:26:45.366	-11.4
11:26:45.374	-8.3
11:26:45.387	-7.1
11:26:45.399	-6.3
11:26:45.411	-4.6
11:26:45.420	-4.2
11:26:45.432	-3.3
11:26:45.444	-4.3
11:26:45.452	-1.3
11:26:45.465	0.0
11:26:45.477	0.6
11:26:45.485	-0.1
11:26:45.497	2.8
11:26:45.510	4.1
11:26:45.518	6.3
11:26:45.530	4.7
11:26:45.542	5.2
11:26:45.551	5.4
11:26:45.563	5.7
11:26:45.575	5.3
11:26:45.587	6.2
11:26:45.596	6.7
11:26:45.608	4.5
11:26:45.620	4.1
11:26:45.628	3.6
11:26:45.641	4.2
11:26:45.653	4.7
11:26:45.665	6.4
11:26:45.673	5.3
11:26:45.686	5.2
11:26:45.698	4.6
11:26:45.706	5.2
11:26:45.719	6.4
11:26:45.731	8.3
11:26:45.739	7.4
11:26:45.751	9.1
11:26:45.763	11.8
11:26:45.772	11.5
11:26:45.784	13.2
11:26:45.796	16.3
11:26:45.804	18.6
11:26:45.817	21.2
11:26:45.829	21.5
11:26:45.841	21.6
11:26:45.849	22.2
11:26:45.862	24.2
11:26:45.874	23.0
11:26:45.882	25.6
11:26:45.895	26.4
11:26:45.907	27.1
11:26:45.919	27.1
11:26:45.927	25.3
11:26:45.940	25.8
11:26:45.952	23.9
11:26:45.964	24.7
11:26:45.972	25.1
11:26:45.985	26.5
11:26:45.997	24.6
11:26:46.005	25.3
11:26:46.017	25.1
11:26:46.030	24.5
11:26:46.038	27.2
11:26:46.050	26.9
11:26:46.062	30.4
11:26:46.071	30.7
11:26:46.083	29.7
11:26:46.095	26.9
11:26:46.103	27.5
11:26:46.116	28.4
11:26:46.128	27.7
11:26:46.140	29.6
11:26:46.148	27.3
11:26:46.161	28.7
11:26:46.173	26.7
11:26:46.181	26.5
11:26:46.193	24.6
11:26:46.206	27.9
11:26:46.214	27.3
11:26:46.226	25.7
11:26:46.239	25.9
11:26:46.251	25.9
11:26:46.259	25.2
11:26:46.271	23.2
11:26:46.283	22.5
11:26:46.292	22.8
11:26:46.304	26.3
11:26:46.316	25.3
11:26:46.324	25.1
11:26:46.337	26.5
11:26:46.349	25.9
11:26:46.357	25.5
11:26:46.370	26.8
11:26:46.382	27.2
11:26:46.394	27.2
11:26:46.402	26.9
11:26:46.415	24.0
11:26:46.427	22.0
11:26:46.435	22.3
11:26:46.447	20.6
11:26:46.460	22.5
11:26:46.468	24.1
11:26:46.480	23.7
11:26:46.492	23.3
11:26:46.501	25.0
11:26:46.513	24.5
11:26:46.525	26.3
11:26:46.533	26.1
11:26:46.546	25.8
11:26:46.558	26.8
11:26:46.570	23.9
11:26:46.578	22.9
11:26:46.591	21.5
11:26:46.603	21.3
11:26:46.611	19.1
11:26:46.623	22.7
11:26:46.636	21.9
11:26:46.648	23.6
11:26:46.656	23.4
11:26:46.669	23.3
11:26:46.681	24.3
11:26:46.689	22.6
11:26:46.701	21.1
11:26:46.713	24.6
11:26:46.722	23.4
11:26:46.734	19.3
11:26:46.746	17.5
11:26:46.754	16.8
11:26:46.767	15.9
11:26:46.779	14.8
11:26:46.787	15.9
11:26:46.799	14.6
11:26:46.812	17.5
11:26:46.824	14.1
11:26:46.832	15.3
11:26:46.845	16.4
11:26:46.857	17.5
11:26:46.865	17.0
11:26:46.877	18.3
11:26:46.890	18.8
11:26:46.902	18.5
11:26:46.910	18.2
11:26:46.922	18.0
11:26:46.935	18.2
11:26:46.943	17.9
11:26:46.955	18.2
11:26:46.967	17.8
11:26:46.976	17.1
11:26:46.988	17.6
11:26:47.000	16.4
11:26:47.008	15.0
11:26:47.021	17.1
11:26:47.033	16.3
11:26:47.041	15.7
11:26:47.053	17.3
11:26:47.066	17.0
11:26:47.078	18.9
11:26:47.086	19.3
11:26:47.098	17.8
11:26:47.111	17.6
11:26:47.119	16.0
11:26:47.131	15.6
11:26:47.143	15.8
11:26:47.152	15.2
11:26:47.164	13.2
11:26:47.176	12.3
11:26:47.184	10.6
11:26:47.197	12.0
11:26:47.209	12.8
11:26:47.221	12.4
11:26:47.229	13.4
11:26:47.242	13.1
11:26:47.254	13.8
11:26:47.262	14.5
11:26:47.274	15.2
11:26:47.287	16.6
11:26:47.295	15.6
11:26:47.307	14.3
11:26:47.320	13.6
11:26:47.332	14.9
11:26:47.340	15.3
11:26:47.352	14.3
11:26:47.365	13.7
11:26:47.373	12.9
11:26:47.385	11.7
11:26:47.397	9.9
11:26:47.406	10.9
11:26:47.418	10.7
11:26:47.430	10.4
11:26:47.438	10.3
11:26:47.451	11.5
11:26:47.463	12.0
11:26:47.471	11.6
11:26:47.483	12.8
11:26:47.496	14.8
11:26:47.508	14.9
11:26:47.516	15.4
11:26:47.528	13.5
11:26:47.541	14.4
11:26:47.549	13.7
11:26:47.561	11.7
11:26:47.573	10.8
11:26:47.586	10.0
11:26:47.594	7.9
11:26:47.606	6.7
11:26:47.618	4.9
11:26:47.627	2.6
11:26:47.639	2.6
11:26:47.651	1.9
11:26:47.659	0.6
11:26:47.672	-1.2
11:26:47.684	-1.0
11:26:47.692	-1.5
11:26:47.704	0.6
11:26:47.717	-0.3
11:26:47.725	0.0
11:26:47.737	2.8
11:26:47.749	4.9
11:26:47.762	3.8
11:26:47.770	4.0
11:26:47.782	7.1
11:26:47.795	6.5
11:26:47.803	6.7
11:26:47.816	5.4
11:26:47.828	4.8
11:26:47.836	4.6
11:26:47.848	1.1
11:26:47.861	-0.9
11:26:47.873	-2.8
11:26:47.881	-2.4
11:26:47.893	-5.0
11:26:47.906	-5.2
11:26:47.914	-6.3
11:26:47.926	-6.8
11:26:47.938	-5.2
11:26:47.947	-6.9
11:26:47.959	-6.8
11:26:47.971	-6.5
11:26:47.979	-7.7
11:26:47.992	-9.4
11:26:48.004	-10.6
11:26:48.016	-11.0
11:26:48.024	-11.5
11:26:48.037	-12.5
11:26:48.049	-14.7
11:26:48.061	-14.9
11:26:48.069	-14.9
11:26:48.082	-16.3
11:26:48.094	-15.2
11:26:48.102	-15.3
11:26:48.115	-16.5
11:26:48.127	-17.9
11:26:48.135	-17.0
11:26:48.147	-19.2
11:26:48.160	-20.1
11:26:48.172	-19.0
11:26:48.180	-20.8
11:26:48.193	-20.7
11:26:48.205	-20.9
11:26:48.213	-21.5
11:26:48.225	-21.3
11:26:48.237	-21.0
11:26:48.245	-21.7
11:26:48.258	-22.3
11:26:48.270	-21.7
11:26:48.278	-21.1
11:26:48.291	-19.5
11:26:48.303	-20.0
11:26:48.315	-20.2
11:26:48.324	-18.5
11:26:48.336	-15.8
11:26:48.348	-15.9
11:26:48.356	-16.6
11:26:48.368	-16.3
11:26:48.381	-17.7
11:26:48.389	-18.9
11:26:48.401	-18.3
11:26:48.414	-18.0
11:26:48.422	-17.7
11:26:48.434	-18.5
11:26:48.446	-20.3
11:26:48.455	-18.5
11:26:48.467	-17.8
11:26:48.479	-13.6
11:26:48.491	-12.2
11:26:48.500	-12.2
11:26:48.512	-13.0
11:26:48.524	-12.3
11:26:48.532	-11.1
11:26:48.545	-10.8
11:26:48.557	-8.8
11:26:48.569	-9.2
11:26:48.578	-9.6
11:26:48.590	-10.5
11:26:48.602	-11.0
11:26:48.610	-11.0
11:26:48.623	-11.6
11:26:48.635	-10.8
11:26:48.643	-9.9
11:26:48.655	-7.6
11:26:48.668	-7.8
11:26:48.676	-7.8
11:26:48.688	-6.2
11:26:48.700	-5.8
11:26:48.709	-5.1
11:26:48.721	-2.7
11:26:48.733	-1.7
11:26:48.745	-2.7
11:26:48.754	-1.8
11:26:48.766	-3.1
11:26:48.778	-1.2
11:26:48.786	-0.9
11:26:48.799	-1.3
11:26:48.811	-1.7
11:26:48.822	2.6
11:26:48.831	1.5
11:26:48.843	3.3
11:26:48.855	4.8
11:26:48.863	3.4
11:26:48.876	4.0
11:26:48.888	3.9
11:26:48.896	6.9
11:26:48.909	6.2
11:26:48.921	8.6
11:26:48.929	5.5
11:26:48.941	5.7
11:26:48.954	5.2
11:26:48.962	4.9
11:26:48.974	7.5
11:26:48.986	7.2
11:26:48.999	4.3
11:26:49.007	2.1
11:26:49.019	4.3
11:26:49.031	0.7
11:26:49.040	0.4
11:26:49.052	0.4
11:26:49.064	0.3
11:26:49.072	3.8
11:26:49.085	1.4
11:26:49.097	4.4
11:26:49.105	4.7
11:26:49.117	5.7
11:26:49.130	6.1
11:26:49.142	7.2
11:26:49.150	7.7
11:26:49.162	10.4
11:26:49.175	9.5
11:26:49.183	6.3
11:26:49.195	8.8
11:26:49.207	5.5
11:26:49.216	5.8
11:26:49.228	3.9
11:26:49.240	2.1
11:26:49.252	2.4
11:26:49.261	2.4
11:26:49.273	0.6
11:26:49.285	1.8
11:26:49.294	6.9
11:26:49.306	5.4
11:26:49.318	5.9
11:26:49.326	8.0
11:26:49.339	9.0
11:26:49.351	9.0
11:26:49.359	9.4
11:26:49.371	9.8
11:26:49.384	8.8
11:26:49.392	8.6
11:26:49.404	4.1
11:26:49.416	4.2
11:26:49.429	5.5
11:26:49.437	3.3
11:26:49.449	2.9
11:26:49.462	3.2
11:26:49.470	3.8
11:26:49.482	2.7
11:26:49.494	3.9
11:26:49.507	2.5
11:26:49.515	2.6
11:26:49.527	3.3
11:26:49.540	0.9
11:26:49.548	3.3
11:26:49.560	2.4
11:26:49.572	3.2
11:26:49.581	2.2
11:26:49.593	3.1
11:26:49.605	2.3
11:26:49.613	2.9
11:26:49.626	2.8
11:26:49.638	1.7
11:26:49.646	3.1
11:26:49.658	1.5
11:26:49.671	1.8
11:26:49.683	2.5
11:26:49.691	4.5
11:26:49.703	4.5
11:26:49.716	5.3
11:26:49.724	4.5
11:26:49.736	4.2
11:26:49.749	4.1
11:26:49.757	4.7
11:26:49.769	5.9
11:26:49.781	6.8
11:26:49.794	5.9
11:26:49.802	3.2
11:26:49.814	5.4
11:26:49.826	4.0
11:26:49.834	6.7
11:26:49.847	7.0
11:26:49.859	5.2
11:26:49.867	4.3
11:26:49.880	0.9
11:26:49.892	0.3
11:26:49.900	-0.2
11:26:49.912	0.7
11:26:49.925	-2.1
11:26:49.937	-1.4
11:26:49.945	-3.2
11:26:49.957	-5.6
11:26:49.970	-3.8
11:26:49.978	-3.7
11:26:49.990	-1.5
11:26:50.003	-1.7
11:26:50.011	-1.5
11:26:50.023	0.3
11:26:50.035	1.2
11:26:50.043	1.1
11:26:50.056	3.3
11:26:50.068	5.1
11:26:50.080	7.4
11:26:50.089	8.0
11:26:50.101	10.0
11:26:50.113	11.4
11:26:50.125	12.8
11:26:50.133	11.9
11:26:50.146	12.6
11:26:50.158	13.4
11:26:50.166	10.9
11:26:50.178	10.8
11:26:50.191	8.4
11:26:50.199	8.7
11:26:50.211	7.7
11:26:50.223	7.9
11:26:50.236	7.0
11:26:50.244	6.5
11:26:50.256	5.5
11:26:50.268	5.6
11:26:50.277	6.5
11:26:50.289	5.9
11:26:50.301	6.7
11:26:50.309	6.0
11:26:50.322	6.0
11:26:50.334	6.3
11:26:50.342	4.6
11:26:50.355	5.7
11:26:50.367	6.5
11:26:50.375	5.5
11:26:50.387	4.9
11:26:50.400	4.3
11:26:50.412	3.3
11:26:50.420	2.9
11:26:50.432	2.6
11:26:50.445	2.2
11:26:50.453	4.1
11:26:50.465	1.3
11:26:50.477	-1.2
11:26:50.490	-3.5
11:26:50.498	-3.5
11:26:50.510	-3.5
11:26:50.522	-2.2
11:26:50.531	-2.7
11:26:50.543	-5.1
11:26:50.555	-5.9
11:26:50.563	-7.6
11:26:50.576	-8.6
11:26:50.588	-6.5
11:26:50.596	-1.8
11:26:50.609	-3.0
11:26:50.621	-3.8
11:26:50.629	-4.4
11:26:50.641	-5.1
11:26:50.653	-3.6
11:26:50.666	-4.9
11:26:50.674	-2.5
11:26:50.686	-1.4
11:26:50.698	-3.5
11:26:50.707	-5.7
11:26:50.719	-4.6
11:26:50.731	-4.0
11:26:50.744	-6.6
11:26:50.752	-6.1
11:26:50.764	-7.4
11:26:50.776	-6.1
11:26:50.785	-9.3
11:26:50.797	-10.8
11:26:50.809	-10.7
11:26:50.817	-10.6
11:26:50.830	-11.3
11:26:50.842	-9.6
11:26:50.850	-9.4
11:26:50.863	-10.2
11:26:50.875	-9.1
11:26:50.883	-11.1
11:26:50.895	-10.9
11:26:50.908	-8.3
11:26:50.920	-8.6
11:26:50.928	-9.9
11:26:50.940	-10.4
11:26:50.953	-14.3
11:26:50.961	-14.0
11:26:50.973	-13.8
11:26:50.986	-15.3
11:26:50.994	-14.0
11:26:51.006	-16.8
11:26:51.018	-17.7
11:26:51.027	-17.3
11:26:51.039	-17.9
11:26:51.051	-18.2
11:26:51.063	-17.1
11:26:51.072	-17.0
11:26:51.084	-18.4
11:26:51.096	-16.5
11:26:51.104	-17.4
11:26:51.117	-12.8
11:26:51.129	-15.0
11:26:51.137	-16.5
11:26:51.149	-17.3
11:26:51.162	-16.4
11:26:51.174	-14.8
11:26:51.182	-13.0
11:26:51.195	-13.0
11:26:51.207	-16.9
11:26:51.215	-19.1
11:26:51.227	-20.1
11:26:51.239	-18.7
11:26:51.248	-18.7
11:26:51.260	-18.2
11:26:51.272	-20.2
11:26:51.280	-20.9
11:26:51.293	-22.3
11:26:51.305	-21.1
11:26:51.313	-19.1
11:26:51.325	-17.0
11:26:51.338	-17.1
11:26:51.350	-17.7
11:26:51.358	-15.6
11:26:51.370	-16.0
11:26:51.383	-13.2
11:26:51.391	-14.0
11:26:51.403	-12.5
11:26:51.415	-12.6
11:26:51.428	-14.2
11:26:51.436	-13.8
11:26:51.448	-13.9
11:26:51.460	-12.9
11:26:51.469	-13.0
11:26:51.481	-10.8
11:26:51.493	-10.1
11:26:51.501	-9.2
11:26:51.514	-10.1
11:26:51.526	-6.3
11:26:51.534	-3.1
11:26:51.546	-1.9
11:26:51.559	-2.3
11:26:51.567	-1.7
11:26:51.579	-1.5
11:26:51.591	1.0
11:26:51.604	1.1
11:26:51.612	1.7
11:26:51.624	2.2
11:26:51.637	0.8
11:26:51.645	1.7
11:26:51.657	2.4
11:26:51.669	4.0
11:26:51.678	6.2
11:26:51.690	6.4
11:26:51.702	7.7
11:26:51.714	8.7
11:26:51.723	11.6
11:26:51.735	12.1
11:26:51.747	9.7
11:26:51.755	10.9
11:26:51.768	11.8
11:26:51.780	13.3
11:26:51.788	13.1
11:26:51.800	13.4
11:26:51.813	11.1
11:26:51.821	10.0
11:26:51.833	10.9
11:26:51.845	13.0
11:26:51.858	17.1
11:26:51.866	15.5
11:26:51.878	16.7
11:26:51.890	16.0
11:26:51.903	15.2
11:26:51.911	18.7
11:26:51.923	18.8
11:26:51.935	20.0
11:26:51.944	17.6
11:26:51.956	17.8
11:26:51.968	15.7
11:26:51.976	18.0
11:26:51.989	16.7
11:26:52.001	17.6
11:26:52.013	16.3
11:26:52.021	14.2
11:26:52.034	15.2
11:26:52.046	15.7
11:26:52.054	17.5
11:26:52.067	15.7
11:26:52.079	17.9
11:26:52.087	18.1
11:26:52.099	20.5
11:26:52.112	22.7
11:26:52.120	26.0
11:26:52.132	26.4
11:26:52.144	26.0
11:26:52.157	24.9
11:26:52.165	23.5
11:26:52.177	25.6
11:26:52.190	24.3
11:26:52.198	24.1
11:26:52.210	22.6
11:26:52.222	21.6
11:26:52.231	21.6
11:26:52.243	21.6
11:26:52.255	21.5
11:26:52.263	23.4
11:26:52.276	23.9
11:26:52.288	25.2
11:26:52.296	27.3
11:26:52.308	27.6
11:26:52.321	27.8
11:26:52.333	26.6
11:26:52.341	26.1
11:26:52.353	27.2
11:26:52.366	27.9
11:26:52.374	29.6
11:26:52.386	30.3
11:26:52.398	29.6
11:26:52.411	28.7
11:26:52.419	28.5
11:26:52.431	29.9
11:26:52.443	30.3
11:26:52.452	31.1
11:26:52.464	30.7
11:26:52.476	29.9
11:26:52.484	29.6
11:26:52.497	29.9
11:26:52.509	29.9
11:26:52.517	32.4
11:26:52.529	34.8
11:26:52.542	31.6
11:26:52.550	31.7
11:26:52.562	31.6
11:26:52.575	30.9
11:26:52.587	31.1
11:26:52.595	29.6
11:26:52.607	26.8
11:26:52.620	25.2
11:26:52.628	23.8
11:26:52.640	21.4
11:26:52.652	21.7
11:26:52.665	21.9
11:26:52.673	22.1
11:26:52.685	22.3
11:26:52.697	22.7
11:26:52.706	22.0
11:26:52.718	25.2
11:26:52.730	24.9
11:26:52.738	24.0
11:26:52.751	24.8
11:26:52.763	27.1
11:26:52.771	27.7
11:26:52.783	27.2
11:26:52.796	27.7
11:26:52.804	28.8
11:26:52.816	28.6
11:26:52.829	27.6
11:26:52.841	28.3
11:26:52.849	27.3
11:26:52.861	26.7
11:26:52.873	25.1
11:26:52.882	24.4
11:26:52.894	23.7
11:26:52.906	23.1
11:26:52.914	21.6
11:26:52.927	21.0
11:26:52.939	21.7
11:26:52.947	20.3
11:26:52.960	20.9
11:26:52.972	21.0
11:26:52.984	22.5
11:26:52.992	23.2
11:26:53.004	25.4
11:26:53.017	23.6
11:26:53.025	23.5
11:26:53.037	24.1
11:26:53.050	22.1
11:26:53.058	22.1
11:26:53.070	21.8
11:26:53.082	20.6
11:26:53.095	19.3
11:26:53.103	18.1
11:26:53.115	15.2
11:26:53.127	17.5
11:26:53.136	16.9
11:26:53.148	15.7
11:26:53.160	14.8
11:26:53.168	15.5
11:26:53.181	15.3
11:26:53.193	15.5
11:26:53.201	13.3
11:26:53.213	11.2
11:26:53.226	10.0
11:26:53.234	9.2
11:26:53.246	9.5
11:26:53.258	7.7
11:26:53.271	9.1
11:26:53.279	7.0
11:26:53.291	5.1
11:26:53.303	4.1
11:26:53.312	4.0
11:26:53.324	3.2
11:26:53.336	3.8
11:26:53.348	1.7
11:26:53.357	-0.2
11:26:53.369	1.2
11:26:53.381	-1.0
11:26:53.389	-1.7
11:26:53.403	-2.5
11:26:53.415	-2.3
11:26:53.423	-3.7
11:26:53.435	-3.5
11:26:53.448	-4.5
11:26:53.456	-5.0
11:26:53.468	-6.0
11:26:53.480	-6.4
11:26:53.489	-5.4
11:26:53.501	-4.1
11:26:53.513	-3.5
11:26:53.526	-5.6
11:26:53.534	-6.8
11:26:53.546	-7.6
11:26:53.558	-9.1
11:26:53.566	-9.5
11:26:53.579	-10.5
11:26:53.591	-11.6
11:26:53.599	-13.3
11:26:53.612	-16.0
11:26:53.624	-18.8
11:26:53.636	-20.5
11:26:53.644	-19.1
11:26:53.657	-19.5
11:26:53.669	-19.5
11:26:53.677	-19.8
11:26:53.689	-19.0
11:26:53.702	-19.0
11:26:53.710	-18.0
11:26:53.722	-17.4
11:26:53.734	-14.5
11:26:53.743	-13.0
11:26:53.755	-14.5
11:26:53.767	-15.9
11:26:53.779	-16.9
11:26:53.788	-17.2
11:26:53.800	-20.2
11:26:53.812	-19.6
11:26:53.820	-21.8
11:26:53.833	-21.8
11:26:53.845	-23.3
11:26:53.857	-23.6
11:26:53.865	-23.5
11:26:53.878	-21.9
11:26:53.890	-21.4
11:26:53.898	-23.4
11:26:53.910	-18.5
11:26:53.923	-21.3
11:26:53.935	-20.3
11:26:53.943	-22.0
11:26:53.955	-24.2
11:26:53.968	-28.4
11:26:53.976	-30.5
11:26:53.988	-32.3
11:26:54.000	-33.5
11:26:54.009	-32.3
11:26:54.021	-37.1
11:26:54.033	-38.0
11:26:54.041	-38.0
11:26:54.054	-36.1
11:26:54.066	-34.2
11:26:54.078	-32.0
11:26:54.087	-32.3
11:26:54.099	-32.1
11:26:54.111	-31.1
11:26:54.119	-34.3
11:26:54.132	-32.4
11:26:54.144	-31.3
11:26:54.152	-31.8
11:26:54.164	-32.2
11:26:54.177	-31.6
11:26:54.185	-29.0
11:26:54.197	-26.7
11:26:54.209	-26.2
11:26:54.218	-23.6
11:26:54.230	-19.0
11:26:54.242	-17.4
11:26:54.254	-16.9
11:26:54.263	-16.9
11:26:54.275	-15.8
11:26:54.287	-14.3
11:26:54.295	-14.8
11:26:54.308	-13.7
11:26:54.320	-11.1
11:26:54.332	-11.6
11:26:54.340	-11.5
11:26:54.353	-9.0
11:26:54.365	-7.9
11:26:54.373	-5.6
11:26:54.385	-5.8
11:26:54.398	-6.1
11:26:54.406	-5.1
11:26:54.418	-5.4
11:26:54.430	-5.9
11:26:54.439	-7.2
11:26:54.451	-6.4
11:26:54.463	-8.2
11:26:54.471	-9.2
11:26:54.484	-9.7
11:26:54.496	-11.4
11:26:54.508	-11.5
11:26:54.517	-12.8
11:26:54.529	-11.8
11:26:54.541	-12.0
11:26:54.549	-9.8
11:26:54.561	-10.5
11:26:54.574	-10.1
11:26:54.586	-7.0
11:26:54.594	-5.1
11:26:54.607	-2.4
11:26:54.619	-2.3
11:26:54.627	-0.1
11:26:54.639	3.3
11:26:54.652	6.0
11:26:54.660	5.1
11:26:54.672	6.9
11:26:54.684	4.1
11:26:54.693	3.7
11:26:54.705	3.1
11:26:54.717	3.8
11:26:54.725	5.0
11:26:54.738	5.0
11:26:54.750	2.2
11:26:54.762	0.3
11:26:54.771	-0.1
11:26:54.783	-2.5
11:26:54.795	-0.4
11:26:54.803	-0.2
11:26:54.816	-0.1
11:26:54.828	-0.6
11:26:54.836	-2.4
11:26:54.848	-1.9
11:26:54.861	-2.2
11:26:54.869	-5.0
11:26:54.881	-6.1
11:26:54.893	-5.9
11:26:54.906	-5.5
11:26:54.914	-7.3
11:26:54.926	-9.1
11:26:54.938	-10.1
11:26:54.947	-9.1
11:26:54.959	-10.8
11:26:54.971	-9.0
11:26:54.979	-6.4
11:26:54.992	-2.3
11:26:55.004	-1.8
11:26:55.016	-2.1
11:26:55.024	-1.0
11:26:55.037	-1.0
11:26:55.049	-0.5
11:26:55.057	0.7
11:26:55.069	0.2
11:26:55.082	-0.3
11:26:55.090	0.0
11:26:55.102	-1.6
11:26:55.115	0.0
11:26:55.123	0.0
11:26:55.135	-0.6
11:26:55.147	1.6
11:26:55.155	2.0
11:26:55.168	0.7
11:26:55.180	2.7
11:26:55.192	3.7
11:26:55.200	3.6
11:26:55.213	4.7
11:26:55.225	5.2
11:26:55.233	8.4
11:26:55.246	11.4
11:26:55.258	12.2
11:26:55.270	12.8
11:26:55.278	15.1
11:26:55.291	14.9
11:26:55.303	14.1
11:26:55.311	14.2
11:26:55.323	13.6
11:26:55.336	13.8
11:26:55.344	12.8
11:26:55.356	15.3
11:26:55.368	15.1
11:26:55.377	16.2
11:26:55.389	14.5
11:26:55.401	17.2
11:26:55.409	18.7
11:26:55.422	20.5
11:26:55.434	22.6
11:26:55.446	22.9
11:26:55.454	23.1
11:26:55.467	20.7
11:26:55.479	20.4
11:26:55.487	22.2
11:26:55.499	24.1
11:26:55.512	23.4
11:26:55.520	23.0
11:26:55.532	22.8
11:26:55.544	21.8
11:26:55.557	23.4
11:26:55.565	21.9
11:26:55.577	21.3
11:26:55.590	25.3
11:26:55.598	24.7
11:26:55.610	24.4
11:26:55.622	22.8
11:26:55.630	22.5
11:26:55.643	22.2
11:26:55.655	22.1
11:26:55.663	21.0
11:26:55.675	24.5
11:26:55.688	25.2
11:26:55.700	22.0
11:26:55.708	23.2
11:26:55.721	24.0
11:26:55.733	25.4
11:26:55.741	26.5
11:26:55.753	27.3
11:26:55.766	27.7
11:26:55.774	27.4
11:26:55.786	24.3
11:26:55.798	26.1
11:26:55.807	26.7
11:26:55.819	24.0
11:26:55.831	22.9
11:26:55.843	23.3
11:26:55.856	22.7
11:26:55.864	22.9
11:26:55.876	22.7
11:26:55.888	22.6
11:26:55.897	24.1
11:26:55.909	22.7
11:26:55.921	23.2
11:26:55.929	22.5
11:26:55.942	22.8
11:26:55.954	23.1
11:26:55.962	23.7
11:26:55.974	24.5
11:26:55.987	23.8
11:26:55.999	24.3
11:26:56.007	24.1
11:26:56.020	24.2
11:26:56.032	23.2
11:26:56.040	25.0
11:26:56.052	26.1
11:26:56.064	24.3
11:26:56.073	23.9
11:26:56.085	22.4
11:26:56.097	22.7
11:26:56.106	22.9
11:26:56.118	23.3
11:26:56.130	23.6
11:26:56.138	23.1
11:26:56.150	24.1
11:26:56.163	23.7
11:26:56.175	25.2
11:26:56.183	24.5
11:26:56.196	25.1
11:26:56.208	26.4
11:26:56.216	26.0
11:26:56.228	25.8
11:26:56.241	26.3
11:26:56.253	23.9
11:26:56.261	21.7
11:26:56.273	23.3
11:26:56.286	22.9
11:26:56.294	23.0
11:26:56.306	22.3
11:26:56.318	19.9
11:26:56.327	21.4
11:26:56.339	20.4
11:26:56.351	20.7
11:26:56.359	22.7
11:26:56.372	23.2
11:26:56.384	20.7
11:26:56.392	21.1
11:26:56.404	22.0
11:26:56.417	21.7
11:26:56.429	24.2
11:26:56.437	22.7
11:26:56.449	24.0
11:26:56.462	22.1
11:26:56.470	23.5
11:26:56.482	22.3
11:26:56.494	21.0
11:26:56.507	19.8
11:26:56.515	17.8
11:26:56.527	15.8
11:26:56.539	13.0
11:26:56.548	12.0
11:26:56.560	9.8
11:26:56.572	8.6
11:26:56.580	5.2
11:26:56.593	5.4
11:26:56.605	4.9
11:26:56.613	3.8
11:26:56.626	2.8
11:26:56.638	1.7
11:26:56.646	2.7
11:26:56.658	1.4
11:26:56.671	1.1
11:26:56.683	0.7
11:26:56.691	0.7
11:26:56.703	0.0
11:26:56.716	-0.1
11:26:56.724	-1.3
11:26:56.736	-1.4
11:26:56.748	0.9
11:26:56.757	-1.7
11:26:56.769	-1.3
11:26:56.781	-2.9
11:26:56.789	-3.0
11:26:56.802	-2.9
11:26:56.814	-3.6
11:26:56.826	-6.7
11:26:56.834	-6.9
11:26:56.847	-7.6
11:26:56.859	-9.8
11:26:56.867	-8.5
11:26:56.880	-10.7
11:26:56.892	-11.4
11:26:56.900	-13.6
11:26:56.912	-16.1
11:26:56.924	-17.4
11:26:56.937	-17.7
11:26:56.945	-17.7
11:26:56.957	-19.5
11:26:56.969	-18.8
11:26:56.978	-20.9
11:26:56.990	-20.1
11:26:57.002	-20.3
11:26:57.010	-19.3
11:26:57.023	-18.5
11:26:57.035	-20.5
11:26:57.043	-20.3
11:26:57.055	-22.5
11:26:57.068	-22.0
11:26:57.076	-22.5
11:26:57.088	-19.7
11:26:57.100	-21.0
11:26:57.113	-20.1
11:26:57.121	-22.8
11:26:57.133	-23.0
11:26:57.146	-21.2
11:26:57.154	-20.8
11:26:57.166	-19.3
11:26:57.178	-18.8
11:26:57.191	-19.2
11:26:57.199	-21.6
11:26:57.211	-23.2
11:26:57.223	-22.6
11:26:57.232	-22.4
11:26:57.244	-22.6
11:26:57.256	-22.6
11:26:57.264	-22.7
11:26:57.277	-23.6
11:26:57.289	-22.8
11:26:57.297	-25.3
11:26:57.309	-27.8
11:26:57.322	-24.2
11:26:57.330	-25.9
11:26:57.342	-24.3
11:26:57.354	-24.3
11:26:57.367	-24.2
11:26:57.375	-24.0
11:26:57.387	-23.4
11:26:57.399	-23.7
11:26:57.408	-20.3
11:26:57.420	-18.1
11:26:57.432	-20.0
11:26:57.440	-19.4
11:26:57.453	-17.6
11:26:57.465	-16.1
11:26:57.477	-14.6
11:26:57.485	-13.5
11:26:57.498	-12.3
11:26:57.510	-12.4
11:26:57.518	-13.1
11:26:57.530	-11.5
11:26:57.543	-11.2
11:26:57.551	-8.8
11:26:57.563	-8.7
11:26:57.576	-8.5
11:26:57.584	-9.3
11:26:57.596	-9.5
11:26:57.608	-9.5
11:26:57.621	-7.4
11:26:57.629	-4.5
11:26:57.641	-4.6
11:26:57.653	-2.9
11:26:57.661	-3.6
11:26:57.674	-1.5
11:26:57.686	-0.6
11:26:57.694	1.2
11:26:57.707	4.1
11:26:57.719	5.6
11:26:57.727	4.9
11:26:57.739	4.9
11:26:57.752	5.1
11:26:57.764	6.3
11:26:57.772	7.2
11:26:57.785	5.7
11:26:57.797	5.9
11:26:57.806	5.8
11:26:57.818	3.2
11:26:57.831	2.9
11:26:57.839	6.1
11:26:57.851	4.3
11:26:57.863	5.3
11:26:57.875	5.9
11:26:57.884	6.1
11:26:57.896	7.4
11:26:57.908	8.2
11:26:57.916	8.6
11:26:57.929	10.7
11:26:57.941	12.8
11:26:57.953	10.2
11:26:57.962	11.7
11:26:57.974	11.3
11:26:57.986	13.1
11:26:57.994	13.4
11:26:58.006	14.7
11:26:58.019	16.5
11:26:58.027	16.6
11:26:58.039	17.8
11:26:58.052	16.8
11:26:58.060	21.1
11:26:58.072	23.6
11:26:58.084	26.1
11:26:58.096	27.1
11:26:58.105	27.6
11:26:58.117	27.3
11:26:58.129	26.1
11:26:58.138	27.1
11:26:58.150	25.5
11:26:58.162	25.5
11:26:58.174	25.3
11:26:58.183	22.6
11:26:58.195	21.5
11:26:58.207	18.7
11:26:58.215	19.9
11:26:58.228	21.1
11:26:58.240	20.4
11:26:58.248	22.2
11:26:58.260	25.7
11:26:58.273	27.7
11:26:58.281	24.6
11:26:58.293	26.8
11:26:58.305	28.8
11:26:58.314	31.5
11:26:58.326	31.4
11:26:58.338	29.7
11:26:58.350	34.2
11:26:58.359	32.6
11:26:58.371	31.5
11:26:58.383	31.3
11:26:58.391	30.8
11:26:58.404	30.0
11:26:58.416	29.6
11:26:58.428	29.6
11:26:58.436	28.5
11:26:58.449	27.9
11:26:58.461	25.3
11:26:58.469	26.5
11:26:58.481	27.6
11:26:58.494	26.5
11:26:58.502	28.7
11:26:58.514	29.6
11:26:58.527	30.4
11:26:58.535	27.7
11:26:58.547	28.9
11:26:58.559	29.5
11:26:58.567	29.0
11:26:58.580	30.0
11:26:58.592	27.3
11:26:58.604	27.1
11:26:58.613	26.9
11:26:58.625	25.9
11:26:58.637	24.0
11:26:58.645	23.2
11:26:58.658	23.6
11:26:58.670	28.2
11:26:58.678	28.6
11:26:58.690	26.7
11:26:58.703	29.4
11:26:58.711	29.6
11:26:58.722	29.7
11:26:58.735	29.2
11:26:58.747	30.3
11:26:58.755	31.7
11:26:58.767	31.8
11:26:58.780	27.3
11:26:58.788	26.1
11:26:58.800	25.9
11:26:58.812	25.4
11:26:58.821	25.9
11:26:58.833	25.1
11:26:58.845	25.4
11:26:58.857	23.5
11:26:58.866	24.9
11:26:58.879	24.6
11:26:58.891	24.4
11:26:58.899	24.6
11:26:58.912	23.4
11:26:58.924	22.9
11:26:58.932	22.1
11:26:58.944	22.8
11:26:58.957	24.5
11:26:58.965	25.6
11:26:58.977	25.2
11:26:58.990	26.6
11:26:58.998	25.7
11:26:59.010	26.3
11:26:59.022	26.1
11:26:59.035	24.1
11:26:59.043	24.8
11:26:59.055	22.9
11:26:59.067	21.3
11:26:59.076	21.2
11:26:59.088	20.3
11:26:59.100	18.5
11:26:59.112	18.6
11:26:59.121	18.4
11:26:59.133	18.7
11:26:59.145	22.3
11:26:59.153	21.4
11:26:59.166	22.7
11:26:59.178	22.4
11:26:59.186	24.0
11:26:59.198	24.0
11:26:59.211	24.1
11:26:59.219	24.7
11:26:59.231	25.0
11:26:59.243	25.9
11:26:59.252	23.1
11:26:59.264	23.2
11:26:59.276	23.6
11:26:59.288	26.1
11:26:59.297	23.6
11:26:59.309	24.3
11:26:59.321	24.2
11:26:59.329	22.8
11:26:59.342	22.2
11:26:59.354	21.5
11:26:59.362	22.0
11:26:59.374	21.1
11:26:59.387	20.1
11:26:59.399	17.1
11:26:59.407	19.5
11:26:59.419	18.9
11:26:59.432	17.2
11:26:59.440	18.0
11:26:59.452	17.6
11:26:59.465	17.7
11:26:59.473	16.4
11:26:59.485	16.9
11:26:59.497	16.9
11:26:59.505	17.5
11:26:59.518	17.1
11:26:59.530	15.2
11:26:59.542	15.5
11:26:59.551	15.4
11:26:59.563	15.4
11:26:59.575	15.4
11:26:59.583	16.7
11:26:59.596	15.2
11:26:59.608	15.0
11:26:59.616	14.1
11:26:59.629	11.9
11:26:59.641	12.8
11:26:59.649	13.0
11:26:59.661	12.7
11:26:59.673	12.9
11:26:59.686	12.4
11:26:59.694	12.4
11:26:59.706	12.9
11:26:59.718	11.8
11:26:59.727	11.1
11:26:59.739	10.4
11:26:59.751	10.7
11:26:59.759	9.9
11:26:59.772	9.9
11:26:59.784	9.5
11:26:59.796	9.7
11:26:59.804	7.7
11:26:59.817	8.3
11:26:59.829	8.4
11:26:59.837	9.3
11:26:59.849	8.4
11:26:59.862	6.5
11:26:59.870	6.1
11:26:59.882	5.3
11:26:59.894	4.8
11:26:59.903	6.2
11:26:59.915	8.0
11:26:59.927	8.7
11:26:59.935	7.9
11:26:59.948	9.9
11:26:59.960	10.7
11:26:59.972	10.5
11:26:59.980	10.5
11:26:59.993	10.2
11:27:00.005	9.1
11:27:00.017	7.4
11:27:00.026	8.1
11:27:00.038	6.0
11:27:00.050	5.4
11:27:00.058	3.8
11:27:00.071	3.2
11:27:00.083	2.9
11:27:00.095	4.9
11:27:00.103	4.4
11:27:00.116	5.2
11:27:00.128	7.4
11:27:00.136	4.0
11:27:00.148	4.6
11:27:00.161	4.3
11:27:00.169	2.5
11:27:00.181	2.0
11:27:00.193	1.8
11:27:00.202	-0.1
11:27:00.214	-1.0
11:27:00.226	-2.8
11:27:00.234	-6.5
11:27:00.247	-8.2
11:27:00.259	-9.5
11:27:00.271	-9.9
11:27:00.279	-11.2
11:27:00.292	-12.9
11:27:00.304	-13.3
11:27:00.312	-17.6
11:27:00.324	-17.9
11:27:00.337	-17.9
11:27:00.349	-19.4
11:27:00.357	-18.1
11:27:00.369	-19.8
11:27:00.382	-20.0
11:27:00.390	-20.7
11:27:00.402	-19.9
11:27:00.414	-20.6
11:27:00.423	-17.1
11:27:00.435	-17.0
11:27:00.447	-16.5
11:27:00.455	-15.3
11:27:00.468	-17.6
11:27:00.480	-17.9
11:27:00.488	-16.0
11:27:00.501	-15.6
11:27:00.513	-14.6
11:27:00.525	-15.4
11:27:00.533	-16.4
11:27:00.546	-17.0
11:27:00.558	-17.3
11:27:00.566	-18.5
11:27:00.578	-16.8
11:27:00.591	-15.5
11:27:00.599	-19.3
11:27:00.611	-19.4
11:27:00.623	-23.0
11:27:00.632	-21.6
11:27:00.644	-23.7
11:27:00.656	-25.0
11:27:00.668	-25.4
11:27:00.677	-24.4
11:27:00.689	-24.7
11:27:00.701	-26.0
11:27:00.709	-23.3
11:27:00.722	-23.9
11:27:00.734	-23.7
11:27:00.742	-25.0
11:27:00.754	-23.4
11:27:00.767	-21.6
11:27:00.779	-22.0
11:27:00.787	-24.9
11:27:00.799	-26.1
11:27:00.812	-25.1
11:27:00.820	-25.2
11:27:00.832	-22.4
11:27:00.844	-21.3
11:27:00.853	-19.9
11:27:00.865	-21.2
11:27:00.877	-22.1
11:27:00.885	-20.7
11:27:00.898	-17.8
11:27:00.910	-16.5
11:27:00.918	-15.0
11:27:00.930	-16.3
11:27:00.943	-18.3
11:27:00.955	-17.9
11:27:00.963	-18.7
11:27:00.976	-17.0
11:27:00.988	-16.3
11:27:00.996	-16.1
11:27:01.008	-16.2
11:27:01.021	-13.9
11:27:01.033	-14.2
11:27:01.041	-11.8
11:27:01.053	-10.0
11:27:01.066	-5.6
11:27:01.074	-4.0
11:27:01.086	-3.5
11:27:01.098	-1.6
11:27:01.107	1.7
11:27:01.119	1.9
11:27:01.131	3.0
11:27:01.139	3.2
11:27:01.152	3.7
11:27:01.164	6.1
11:27:01.172	3.6
11:27:01.184	5.1
11:27:01.197	8.1
11:27:01.209	11.5
11:27:01.217	7.8
11:27:01.229	11.0
11:27:01.242	11.4
11:27:01.250	12.1
11:27:01.262	13.3
11:27:01.274	12.1
11:27:01.283	13.4
11:27:01.295	13.9
11:27:01.307	14.3
11:27:01.319	13.2
11:27:01.328	14.6
11:27:01.340	14.3
11:27:01.352	14.8
11:27:01.360	15.5
11:27:01.373	15.6
11:27:01.385	16.6
11:27:01.393	17.2
11:27:01.405	17.6
11:27:01.418	17.4
11:27:01.426	15.3
11:27:01.438	16.9
11:27:01.451	16.5
11:27:01.463	16.1
11:27:01.471	16.5
11:27:01.484	16.0
11:27:01.496	16.2
11:27:01.504	17.4
11:27:01.516	16.0
11:27:01.529	14.8
11:27:01.537	15.6
11:27:01.549	14.2
11:27:01.561	15.5
11:27:01.570	15.0
11:27:01.582	18.4
11:27:01.594	19.0
11:27:01.606	17.7
11:27:01.615	16.0
11:27:01.627	15.7
11:27:01.639	15.3
11:27:01.648	16.0
11:27:01.660	17.7
11:27:01.672	15.8
11:27:01.680	15.6
11:27:01.693	12.5
11:27:01.705	10.8
11:27:01.717	13.1
11:27:01.725	14.8
11:27:01.738	17.0
11:27:01.750	17.4
11:27:01.758	17.3
11:27:01.771	14.8
11:27:01.783	15.2
11:27:01.795	14.8
11:27:01.803	15.0
11:27:01.816	17.1
11:27:01.828	15.1
11:27:01.836	13.9
11:27:01.848	14.2
11:27:01.860	16.0
11:27:01.869	14.4
11:27:01.881	14.9
11:27:01.893	15.4
11:27:01.902	16.4
11:27:01.914	16.6
11:27:01.926	14.9
11:27:01.938	16.1
11:27:01.947	15.3
11:27:01.959	14.4
11:27:01.971	13.5
11:27:01.979	14.8
11:27:01.992	15.6
11:27:02.004	15.6
11:27:02.016	16.5
11:27:02.025	16.8
11:27:02.037	17.9
11:27:02.048	16.0
11:27:02.057	15.8
11:27:02.069	18.5
11:27:02.081	17.7
11:27:02.090	17.8
11:27:02.102	17.5
11:27:02.114	16.8
11:27:02.122	17.2
11:27:02.135	16.6
11:27:02.147	16.2
11:27:02.155	15.2
11:27:02.167	15.7
11:27:02.180	12.7
11:27:02.192	13.5
11:27:02.200	13.6
11:27:02.212	14.0
11:27:02.225	14.7
11:27:02.233	14.4
11:27:02.245	16.1
11:27:02.257	16.4
11:27:02.270	17.5
11:27:02.278	19.3
11:27:02.290	19.4
11:27:02.302	19.8
11:27:02.311	20.6
11:27:02.323	21.5
11:27:02.335	21.5
11:27:02.343	19.2
11:27:02.356	19.0
11:27:02.368	19.2
11:27:02.376	20.0
11:27:02.389	18.6
11:27:02.401	18.3
11:27:02.409	16.1
11:27:02.421	16.3
11:27:02.434	15.3
11:27:02.446	16.2
11:27:02.454	16.9
11:27:02.467	15.5
11:27:02.479	14.9
11:27:02.487	14.7
11:27:02.499	14.3
11:27:02.512	14.5
11:27:02.520	16.7
11:27:02.532	16.5
11:27:02.544	15.3
11:27:02.552	13.5
11:27:02.565	12.0
11:27:02.577	11.3
11:27:02.589	11.4
11:27:02.598	10.8
11:27:02.610	10.1
11:27:02.622	9.9
11:27:02.630	7.4
11:27:02.643	7.3
11:27:02.655	8.3
11:27:02.663	8.7
11:27:02.675	10.0
11:27:02.688	9.5
11:27:02.700	9.2
11:27:02.708	8.9
11:27:02.720	8.3
11:27:02.733	7.8
11:27:02.741	7.1
11:27:02.753	5.5
11:27:02.765	5.8
11:27:02.774	3.6
11:27:02.786	3.9
11:27:02.798	2.7
11:27:02.806	1.2
11:27:02.819	0.3
11:27:02.831	0.4
11:27:02.839	-0.6
11:27:02.851	0.5
11:27:02.864	-0.3
11:27:02.876	-2.5
11:27:02.884	0.0
11:27:02.896	-0.9
11:27:02.909	-0.3
11:27:02.917	-0.6
11:27:02.929	-1.8
11:27:02.941	-2.6
11:27:02.954	-3.1
11:27:02.962	-3.7
11:27:02.974	-4.3
11:27:02.987	-4.2
11:27:02.995	-6.3
11:27:03.007	-6.4
11:27:03.019	-7.6
11:27:03.028	-9.1
11:27:03.040	-7.2
11:27:03.052	-8.7
11:27:03.060	-6.6
11:27:03.073	-7.4
11:27:03.085	-7.9
11:27:03.093	-7.4
11:27:03.105	-6.9
11:27:03.118	-8.1
11:27:03.130	-7.6
11:27:03.138	-6.2
11:27:03.150	-7.7
11:27:03.163	-6.1
11:27:03.171	-8.4
11:27:03.183	-6.7
11:27:03.196	-5.6
11:27:03.204	-7.2
11:27:03.216	-8.8
11:27:03.228	-8.5
11:27:03.240	-9.5
11:27:03.249	-9.0
11:27:03.261	-8.1
11:27:03.273	-7.8
11:27:03.281	-7.4
11:27:03.294	-8.3
11:27:03.306	-7.6
11:27:03.314	-7.0
11:27:03.326	-6.9
11:27:03.339	-7.7
11:27:03.347	-6.6
11:27:03.359	-7.7
11:27:03.371	-8.4
11:27:03.384	-9.2
11:27:03.392	-8.7
11:27:03.404	-9.2
11:27:03.416	-12.8
11:27:03.425	-14.5
11:27:03.437	-14.8
11:27:03.449	-14.8
11:27:03.457	-16.2
11:27:03.470	-18.3
11:27:03.482	-18.8
11:27:03.490	-18.9
11:27:03.503	-19.8
11:27:03.515	-20.7
11:27:03.527	-19.4
11:27:03.535	-19.9
11:27:03.548	-20.6
11:27:03.560	-21.6
11:27:03.568	-19.7
11:27:03.580	-17.1
11:27:03.593	-16.7
11:27:03.601	-16.7
11:27:03.613	-16.8
11:27:03.625	-16.8
11:27:03.638	-17.5
11:27:03.646	-17.3
11:27:03.658	-17.2
11:27:03.670	-17.4
11:27:03.679	-19.4
11:27:03.691	-22.1
11:27:03.703	-23.1
11:27:03.711	-22.4
11:27:03.724	-24.5
11:27:03.736	-24.5
11:27:03.748	-24.8
11:27:03.756	-24.0
11:27:03.769	-25.3
11:27:03.781	-25.6
11:27:03.789	-26.1
11:27:03.801	-25.4
11:27:03.814	-25.7
11:27:03.822	-27.1
11:27:03.834	-26.4
11:27:03.846	-27.3
11:27:03.859	-27.3
11:27:03.867	-27.1
11:27:03.879	-26.9
11:27:03.892	-26.8
11:27:03.900	-26.6
11:27:03.912	-25.9
11:27:03.924	-24.4
11:27:03.937	-25.4
11:27:03.945	-24.0
11:27:03.957	-24.2
11:27:03.969	-23.5
11:27:03.978	-24.0
11:27:03.990	-22.6
11:27:04.002	-20.2
11:27:04.010	-19.1
11:27:04.023	-16.2
11:27:04.035	-17.0
11:27:04.043	-13.4
11:27:04.056	-14.0
11:27:04.068	-12.7
11:27:04.076	-13.1
11:27:04.088	-10.7
11:27:04.101	-10.5
11:27:04.113	-13.0
11:27:04.121	-12.3
11:27:04.133	-13.6
11:27:04.146	-12.3
11:27:04.154	-14.0
11:27:04.166	-14.9
11:27:04.178	-16.1
11:27:04.191	-14.6
11:27:04.199	-16.0
11:27:04.211	-14.8
11:27:04.223	-11.7
11:27:04.232	-11.0
11:27:04.244	-10.8
11:27:04.256	-11.7
11:27:04.264	-12.0
11:27:04.277	-9.8
11:27:04.289	-8.4
11:27:04.297	-8.9
11:27:04.310	-8.4
11:27:04.322	-7.7
11:27:04.330	-7.8
11:27:04.342	-8.5
11:27:04.355	-8.1
11:27:04.367	-8.7
11:27:04.375	-10.0
11:27:04.387	-10.2
11:27:04.400	-9.5
11:27:04.408	-8.8
11:27:04.420	-8.1
11:27:04.432	-9.2
11:27:04.441	-8.7
11:27:04.453	-8.1
11:27:04.465	-9.0
11:27:04.474	-7.1
11:27:04.486	-4.3
11:27:04.498	-4.1
11:27:04.510	-4.1
11:27:04.519	-4.0
11:27:04.531	-4.1
11:27:04.543	-3.0
11:27:04.551	-4.3
11:27:04.564	-4.8
11:27:04.576	-4.4
11:27:04.584	-3.7
11:27:04.597	-4.3
11:27:04.609	-4.5
11:27:04.621	-5.1
11:27:04.629	-5.6
11:27:04.642	-4.4
11:27:04.654	-5.1
11:27:04.662	-4.8
11:27:04.674	-6.7
11:27:04.687	-7.8
11:27:04.695	-9.6
11:27:04.707	-9.4
11:27:04.719	-9.9
11:27:04.728	-7.5
11:27:04.740	-5.9
11:27:04.752	-7.2
11:27:04.760	-7.2
11:27:04.773	-7.5
11:27:04.785	-5.3
11:27:04.797	-4.6
11:27:04.805	-2.8
11:27:04.818	-1.8
11:27:04.830	-0.4
11:27:04.838	-0.8
11:27:04.850	-0.7
11:27:04.863	0.2
11:27:04.875	0.8
11:27:04.883	1.2
11:27:04.895	0.0
11:27:04.908	0.4
11:27:04.916	-0.8
11:27:04.928	-2.9
11:27:04.940	-3.9
11:27:04.949	-4.8
11:27:04.961	-5.1
11:27:04.973	-4.2
11:27:04.981	-3.4
11:27:04.994	-2.8
11:27:05.006	-0.8
11:27:05.014	-1.2
11:27:05.026	-0.6
11:27:05.039	1.3
11:27:05.051	2.4
11:27:05.059	3.3
11:27:05.071	3.0
11:27:05.084	2.9
11:27:05.092	1.8
11:27:05.104	0.4
11:27:05.117	-0.8
11:27:05.125	0.4
11:27:05.137	0.0
11:27:05.149	-0.2
11:27:05.162	0.3
11:27:05.170	0.6
11:27:05.182	2.4
11:27:05.194	0.9
11:27:05.202	1.6
11:27:05.215	3.7
11:27:05.227	4.7
11:27:05.235	5.0
11:27:05.248	5.5
11:27:05.260	6.5
11:27:05.268	5.7
11:27:05.280	5.3
11:27:05.293	6.5
11:27:05.305	9.4
11:27:05.313	10.6
11:27:05.325	9.7
11:27:05.338	11.4
11:27:05.346	12.2
11:27:05.358	13.3
11:27:05.370	14.7
11:27:05.379	16.5
11:27:05.391	17.9
11:27:05.403	16.5
11:27:05.411	16.8
11:27:05.424	18.4
11:27:05.436	20.3
11:27:05.448	19.7
11:27:05.456	20.5
11:27:05.469	20.8
11:27:05.481	20.7
11:27:05.489	21.1
11:27:05.501	21.1
11:27:05.514	20.9
11:27:05.522	19.1
11:27:05.534	17.6
11:27:05.547	17.5
11:27:05.559	17.5
11:27:05.567	18.1
11:27:05.579	18.7
11:27:05.592	19.3
11:27:05.600	18.9
11:27:05.612	19.9
11:27:05.624	23.5
11:27:05.632	25.5
11:27:05.645	25.9
11:27:05.657	27.2
11:27:05.665	28.6
11:27:05.678	30.6
11:27:05.690	30.0
11:27:05.698	30.7
11:27:05.710	32.4
11:27:05.723	32.9
11:27:05.735	29.6
11:27:05.743	28.6
11:27:05.755	28.8
11:27:05.768	27.7
11:27:05.780	27.4
11:27:05.788	25.0
11:27:05.800	25.3
11:27:05.813	23.4
11:27:05.821	22.4
11:27:05.833	19.3
11:27:05.845	19.1
11:27:05.858	18.5
11:27:05.866	18.3
11:27:05.878	19.2
11:27:05.890	18.2
11:27:05.899	17.8
11:27:05.911	18.3
11:27:05.923	18.2
11:27:05.931	19.1
11:27:05.944	19.3
11:27:05.956	18.9
11:27:05.964	19.4
11:27:05.976	19.5
11:27:05.989	17.9
11:27:05.997	19.3
11:27:06.009	19.0
11:27:06.022	21.0
11:27:06.034	20.8
11:27:06.042	18.3
11:27:06.054	20.2
11:27:06.066	20.1
11:27:06.075	19.7
11:27:06.087	19.1
11:27:06.099	20.2
11:27:06.112	20.4
11:27:06.120	21.3
11:27:06.132	19.6
11:27:06.144	17.6
11:27:06.153	17.0
11:27:06.165	15.8
11:27:06.177	17.4
11:27:06.185	18.1
11:27:06.198	16.9
11:27:06.210	15.9
11:27:06.218	13.4
11:27:06.230	12.6
11:27:06.243	11.7
11:27:06.251	13.3
11:27:06.263	13.8
11:27:06.275	13.9
11:27:06.288	12.4
11:27:06.296	10.6
11:27:06.308	11.3
11:27:06.320	13.5
11:27:06.329	15.2
11:27:06.341	14.4
11:27:06.353	13.8
11:27:06.361	14.1
11:27:06.374	14.1
11:27:06.386	15.8
11:27:06.394	15.9
11:27:06.406	17.5
11:27:06.419	20.8
11:27:06.431	20.5
11:27:06.439	22.0
11:27:06.452	22.2
11:27:06.464	23.0
11:27:06.472	23.5
11:27:06.484	25.8
11:27:06.497	24.9
11:27:06.505	25.9
11:27:06.517	25.9
11:27:06.529	24.1
11:27:06.542	23.0
11:27:06.550	22.2
11:27:06.562	24.7
11:27:06.574	24.3
11:27:06.583	28.1
11:27:06.595	27.1
11:27:06.607	27.1
11:27:06.615	27.6
11:27:06.628	28.2
11:27:06.640	28.6
11:27:06.648	30.0
11:27:06.660	30.3
11:27:06.673	27.5
11:27:06.681	27.6
11:27:06.693	24.1
11:27:06.705	25.3
11:27:06.718	25.9
11:27:06.726	26.1
11:27:06.738	27.2
11:27:06.751	26.1
11:27:06.759	25.8
11:27:06.771	26.0
11:27:06.783	28.5
11:27:06.796	29.4
11:27:06.804	29.9
11:27:06.816	30.1
11:27:06.828	30.0
11:27:06.837	30.1
11:27:06.849	29.1
11:27:06.861	29.5
11:27:06.869	28.3
11:27:06.882	26.8
11:27:06.894	25.8
11:27:06.902	26.3
11:27:06.914	24.5
11:27:06.927	24.3
11:27:06.935	24.1
11:27:06.947	23.6
11:27:06.959	23.7
11:27:06.972	23.3
11:27:06.980	22.9
11:27:06.992	22.8
11:27:07.004	21.6
11:27:07.013	19.8
11:27:07.025	21.1
11:27:07.037	18.0
11:27:07.045	17.9
11:27:07.058	19.2
11:27:07.070	16.7
11:27:07.082	15.9
11:27:07.090	16.3
11:27:07.103	14.4
11:27:07.115	14.4
11:27:07.123	14.2
11:27:07.135	13.3
11:27:07.148	12.4
11:27:07.156	9.8
11:27:07.168	6.4
11:27:07.181	7.0
11:27:07.189	7.2
11:27:07.201	2.6
11:27:07.213	2.1
11:27:07.226	2.0
11:27:07.234	-0.5
11:27:07.246	-2.7
11:27:07.258	-1.7
11:27:07.266	-0.9
11:27:07.279	-0.7
11:27:07.291	-1.2
11:27:07.299	-0.8
11:27:07.312	1.7
11:27:07.324	1.1
11:27:07.332	-0.8
11:27:07.344	0.2
11:27:07.357	-0.4
11:27:07.369	-1.4
11:27:07.377	-1.6
11:27:07.389	-5.3
11:27:07.402	-7.1
11:27:07.410	-7.6
11:27:07.422	-8.8
11:27:07.434	-10.4
11:27:07.443	-10.2
11:27:07.455	-11.1
11:27:07.467	-11.7
11:27:07.479	-13.0
11:27:07.488	-15.3
11:27:07.500	-12.6
11:27:07.512	-12.2
11:27:07.520	-14.2
11:27:07.533	-13.6
11:27:07.545	-13.0
11:27:07.553	-13.0
11:27:07.566	-12.5
11:27:07.579	-12.0
11:27:07.587	-11.4
11:27:07.599	-12.1
11:27:07.611	-14.0
11:27:07.620	-14.5
11:27:07.632	-15.0
11:27:07.644	-17.9
11:27:07.657	-18.8
11:27:07.665	-20.7
11:27:07.677	-21.6
11:27:07.689	-22.6
11:27:07.701	-23.6
11:27:07.710	-23.1
11:27:07.722	-20.9
11:27:07.734	-22.0
11:27:07.743	-22.7
11:27:07.755	-21.5
11:27:07.767	-19.8
11:27:07.779	-20.7
11:27:07.788	-20.0
11:27:07.800	-16.6
11:27:07.812	-15.6
11:27:07.820	-13.5
11:27:07.833	-15.8
11:27:07.845	-15.9
11:27:07.853	-15.4
11:27:07.865	-14.4
11:27:07.878	-15.8
11:27:07.886	-14.4
11:27:07.898	-14.7
11:27:07.910	-16.1
11:27:07.919	-15.5
11:27:07.931	-15.5
11:27:07.943	-12.4
11:27:07.955	-10.9
11:27:07.964	-13.2
11:27:07.976	-12.5
11:27:07.988	-11.3
11:27:07.996	-9.6
11:27:08.009	-8.1
11:27:08.021	-7.8
11:27:08.033	-8.0
11:27:08.041	-8.1
11:27:08.054	-10.5
11:27:08.066	-10.8
11:27:08.074	-6.3
11:27:08.086	-5.2
11:27:08.099	-2.2
11:27:08.107	-1.9
11:27:08.119	-2.3
11:27:08.131	-1.0
11:27:08.140	-0.3
11:27:08.152	1.5
11:27:08.164	4.2
11:27:08.172	4.8
11:27:08.185	6.6
11:27:08.197	5.7
11:27:08.209	5.8
11:27:08.217	8.1
11:27:08.230	9.1
11:27:08.242	9.6
11:27:08.250	11.2
11:27:08.263	10.1
11:27:08.275	10.6
11:27:08.283	12.9
11:27:08.295	11.9
11:27:08.308	11.7
11:27:08.316	11.6
11:27:08.328	10.0
11:27:08.340	11.8
11:27:08.353	10.9
11:27:08.361	10.5
11:27:08.373	11.1
11:27:08.385	9.4
11:27:08.394	8.6
11:27:08.406	10.3
11:27:08.418	13.4
11:27:08.426	12.5
11:27:08.439	15.5
11:27:08.451	13.6
11:27:08.463	13.7
11:27:08.471	12.8
11:27:08.484	11.9
11:27:08.496	15.4
11:27:08.504	17.8
11:27:08.516	15.4
11:27:08.529	14.3
11:27:08.537	16.3
11:27:08.549	14.2
11:27:08.562	17.3
11:27:08.570	17.8
11:27:08.581	21.4
11:27:08.594	23.2
11:27:08.602	23.5
11:27:08.614	23.2
11:27:08.626	23.3
11:27:08.639	23.3
11:27:08.647	20.9
11:27:08.659	21.9
11:27:08.672	19.9
11:27:08.680	21.7
11:27:08.692	21.6
11:27:08.704	20.0
11:27:08.717	18.3
11:27:08.725	19.5
11:27:08.737	21.0
11:27:08.749	22.1
11:27:08.758	24.4
11:27:08.770	23.7
11:27:08.783	22.7
11:27:08.791	20.1
11:27:08.803	18.9
11:27:08.815	21.8
11:27:08.823	21.0
11:27:08.836	18.7
11:27:08.848	17.4
11:27:08.856	19.8
11:27:08.868	19.1
11:27:08.881	18.3
11:27:08.893	18.4
11:27:08.901	20.4
11:27:08.913	19.4
11:27:08.925	17.3
11:27:08.934	16.8
11:27:08.946	15.4
11:27:08.958	15.8
11:27:08.966	11.9
11:27:08.979	12.8
11:27:08.991	13.3
11:27:09.003	14.7
11:27:09.011	13.5
11:27:09.024	14.7
11:27:09.036	16.2
11:27:09.044	15.3
11:27:09.056	16.5
11:27:09.069	16.4
11:27:09.077	18.1
11:27:09.089	17.2
11:27:09.101	17.9
11:27:09.110	17.3
11:27:09.122	19.1
11:27:09.134	18.2
11:27:09.146	18.7
11:27:09.155	20.6
11:27:09.168	20.8
11:27:09.180	22.8
11:27:09.188	21.3
11:27:09.201	21.0
11:27:09.213	19.8
11:27:09.221	22.0
11:27:09.233	20.2
11:27:09.246	20.5
11:27:09.254	19.6
11:27:09.266	20.1
11:27:09.278	19.3
11:27:09.291	18.6
11:27:09.299	19.6
11:27:09.311	20.1
11:27:09.324	20.8
11:27:09.332	18.5
11:27:09.344	18.7
11:27:09.356	18.0
11:27:09.364	16.8
11:27:09.377	18.7
11:27:09.389	19.7
11:27:09.401	19.4
11:27:09.410	19.9
11:27:09.422	19.2
11:27:09.434	20.4
11:27:09.442	20.9
11:27:09.455	21.7
11:27:09.467	24.4
11:27:09.475	24.2
11:27:09.487	22.0
11:27:09.500	20.5
11:27:09.508	20.4
11:27:09.520	19.2
11:27:09.532	21.5
11:27:09.541	19.5
11:27:09.553	18.3
11:27:09.565	18.1
11:27:09.577	15.0
11:27:09.586	15.4
11:27:09.598	16.9
11:27:09.610	17.8
11:27:09.618	18.3
11:27:09.631	16.8
11:27:09.643	16.7
11:27:09.655	17.0
11:27:09.663	17.9
11:27:09.676	16.7
11:27:09.688	15.7
11:27:09.696	16.6
11:27:09.708	14.2
11:27:09.721	13.7
11:27:09.733	12.6
11:27:09.741	12.4
11:27:09.754	10.5
11:27:09.762	9.8
11:27:09.774	9.5
11:27:09.786	11.2
11:27:09.799	13.0
11:27:09.807	11.9
11:27:09.819	11.7
11:27:09.831	12.0
11:27:09.840	11.1
11:27:09.852	12.2
11:27:09.864	10.5
11:27:09.872	9.9
11:27:09.885	9.0
11:27:09.897	7.7
11:27:09.905	6.1
11:27:09.917	8.7
11:27:09.930	10.3
11:27:09.942	9.6
11:27:09.953	10.0
11:27:09.962	10.2
11:27:09.974	11.8
11:27:09.986	13.1
11:27:09.994	12.6
11:27:10.007	14.8
11:27:10.019	16.1
11:27:10.027	12.5
11:27:10.040	12.0
11:27:10.052	13.2
11:27:10.060	13.4
11:27:10.072	16.3
11:27:10.085	16.0
11:27:10.093	15.7
11:27:10.105	15.3
11:27:10.117	12.7
11:27:10.130	12.9
11:27:10.138	13.2
11:27:10.150	12.0
11:27:10.162	11.5
11:27:10.171	11.5
11:27:10.183	8.5
11:27:10.195	7.6
11:27:10.203	5.7
11:27:10.216	7.2
11:27:10.228	5.7
11:27:10.236	3.6
11:27:10.248	3.5
11:27:10.261	3.4
11:27:10.273	2.8
11:27:10.281	3.1
11:27:10.293	2.7
11:27:10.306	3.5
11:27:10.314	4.3
11:27:10.326	1.1
11:27:10.338	3.1
11:27:10.347	3.1
11:27:10.359	3.8
11:27:10.371	3.2
11:27:10.383	2.1
11:27:10.392	-1.2
11:27:10.404	-1.7
11:27:10.416	-2.8
11:27:10.424	-2.8
11:27:10.437	-1.6
11:27:10.449	-3.4
11:27:10.457	-3.3
11:27:10.469	-5.9
11:27:10.482	-4.9
11:27:10.490	-5.1
11:27:10.502	-4.3
11:27:10.515	-6.0
11:27:10.523	-5.5
11:27:10.535	-5.0
11:27:10.548	-5.5
11:27:10.560	-5.8
11:27:10.569	-7.0
11:27:10.581	-5.8
11:27:10.593	-7.7
11:27:10.601	-8.6
11:27:10.614	-8.5
11:27:10.626	-8.4
11:27:10.638	-7.8
11:27:10.647	-9.8
11:27:10.659	-9.1
11:27:10.671	-9.7
11:27:10.679	-9.2
11:27:10.692	-10.6
11:27:10.704	-11.2
11:27:10.712	-10.1
11:27:10.724	-11.5
11:27:10.737	-12.2
11:27:10.745	-14.4
11:27:10.757	-12.0
11:27:10.769	-14.2
11:27:10.778	-14.5
11:27:10.790	-14.3
11:27:10.802	-13.2
11:27:10.815	-14.5
11:27:10.823	-15.9
11:27:10.835	-15.7
11:27:10.847	-17.0
11:27:10.855	-18.3
11:27:10.868	-21.9
11:27:10.880	-21.5
11:27:10.888	-21.8
11:27:10.901	-20.9
11:27:10.913	-22.2
11:27:10.925	-20.9
11:27:10.933	-19.9
11:27:10.946	-18.7
11:27:10.958	-18.1
11:27:10.966	-17.9
11:27:10.978	-16.7
11:27:10.991	-16.3
11:27:10.999	-14.1
11:27:11.011	-15.4
11:27:11.023	-14.7
11:27:11.032	-13.0
11:27:11.044	-13.7
11:27:11.056	-14.8
11:27:11.068	-12.8
11:27:11.077	-11.7
11:27:11.089	-10.2
11:27:11.101	-7.4
11:27:11.109	-6.3
11:27:11.122	-6.6
11:27:11.134	-6.3
11:27:11.142	-6.0
11:27:11.154	-4.3
11:27:11.167	-2.6
11:27:11.175	0.2
11:27:11.187	1.5
11:27:11.199	0.9
11:27:11.212	0.0
11:27:11.220	-0.8
11:27:11.232	2.9
11:27:11.244	5.3
11:27:11.253	6.1
11:27:11.265	7.1
11:27:11.277	8.0
11:27:11.285	6.5
11:27:11.298	6.4
11:27:11.310	8.7
11:27:11.322	8.1
11:27:11.330	6.1
11:27:11.343	7.6
11:27:11.355	8.4
11:27:11.363	7.9
11:27:11.375	7.7
11:27:11.388	6.9
11:27:11.396	6.8
11:27:11.408	6.6
11:27:11.420	7.3
11:27:11.429	9.2
11:27:11.441	13.3
11:27:11.453	10.3
11:27:11.461	9.1
11:27:11.474	9.8
11:27:11.486	11.0
11:27:11.498	13.5
11:27:11.506	15.8
11:27:11.519	17.2
11:27:11.531	17.5
11:27:11.539	19.1
11:27:11.552	16.4
11:27:11.564	15.7
11:27:11.576	16.1
11:27:11.584	15.3
11:27:11.597	15.7
11:27:11.609	14.4
11:27:11.617	15.6
11:27:11.629	17.0
11:27:11.642	17.0
11:27:11.650	15.1
11:27:11.662	18.1
11:27:11.674	19.3
11:27:11.683	19.1
11:27:11.695	19.3
11:27:11.707	18.0
11:27:11.720	19.3
11:27:11.728	16.5
11:27:11.740	13.7
11:27:11.752	11.9
11:27:11.761	11.1
11:27:11.773	9.4
11:27:11.785	10.5
11:27:11.797	11.9
11:27:11.806	12.2
11:27:11.818	13.8
11:27:11.830	12.9
11:27:11.838	14.1
11:27:11.851	14.9
11:27:11.863	14.8
11:27:11.875	14.9
11:27:11.883	13.9
11:27:11.896	13.2
11:27:11.908	11.9
11:27:11.916	14.4
11:27:11.928	13.6
11:27:11.941	15.2
11:27:11.949	12.7
11:27:11.961	14.1
11:27:11.973	14.5
11:27:11.982	15.9
11:27:11.994	17.2
11:27:12.006	15.8
11:27:12.014	17.1
11:27:12.027	16.8
11:27:12.039	17.3
11:27:12.051	15.6
11:27:12.059	17.3
11:27:12.072	14.6
11:27:12.084	15.4
11:27:12.092	15.9
11:27:12.104	15.6
11:27:12.117	16.7
11:27:12.125	15.3
11:27:12.137	15.1
11:27:12.150	14.1
11:27:12.158	15.1
11:27:12.170	14.3
11:27:12.182	15.4
11:27:12.195	13.9
11:27:12.203	13.2
11:27:12.215	12.3
11:27:12.227	12.0
11:27:12.236	11.7
11:27:12.248	10.0
11:27:12.260	11.2
11:27:12.268	10.4
11:27:12.281	9.7
11:27:12.293	10.8
11:27:12.305	11.6
11:27:12.313	9.8
11:27:12.326	9.8
11:27:12.338	8.0
11:27:12.346	9.1
11:27:12.358	10.4
11:27:12.371	7.9
11:27:12.379	6.5
11:27:12.391	7.3
11:27:12.403	4.8
11:27:12.412	5.1
11:27:12.424	5.2
11:27:12.436	8.9
11:27:12.444	9.4
11:27:12.457	6.7
11:27:12.469	3.4
11:27:12.482	3.9
11:27:12.489	4.2
11:27:12.502	3.8
11:27:12.514	3.3
11:27:12.522	3.9
11:27:12.534	3.0
11:27:12.547	-3.4
11:27:12.559	-0.5
11:27:12.567	-1.5
11:27:12.579	-2.5
11:27:12.592	-4.6
11:27:12.600	-8.4
11:27:12.612	-10.2
11:27:12.625	-11.1
11:27:12.633	-15.9
11:27:12.645	-16.4
11:27:12.657	-16.3
11:27:12.665	-20.7
11:27:12.678	-21.4
11:27:12.690	-21.9
11:27:12.698	-20.9
11:27:12.711	-19.7
11:27:12.723	-19.8
11:27:12.735	-19.0
11:27:12.743	-17.3
11:27:12.756	-17.8
11:27:12.768	-16.7
11:27:12.776	-16.0
11:27:12.788	-16.3
11:27:12.801	-13.9
11:27:12.809	-16.0
11:27:12.821	-17.6
11:27:12.833	-17.2
11:27:12.846	-17.4
11:27:12.854	-18.6
11:27:12.866	-18.6
11:27:12.878	-20.2
11:27:12.887	-21.4
11:27:12.899	-22.4
11:27:12.911	-25.1
11:27:12.919	-26.0
11:27:12.932	-23.8
11:27:12.944	-24.3
11:27:12.952	-24.0
11:27:12.964	-23.5
11:27:12.977	-23.7
11:27:12.989	-23.2
11:27:12.997	-22.3
11:27:13.009	-20.1
11:27:13.022	-19.4
11:27:13.030	-16.8
11:27:13.042	-16.1
11:27:13.054	-17.6
11:27:13.063	-18.9
11:27:13.075	-17.3
11:27:13.087	-17.2
11:27:13.095	-16.7
11:27:13.108	-16.1
11:27:13.120	-15.9
11:27:13.132	-16.0
11:27:13.141	-15.7
11:27:13.153	-16.3
11:27:13.165	-15.4
11:27:13.173	-14.7
11:27:13.186	-17.6
11:27:13.198	-15.5
11:27:13.206	-15.8
11:27:13.218	-17.3
11:27:13.231	-18.6
11:27:13.243	-19.1
11:27:13.251	-21.5
11:27:13.263	-22.4
11:27:13.276	-21.6
11:27:13.284	-20.5
11:27:13.296	-18.6
11:27:13.308	-19.8
11:27:13.317	-18.8
11:27:13.329	-18.8
11:27:13.341	-19.2
11:27:13.349	-19.0
11:27:13.362	-17.7
11:27:13.374	-16.9
11:27:13.382	-17.8
11:27:13.395	-19.1
11:27:13.407	-19.4
11:27:13.419	-19.0
11:27:13.427	-18.9
11:27:13.439	-16.3
11:27:13.452	-13.9
11:27:13.460	-10.9
11:27:13.472	-10.4
11:27:13.484	-9.9
11:27:13.497	-8.9
11:27:13.505	-9.6
11:27:13.517	-6.7
11:27:13.529	-6.0
11:27:13.538	-7.4
11:27:13.550	-9.4
11:27:13.562	-11.2
11:27:13.570	-15.0
11:27:13.583	-12.9
11:27:13.595	-13.7
11:27:13.603	-12.0
11:27:13.616	-12.0
11:27:13.628	-14.4
11:27:13.636	-14.9
11:27:13.648	-14.2
11:27:13.661	-13.0
11:27:13.673	-10.3
11:27:13.681	-8.4
11:27:13.693	-10.1
11:27:13.706	-7.6
11:27:13.714	-7.1
11:27:13.726	-4.5
11:27:13.738	-4.5
11:27:13.747	-4.3
11:27:13.759	-2.9
11:27:13.771	-4.8
11:27:13.783	-5.4
11:27:13.792	-5.0
11:27:13.804	-3.8
11:27:13.816	-5.0
11:27:13.824	-6.6
11:27:13.837	-4.7
11:27:13.849	-5.2
11:27:13.857	-4.6
11:27:13.869	-5.1
11:27:13.882	-5.2
11:27:13.890	-6.0
11:27:13.902	-5.0
11:27:13.914	-6.4
11:27:13.927	-6.7
11:27:13.935	-4.9
11:27:13.947	-8.1
11:27:13.960	-8.0
11:27:13.972	-9.5
11:27:13.980	-9.5
11:27:13.992	-8.0
11:27:14.005	-7.9
11:27:14.013	-9.0
11:27:14.025	-9.9
11:27:14.037	-8.9
11:27:14.046	-10.8
11:27:14.058	-8.3
11:27:14.070	-8.5
11:27:14.078	-8.7
11:27:14.091	-7.7
11:27:14.103	-6.9
11:27:14.115	-6.4
11:27:14.123	-5.1
11:27:14.136	-1.8
11:27:14.148	-1.0
11:27:14.156	-0.6
11:27:14.168	-1.4
11:27:14.181	-0.8
11:27:14.189	-1.1
11:27:14.201	1.0
11:27:14.213	1.2
11:27:14.226	1.2
11:27:14.234	1.2
11:27:14.246	-1.3
11:27:14.258	-1.7
11:27:14.267	-1.7
11:27:14.279	-1.6
11:27:14.291	-2.2
11:27:14.299	-0.4
11:27:14.312	-3.2
11:27:14.324	-3.1
11:27:14.332	-3.3
11:27:14.345	-4.5
11:27:14.357	-2.4
11:27:14.365	-3.4
11:27:14.377	-3.1
11:27:14.390	-4.0
11:27:14.402	-0.8
11:27:14.410	-0.3
11:27:14.422	2.4
11:27:14.435	2.3
11:27:14.443	1.8
11:27:14.455	3.0
11:27:14.467	3.1
11:27:14.480	4.3
11:27:14.488	5.2
11:27:14.500	6.2
11:27:14.512	6.3
11:27:14.521	8.0
11:27:14.533	5.7
11:27:14.545	7.0
11:27:14.553	8.9
11:27:14.566	10.3
11:27:14.578	12.0
11:27:14.586	12.4
11:27:14.598	13.1
11:27:14.611	12.2
11:27:14.619	10.9
11:27:14.631	8.6
11:27:14.643	9.2
11:27:14.656	9.3
11:27:14.664	8.7
11:27:14.676	7.6
11:27:14.688	5.6
11:27:14.697	4.5
11:27:14.709	4.1
11:27:14.721	6.3
11:27:14.729	6.1
11:27:14.742	8.3
11:27:14.754	8.3
11:27:14.766	9.2
11:27:14.774	10.8
11:27:14.787	11.7
11:27:14.799	13.6
11:27:14.807	14.6
11:27:14.820	15.2
11:27:14.832	14.8
11:27:14.840	15.1
11:27:14.852	14.4
11:27:14.865	15.9
11:27:14.873	15.0
11:27:14.885	16.0
11:27:14.897	15.5
11:27:14.910	15.1
11:27:14.918	15.4
11:27:14.930	15.8
11:27:14.942	19.1
11:27:14.951	21.0
11:27:14.963	20.2
11:27:14.975	20.0
11:27:14.983	20.5
11:27:14.996	19.7
11:27:15.008	22.3
11:27:15.016	22.4
11:27:15.028	23.1
11:27:15.041	22.4
11:27:15.053	19.8
11:27:15.061	20.6
11:27:15.073	22.0
11:27:15.086	22.0
11:27:15.094	22.6
11:27:15.106	23.1
11:27:15.118	21.9
11:27:15.127	22.1
11:27:15.139	22.0
11:27:15.151	22.9
11:27:15.163	23.3
11:27:15.172	22.8
11:27:15.184	23.5
11:27:15.196	24.5
11:27:15.204	24.4
11:27:15.217	24.0
11:27:15.229	22.1
11:27:15.237	21.2
11:27:15.249	20.0
11:27:15.262	21.3
11:27:15.270	20.8
11:27:15.282	21.1
11:27:15.294	21.6
11:27:15.303	21.1
11:27:15.315	20.4
11:27:15.327	19.7
11:27:15.341	21.2
11:27:15.349	21.0
11:27:15.360	23.6
11:27:15.373	22.5
11:27:15.381	24.2
11:27:15.394	22.6
11:27:15.406	22.0
11:27:15.418	24.5
11:27:15.426	24.1
11:27:15.439	25.5
11:27:15.451	23.9
11:27:15.459	23.2
11:27:15.472	21.6
11:27:15.484	20.0
11:27:15.492	17.4
11:27:15.504	18.5
11:27:15.516	18.4
11:27:15.524	14.5
11:27:15.536	16.4
11:27:15.549	16.9
11:27:15.557	18.1
11:27:15.569	19.1
11:27:15.581	20.3
11:27:15.594	21.2
11:27:15.602	22.3
11:27:15.614	21.8
11:27:15.626	21.1
11:27:15.635	21.1
11:27:15.647	20.1
11:27:15.659	19.2
11:27:15.671	18.6
11:27:15.680	19.7
11:27:15.692	18.2
11:27:15.704	20.3
11:27:15.716	19.6
11:27:15.725	18.6
11:27:15.737	19.3
11:27:15.749	20.9
11:27:15.757	22.0
11:27:15.770	20.6
11:27:15.782	21.8
11:27:15.790	21.6
11:27:15.802	24.9
11:27:15.815	21.8
11:27:15.823	22.4
11:27:15.835	24.2
11:27:15.847	24.8
11:27:15.856	25.1
11:27:15.868	22.5
11:27:15.880	24.2
11:27:15.892	23.6
11:27:15.901	21.1
11:27:15.913	19.6
11:27:15.925	21.9
11:27:15.933	22.9
11:27:15.946	21.2
11:27:15.958	21.5
11:27:15.966	20.5
11:27:15.979	21.3
11:27:15.991	20.5
11:27:15.999	19.6
11:27:16.011	22.6
11:27:16.024	20.8
11:27:16.036	18.7
11:27:16.044	16.9
11:27:16.056	16.6
11:27:16.069	14.2
11:27:16.077	13.4
11:27:16.089	14.3
11:27:16.101	12.5
11:27:16.110	11.9
11:27:16.123	10.1
11:27:16.135	10.1
11:27:16.147	12.9
11:27:16.156	13.3
11:27:16.168	12.4
11:27:16.180	12.6
11:27:16.188	11.8
11:27:16.201	10.9
11:27:16.213	10.1
11:27:16.221	9.5
11:27:16.233	7.0
11:27:16.246	5.8
11:27:16.254	2.7
11:27:16.266	1.0
11:27:16.278	1.7
11:27:16.287	3.3
11:27:16.299	2.8
11:27:16.311	-0.6
11:27:16.323	-0.2
11:27:16.332	-0.6
11:27:16.344	-1.1
11:27:16.356	-2.8
11:27:16.364	-4.5
11:27:16.377	-4.9
11:27:16.389	-6.3
11:27:16.401	-9.7
11:27:16.409	-9.4
11:27:16.422	-9.6
11:27:16.434	-10.7
11:27:16.442	-11.8
11:27:16.455	-12.0
11:27:16.467	-10.8
11:27:16.475	-9.7
11:27:16.487	-9.8
11:27:16.500	-11.5
11:27:16.508	-13.1
11:27:16.520	-15.8
11:27:16.532	-16.2
11:27:16.541	-15.9
11:27:16.553	-16.3
11:27:16.565	-16.9
11:27:16.577	-18.4
11:27:16.586	-21.8
11:27:16.598	-21.7
11:27:16.610	-21.7
11:27:16.618	-22.3
11:27:16.630	-20.0
11:27:16.642	-20.5
11:27:16.650	-21.6
11:27:16.663	-19.3
11:27:16.675	-18.1
11:27:16.687	-19.2
11:27:16.695	-17.6
11:27:16.708	-19.4
11:27:16.720	-18.9
11:27:16.728	-19.6
11:27:16.741	-19.0
11:27:16.753	-18.2
11:27:16.761	-18.2
11:27:16.773	-20.1
11:27:16.786	-19.2
11:27:16.794	-18.9
11:27:16.806	-20.6
11:27:16.818	-19.9
11:27:16.831	-22.2
11:27:16.839	-17.8
11:27:16.851	-19.9
11:27:16.863	-19.4
11:27:16.872	-18.6
11:27:16.884	-19.0
11:27:16.896	-20.6
11:27:16.904	-20.2
11:27:16.916	-20.0
11:27:16.929	-20.7
11:27:16.937	-16.1
11:27:16.949	-20.2
11:27:16.962	-21.1
11:27:16.974	-21.0
11:27:16.982	-21.9
11:27:16.994	-21.3
11:27:17.008	-21.1
11:27:17.016	-19.6
11:27:17.028	-18.2
11:27:17.040	-18.7
11:27:17.049	-21.6
11:27:17.061	-19.6
11:27:17.073	-18.9
11:27:17.085	-18.4
11:27:17.094	-17.5
11:27:17.106	-18.3
11:27:17.118	-18.4
11:27:17.126	-19.0
11:27:17.139	-19.5
11:27:17.151	-17.8
11:27:17.159	-12.0
11:27:17.171	-10.6
11:27:17.184	-8.2
11:27:17.192	-7.5
11:27:17.204	-5.5
11:27:17.216	-1.2
11:27:17.225	-0.1
11:27:17.237	0.3
11:27:17.249	3.3
11:27:17.261	3.8
11:27:17.270	1.5
11:27:17.282	0.0
11:27:17.294	0.2
11:27:17.302	0.0
11:27:17.315	-1.1
11:27:17.327	-1.3
11:27:17.339	0.5
11:27:17.347	2.3
11:27:17.359	1.7
11:27:17.371	3.0
11:27:17.379	2.8
11:27:17.392	3.6
11:27:17.404	3.3
11:27:17.412	3.0
11:27:17.424	3.7
11:27:17.437	3.6
11:27:17.445	3.2
11:27:17.458	4.6
11:27:17.469	3.5
11:27:17.478	3.2
11:27:17.490	4.5
11:27:17.502	8.6
11:27:17.515	9.3
11:27:17.523	12.6
11:27:17.535	12.9
11:27:17.547	12.1
11:27:17.555	12.4
11:27:17.568	9.3
11:27:17.580	12.2
11:27:17.588	13.5
11:27:17.601	11.6
11:27:17.613	10.0
11:27:17.625	11.0
11:27:17.633	12.9
11:27:17.646	14.6
11:27:17.658	15.0
11:27:17.670	15.3
11:27:17.678	17.3
11:27:17.691	15.0
11:27:17.703	16.3
11:27:17.711	18.0
11:27:17.724	18.5
11:27:17.736	18.2
11:27:17.744	15.5
11:27:17.756	18.8
11:27:17.769	20.1
11:27:17.777	22.3
11:27:17.789	20.4
11:27:17.801	23.7
11:27:17.814	22.8
11:27:17.822	22.1
11:27:17.834	21.0
11:27:17.846	21.5
11:27:17.855	23.9
11:27:17.867	20.4
11:27:17.879	21.2
11:27:17.887	20.0
11:27:17.900	22.9
11:27:17.912	21.3
11:27:17.920	21.2
11:27:17.932	22.6
11:27:17.945	23.6
11:27:17.957	23.9
11:27:17.965	22.2
11:27:17.977	23.4
11:27:17.990	22.9
11:27:17.998	25.3
11:27:18.010	25.8
11:27:18.022	27.1
11:27:18.031	27.8
11:27:18.043	26.8
11:27:18.055	26.9
11:27:18.067	25.6
11:27:18.076	27.2
11:27:18.088	25.9
11:27:18.100	26.7
11:27:18.108	23.1
11:27:18.121	21.0
11:27:18.133	21.0
11:27:18.141	21.2
11:27:18.154	22.4
11:27:18.166	22.8
11:27:18.174	23.1
11:27:18.186	19.5
11:27:18.199	18.6
11:27:18.207	19.7
11:27:18.219	21.9
11:27:18.231	23.7
11:27:18.244	22.4
11:27:18.252	21.7
11:27:18.264	21.3
11:27:18.276	21.9
11:27:18.285	22.2
11:27:18.297	24.6
11:27:18.309	27.2
11:27:18.322	26.8
11:27:18.330	25.2
11:27:18.342	24.9
11:27:18.354	24.9
11:27:18.362	24.1
11:27:18.375	23.9
11:27:18.387	23.1
11:27:18.395	23.3
11:27:18.407	23.1
11:27:18.420	21.7
11:27:18.428	17.2
11:27:18.440	16.5
11:27:18.453	15.7
11:27:18.461	17.4
11:27:18.473	18.2
11:27:18.485	18.5
11:27:18.498	17.6
11:27:18.506	17.5
11:27:18.518	17.9
11:27:18.530	16.9
11:27:18.539	21.2
11:27:18.551	20.4
11:27:18.563	21.5
11:27:18.571	19.8
11:27:18.584	19.6
11:27:18.596	20.1
11:27:18.608	20.5
11:27:18.616	20.6
11:27:18.629	20.7
11:27:18.641	19.5
11:27:18.649	16.8
11:27:18.661	20.4
11:27:18.674	19.0
11:27:18.682	19.6
11:27:18.694	18.5
11:27:18.706	17.9
11:27:18.715	18.0
11:27:18.728	18.7
11:27:18.739	15.8
11:27:18.751	18.5
11:27:18.761	20.9
11:27:18.773	20.4
11:27:18.785	20.3
11:27:18.793	21.4
11:27:18.806	21.9
11:27:18.818	22.4
11:27:18.826	22.6
11:27:18.838	21.9
11:27:18.851	24.7
11:27:18.859	24.7
11:27:18.871	20.8
11:27:18.883	19.0
11:27:18.896	19.7
11:27:18.904	19.1
11:27:18.916	18.6
11:27:18.928	17.0
11:27:18.937	16.8
11:27:18.949	14.1
11:27:18.961	14.6
11:27:18.969	13.1
11:27:18.982	15.5
11:27:18.994	15.1
11:27:19.006	16.5
11:27:19.015	15.0
11:27:19.027	16.5
11:27:19.039	16.3
11:27:19.047	15.0
11:27:19.060	16.4
11:27:19.072	14.2
11:27:19.080	14.5
11:27:19.092	12.6
11:27:19.105	14.0
11:27:19.113	11.7
11:27:19.125	12.4
11:27:19.137	11.0
11:27:19.146	11.0
11:27:19.158	13.3
11:27:19.170	14.2
11:27:19.182	16.0
11:27:19.191	17.7
11:27:19.203	19.0
11:27:19.215	17.9
11:27:19.223	17.7
11:27:19.236	16.1
11:27:19.248	16.6
11:27:19.260	16.0
11:27:19.268	15.0
11:27:19.281	15.2
11:27:19.293	15.0
11:27:19.301	13.0
11:27:19.313	13.0
11:27:19.326	13.7
11:27:19.334	13.4
11:27:19.346	15.5
11:27:19.358	15.2
11:27:19.367	16.0
11:27:19.379	15.2
11:27:19.391	14.6
11:27:19.399	12.3
11:27:19.412	11.7
11:27:19.424	11.7
11:27:19.436	8.8
11:27:19.444	8.9
11:27:19.457	6.9
11:27:19.469	8.3
11:27:19.477	8.0
11:27:19.489	6.1
11:27:19.502	6.0
11:27:19.510	7.5
11:27:19.522	8.3
11:27:19.535	7.2
11:27:19.547	9.6
11:27:19.555	11.8
11:27:19.567	13.4
11:27:19.580	11.0
11:27:19.588	8.7
11:27:19.600	9.6
11:27:19.612	8.2
11:27:19.621	7.2
11:27:19.633	5.0
11:27:19.645	6.4
11:27:19.653	6.3
11:27:19.666	3.2
11:27:19.678	1.9
11:27:19.690	1.5
11:27:19.698	4.2
11:27:19.711	2.6
11:27:19.723	2.6
11:27:19.731	2.5
11:27:19.743	2.4
11:27:19.756	0.3
11:27:19.764	-1.2
11:27:19.776	-0.6
11:27:19.788	-0.8
11:27:19.797	0.0
11:27:19.809	-2.6
11:27:19.821	-0.2
11:27:19.833	-1.7
11:27:19.842	-3.5
11:27:19.854	-4.0
11:27:19.866	-5.4
11:27:19.878	-6.8
11:27:19.887	-9.6
11:27:19.899	-10.9
11:27:19.911	-13.2
11:27:19.919	-13.8
11:27:19.932	-16.0
11:27:19.944	-15.8
11:27:19.952	-16.8
11:27:19.965	-17.5
11:27:19.977	-16.5
11:27:19.989	-17.6
11:27:19.997	-15.0
11:27:20.010	-14.4
11:27:20.022	-15.1
11:27:20.030	-14.8
11:27:20.042	-17.0
11:27:20.055	-17.6
11:27:20.063	-17.2
11:27:20.075	-17.4
11:27:20.087	-18.9
11:27:20.096	-18.8
11:27:20.108	-20.8
11:27:20.120	-23.0
11:27:20.128	-21.1
11:27:20.141	-22.1
11:27:20.153	-19.2
11:27:20.165	-19.1
11:27:20.173	-19.0
11:27:20.186	-20.0
11:27:20.198	-19.2
11:27:20.206	-19.4
11:27:20.218	-17.6
11:27:20.231	-16.8
11:27:20.243	-18.1
11:27:20.251	-20.0
11:27:20.263	-21.8
11:27:20.276	-22.9
11:27:20.284	-24.0
11:27:20.296	-21.3
11:27:20.308	-22.5
11:27:20.317	-23.6
11:27:20.329	-24.2
11:27:20.341	-25.9
11:27:20.349	-26.3
11:27:20.362	-25.4
11:27:20.374	-26.0
11:27:20.382	-21.7
11:27:20.394	-22.0
11:27:20.407	-24.7
11:27:20.419	-25.1
11:27:20.427	-23.9
11:27:20.440	-27.1
11:27:20.452	-26.3
11:27:20.460	-28.2
11:27:20.472	-27.9
11:27:20.485	-28.9
11:27:20.493	-32.6
11:27:20.505	-33.0
11:27:20.517	-31.5
11:27:20.530	-31.6
11:27:20.538	-31.2
11:27:20.550	-29.2
11:27:20.562	-28.8
11:27:20.571	-25.9
11:27:20.583	-25.1
11:27:20.595	-22.5
11:27:20.603	-22.7
11:27:20.616	-20.6
11:27:20.628	-20.4
11:27:20.636	-19.8
11:27:20.648	-19.2
11:27:20.661	-17.4
11:27:20.673	-17.5
11:27:20.681	-17.1
11:27:20.693	-16.5
11:27:20.706	-15.2
11:27:20.714	-13.3
11:27:20.726	-11.3
11:27:20.738	-10.0
11:27:20.747	-7.9
11:27:20.759	-6.2
11:27:20.771	-6.4
11:27:20.779	-3.8
11:27:20.792	-4.6
11:27:20.804	-4.0
11:27:20.816	-3.9
11:27:20.824	-2.9
11:27:20.837	-4.7
11:27:20.849	-3.6
11:27:20.857	-3.4
11:27:20.869	-3.3
11:27:20.882	-3.5
11:27:20.890	-2.2
11:27:20.902	-0.6
11:27:20.914	-0.1
11:27:20.927	0.0
11:27:20.935	0.0
11:27:20.947	2.5
11:27:20.960	3.1
11:27:20.968	3.1
11:27:20.980	1.3
11:27:20.992	1.7
11:27:21.000	1.7
11:27:21.013	2.9
11:27:21.025	3.9
11:27:21.033	3.7
11:27:21.045	4.6
11:27:21.058	5.1
11:27:21.066	3.6
11:27:21.078	8.2
11:27:21.091	11.0
11:27:21.103	10.7
11:27:21.111	9.5
11:27:21.123	9.2
11:27:21.136	10.2
11:27:21.144	11.2
11:27:21.156	11.2
11:27:21.168	11.6
11:27:21.181	11.6
11:27:21.189	8.1
11:27:21.201	7.2
11:27:21.213	8.9
11:27:21.222	9.8
11:27:21.234	8.8
11:27:21.246	9.8
11:27:21.254	11.6
11:27:21.267	12.1
11:27:21.279	11.4
11:27:21.287	14.3
11:27:21.299	14.3
11:27:21.312	15.2
11:27:21.320	16.5
11:27:21.332	17.0
11:27:21.344	17.7
11:27:21.357	18.5
11:27:21.365	18.8
11:27:21.377	18.9
11:27:21.390	19.5
11:27:21.398	20.2
11:27:21.410	22.1
11:27:21.422	23.9
11:27:21.431	23.3
11:27:21.443	22.2
11:27:21.455	23.4
11:27:21.468	21.0
11:27:21.476	19.9
11:27:21.488	20.2
11:27:21.500	21.0
11:27:21.508	21.8
11:27:21.521	20.6
11:27:21.533	20.2
11:27:21.541	20.2
11:27:21.553	20.5
11:27:21.566	19.5
11:27:21.574	20.2
11:27:21.586	17.8
11:27:21.599	16.8
11:27:21.611	14.4
11:27:21.619	11.9
11:27:21.631	9.7
11:27:21.644	7.9
11:27:21.652	6.6
11:27:21.664	7.1
11:27:21.676	7.7
11:27:21.685	7.2
11:27:21.697	7.9
11:27:21.709	7.6
11:27:21.717	6.5
11:27:21.730	4.1
11:27:21.742	4.5
11:27:21.750	5.7
11:27:21.762	4.3
11:27:21.775	3.2
11:27:21.787	2.1
11:27:21.795	1.9
11:27:21.807	0.5
11:27:21.820	-0.1
11:27:21.832	-0.5
11:27:21.840	0.7
11:27:21.853	-0.1
11:27:21.865	-2.4
11:27:21.873	-1.7
11:27:21.885	-2.1
11:27:21.897	-0.8
11:27:21.910	-2.2
11:27:21.918	-2.5
11:27:21.930	-2.6
11:27:21.942	-1.1
11:27:21.951	-3.0
11:27:21.963	-3.4
11:27:21.975	-4.1
11:27:21.983	-4.7
11:27:21.996	-6.6
11:27:22.008	-9.0
11:27:22.016	-7.5
11:27:22.028	-7.4
11:27:22.041	-8.5
11:27:22.049	-8.4
11:27:22.061	-8.5
11:27:22.073	-7.5
11:27:22.086	-8.3
11:27:22.094	-7.9
11:27:22.106	-7.4
11:27:22.119	-6.3
11:27:22.127	-8.3
11:27:22.139	-8.7
11:27:22.151	-10.0
11:27:22.164	-12.0
11:27:22.172	-11.0
11:27:22.184	-12.6
11:27:22.196	-12.8
11:27:22.205	-13.0
11:27:22.217	-11.6
11:27:22.229	-13.3
11:27:22.237	-13.7
11:27:22.250	-12.9
11:27:22.262	-10.4
11:27:22.270	-8.9
11:27:22.282	-10.0
11:27:22.295	-10.2
11:27:22.303	-8.6
11:27:22.315	-8.6
11:27:22.328	-7.8
11:27:22.340	-7.3
11:27:22.348	-6.7
11:27:22.360	-8.7
11:27:22.372	-11.3
11:27:22.381	-12.6
11:27:22.393	-13.1
11:27:22.405	-12.7
11:27:22.413	-12.5
11:27:22.426	-13.2
11:27:22.438	-11.7
11:27:22.451	-11.0
11:27:22.459	-10.0
11:27:22.471	-8.0
11:27:22.483	-4.7
11:27:22.492	-5.6
11:27:22.504	-4.5
11:27:22.517	-3.3
11:27:22.525	-5.2
11:27:22.537	-4.3
11:27:22.549	-8.8
11:27:22.558	-9.0
11:27:22.570	-10.5
11:27:22.582	-9.7
11:27:22.594	-12.4
11:27:22.603	-10.1
11:27:22.615	-10.3
11:27:22.627	-12.1
11:27:22.635	-9.7
11:27:22.648	-10.9
11:27:22.660	-9.2
11:27:22.668	-9.9
11:27:22.680	-8.7
11:27:22.693	-9.7
11:27:22.701	-7.7
11:27:22.713	-7.4
11:27:22.725	-6.3
11:27:22.738	-6.0
11:27:22.746	-6.4
11:27:22.758	-4.2
11:27:22.770	-3.8
11:27:22.779	-1.9
11:27:22.791	-3.6
11:27:22.803	-1.3
11:27:22.811	-1.2
11:27:22.824	-2.3
11:27:22.836	-3.9
11:27:22.848	-1.2
11:27:22.857	-2.8
11:27:22.869	-4.5
11:27:22.881	-5.5
11:27:22.889	-8.0
11:27:22.902	-4.9
11:27:22.914	-8.5
11:27:22.922	-9.4
11:27:22.934	-10.6
11:27:22.947	-11.5
11:27:22.955	-12.9
11:27:22.967	-14.5
11:27:22.979	-11.8
11:27:22.988	-13.6
11:27:23.000	-14.5
11:27:23.012	-17.4
11:27:23.024	-17.6
11:27:23.033	-19.3
11:27:23.045	-20.6
11:27:23.057	-20.0
11:27:23.065	-19.5
11:27:23.078	-18.8
11:27:23.090	-21.1
11:27:23.102	-17.8
11:27:23.110	-16.2
11:27:23.123	-14.4
11:27:23.135	-12.0
11:27:23.143	-9.7
11:27:23.155	-7.3
11:27:23.168	-4.0
11:27:23.176	-0.9
11:27:23.188	2.7
11:27:23.200	2.9
11:27:23.209	3.1
11:27:23.221	6.2
11:27:23.233	5.4
11:27:23.241	5.8
11:27:23.254	5.8
11:27:23.266	6.4
11:27:23.278	6.2
11:27:23.286	3.0
11:27:23.299	2.4
11:27:23.311	3.8
11:27:23.319	3.1
11:27:23.331	2.7
11:27:23.344	3.7
11:27:23.352	3.5
11:27:23.364	4.3
11:27:23.377	4.9
11:27:23.389	4.7
11:27:23.397	7.2
11:27:23.409	7.3
11:27:23.422	7.6
11:27:23.430	9.8
11:27:23.442	9.0
11:27:23.454	9.3
11:27:23.463	11.0
11:27:23.475	11.4
11:27:23.487	11.1
11:27:23.495	11.5
11:27:23.508	9.7
11:27:23.520	11.3
11:27:23.532	11.3
11:27:23.541	12.8
11:27:23.553	11.4
11:27:23.565	10.5
11:27:23.573	9.3
11:27:23.586	7.6
11:27:23.598	7.2
11:27:23.606	5.9
11:27:23.618	5.1
11:27:23.631	3.2
11:27:23.639	4.8
11:27:23.651	1.8
11:27:23.663	0.5
11:27:23.672	2.2
11:27:23.684	3.1
11:27:23.696	4.9
11:27:23.708	4.9
11:27:23.717	5.2
11:27:23.729	5.3
11:27:23.741	5.3
11:27:23.749	2.6
11:27:23.762	2.3
11:27:23.774	3.6
11:27:23.786	3.3
11:27:23.795	3.0
11:27:23.807	3.5
11:27:23.819	3.8
11:27:23.831	4.2
11:27:23.839	6.1
11:27:23.852	7.2
11:27:23.864	6.4
11:27:23.872	6.6
11:27:23.885	7.1
11:27:23.897	5.4
11:27:23.905	5.6
11:27:23.917	4.2
11:27:23.929	4.9
11:27:23.938	3.0
11:27:23.950	-0.1
11:27:23.962	-3.5
11:27:23.970	-3.7
11:27:23.983	-5.7
11:27:23.995	-5.3
11:27:24.007	-6.5
11:27:24.016	-9.4
11:27:24.028	-10.4
11:27:24.040	-11.7
11:27:24.048	-11.1
11:27:24.061	-10.0
11:27:24.073	-7.2
11:27:24.085	-8.8
11:27:24.093	-10.2
11:27:24.106	-11.3
11:27:24.118	-10.7
11:27:24.126	-10.2
11:27:24.138	-9.6
11:27:24.151	-10.8
11:27:24.159	-9.8
11:27:24.171	-10.1
11:27:24.183	-9.6
11:27:24.192	-8.2
11:27:24.204	-4.8
11:27:24.216	-3.3
11:27:24.224	-0.1
11:27:24.237	1.2
11:27:24.249	0.3
11:27:24.261	2.6
11:27:24.269	1.6
11:27:24.282	2.1
11:27:24.294	2.5
11:27:24.302	3.3
11:27:24.314	3.1
11:27:24.327	2.8
11:27:24.335	1.5
11:27:24.347	1.1
11:27:24.359	1.7
11:27:24.372	1.1
11:27:24.380	1.6
11:27:24.392	1.1
11:27:24.404	1.2
11:27:24.413	0.1
11:27:24.425	-0.5
11:27:24.437	-2.8
11:27:24.445	-3.7
11:27:24.458	-3.2
11:27:24.470	-2.3
11:27:24.478	-0.6
11:27:24.491	-1.7
11:27:24.503	-0.1
11:27:24.515	-1.0
11:27:24.523	-0.2
11:27:24.536	0.1
11:27:24.548	4.7
11:27:24.556	5.7
11:27:24.568	6.3
11:27:24.581	8.9
11:27:24.589	9.0
11:27:24.601	11.0
11:27:24.614	11.3
11:27:24.622	11.7
11:27:24.634	14.3
11:27:24.646	16.1
11:27:24.659	15.6
11:27:24.667	16.5
11:27:24.679	19.3
11:27:24.691	17.8
11:27:24.699	17.9
11:27:24.712	17.6
11:27:24.724	18.0
11:27:24.732	17.6
11:27:24.744	17.5
11:27:24.757	17.8
11:27:24.769	16.4
11:27:24.777	16.7
11:27:24.789	15.8
11:27:24.802	15.0
11:27:24.810	13.5
11:27:24.822	17.4
11:27:24.834	18.1
11:27:24.843	20.6
11:27:24.855	20.4
11:27:24.867	19.9
11:27:24.875	19.5
11:27:24.888	18.8
11:27:24.900	18.4
11:27:24.908	18.7
11:27:24.921	16.7
11:27:24.933	13.7
11:27:24.945	13.6
11:27:24.953	12.3
11:27:24.966	11.4
11:27:24.978	12.0
11:27:24.986	14.4
11:27:24.998	15.5
11:27:25.011	13.9
11:27:25.023	14.8
11:27:25.031	20.5
11:27:25.043	20.3
11:27:25.056	20.3
11:27:25.064	21.3
11:27:25.076	22.3
11:27:25.088	23.0
11:27:25.097	24.2
11:27:25.109	24.0
11:27:25.121	25.9
11:27:25.129	26.0
11:27:25.142	24.3
11:27:25.154	23.6
11:27:25.162	22.6
11:27:25.174	22.4
11:27:25.187	23.4
11:27:25.199	23.8
11:27:25.207	23.1
11:27:25.219	24.0
11:27:25.232	25.5
11:27:25.240	25.2
11:27:25.252	24.9
11:27:25.264	28.5
11:27:25.273	28.2
11:27:25.285	27.9
11:27:25.297	27.4
11:27:25.310	25.7
11:27:25.318	26.5
11:27:25.330	27.0
11:27:25.342	26.4
11:27:25.350	27.0
11:27:25.363	29.7
11:27:25.375	27.2
11:27:25.383	28.2
11:27:25.395	28.7
11:27:25.408	29.9
11:27:25.416	30.6
11:27:25.428	29.5
11:27:25.441	28.0
11:27:25.453	25.8
11:27:25.461	25.9
11:27:25.473	25.1
11:27:25.486	27.0
11:27:25.494	28.0
11:27:25.506	29.4
11:27:25.518	27.9
11:27:25.526	29.2
11:27:25.539	29.5
11:27:25.551	31.4
11:27:25.559	33.6
11:27:25.572	33.2
11:27:25.584	32.1
11:27:25.596	31.4
11:27:25.604	32.4
11:27:25.617	29.6
11:27:25.629	30.2
11:27:25.641	30.9
11:27:25.649	30.8
11:27:25.662	30.5
11:27:25.674	30.7
11:27:25.682	31.2
11:27:25.694	29.7
11:27:25.707	29.2
11:27:25.715	27.7
11:27:25.727	28.8
11:27:25.739	29.5
11:27:25.752	28.3
11:27:25.760	26.9
11:27:25.772	25.6
11:27:25.784	24.7
11:27:25.793	24.3
11:27:25.805	27.7
11:27:25.817	28.3
11:27:25.825	28.4
11:27:25.838	27.0
11:27:25.850	26.1
11:27:25.858	26.1
11:27:25.870	26.0
11:27:25.883	25.4
11:27:25.891	25.3
11:27:25.903	28.1
11:27:25.916	25.3
11:27:25.928	23.3
11:27:25.936	23.9
11:27:25.948	24.5
11:27:25.961	23.9
11:27:25.969	23.0
11:27:25.981	25.5
11:27:25.993	27.2
11:27:26.006	26.9
11:27:26.014	24.0
11:27:26.026	24.3
11:27:26.038	24.6
11:27:26.047	23.3
11:27:26.059	23.3
11:27:26.071	24.0
11:27:26.079	25.1
11:27:26.092	20.5
11:27:26.104	18.1
11:27:26.112	17.3
11:27:26.124	15.8
11:27:26.137	15.3
11:27:26.145	14.6
11:27:26.157	12.7
11:27:26.170	12.2
11:27:26.182	15.0
11:27:26.190	13.7
11:27:26.202	15.4
11:27:26.215	15.2
11:27:26.223	14.1
11:27:26.235	15.5
11:27:26.247	14.8
11:27:26.256	13.9
11:27:26.268	14.2
11:27:26.280	14.1
11:27:26.292	8.9
11:27:26.301	6.4
11:27:26.313	5.2
11:27:26.325	3.9
11:27:26.333	3.4
11:27:26.346	0.8
11:27:26.358	-0.5
11:27:26.366	0.3
11:27:26.379	0.1
11:27:26.391	-1.1
11:27:26.399	-1.1
11:27:26.411	-0.3
11:27:26.424	-0.9
11:27:26.436	-1.1
11:27:26.444	-2.7
11:27:26.456	-2.4
11:27:26.469	-2.9
11:27:26.477	-4.5
11:27:26.489	-6.6
11:27:26.501	-5.9
11:27:26.510	-3.6
11:27:26.522	-5.9
11:27:26.534	-6.8
11:27:26.542	-7.1
11:27:26.555	-6.1
11:27:26.567	-9.4
11:27:26.579	-9.1
11:27:26.587	-9.3
11:27:26.600	-6.7
11:27:26.612	-9.3
11:27:26.620	-13.2
11:27:26.632	-12.7
11:27:26.645	-12.4
11:27:26.653	-14.0
11:27:26.665	-15.9
11:27:26.677	-12.1
11:27:26.690	-12.9
11:27:26.698	-14.9
11:27:26.710	-17.2
11:27:26.723	-16.4
11:27:26.731	-17.4
11:27:26.743	-18.0
11:27:26.755	-18.4
11:27:26.764	-16.8
11:27:26.776	-18.0
11:27:26.788	-19.6
11:27:26.796	-18.6
11:27:26.808	-17.0
11:27:26.821	-18.1
11:27:26.829	-19.7
11:27:26.841	-20.0
11:27:26.854	-20.8
11:27:26.866	-21.8
11:27:26.874	-23.1
11:27:26.886	-19.9
11:27:26.899	-21.2
11:27:26.907	-24.5
11:27:26.919	-25.4
11:27:26.931	-24.4
11:27:26.944	-23.5
11:27:26.952	-22.6
11:27:26.964	-22.0
11:27:26.976	-23.5
11:27:26.985	-23.0
11:27:26.997	-25.4
11:27:27.009	-24.6
11:27:27.017	-24.1
11:27:27.030	-24.0
11:27:27.042	-25.0
11:27:27.050	-25.7
11:27:27.062	-25.7
11:27:27.075	-25.3
11:27:27.083	-23.7
11:27:27.095	-23.2
11:27:27.107	-24.5
11:27:27.120	-24.1
11:27:27.128	-23.3
11:27:27.140	-22.5
11:27:27.152	-22.4
11:27:27.161	-22.9
11:27:27.173	-21.6
11:27:27.185	-20.1
11:27:27.193	-18.8
11:27:27.206	-17.8
11:27:27.218	-14.2
11:27:27.230	-12.9
11:27:27.238	-11.9
11:27:27.251	-12.1
11:27:27.263	-9.9
11:27:27.271	-7.6
11:27:27.284	-8.7
11:27:27.296	-8.0
11:27:27.304	-8.3
11:27:27.317	-8.9
11:27:27.329	-8.7
11:27:27.337	-4.9
11:27:27.349	-3.3
11:27:27.362	-2.3
11:27:27.374	-2.1
11:27:27.382	-0.9
11:27:27.394	1.1
11:27:27.407	0.8
11:27:27.415	3.3
11:27:27.427	4.8
11:27:27.439	5.2
11:27:27.448	1.7
11:27:27.460	1.9
11:27:27.472	3.0
11:27:27.481	4.2
11:27:27.493	2.7
11:27:27.505	4.2
11:27:27.513	5.5
11:27:27.526	5.5
11:27:27.538	7.1
11:27:27.550	7.9
11:27:27.558	9.3
11:27:27.570	8.9
11:27:27.583	12.2
11:27:27.595	13.4
11:27:27.603	15.4
11:27:27.616	14.6
11:27:27.628	14.3
11:27:27.636	14.9
11:27:27.648	14.8
11:27:27.661	17.7
11:27:27.673	17.9
11:27:27.681	19.9
11:27:27.693	17.0
11:27:27.706	14.7
11:27:27.714	14.6
11:27:27.726	14.9
11:27:27.738	15.6
11:27:27.747	15.6
11:27:27.759	16.3
11:27:27.771	14.4
11:27:27.779	17.1
11:27:27.792	15.8
11:27:27.804	18.1
11:27:27.812	21.1
11:27:27.824	22.3
11:27:27.837	21.8
11:27:27.849	21.7
11:27:27.857	22.0
11:27:27.869	22.0
11:27:27.882	23.3
11:27:27.890	21.0
11:27:27.902	22.6
11:27:27.914	22.4
11:27:27.927	23.4
11:27:27.935	23.7
11:27:27.947	24.1
11:27:27.959	23.3
11:27:27.968	22.8
11:27:27.980	22.3
11:27:27.992	19.7
11:27:28.000	19.4
11:27:28.013	19.5
11:27:28.025	18.0
11:27:28.033	15.6
11:27:28.045	14.3
11:27:28.058	14.6
11:27:28.066	16.4
11:27:28.078	17.1
11:27:28.091	17.2
11:27:28.103	18.8
11:27:28.111	20.3
11:27:28.124	20.1
11:27:28.136	21.5
11:27:28.144	21.7
11:27:28.156	21.5
11:27:28.168	22.1
11:27:28.177	22.6
11:27:28.189	23.0
11:27:28.201	25.4
11:27:28.214	25.3
11:27:28.222	26.0
11:27:28.234	24.9
11:27:28.247	25.2
11:27:28.255	25.0
11:27:28.267	25.3
11:27:28.279	25.3
11:27:28.287	25.2
11:27:28.300	24.7
11:27:28.312	21.9
11:27:28.320	22.1
11:27:28.333	20.0
11:27:28.345	20.7
11:27:28.357	19.1
11:27:28.365	20.7
11:27:28.378	21.1
11:27:28.390	21.0
11:27:28.398	23.5
11:27:28.410	23.8
11:27:28.423	22.5
11:27:28.431	22.5
11:27:28.443	24.1
11:27:28.455	23.5
11:27:28.464	25.6
11:27:28.476	24.1
11:27:28.488	24.1
11:27:28.500	24.5
11:27:28.509	20.3
11:27:28.521	19.6
11:27:28.533	21.6
11:27:28.541	21.3
11:27:28.554	19.6
11:27:28.566	20.5
11:27:28.574	19.0
11:27:28.586	19.6
11:27:28.599	21.8
11:27:28.611	21.4
11:27:28.619	23.0
11:27:28.631	23.0
11:27:28.644	22.2
11:27:28.652	20.3
11:27:28.664	23.3
11:27:28.676	22.7
11:27:28.685	23.8
11:27:28.697	24.9
11:27:28.709	21.4
11:27:28.717	19.9
11:27:28.730	18.8
11:27:28.742	18.2
11:27:28.750	18.6
11:27:28.763	19.1
11:27:28.775	16.1
11:27:28.787	14.8
11:27:28.795	11.9
11:27:28.808	8.8
11:27:28.820	9.7
11:27:28.828	9.8
11:27:28.840	9.4
11:27:28.853	9.8
11:27:28.865	9.1
11:27:28.873	10.2
11:27:28.885	9.9
11:27:28.898	10.1
11:27:28.906	12.1
11:27:28.918	14.6
11:27:28.930	15.2
11:27:28.939	17.3
11:27:28.951	16.4
11:27:28.963	16.6
11:27:28.971	16.5
11:27:28.984	15.8
11:27:28.996	14.9
11:27:29.004	15.5
11:27:29.016	14.9
11:27:29.029	15.1
11:27:29.041	15.1
11:27:29.049	13.2
11:27:29.061	13.0
11:27:29.074	13.9
11:27:29.082	13.1
11:27:29.094	14.5
11:27:29.107	14.9
11:27:29.115	15.0
11:27:29.127	14.5
11:27:29.139	13.2
11:27:29.151	12.9
11:27:29.160	12.0
11:27:29.172	15.4
11:27:29.184	13.6
11:27:29.192	13.9
11:27:29.205	12.4
11:27:29.217	12.1
11:27:29.225	12.7
11:27:29.237	12.4
11:27:29.250	11.7
11:27:29.258	11.2
11:27:29.270	12.5
11:27:29.283	10.8
11:27:29.295	10.4
11:27:29.303	11.0
11:27:29.316	10.7
11:27:29.328	9.6
11:27:29.336	9.2
11:27:29.348	9.4
11:27:29.361	11.1
11:27:29.369	10.9
11:27:29.381	12.1
11:27:29.393	10.0
11:27:29.402	11.5
11:27:29.414	11.2
11:27:29.426	10.6
11:27:29.434	11.7
11:27:29.447	10.7
11:27:29.459	9.7
11:27:29.471	8.6
11:27:29.480	7.3
11:27:29.492	4.1
11:27:29.504	5.8
11:27:29.512	3.6
11:27:29.525	2.1
11:27:29.537	3.7
11:27:29.549	3.6
11:27:29.557	1.0
11:27:29.570	2.4
11:27:29.582	2.4
11:27:29.590	2.8
11:27:29.602	4.1
11:27:29.615	5.0
11:27:29.623	6.1
11:27:29.635	6.2
11:27:29.647	3.3
11:27:29.656	2.2
11:27:29.668	3.6
11:27:29.680	1.1
11:27:29.688	-0.9
11:27:29.701	-2.4
11:27:29.713	-2.9
11:27:29.725	-4.8
11:27:29.733	-7.1
11:27:29.746	-8.3
11:27:29.758	-8.9
11:27:29.770	-8.8
11:27:29.778	-7.5
11:27:29.791	-8.3
11:27:29.803	-10.4
11:27:29.811	-12.3
11:27:29.823	-15.9
11:27:29.836	-17.5
11:27:29.848	-15.8
11:27:29.856	-16.6
11:27:29.869	-16.9
11:27:29.881	-18.6
11:27:29.889	-21.0
11:27:29.901	-18.9
11:27:29.914	-18.8
11:27:29.922	-19.3
11:27:29.934	-16.2
11:27:29.946	-16.1
11:27:29.955	-18.6
11:27:29.967	-17.4
11:27:29.979	-17.6
11:27:29.987	-17.5
11:27:30.000	-16.6
11:27:30.012	-19.0
11:27:30.024	-18.7
11:27:30.032	-16.4
11:27:30.045	-19.1
11:27:30.057	-20.2
11:27:30.065	-19.8
11:27:30.077	-20.8
11:27:30.090	-21.2
11:27:30.098	-22.5
11:27:30.110	-22.8
11:27:30.122	-19.9
11:27:30.135	-19.8
11:27:30.143	-20.3
11:27:30.155	-20.2
11:27:30.167	-20.6
11:27:30.176	-20.1
11:27:30.188	-18.8
11:27:30.200	-19.0
11:27:30.208	-17.8
11:27:30.221	-18.6
11:27:30.233	-21.0
11:27:30.241	-21.1
11:27:30.253	-21.0
11:27:30.266	-18.0
11:27:30.278	-18.3
11:27:30.286	-19.3
11:27:30.299	-19.8
11:27:30.311	-19.2
11:27:30.319	-18.5
11:27:30.331	-17.4
11:27:30.343	-18.4
11:27:30.352	-18.8
11:27:30.364	-19.1
11:27:30.376	-22.4
11:27:30.385	-22.0
11:27:30.397	-21.5
11:27:30.409	-21.6
11:27:30.421	-19.7
11:27:30.430	-19.1
11:27:30.442	-20.8
11:27:30.454	-19.4
11:27:30.462	-18.8
11:27:30.475	-17.8
11:27:30.487	-15.7
11:27:30.495	-14.1
11:27:30.507	-12.8
11:27:30.520	-12.9
11:27:30.532	-13.1
11:27:30.540	-11.8
11:27:30.552	-9.9
11:27:30.565	-8.5
11:27:30.573	-7.1
11:27:30.585	-6.0
11:27:30.598	-5.7
11:27:30.606	-5.3
11:27:30.618	-4.9
11:27:30.630	-2.1
11:27:30.638	-1.3
11:27:30.651	-3.0
11:27:30.663	-1.8
11:27:30.671	-1.2
11:27:30.683	1.1
11:27:30.696	1.5
11:27:30.708	3.7
11:27:30.716	5.9
11:27:30.729	7.4
11:27:30.741	5.9
11:27:30.749	7.0
11:27:30.761	9.9
11:27:30.774	10.9
11:27:30.786	11.7
11:27:30.794	11.4
11:27:30.807	13.0
11:27:30.819	12.5
11:27:30.827	11.1
11:27:30.839	13.3
11:27:30.852	13.0
11:27:30.860	14.4
11:27:30.872	14.9
11:27:30.884	15.5
11:27:30.893	16.9
11:27:30.905	19.3
11:27:30.917	18.5
11:27:30.926	18.9
11:27:30.938	20.3
11:27:30.950	17.1
11:27:30.962	19.5
11:27:30.971	18.2
11:27:30.983	17.7
11:27:30.995	17.2
11:27:31.003	15.3
11:27:31.016	12.3
11:27:31.028	12.4
11:27:31.036	14.4
11:27:31.048	13.7
11:27:31.061	14.3
11:27:31.073	13.2
11:27:31.081	13.9
11:27:31.093	14.6
11:27:31.106	14.4
11:27:31.114	14.5
11:27:31.126	15.6
11:27:31.138	16.7
11:27:31.147	16.9
11:27:31.159	18.0
11:27:31.171	19.5
11:27:31.179	20.2
11:27:31.192	19.0
11:27:31.204	20.6
11:27:31.216	21.0
11:27:31.224	21.5
11:27:31.237	20.6
11:27:31.249	19.9
11:27:31.257	18.9
11:27:31.269	20.2
11:27:31.282	19.5
11:27:31.290	19.9
11:27:31.302	21.6
11:27:31.315	20.7
11:27:31.323	20.4
11:27:31.335	20.2
11:27:31.347	22.3
11:27:31.355	23.0
11:27:31.368	23.7
11:27:31.380	22.8
11:27:31.392	22.4
11:27:31.400	22.4
11:27:31.413	21.8
11:27:31.425	19.8
11:27:31.433	21.4
11:27:31.446	20.9
11:27:31.458	21.1
11:27:31.470	20.2
11:27:31.478	18.7
11:27:31.491	17.7
11:27:31.503	21.2
11:27:31.511	21.7
11:27:31.523	19.8
11:27:31.536	21.5
11:27:31.548	19.7
11:27:31.556	19.7
11:27:31.568	17.8
11:27:31.581	17.6
11:27:31.589	17.1
11:27:31.601	17.0
11:27:31.613	13.3
11:27:31.622	11.8
11:27:31.634	12.0
11:27:31.646	10.1
11:27:31.654	9.4
11:27:31.667	8.9
11:27:31.679	8.2
11:27:31.687	8.6
11:27:31.699	11.1
11:27:31.712	11.9
11:27:31.724	11.9
11:27:31.732	9.8
11:27:31.744	11.9
11:27:31.757	11.7
11:27:31.769	9.8
11:27:31.777	9.0
11:27:31.789	7.5
11:27:31.802	5.5
11:27:31.810	2.8
11:27:31.822	0.5
11:27:31.835	-1.0
11:27:31.843	-1.1
11:27:31.855	-4.6
11:27:31.867	-6.0
11:27:31.876	-6.5
11:27:31.888	-6.4
11:27:31.900	-6.4
11:27:31.908	-6.3
11:27:31.921	-6.2
11:27:31.933	-7.8
11:27:31.945	-8.0
11:27:31.953	-4.6
11:27:31.966	-5.3
11:27:31.978	-5.7
11:27:31.986	-4.2
11:27:31.998	-4.7
11:27:32.011	-4.4
11:27:32.019	-4.9
11:27:32.031	-7.4
11:27:32.043	-5.5
11:27:32.056	-5.4
11:27:32.064	-9.0
11:27:32.076	-8.0
11:27:32.088	-7.8
11:27:32.097	-8.3
11:27:32.109	-6.8
11:27:32.121	-7.6
11:27:32.129	-8.8
11:27:32.142	-9.4
11:27:32.154	-11.7
11:27:32.162	-11.6
11:27:32.174	-11.5
11:27:32.187	-13.1
11:27:32.199	-13.1
11:27:32.207	-16.1
11:27:32.219	-20.1
11:27:32.232	-19.0
11:27:32.240	-18.3
11:27:32.252	-17.4
11:27:32.264	-17.2
11:27:32.273	-18.8
11:27:32.285	-19.5
11:27:32.297	-18.4
11:27:32.305	-17.1
11:27:32.318	-14.4
11:27:32.330	-12.3
11:27:32.342	-12.9
11:27:32.351	-13.3
11:27:32.363	-15.6
11:27:32.375	-15.6
11:27:32.383	-15.5
11:27:32.396	-14.5
11:27:32.408	-13.2
11:27:32.416	-12.6
11:27:32.428	-11.5
11:27:32.441	-10.1
11:27:32.453	-10.5
11:27:32.461	-10.7
11:27:32.473	-9.5
11:27:32.486	-8.9
11:27:32.494	-7.2
11:27:32.506	-7.1
11:27:32.518	-7.2
11:27:32.527	-6.4
11:27:32.539	-7.2
11:27:32.551	-8.7
11:27:32.559	-6.0
11:27:32.572	-4.2
11:27:32.584	-2.4
11:27:32.592	-3.1
11:27:32.605	-4.7
11:27:32.617	-5.8
11:27:32.629	-6.3
11:27:32.637	-7.5
11:27:32.650	-8.4
11:27:32.662	-7.1
11:27:32.670	-7.1
11:27:32.682	-6.3
11:27:32.695	-4.9
11:27:32.707	-2.7
11:27:32.715	-1.5
11:27:32.727	1.1
11:27:32.740	0.9
11:27:32.748	1.4
11:27:32.760	3.0
11:27:32.772	3.2
11:27:32.781	3.6
11:27:32.793	3.3
11:27:32.805	3.6
11:27:32.814	4.4
11:27:32.826	7.1
11:27:32.838	6.5
11:27:32.846	7.8
11:27:32.859	8.2
11:27:32.871	9.6
11:27:32.883	10.1
11:27:32.891	9.5
11:27:32.904	10.2
11:27:32.916	9.3
11:27:32.924	10.4
11:27:32.936	8.3
11:27:32.949	8.5
11:27:32.957	9.0
11:27:32.969	8.8
11:27:32.981	8.4
11:27:32.994	8.5
11:27:33.002	11.3
11:27:33.014	10.8
11:27:33.027	11.5
11:27:33.035	11.2
11:27:33.047	12.1
11:27:33.059	13.2
11:27:33.067	12.6
11:27:33.080	13.3
11:27:33.092	12.8
11:27:33.100	13.2
11:27:33.112	10.7
11:27:33.125	11.4
11:27:33.137	13.3
11:27:33.145	14.6
11:27:33.158	15.5
11:27:33.170	15.4
11:27:33.178	17.9
11:27:33.190	18.6
11:27:33.203	18.4
11:27:33.211	19.4
11:27:33.223	20.6
11:27:33.235	21.3
11:27:33.244	17.5
11:27:33.256	15.3
11:27:33.268	14.4
11:27:33.276	15.0
11:27:33.289	15.5
11:27:33.301	14.7
11:27:33.313	15.9
11:27:33.321	17.0
11:27:33.334	15.8
11:27:33.346	14.9
11:27:33.354	17.6
11:27:33.366	17.6
11:27:33.379	18.9
11:27:33.391	17.7
11:27:33.399	14.8
11:27:33.411	16.3
11:27:33.424	17.1
11:27:33.432	14.9
11:27:33.444	15.5
11:27:33.457	15.5
11:27:33.465	16.4
11:27:33.477	17.5
11:27:33.489	16.7
11:27:33.497	17.5
11:27:33.509	19.4
11:27:33.522	18.9
11:27:33.534	17.8
11:27:33.542	18.8
11:27:33.554	17.9
11:27:33.567	17.0
11:27:33.575	17.6
11:27:33.587	17.9
11:27:33.599	18.0
11:27:33.612	16.5
11:27:33.620	14.8
11:27:33.632	12.6
11:27:33.644	18.2
11:27:33.653	16.3
11:27:33.665	19.2
11:27:33.677	21.3
11:27:33.689	20.4
11:27:33.698	19.2
11:27:33.710	19.3
11:27:33.722	23.3
11:27:33.730	24.7
11:27:33.743	24.9
11:27:33.755	19.8
11:27:33.764	21.0
11:27:33.776	18.6
11:27:33.788	17.6
11:27:33.796	14.9
11:27:33.808	15.4
11:27:33.821	16.7
11:27:33.829	13.5
11:27:33.841	12.7
11:27:33.853	13.3
11:27:33.866	11.0
11:27:33.874	11.3
11:27:33.886	9.8
11:27:33.898	8.6
11:27:33.907	11.3
11:27:33.919	9.5
11:27:33.931	5.4
11:27:33.939	6.0
11:27:33.952	4.8
11:27:33.964	2.2
11:27:33.976	0.9
11:27:33.984	0.8
11:27:33.997	-2.3
11:27:34.009	-3.7
11:27:34.017	-6.3
11:27:34.029	-6.3
11:27:34.042	-5.3
11:27:34.050	-8.5
11:27:34.062	-10.0
11:27:34.074	-10.7
11:27:34.083	-10.5
11:27:34.095	-14.1
11:27:34.107	-12.6
11:27:34.119	-12.5
11:27:34.128	-14.4
11:27:34.140	-16.4
11:27:34.152	-20.0
11:27:34.160	-17.8
11:27:34.173	-17.4
11:27:34.185	-17.1
11:27:34.193	-16.7
11:27:34.205	-17.8
11:27:34.218	-17.6
11:27:34.226	-19.7
11:27:34.238	-20.5
11:27:34.251	-19.3
11:27:34.263	-16.0
11:27:34.271	-18.5
11:27:34.283	-19.2
11:27:34.296	-19.5
11:27:34.304	-19.5
11:27:34.316	-18.0
11:27:34.328	-19.8
11:27:34.336	-19.0
11:27:34.349	-19.1
11:27:34.361	-19.6
11:27:34.373	-21.0
11:27:34.382	-21.5
11:27:34.394	-22.0
11:27:34.406	-21.1
11:27:34.414	-21.2
11:27:34.427	-23.0
11:27:34.439	-21.3
11:27:34.448	-21.4
11:27:34.460	-21.4
11:27:34.473	-23.5
11:27:34.481	-24.5
11:27:34.493	-25.1
11:27:34.505	-26.8
11:27:34.514	-28.0
11:27:34.526	-30.5
11:27:34.538	-31.0
11:27:34.550	-32.0
11:27:34.559	-32.8
11:27:34.571	-33.4
11:27:34.583	-31.8
11:27:34.591	-30.8
11:27:34.604	-30.5
11:27:34.616	-28.0
11:27:34.628	-27.2
11:27:34.636	-25.7
11:27:34.649	-24.9
11:27:34.661	-24.3
11:27:34.669	-23.3
11:27:34.681	-22.2
11:27:34.694	-22.4
11:27:34.702	-23.7
11:27:34.714	-23.7
11:27:34.726	-21.3
11:27:34.735	-20.0
11:27:34.747	-18.8
11:27:34.759	-17.0
11:27:34.767	-14.9
11:27:34.780	-13.9
11:27:34.792	-13.7
11:27:34.804	-12.1
11:27:34.812	-9.8
11:27:34.825	-7.9
11:27:34.836	-10.1
11:27:34.845	-12.0
11:27:34.857	-11.9
11:27:34.869	-10.9
11:27:34.877	-13.2
11:27:34.889	-13.0
11:27:34.902	-12.1
11:27:34.914	-12.9
11:27:34.922	-9.6
11:27:34.935	-8.8
11:27:34.947	-5.6
11:27:34.955	-4.9
11:27:34.967	-4.6
11:27:34.980	-6.3
11:27:34.988	-5.2
11:27:35.000	-3.9
11:27:35.012	-4.1
11:27:35.021	0.5
11:27:35.033	-1.8
11:27:35.045	-3.3
11:27:35.058	-7.4
11:27:35.066	-7.2
11:27:35.078	-6.9
11:27:35.090	-5.5
11:27:35.098	-5.5
11:27:35.111	-5.7
11:27:35.123	-3.6
11:27:35.131	-7.9
11:27:35.143	-10.7
11:27:35.156	-11.6
11:27:35.164	-9.2
11:27:35.176	-8.7
11:27:35.188	-6.5
11:27:35.197	-6.5
11:27:35.209	-5.2
11:27:35.221	-5.6
11:27:35.233	-7.6
11:27:35.242	-6.6
11:27:35.254	-5.3
11:27:35.266	-2.7
11:27:35.274	-3.7
11:27:35.288	-4.7
11:27:35.300	-6.3
11:27:35.312	-6.1
11:27:35.321	-7.9
11:27:35.333	-7.9
11:27:35.345	-4.7
11:27:35.353	-6.5
11:27:35.366	-5.8
11:27:35.378	-7.5
11:27:35.386	-8.0
11:27:35.398	-7.5
11:27:35.411	-10.6
11:27:35.419	-9.9
11:27:35.431	-7.3
11:27:35.443	-5.5
11:27:35.452	-8.3
11:27:35.464	-6.5
11:27:35.476	-10.1
11:27:35.488	-11.4
11:27:35.497	-11.3
11:27:35.509	-12.1
11:27:35.521	-10.1
11:27:35.533	-12.6
11:27:35.542	-15.3
11:27:35.554	-18.3
11:27:35.566	-20.4
11:27:35.574	-23.7
11:27:35.587	-18.6
11:27:35.599	-18.1
11:27:35.611	-18.1
11:27:35.619	-19.4
11:27:35.632	-20.4
11:27:35.644	-18.3
11:27:35.652	-19.9
11:27:35.664	-19.6
11:27:35.677	-19.8
11:27:35.685	-19.2
11:27:35.697	-22.1
11:27:35.709	-22.1
11:27:35.718	-23.5
11:27:35.730	-22.5
11:27:35.742	-21.9
11:27:35.750	-22.9
11:27:35.763	-20.0
11:27:35.775	-20.6
11:27:35.787	-19.1
11:27:35.795	-17.6
11:27:35.808	-17.1
11:27:35.820	-17.0
11:27:35.828	-17.6
11:27:35.841	-16.7
11:27:35.853	-17.7
11:27:35.861	-15.8
11:27:35.873	-17.8
11:27:35.886	-19.4
11:27:35.898	-19.2
11:27:35.906	-19.2
11:27:35.918	-20.2
11:27:35.930	-19.6
11:27:35.938	-17.2
11:27:35.951	-18.1
11:27:35.963	-16.6
11:27:35.971	-20.0
11:27:35.983	-17.7
11:27:35.996	-17.5
11:27:36.004	-17.8
11:27:36.016	-18.3
11:27:36.028	-17.6
11:27:36.041	-17.7
11:27:36.049	-19.2
11:27:36.061	-17.5
11:27:36.073	-18.9
11:27:36.082	-17.1
11:27:36.094	-19.6
11:27:36.106	-19.4
11:27:36.114	-18.3
11:27:36.127	-19.5
11:27:36.139	-19.3
11:27:36.147	-15.9
11:27:36.159	-15.7
11:27:36.172	-17.0
11:27:36.184	-15.5
11:27:36.192	-15.9
11:27:36.204	-13.3
11:27:36.217	-14.0
11:27:36.225	-15.2
11:27:36.237	-13.3
11:27:36.250	-13.4
11:27:36.258	-15.3
11:27:36.270	-15.1
11:27:36.282	-14.3
11:27:36.294	-16.4
11:27:36.303	-17.3
11:27:36.315	-17.0
11:27:36.327	-13.0
11:27:36.335	-13.9
11:27:36.348	-14.0
11:27:36.360	-13.1
11:27:36.368	-13.2
11:27:36.380	-12.4
11:27:36.393	-11.6
11:27:36.401	-9.7
11:27:36.413	-9.5
11:27:36.426	-11.7
11:27:36.434	-13.2
11:27:36.446	-11.5
11:27:36.458	-11.1
11:27:36.471	-11.3
11:27:36.479	-10.1
11:27:36.491	-10.1
11:27:36.503	-10.8
11:27:36.512	-10.5
11:27:36.524	-7.7
11:27:36.536	-6.5
11:27:36.548	-5.7
11:27:36.557	-5.1
11:27:36.569	-5.7
11:27:36.581	-5.1
11:27:36.589	-6.3
11:27:36.602	-5.9
11:27:36.614	-5.2
11:27:36.622	-4.2
11:27:36.634	-6.7
11:27:36.647	-7.4
11:27:36.655	-6.7
11:27:36.667	-5.7
11:27:36.679	-4.7
11:27:36.688	-4.2
11:27:36.700	-4.5
11:27:36.712	-4.4
11:27:36.725	-4.6
11:27:36.733	-2.8
11:27:36.745	-1.7
11:27:36.757	1.0
11:27:36.765	0.3
11:27:36.778	1.1
11:27:36.791	1.4
11:27:36.799	2.0
11:27:36.811	3.1
11:27:36.824	4.1
11:27:36.836	4.1
11:27:36.844	1.0
11:27:36.856	1.1
11:27:36.869	-2.8
11:27:36.877	-2.5
11:27:36.889	-4.3
11:27:36.902	-4.6
11:27:36.910	-5.5
11:27:36.922	-7.2
11:27:36.934	-7.1
11:27:36.942	-7.2
11:27:36.955	-6.4
11:27:36.967	-5.4
11:27:36.979	-2.3
11:27:36.987	-1.3
11:27:37.000	-1.7
11:27:37.012	-1.2
11:27:37.020	0.6
11:27:37.033	0.5
11:27:37.045	-0.3
11:27:37.053	0.5
11:27:37.065	0.6
11:27:37.078	0.3
11:27:37.086	2.7
11:27:37.098	3.9
11:27:37.110	6.1
11:27:37.119	6.7
11:27:37.131	6.4
11:27:37.143	8.8
11:27:37.155	10.4
11:27:37.164	11.7
11:27:37.176	10.0
11:27:37.188	9.8
11:27:37.196	9.1
11:27:37.209	10.1
11:27:37.221	10.2
11:27:37.233	9.8
11:27:37.241	10.9
11:27:37.254	12.7
11:27:37.266	13.2
11:27:37.274	13.1
11:27:37.286	17.7
11:27:37.299	18.2
11:27:37.307	17.8
11:27:37.319	16.6
11:27:37.331	17.6
11:27:37.340	20.3
11:27:37.352	18.7
11:27:37.364	19.6
11:27:37.372	19.5
11:27:37.385	19.0
11:27:37.397	17.0
11:27:37.409	18.6
11:27:37.417	17.8
11:27:37.429	17.3
11:27:37.441	17.5
11:27:37.454	16.6
11:27:37.462	17.7
11:27:37.475	15.9
11:27:37.487	15.8
11:27:37.495	17.5
11:27:37.508	17.7
11:27:37.520	16.0
11:27:37.532	15.2
11:27:37.540	14.2
11:27:37.553	13.5
11:27:37.565	14.5
11:27:37.573	15.4
11:27:37.586	17.4
11:27:37.598	17.5
11:27:37.606	16.7
11:27:37.618	16.6
11:27:37.630	17.1
11:27:37.639	17.2
11:27:37.651	17.8
11:27:37.664	17.8
11:27:37.671	14.8
11:27:37.684	15.0
11:27:37.696	13.6
11:27:37.708	16.4
11:27:37.717	16.8
11:27:37.729	15.6
11:27:37.741	15.0
11:27:37.749	15.0
11:27:37.762	14.4
11:27:37.774	13.6
11:27:37.782	16.0
11:27:37.794	13.9
11:27:37.807	12.1
11:27:37.819	7.8
11:27:37.827	6.3
11:27:37.839	8.9
11:27:37.852	9.0
11:27:37.860	9.7
11:27:37.872	12.0
11:27:37.884	11.8
11:27:37.893	9.4
11:27:37.905	11.1
11:27:37.917	10.1
11:27:37.925	11.3
11:27:37.938	13.0
11:27:37.950	12.0
11:27:37.962	13.0
11:27:37.970	11.9
11:27:37.983	10.9
11:27:37.995	10.4
11:27:38.003	11.9
11:27:38.015	11.4
11:27:38.028	13.0
11:27:38.036	14.4
11:27:38.048	12.4
11:27:38.060	13.2
11:27:38.069	13.3
11:27:38.081	14.1
11:27:38.093	14.9
11:27:38.106	18.3
11:27:38.114	19.6
11:27:38.126	17.5
11:27:38.138	18.8
11:27:38.147	21.5
11:27:38.159	23.3
11:27:38.171	22.5
11:27:38.179	22.1
11:27:38.192	22.1
11:27:38.204	24.2
11:27:38.216	22.4
11:27:38.224	21.5
11:27:38.237	22.9
11:27:38.249	22.9
11:27:38.257	18.9
11:27:38.269	17.3
11:27:38.282	15.6
11:27:38.290	16.5
11:27:38.302	16.5
11:27:38.314	12.7
11:27:38.323	13.5
11:27:38.335	13.1
11:27:38.347	13.6
11:27:38.355	12.1
11:27:38.368	14.4
11:27:38.380	14.7
11:27:38.392	16.1
11:27:38.400	15.8
11:27:38.413	16.8
11:27:38.425	19.1
11:27:38.433	18.4
11:27:38.445	17.5
11:27:38.458	16.8
11:27:38.470	17.4
11:27:38.478	15.4
11:27:38.490	14.4
11:27:38.503	14.4
11:27:38.511	13.0
11:27:38.523	12.3
11:27:38.536	10.6
11:27:38.544	9.6
11:27:38.556	8.6
11:27:38.568	8.8
11:27:38.576	6.8
11:27:38.589	4.5
11:27:38.601	5.4
11:27:38.609	4.0
11:27:38.621	2.6
11:27:38.634	1.4
11:27:38.646	0.2
11:27:38.654	-0.4
11:27:38.667	1.5
11:27:38.679	1.6
11:27:38.687	3.2
11:27:38.699	6.1
11:27:38.712	6.9
11:27:38.720	7.7
11:27:38.732	10.4
11:27:38.744	12.0
11:27:38.757	12.8
11:27:38.765	15.8
11:27:38.777	15.6
11:27:38.789	15.9
11:27:38.798	16.9
11:27:38.810	16.2
11:27:38.822	15.2
11:27:38.830	17.2
11:27:38.843	17.3
11:27:38.855	17.7
11:27:38.863	17.9
11:27:38.875	16.4
11:27:38.888	17.5
11:27:38.900	18.2
11:27:38.908	15.0
11:27:38.920	14.0
11:27:38.933	14.3
11:27:38.941	13.7
11:27:38.953	14.7
11:27:38.965	14.8
11:27:38.974	16.4
11:27:38.986	15.7
11:27:38.998	15.1
11:27:39.006	15.6
11:27:39.019	18.6
11:27:39.031	21.1
11:27:39.039	22.3
11:27:39.052	22.5
11:27:39.064	23.3
11:27:39.076	23.4
11:27:39.084	22.8
11:27:39.097	23.8
11:27:39.109	23.9
11:27:39.117	22.6
11:27:39.129	24.0
11:27:39.142	22.5
11:27:39.154	22.0
11:27:39.162	22.0
11:27:39.174	20.4
11:27:39.187	20.5
11:27:39.195	21.8
11:27:39.207	23.0
11:27:39.219	23.1
11:27:39.228	26.0
11:27:39.240	24.5
11:27:39.252	25.9
11:27:39.260	26.1
11:27:39.273	27.1
11:27:39.285	28.4
11:27:39.293	28.1
11:27:39.305	27.6
11:27:39.318	26.7
11:27:39.330	28.5
11:27:39.338	26.2
11:27:39.350	29.1
11:27:39.363	29.1
11:27:39.371	30.2
11:27:39.383	30.3
11:27:39.395	29.4
11:27:39.408	29.9
11:27:39.416	29.5
11:27:39.428	30.5
11:27:39.440	29.1
11:27:39.453	31.0
11:27:39.461	29.6
11:27:39.473	29.2
11:27:39.485	28.8
11:27:39.494	28.5
11:27:39.506	27.0
11:27:39.518	26.6
11:27:39.527	28.9
11:27:39.539	28.0
11:27:39.551	27.8
11:27:39.559	26.0
11:27:39.572	25.2
11:27:39.584	26.1
11:27:39.592	26.3
11:27:39.604	27.4
11:27:39.617	29.9
11:27:39.629	31.7
11:27:39.637	30.7
11:27:39.649	33.1
11:27:39.662	32.9
11:27:39.670	34.0
11:27:39.682	35.4
11:27:39.694	33.6
11:27:39.702	33.9
11:27:39.715	32.7
11:27:39.727	32.9
11:27:39.739	32.0
11:27:39.748	33.1
11:27:39.760	30.6
11:27:39.772	30.9
11:27:39.780	29.9
11:27:39.793	28.0
11:27:39.805	29.4
11:27:39.813	29.2
11:27:39.825	30.7
11:27:39.838	30.2
11:27:39.846	30.7
11:27:39.858	28.6
11:27:39.870	29.4
11:27:39.883	30.7
11:27:39.891	31.8
11:27:39.903	31.8
11:27:39.915	31.8
11:27:39.924	33.1
11:27:39.936	32.0
11:27:39.948	32.4
11:27:39.956	30.8
11:27:39.969	30.8
11:27:39.981	29.5
11:27:39.989	27.3
11:27:40.001	26.3
11:27:40.014	27.6
11:27:40.026	28.0
11:27:40.034	26.6
11:27:40.046	26.2
11:27:40.059	24.2
11:27:40.067	24.4
11:27:40.079	23.2
11:27:40.092	23.5
11:27:40.100	23.1
11:27:40.112	24.1
11:27:40.124	22.2
11:27:40.137	20.2
11:27:40.145	20.4
11:27:40.157	19.5
11:27:40.169	22.1
11:27:40.178	18.9
11:27:40.190	19.9
11:27:40.202	19.6
11:27:40.210	18.6
11:27:40.223	16.2
11:27:40.235	14.1
11:27:40.243	13.7
11:27:40.255	10.5
11:27:40.268	11.6
11:27:40.276	6.7
11:27:40.288	8.0
11:27:40.300	6.3
11:27:40.313	8.7
11:27:40.321	9.0
11:27:40.333	7.9
11:27:40.345	7.6
11:27:40.354	6.9
11:27:40.366	8.5
11:27:40.378	4.8
11:27:40.390	6.8
11:27:40.399	7.5
11:27:40.411	7.3
11:27:40.423	2.8
11:27:40.431	2.7
11:27:40.444	2.1
11:27:40.456	3.0
11:27:40.464	4.3
11:27:40.476	1.9
11:27:40.489	2.4
11:27:40.497	0.4
11:27:40.509	-0.2
11:27:40.522	-1.4
11:27:40.530	-2.2
11:27:40.542	-3.7
11:27:40.554	-2.9
11:27:40.567	-4.2
11:27:40.575	-6.6
11:27:40.587	-6.4
11:27:40.599	-7.4
11:27:40.607	-6.9
11:27:40.620	-6.0
11:27:40.632	-7.2
11:27:40.640	-7.8
11:27:40.653	-7.2
11:27:40.665	-7.7
11:27:40.677	-6.7
11:27:40.685	-7.2
11:27:40.698	-7.4
11:27:40.710	-6.2
11:27:40.718	-7.2
11:27:40.730	-9.3
11:27:40.743	-8.7
11:27:40.751	-9.5
11:27:40.763	-10.8
11:27:40.775	-13.8
11:27:40.784	-15.4
11:27:40.796	-15.5
11:27:40.808	-16.3
11:27:40.820	-19.0
11:27:40.829	-18.9
11:27:40.841	-20.4
11:27:40.853	-19.8
11:27:40.861	-17.6
11:27:40.874	-18.9
11:27:40.886	-18.0
11:27:40.894	-18.6
11:27:40.906	-20.7
11:27:40.919	-21.9
11:27:40.927	-22.4
11:27:40.939	-22.1
11:27:40.951	-22.1
11:27:40.960	-23.5
11:27:40.972	-24.6
11:27:40.984	-23.2
11:27:40.996	-22.6
11:27:41.005	-22.1
11:27:41.017	-20.0
11:27:41.029	-19.7
11:27:41.037	-19.6
11:27:41.050	-20.1
11:27:41.062	-18.9
11:27:41.074	-18.6
11:27:41.082	-18.3
11:27:41.095	-18.0
11:27:41.108	-16.7
11:27:41.116	-16.4
11:27:41.128	-12.7
11:27:41.141	-10.8
11:27:41.149	-8.0
11:27:41.161	-6.5
11:27:41.174	-5.8
11:27:41.182	-3.9
11:27:41.194	-4.0
11:27:41.206	-1.4
11:27:41.215	-0.3
11:27:41.227	3.9
11:27:41.239	2.2
11:27:41.251	3.5
11:27:41.260	6.2
11:27:41.272	5.6
11:27:41.284	7.2
11:27:41.292	8.3
11:27:41.305	10.8
11:27:41.317	10.5
11:27:41.329	10.5
11:27:41.337	8.0
11:27:41.350	11.3
11:27:41.362	12.7
11:27:41.370	9.4
11:27:41.382	10.3
11:27:41.395	9.7
11:27:41.403	8.4
11:27:41.415	7.5
11:27:41.427	7.4
11:27:41.435	7.3
11:27:41.447	6.2
11:27:41.460	2.9
11:27:41.468	4.5
11:27:41.480	6.4
11:27:41.492	8.9
11:27:41.505	9.3
11:27:41.513	9.4
11:27:41.525	10.0
11:27:41.537	10.2
11:27:41.550	10.0
11:27:41.558	12.7
11:27:41.570	13.1
11:27:41.582	10.0
11:27:41.591	11.1
11:27:41.603	10.2
11:27:41.611	9.1
11:27:41.624	11.0
11:27:41.636	12.3
11:27:41.648	13.3
11:27:41.660	17.2
11:27:41.669	16.4
11:27:41.681	17.4
11:27:41.693	19.1
11:27:41.701	18.8
11:27:41.714	19.8
11:27:41.726	22.3
11:27:41.734	23.1
11:27:41.746	26.4
11:27:41.759	27.2
11:27:41.767	26.9
11:27:41.779	28.9
11:27:41.791	27.6
11:27:41.804	28.7
11:27:41.812	29.4
11:27:41.824	28.0
11:27:41.836	26.2
11:27:41.845	27.5
11:27:41.857	22.6
11:27:41.869	24.0
11:27:41.877	20.6
11:27:41.890	20.7
11:27:41.902	22.2
11:27:41.910	22.5
11:27:41.922	23.8
11:27:41.935	24.5
11:27:41.947	26.8
11:27:41.955	24.6
11:27:41.967	26.9
11:27:41.980	25.8
11:27:41.988	25.7
11:27:42.000	24.3
11:27:42.012	24.6
11:27:42.021	24.1
11:27:42.033	23.0
11:27:42.045	21.8
11:27:42.057	21.1
11:27:42.066	21.7
11:27:42.078	19.7
11:27:42.090	18.1
11:27:42.098	18.5
11:27:42.111	17.2
11:27:42.123	14.7
11:27:42.131	13.7
11:27:42.144	11.1
11:27:42.156	10.0
11:27:42.164	8.3
11:27:42.176	8.8
11:27:42.189	10.7
11:27:42.197	11.0
11:27:42.209	13.0
11:27:42.221	14.8
11:27:42.234	15.1
11:27:42.242	15.8
11:27:42.254	18.0
11:27:42.266	20.7
11:27:42.275	22.6
11:27:42.287	22.3
11:27:42.299	21.4
11:27:42.312	22.2
11:27:42.320	23.1
11:27:42.332	23.1
11:27:42.344	24.4
11:27:42.353	22.9
11:27:42.365	23.8
11:27:42.377	23.0
11:27:42.385	23.0
11:27:42.398	22.4
11:27:42.410	23.2
11:27:42.418	21.7
11:27:42.430	20.0
11:27:42.443	22.2
11:27:42.451	23.2
11:27:42.463	25.9
11:27:42.475	23.9
11:27:42.488	28.3
11:27:42.496	28.1
11:27:42.508	28.5
11:27:42.521	26.8
11:27:42.529	26.4
11:27:42.541	25.5
11:27:42.553	23.8
11:27:42.562	23.1
11:27:42.574	19.3
11:27:42.586	19.6
11:27:42.598	16.4
11:27:42.607	15.9
11:27:42.619	14.2
11:27:42.631	15.3
11:27:42.639	17.4
11:27:42.652	18.4
11:27:42.664	16.9
11:27:42.672	15.9
11:27:42.684	19.1
11:27:42.697	19.5
11:27:42.705	18.1
11:27:42.717	16.9
11:27:42.729	17.8
11:27:42.742	15.9
11:27:42.750	13.9
11:27:42.762	12.8
11:27:42.774	13.9
11:27:42.783	13.9
11:27:42.795	11.3
11:27:42.807	11.3
11:27:42.815	11.7
11:27:42.828	12.6
11:27:42.840	12.2
11:27:42.848	13.2
11:27:42.860	14.8
11:27:42.873	14.3
11:27:42.881	13.4
11:27:42.893	12.9
11:27:42.905	11.8
11:27:42.918	10.7
11:27:42.926	9.1
11:27:42.938	9.3
11:27:42.950	8.7
11:27:42.959	7.5
11:27:42.971	8.1
11:27:42.983	9.7
11:27:42.996	10.4
11:27:43.004	10.4
11:27:43.016	11.5
11:27:43.028	12.1
11:27:43.036	12.7
11:27:43.049	11.9
11:27:43.061	10.6
11:27:43.069	11.1
11:27:43.081	9.8
11:27:43.094	9.4
11:27:43.102	8.5
11:27:43.114	8.2
11:27:43.127	10.3
11:27:43.135	10.2
11:27:43.147	10.2
11:27:43.159	11.1
11:27:43.172	11.9
11:27:43.180	12.4
11:27:43.192	10.5
11:27:43.204	9.4
11:27:43.213	8.7
11:27:43.225	10.2
11:27:43.237	8.3
11:27:43.249	8.2
11:27:43.258	9.2
11:27:43.270	9.3
11:27:43.282	10.2
11:27:43.290	9.7
11:27:43.303	10.0
11:27:43.315	10.4
11:27:43.323	10.8
11:27:43.335	9.8
11:27:43.348	10.7
11:27:43.356	10.3
11:27:43.368	11.4
11:27:43.380	10.8
11:27:43.389	11.8
11:27:43.401	11.8
11:27:43.413	13.1
11:27:43.425	12.3
11:27:43.434	12.4
11:27:43.446	12.1
11:27:43.458	10.4
11:27:43.471	11.9
11:27:43.479	8.8
11:27:43.491	9.9
11:27:43.499	7.4
11:27:43.511	7.6
11:27:43.524	6.3
11:27:43.532	5.6
11:27:43.544	6.1
11:27:43.556	5.4
11:27:43.569	6.7
11:27:43.577	3.2
11:27:43.589	7.1
11:27:43.602	6.3
11:27:43.610	7.6
11:27:43.622	7.3
11:27:43.634	11.9
11:27:43.647	13.9
11:27:43.655	13.1
11:27:43.667	13.7
11:27:43.679	13.1
11:27:43.688	14.1
11:27:43.700	11.9
11:27:43.712	9.3
11:27:43.724	8.5
11:27:43.733	8.5
11:27:43.745	4.1
11:27:43.757	2.8
11:27:43.765	3.9
11:27:43.778	3.4
11:27:43.790	4.2
11:27:43.798	4.3
11:27:43.810	4.8
11:27:43.823	6.9
11:27:43.831	6.5
11:27:43.843	6.4
11:27:43.855	7.1
11:27:43.868	8.7
11:27:43.876	7.5
11:27:43.888	7.9
11:27:43.900	6.1
11:27:43.909	5.4
11:27:43.921	4.1
11:27:43.933	5.8
11:27:43.941	6.7
11:27:43.955	8.2
11:27:43.967	8.9
11:27:43.979	9.7
11:27:43.987	9.1
11:27:44.000	8.6
11:27:44.012	10.6
11:27:44.020	13.2
11:27:44.033	12.5
11:27:44.045	11.3
11:27:44.053	8.3
11:27:44.065	6.6
11:27:44.078	7.8
11:27:44.086	5.9
11:27:44.098	7.6
11:27:44.110	8.6
11:27:44.118	7.5
11:27:44.131	6.3
11:27:44.143	5.4
11:27:44.155	5.4
11:27:44.164	8.2
11:27:44.176	9.3
11:27:44.188	7.3
11:27:44.196	9.0
11:27:44.209	8.7
11:27:44.221	8.9
11:27:44.233	7.9
11:27:44.241	6.6
11:27:44.254	8.3
11:27:44.266	6.4
11:27:44.274	7.3
11:27:44.286	6.6
11:27:44.299	7.0
11:27:44.307	4.1
11:27:44.319	2.5
11:27:44.331	1.5
11:27:44.340	2.1
11:27:44.352	3.7
11:27:44.364	5.0
11:27:44.372	3.9
11:27:44.385	2.0
11:27:44.397	1.3
11:27:44.409	-1.0
11:27:44.417	-1.4
11:27:44.430	0.1
11:27:44.442	-1.8
11:27:44.450	-3.7
11:27:44.463	-5.3
11:27:44.475	-5.5
11:27:44.483	-6.3
11:27:44.495	-6.3
11:27:44.508	-6.8
11:27:44.520	-7.1
11:27:44.528	-7.2
11:27:44.540	-10.0
11:27:44.553	-8.4
11:27:44.561	-7.6
11:27:44.573	-7.6
11:27:44.585	-11.7
11:27:44.594	-12.7
11:27:44.606	-13.2
11:27:44.618	-14.9
11:27:44.626	-14.9
11:27:44.639	-16.3
11:27:44.651	-15.1
11:27:44.663	-16.5
11:27:44.671	-19.3
11:27:44.684	-21.1
11:27:44.696	-21.0
11:27:44.704	-17.9
11:27:44.716	-19.5
11:27:44.729	-18.4
11:27:44.737	-20.0
11:27:44.749	-20.3
11:27:44.761	-22.8
11:27:44.770	-22.5
11:27:44.782	-20.5
11:27:44.794	-20.3
11:27:44.802	-21.6
11:27:44.815	-24.9
11:27:44.827	-24.3
11:27:44.839	-26.3
11:27:44.847	-24.0
11:27:44.860	-23.6
11:27:44.872	-23.1
11:27:44.880	-25.7
11:27:44.893	-27.2
11:27:44.905	-28.0
11:27:44.917	-27.3
11:27:44.925	-27.0
11:27:44.937	-27.8
11:27:44.950	-27.1
11:27:44.958	-28.2
11:27:44.970	-27.9
11:27:44.983	-28.1
11:27:44.991	-27.9
11:27:45.003	-26.4
11:27:45.015	-24.7
11:27:45.023	-26.4
11:27:45.036	-27.1
11:27:45.048	-26.8
11:27:45.056	-26.2
11:27:45.069	-27.8
11:27:45.081	-28.6
11:27:45.093	-29.4
11:27:45.101	-29.4
11:27:45.114	-32.8
11:27:45.126	-35.2
11:27:45.134	-35.7
11:27:45.146	-34.9
11:27:45.159	-35.3
11:27:45.171	-34.6
11:27:45.179	-32.8
11:27:45.191	-32.7
11:27:45.204	-33.1
11:27:45.212	-30.5
11:27:45.224	-29.3
11:27:45.236	-28.4
11:27:45.245	-25.0
11:27:45.257	-26.6
11:27:45.269	-26.8
11:27:45.277	-28.3
11:27:45.290	-26.8
11:27:45.302	-25.0
11:27:45.310	-22.3
11:27:45.322	-23.1
11:27:45.335	-20.8
11:27:45.347	-20.1
11:27:45.355	-19.7
11:27:45.367	-16.5
11:27:45.380	-14.6
11:27:45.388	-12.3
11:27:45.400	-13.4
11:27:45.412	-12.0
11:27:45.425	-13.0
11:27:45.433	-12.0
11:27:45.445	-12.3
11:27:45.457	-10.0
11:27:45.466	-9.8
11:27:45.478	-6.9
11:27:45.490	-6.1
11:27:45.498	-7.1
11:27:45.511	-5.4
11:27:45.523	-4.5
11:27:45.531	-1.8
11:27:45.544	-3.5
11:27:45.556	-1.8
11:27:45.564	-3.0
11:27:45.576	-1.6
11:27:45.589	-2.8
11:27:45.601	-2.6
11:27:45.609	2.1
11:27:45.621	1.2
11:27:45.634	0.4
11:27:45.646	0.1
11:27:45.654	2.3
11:27:45.666	2.8
11:27:45.679	3.7
11:27:45.687	3.1
11:27:45.699	2.6
11:27:45.711	2.9
11:27:45.720	1.2
11:27:45.732	2.6
11:27:45.744	3.2
11:27:45.752	3.6
11:27:45.765	4.5
11:27:45.777	3.8
11:27:45.789	3.9
11:27:45.797	5.6
11:27:45.810	5.2
11:27:45.822	5.7
11:27:45.830	8.0
11:27:45.842	8.5
11:27:45.855	9.0
11:27:45.863	8.2
11:27:45.875	6.6
11:27:45.888	5.9
11:27:45.900	7.8
11:27:45.908	6.9
11:27:45.920	9.1
11:27:45.932	9.5
11:27:45.941	6.9
11:27:45.953	7.6
11:27:45.965	7.0
11:27:45.973	9.3
11:27:45.986	11.0
11:27:45.998	13.8
11:27:46.006	14.0
11:27:46.018	14.7
11:27:46.031	16.8
11:27:46.039	16.6
11:27:46.051	17.2
11:27:46.064	15.6
11:27:46.076	14.1
11:27:46.084	14.4
11:27:46.096	17.6
11:27:46.109	17.2
11:27:46.117	15.2
11:27:46.129	14.0
11:27:46.141	11.8
11:27:46.154	12.0
11:27:46.162	12.5
11:27:46.174	11.8
11:27:46.186	14.2
11:27:46.195	9.7
11:27:46.207	5.9
11:27:46.219	5.2
11:27:46.227	6.7
11:27:46.240	8.2
11:27:46.252	8.5
11:27:46.260	8.1
11:27:46.272	7.7
11:27:46.285	8.0
11:27:46.293	8.5
11:27:46.305	10.8
11:27:46.317	12.7
11:27:46.330	13.0
11:27:46.338	11.0
11:27:46.350	10.3
11:27:46.362	9.4
11:27:46.371	10.1
11:27:46.383	8.2
11:27:46.395	9.5
11:27:46.403	8.0
11:27:46.416	6.9
11:27:46.428	5.3
11:27:46.440	4.8
11:27:46.448	7.7
11:27:46.461	7.4
11:27:46.473	7.6
11:27:46.481	5.8
11:27:46.494	6.6
11:27:46.506	7.4
11:27:46.514	6.5
11:27:46.526	7.8
11:27:46.539	9.0
11:27:46.547	7.3
11:27:46.559	5.1
11:27:46.571	4.4
11:27:46.584	4.0
11:27:46.592	8.7
11:27:46.604	8.2
11:27:46.616	4.9
11:27:46.625	4.2
11:27:46.637	0.6
11:27:46.649	-3.3
11:27:46.657	-4.8
11:27:46.670	-2.4
11:27:46.682	-3.7
11:27:46.690	-6.0
11:27:46.702	-12.2
11:27:46.715	-16.3
11:27:46.723	-17.5
11:27:46.735	-17.9
11:27:46.747	-17.1
11:27:46.760	-17.0
11:27:46.768	-13.5
11:27:46.780	-19.2
11:27:46.792	-21.5
11:27:46.801	-21.9
11:27:46.813	-23.9
11:27:46.825	-24.0
11:27:46.837	-24.1
11:27:46.846	-24.4
11:27:46.858	-24.1
11:27:46.870	-23.3
11:27:46.878	-27.3
11:27:46.891	-25.2
11:27:46.903	-25.8
11:27:46.911	-25.5
11:27:46.923	-22.6
11:27:46.936	-20.9
11:27:46.944	-21.7
11:27:46.956	-22.3
11:27:46.968	-21.8
11:27:46.977	-22.7
11:27:46.989	-21.4
11:27:47.001	-21.5
11:27:47.014	-19.4
11:27:47.022	-19.4
11:27:47.034	-19.9
11:27:47.047	-20.0
11:27:47.055	-16.7
11:27:47.067	-15.0
11:27:47.079	-13.4
11:27:47.092	-11.0
11:27:47.100	-11.1
11:27:47.112	-11.8
11:27:47.124	-10.8
11:27:47.132	-10.5
11:27:47.145	-9.8
11:27:47.157	-6.8
11:27:47.165	-7.9
11:27:47.178	-10.6
11:27:47.190	-11.5
11:27:47.198	-13.2
11:27:47.210	-12.4
11:27:47.223	-11.0
11:27:47.231	-11.3
11:27:47.243	-8.3
11:27:47.255	-8.8
11:27:47.268	-11.0
11:27:47.276	-12.6
11:27:47.288	-12.0
11:27:47.300	-12.6
11:27:47.309	-11.6
11:27:47.321	-12.5
11:27:47.333	-10.9
11:27:47.341	-9.4
11:27:47.354	-12.1
11:27:47.366	-11.8
11:27:47.374	-9.6
11:27:47.386	-7.6
11:27:47.399	-6.6
11:27:47.411	-5.9
11:27:47.419	-5.7
11:27:47.431	-5.6
11:27:47.444	-7.8
11:27:47.452	-5.7
11:27:47.464	-4.0
11:27:47.476	-2.8
11:27:47.485	-3.6
11:27:47.497	-3.1
11:27:47.509	-1.6
11:27:47.522	0.7
11:27:47.530	1.5
11:27:47.542	4.2
11:27:47.554	6.9
11:27:47.562	5.3
11:27:47.575	6.3
11:27:47.587	8.1
11:27:47.595	8.9
11:27:47.608	12.2
11:27:47.620	13.4
11:27:47.632	12.7
11:27:47.640	16.0
11:27:47.653	18.8
11:27:47.665	21.6
11:27:47.673	20.6
11:27:47.685	20.7
11:27:47.698	22.1
11:27:47.710	22.9
11:27:47.718	22.5
11:27:47.730	23.8
11:27:47.743	24.1
11:27:47.751	21.7
11:27:47.763	19.9
11:27:47.775	17.6
11:27:47.784	19.0
11:27:47.796	20.8
11:27:47.808	18.9
11:27:47.820	19.0
11:27:47.829	18.3
11:27:47.841	16.9
11:27:47.853	17.0
11:27:47.861	18.0
11:27:47.874	22.8
11:27:47.886	23.5
11:27:47.894	24.8
11:27:47.906	22.0
11:27:47.919	23.2
11:27:47.927	24.4
11:27:47.939	24.6
11:27:47.951	25.1
11:27:47.960	26.4
11:27:47.972	28.8
11:27:47.984	24.8
11:27:47.996	23.0
11:27:48.005	21.9
11:27:48.017	24.7
11:27:48.029	23.6
11:27:48.037	21.7
11:27:48.050	21.2
11:27:48.062	20.0
11:27:48.074	20.6
11:27:48.082	18.0
11:27:48.095	17.7
11:27:48.107	17.9
11:27:48.115	19.5
11:27:48.128	19.5
11:27:48.140	20.3
11:27:48.148	21.7
11:27:48.160	22.4
11:27:48.173	24.1
11:27:48.181	23.3
11:27:48.193	23.7
11:27:48.205	23.4
11:27:48.214	25.8
11:27:48.226	23.8
11:27:48.238	25.0
11:27:48.250	24.7
11:27:48.259	24.3
11:27:48.271	23.1
11:27:48.283	23.4
11:27:48.291	22.9
11:27:48.304	24.7
11:27:48.316	26.7
11:27:48.324	25.5
11:27:48.337	29.7
11:27:48.350	27.0
11:27:48.362	26.7
11:27:48.370	28.1
11:27:48.382	30.1
11:27:48.395	31.2
11:27:48.403	32.2
11:27:48.415	30.7
11:27:48.428	28.8
11:27:48.436	27.2
11:27:48.448	23.9
11:27:48.460	24.3
11:27:48.468	26.4
11:27:48.481	26.0
11:27:48.493	24.6
11:27:48.505	22.5
11:27:48.513	22.3
11:27:48.526	21.6
11:27:48.538	19.7
11:27:48.546	21.4
11:27:48.558	21.9
11:27:48.571	21.5
11:27:48.579	19.2
11:27:48.591	19.2
11:27:48.603	18.5
11:27:48.611	17.8
11:27:48.623	15.0
11:27:48.636	16.1
11:27:48.644	16.0
11:27:48.656	16.5
11:27:48.668	14.5
11:27:48.681	12.3
11:27:48.689	11.0
11:27:48.701	9.2
11:27:48.714	7.8
11:27:48.722	8.2
11:27:48.734	10.5
11:27:48.746	6.5
11:27:48.759	7.2
11:27:48.767	3.3
11:27:48.779	3.4
11:27:48.792	3.5
11:27:48.800	4.3
11:27:48.812	3.4
11:27:48.824	1.8
11:27:48.832	-0.6
11:27:48.845	-4.5
11:27:48.857	-5.4
11:27:48.865	-9.2
11:27:48.877	-8.1
11:27:48.890	-9.2
11:27:48.898	-8.3
11:27:48.910	-8.1
11:27:48.922	-7.8
11:27:48.935	-5.6
11:27:48.943	-4.8
11:27:48.955	-3.9
11:27:48.967	-2.7
11:27:48.976	-0.2
11:27:48.988	-2.0
11:27:49.000	-1.2
11:27:49.012	-3.6
11:27:49.021	-6.0
11:27:49.033	-6.6
11:27:49.046	-8.2
11:27:49.054	-8.6
11:27:49.066	-7.0
11:27:49.078	-8.6
11:27:49.086	-9.5
11:27:49.098	-8.2
11:27:49.111	-9.4
11:27:49.119	-9.1
11:27:49.131	-8.8
11:27:49.143	-9.4
11:27:49.152	-9.2
11:27:49.164	-9.7
11:27:49.176	-10.9
11:27:49.189	-10.5
11:27:49.197	-10.1
11:27:49.209	-10.1
11:27:49.221	-11.9
11:27:49.229	-13.0
11:27:49.242	-12.5
11:27:49.254	-13.5
11:27:49.262	-13.9
11:27:49.275	-11.7
11:27:49.287	-9.7
11:27:49.295	-11.1
11:27:49.307	-10.1
11:27:49.320	-10.2
11:27:49.332	-7.9
11:27:49.340	-6.5
11:27:49.352	-5.8
11:27:49.365	-5.8
11:27:49.373	-5.2
11:27:49.385	-7.1
11:27:49.397	-8.0
11:27:49.406	-7.9
11:27:49.418	-9.3
11:27:49.430	-10.6
11:27:49.442	-11.3
11:27:49.451	-11.8
11:27:49.463	-12.7
11:27:49.475	-11.6
11:27:49.487	-13.9
11:27:49.496	-11.0
11:27:49.508	-13.2
11:27:49.520	-10.4
11:27:49.528	-10.0
11:27:49.541	-10.0
11:27:49.549	-8.6
11:27:49.561	-8.5
11:27:49.573	-7.1
11:27:49.582	-7.9
11:27:49.594	-5.0
11:27:49.606	-5.5
11:27:49.618	-3.1
11:27:49.631	-2.1
11:27:49.639	-1.1
11:27:49.651	-0.4
11:27:49.663	0.0
11:27:49.672	2.7
11:27:49.684	1.9
11:27:49.696	3.5
11:27:49.704	4.3
11:27:49.717	2.5
11:27:49.729	1.8
11:27:49.741	0.6
11:27:49.750	0.6
11:27:49.762	1.4
11:27:49.774	5.5
11:27:49.782	5.7
11:27:49.795	7.4
11:27:49.807	7.8
11:27:49.815	8.2
11:27:49.827	8.8
11:27:49.840	8.4
11:27:49.848	10.4
11:27:49.860	13.8
11:27:49.872	16.1
11:27:49.881	11.9
11:27:49.893	11.1
11:27:49.905	10.9
11:27:49.917	11.0
11:27:49.927	10.0
11:27:49.938	11.4
11:27:49.951	13.4
11:27:49.959	13.0
11:27:49.972	12.2
11:27:49.984	11.5
11:27:49.996	12.6
11:27:50.004	14.8
11:27:50.017	18.4
11:27:50.029	20.1
11:27:50.037	24.4
11:27:50.049	25.4
11:27:50.062	23.4
11:27:50.070	24.4
11:27:50.082	24.0
11:27:50.094	26.2
11:27:50.103	25.3
11:27:50.115	26.3
11:27:50.127	23.9
11:27:50.135	23.6
11:27:50.148	20.7
11:27:50.160	22.0
11:27:50.172	23.7
11:27:50.180	23.9
11:27:50.193	24.1
11:27:50.205	23.2
11:27:50.213	24.3
11:27:50.226	22.6
11:27:50.238	22.5
11:27:50.246	23.8
11:27:50.258	25.2
11:27:50.271	23.4
11:27:50.283	26.4
11:27:50.291	28.0
11:27:50.303	29.0
11:27:50.316	28.4
11:27:50.324	30.4
11:27:50.336	29.8
11:27:50.348	31.7
11:27:50.357	31.4
11:27:50.369	30.6
11:27:50.381	30.6
11:27:50.389	28.2
11:27:50.402	26.4
11:27:50.414	25.4
11:27:50.426	25.8
11:27:50.434	26.5
11:27:50.447	27.6
11:27:50.459	27.2
11:27:50.467	26.8
11:27:50.479	28.7
11:27:50.492	28.2
11:27:50.500	30.0
11:27:50.512	29.5
11:27:50.524	30.1
11:27:50.533	29.0
11:27:50.545	26.3
11:27:50.557	24.7
11:27:50.565	24.8
11:27:50.578	24.1
11:27:50.590	22.9
11:27:50.602	23.8
11:27:50.610	21.8
11:27:50.623	22.7
11:27:50.635	23.2
11:27:50.643	23.1
11:27:50.655	26.1
11:27:50.668	28.2
11:27:50.680	24.7
11:27:50.688	25.6
11:27:50.701	23.6
11:27:50.713	23.2
11:27:50.721	24.2
11:27:50.733	24.5
11:27:50.746	23.0
11:27:50.754	27.1
11:27:50.766	25.0
11:27:50.778	22.8
11:27:50.787	23.3
11:27:50.799	22.8
11:27:50.811	23.7
11:27:50.819	23.3
11:27:50.832	23.8
11:27:50.844	24.7
11:27:50.856	28.8
11:27:50.864	27.5
11:27:50.877	26.9
11:27:50.889	30.3
11:27:50.897	32.5
11:27:50.909	32.2
11:27:50.922	31.3
11:27:50.934	31.9
11:27:50.942	30.0
11:27:50.954	28.3
11:27:50.967	24.4
11:27:50.975	24.6
11:27:50.987	24.7
11:27:50.999	21.2
11:27:51.008	21.2
11:27:51.020	20.2
11:27:51.032	20.9
11:27:51.040	20.0
11:27:51.053	20.1
11:27:51.065	20.3
11:27:51.073	19.9
11:27:51.085	18.0
11:27:51.098	17.1
11:27:51.110	18.0
11:27:51.118	16.6
11:27:51.130	16.5
11:27:51.143	15.6
11:27:51.151	16.2
11:27:51.163	15.7
11:27:51.176	15.0
11:27:51.184	13.8
11:27:51.196	12.0
11:27:51.208	11.8
11:27:51.216	12.0
11:27:51.229	11.0
11:27:51.241	13.5
11:27:51.253	13.1
11:27:51.262	12.4
11:27:51.274	14.0
11:27:51.286	13.8
11:27:51.294	14.6
11:27:51.307	15.8
11:27:51.319	16.2
11:27:51.327	15.1
11:27:51.339	14.6
11:27:51.352	10.8
11:27:51.364	11.9
11:27:51.372	11.1
11:27:51.384	8.3
11:27:51.397	5.2
11:27:51.405	4.4
11:27:51.417	3.6
11:27:51.429	3.7
11:27:51.438	2.6
11:27:51.450	3.0
11:27:51.462	4.1
11:27:51.470	3.9
11:27:51.483	3.1
11:27:51.495	3.6
11:27:51.503	5.2
11:27:51.515	4.9
11:27:51.528	5.1
11:27:51.540	3.4
11:27:51.548	3.7
11:27:51.560	2.2
11:27:51.573	0.7
11:27:51.585	0.6
11:27:51.593	2.0
11:27:51.605	1.8
11:27:51.618	1.5
11:27:51.626	1.9
11:27:51.638	0.1
11:27:51.651	-0.8
11:27:51.663	-1.3
11:27:51.671	-0.6
11:27:51.683	-0.4
11:27:51.695	-1.0
11:27:51.704	-3.6
11:27:51.716	-4.7
11:27:51.728	-6.0
11:27:51.737	-8.5
11:27:51.749	-9.2
11:27:51.761	-10.3
11:27:51.769	-10.2
11:27:51.782	-13.0
11:27:51.794	-13.5
11:27:51.802	-16.7
11:27:51.814	-16.9
11:27:51.827	-17.9
11:27:51.839	-17.2
11:27:51.847	-16.8
11:27:51.859	-17.1
11:27:51.872	-17.0
11:27:51.880	-19.0
11:27:51.892	-16.8
11:27:51.904	-18.8
11:27:51.917	-17.3
11:27:51.925	-17.4
11:27:51.937	-16.9
11:27:51.949	-18.4
11:27:51.958	-20.2
11:27:51.970	-19.2
11:27:51.982	-17.4
11:27:51.990	-17.4
11:27:52.003	-17.2
11:27:52.015	-16.5
11:27:52.023	-17.6
11:27:52.035	-17.4
11:27:52.048	-17.8
11:27:52.056	-16.4
11:27:52.068	-14.0
11:27:52.081	-13.0
11:27:52.093	-14.0
11:27:52.101	-14.1
11:27:52.113	-15.1
11:27:52.125	-13.9
11:27:52.134	-12.1
11:27:52.146	-12.8
11:27:52.158	-11.6
11:27:52.166	-11.7
11:27:52.179	-11.4
11:27:52.191	-9.8
11:27:52.203	-9.3
11:27:52.212	-8.5
11:27:52.224	-7.2
11:27:52.236	-6.6
11:27:52.244	-6.4
11:27:52.257	-3.7
11:27:52.269	-3.1
11:27:52.277	-4.0
11:27:52.289	-4.0
11:27:52.302	-6.4
11:27:52.310	-7.3
11:27:52.322	-4.0
11:27:52.335	-3.1
11:27:52.347	-3.4
11:27:52.355	-2.8
11:27:52.367	-3.3
11:27:52.380	-3.5
11:27:52.388	-1.3
11:27:52.400	0.4
11:27:52.412	0.9
11:27:52.421	3.3
11:27:52.433	1.8
11:27:52.445	0.8
11:27:52.453	0.6
11:27:52.466	1.2
11:27:52.478	0.9
11:27:52.486	2.0
11:27:52.498	3.0
11:27:52.511	1.6
11:27:52.523	1.8
11:27:52.531	1.7
11:27:52.543	1.1
11:27:52.556	-0.1
11:27:52.564	3.1
11:27:52.576	4.3
11:27:52.588	6.5
11:27:52.601	6.3
11:27:52.609	6.3
11:27:52.621	8.0
11:27:52.633	9.6
11:27:52.642	11.1
11:27:52.654	12.5
11:27:52.666	16.1
11:27:52.675	14.5
11:27:52.687	13.9
11:27:52.699	13.4
11:27:52.707	14.3
11:27:52.720	14.4
11:27:52.732	14.0
11:27:52.740	12.7
11:27:52.752	12.4
11:27:52.765	13.4
11:27:52.777	13.5
11:27:52.785	14.7
11:27:52.797	15.0
11:27:52.810	14.9
11:27:52.818	13.1
11:27:52.830	13.2
11:27:52.842	12.6
11:27:52.855	12.3
11:27:52.863	11.3
11:27:52.875	11.7
11:27:52.888	12.3
11:27:52.896	11.8
11:27:52.908	11.7
11:27:52.920	14.5
11:27:52.929	16.9
11:27:52.941	16.2
11:27:52.953	18.0
11:27:52.961	17.7
11:27:52.974	18.0
11:27:52.986	17.5
11:27:52.994	15.8
11:27:53.006	17.3
11:27:53.019	17.9
11:27:53.031	16.5
11:27:53.039	15.7
11:27:53.052	14.9
11:27:53.064	15.6
11:27:53.072	18.8
11:27:53.084	21.0
11:27:53.097	19.0
11:27:53.105	18.5
11:27:53.117	17.6
11:27:53.129	17.6
11:27:53.137	18.0
11:27:53.150	17.5
11:27:53.162	25.6
11:27:53.174	24.5
11:27:53.183	21.7
11:27:53.195	22.4
11:27:53.207	25.8
11:27:53.215	26.8
11:27:53.228	26.9
11:27:53.240	25.4
11:27:53.248	23.4
11:27:53.260	24.3
11:27:53.273	17.2
11:27:53.285	16.8
11:27:53.293	18.0
11:27:53.305	15.0
11:27:53.318	13.5
11:27:53.330	14.2
11:27:53.338	15.2
11:27:53.350	15.2
11:27:53.363	16.7
11:27:53.371	15.8
11:27:53.383	18.3
11:27:53.395	18.5
11:27:53.404	19.9
11:27:53.416	20.8
11:27:53.428	22.3
11:27:53.436	22.1
11:27:53.449	21.0
11:27:53.461	23.6
11:27:53.473	24.0
11:27:53.481	26.8
11:27:53.494	25.0
11:27:53.506	26.3
11:27:53.514	24.2
11:27:53.526	24.5
11:27:53.539	22.6
11:27:53.547	23.4
11:27:53.559	22.7
11:27:53.572	22.0
11:27:53.584	20.8
11:27:53.592	18.5
11:27:53.604	20.8
11:27:53.617	20.6
11:27:53.625	22.4
11:27:53.637	23.8
11:27:53.649	23.9
11:27:53.658	21.8
11:27:53.670	23.2
11:27:53.682	21.4
11:27:53.690	20.7
11:27:53.703	20.2
11:27:53.715	18.2
11:27:53.723	18.1
11:27:53.735	17.1
11:27:53.748	15.4
11:27:53.760	16.2
11:27:53.768	17.5
11:27:53.780	16.4
11:27:53.793	16.4
11:27:53.801	17.1
11:27:53.813	18.2
11:27:53.825	17.5
11:27:53.838	16.5
11:27:53.846	15.1
11:27:53.858	14.0
11:27:53.870	13.4
11:27:53.879	11.8
11:27:53.891	10.5
11:27:53.903	11.0
11:27:53.911	9.8
11:27:53.924	8.8
11:27:53.936	9.6
11:27:53.944	9.6
11:27:53.956	10.5
11:27:53.969	12.2
11:27:53.977	12.9
11:27:53.989	13.0
11:27:54.001	15.0
11:27:54.014	13.9
11:27:54.022	15.0
11:27:54.034	15.5
11:27:54.047	14.8
11:27:54.055	14.2
11:27:54.067	14.3
11:27:54.079	13.0
11:27:54.088	11.6
11:27:54.100	12.7
11:27:54.112	11.4
11:27:54.124	13.3
11:27:54.133	12.9
11:27:54.145	13.6
11:27:54.157	12.7
11:27:54.165	12.6
11:27:54.178	12.9
11:27:54.190	11.7
11:27:54.198	10.7
11:27:54.210	9.2
11:27:54.223	9.0
11:27:54.231	7.6
11:27:54.243	8.2
11:27:54.255	7.4
11:27:54.268	7.2
11:27:54.276	6.8
11:27:54.288	7.3
11:27:54.300	8.2
11:27:54.309	8.5
11:27:54.321	10.1
11:27:54.333	11.9
11:27:54.341	12.0
11:27:54.354	10.5
11:27:54.366	10.4
11:27:54.374	11.9
11:27:54.386	11.9
11:27:54.399	11.0
11:27:54.407	10.5
11:27:54.419	11.5
11:27:54.431	9.4
11:27:54.444	7.5
11:27:54.452	8.0
11:27:54.464	9.3
11:27:54.477	8.7
11:27:54.485	7.7
11:27:54.497	7.8
11:27:54.509	7.9
11:27:54.522	6.9
11:27:54.530	5.6
11:27:54.542	7.0
11:27:54.554	6.3
11:27:54.562	7.7
11:27:54.575	7.5
11:27:54.587	7.9
11:27:54.595	8.1
11:27:54.608	7.8
11:27:54.620	8.2
11:27:54.628	8.6
11:27:54.640	8.7
11:27:54.653	8.6
11:27:54.661	5.9
11:27:54.673	5.3
11:27:54.685	4.0
11:27:54.698	5.0
11:27:54.706	4.2
11:27:54.718	4.1
11:27:54.730	2.8
11:27:54.739	1.7
11:27:54.751	1.1
11:27:54.763	0.8
11:27:54.775	2.9
11:27:54.784	0.0
11:27:54.796	-1.2
11:27:54.808	-4.4
11:27:54.816	-3.1
11:27:54.829	-4.0
11:27:54.841	-4.1
11:27:54.849	-4.9
11:27:54.861	-3.5
11:27:54.874	-5.2
11:27:54.882	-5.9
11:27:54.894	-7.4
11:27:54.906	-7.2
11:27:54.915	-7.6
11:27:54.927	-10.5
11:27:54.939	-10.8
11:27:54.951	-12.1
11:27:54.960	-12.5
11:27:54.972	-15.9
11:27:54.984	-17.6
11:27:54.993	-17.4
11:27:55.005	-17.8
11:27:55.017	-18.2
11:27:55.025	-17.4
11:27:55.038	-17.3
11:27:55.050	-19.2
11:27:55.058	-19.8
11:27:55.070	-19.8
11:27:55.083	-15.9
11:27:55.095	-16.4
11:27:55.103	-17.4
11:27:55.116	-16.7
11:27:55.128	-18.2
11:27:55.136	-18.3
11:27:55.148	-18.0
11:27:55.161	-18.1
11:27:55.169	-19.0
11:27:55.181	-15.6
11:27:55.193	-20.4
11:27:55.206	-16.6
11:27:55.214	-15.6
11:27:55.226	-15.3
11:27:55.238	-14.5
11:27:55.247	-14.3
11:27:55.259	-15.6
11:27:55.271	-16.3
11:27:55.279	-15.5
11:27:55.292	-19.2
11:27:55.304	-18.1
11:27:55.316	-21.0
11:27:55.325	-22.7
11:27:55.337	-23.4
11:27:55.349	-23.1
11:27:55.357	-24.0
11:27:55.370	-23.4
11:27:55.382	-19.5
11:27:55.394	-20.3
11:27:55.402	-21.3
11:27:55.415	-21.3
11:27:55.427	-19.9
11:27:55.435	-18.4
11:27:55.447	-17.1
11:27:55.460	-16.6
11:27:55.468	-16.4
11:27:55.480	-15.2
11:27:55.492	-16.0
11:27:55.505	-14.4
11:27:55.513	-10.4
11:27:55.525	-10.1
11:27:55.537	-8.5
11:27:55.546	-7.9
11:27:55.558	-8.3
11:27:55.570	-8.2
11:27:55.578	-7.6
11:27:55.591	-7.7
11:27:55.603	-7.0
11:27:55.611	-7.1
11:27:55.623	-8.7
11:27:55.636	-6.5
11:27:55.644	-7.9
11:27:55.656	-8.0
11:27:55.668	-6.2
11:27:55.681	-5.2
11:27:55.689	-5.1
11:27:55.701	-5.3
11:27:55.714	-6.6
11:27:55.722	-6.5
11:27:55.734	-5.4
11:27:55.746	-4.9
11:27:55.759	-5.0
11:27:55.767	-3.6
11:27:55.779	-2.6
11:27:55.791	-1.5
11:27:55.800	-0.8
11:27:55.812	-1.0
11:27:55.824	3.1
11:27:55.832	4.5
11:27:55.845	4.6
11:27:55.857	3.0
11:27:55.865	4.1
11:27:55.877	3.5
11:27:55.890	2.1
11:27:55.898	2.3
11:27:55.910	5.0
11:27:55.922	6.3
11:27:55.935	2.9
11:27:55.943	3.3
11:27:55.955	4.1
11:27:55.967	3.5
11:27:55.976	3.7
11:27:55.988	5.9
11:27:56.000	6.9
11:27:56.008	7.1
11:27:56.021	5.0
11:27:56.033	6.2
11:27:56.045	7.4
11:27:56.053	9.7
11:27:56.066	10.1
11:27:56.078	13.0
11:27:56.086	13.5
11:27:56.098	15.8
11:27:56.111	16.5
11:27:56.119	17.3
11:27:56.131	16.2
11:27:56.144	16.9
11:27:56.152	17.0
11:27:56.164	16.6
11:27:56.176	16.5
11:27:56.189	16.9
11:27:56.197	18.0
11:27:56.209	16.9
11:27:56.221	18.2
11:27:56.230	17.6
11:27:56.242	18.0
11:27:56.254	17.2
11:27:56.262	17.3
11:27:56.275	16.2
11:27:56.287	16.6
11:27:56.295	17.6
11:27:56.307	17.2
11:27:56.320	14.2
11:27:56.328	12.3
11:27:56.340	12.3
11:27:56.352	14.2
11:27:56.365	12.7
11:27:56.373	14.1
11:27:56.385	12.9
11:27:56.397	12.8
11:27:56.406	13.2
11:27:56.418	14.8
11:27:56.430	16.4
11:27:56.442	16.8
11:27:56.451	17.8
11:27:56.463	17.6
11:27:56.475	19.7
11:27:56.483	19.9
11:27:56.496	19.8
11:27:56.508	19.7
11:27:56.516	17.7
11:27:56.529	14.7
11:27:56.541	13.7
11:27:56.549	12.5
11:27:56.561	11.6
11:27:56.573	10.7
11:27:56.582	11.2
11:27:56.594	8.4
11:27:56.606	9.3
11:27:56.618	9.5
11:27:56.627	8.8
11:27:56.639	8.7
11:27:56.651	8.1
11:27:56.659	8.3
11:27:56.672	7.2
11:27:56.684	3.4
11:27:56.696	1.9
11:27:56.704	3.2
11:27:56.717	3.1
11:27:56.729	1.6
11:27:56.737	2.0
11:27:56.750	0.7
11:27:56.762	-0.7
11:27:56.770	-2.5
11:27:56.783	-3.0
11:27:56.795	0.3
11:27:56.803	-0.8
11:27:56.815	-3.5
11:27:56.828	-4.1
11:27:56.836	-4.8
11:27:56.848	-6.4
11:27:56.860	-5.1
11:27:56.873	-4.1
11:27:56.881	-4.7
11:27:56.893	-5.8
11:27:56.905	-7.8
11:27:56.914	-8.6
11:27:56.926	-10.0
11:27:56.938	-11.6
11:27:56.946	-12.7
11:27:56.959	-12.8
11:27:56.971	-14.6
11:27:56.979	-14.1
11:27:56.991	-13.0
11:27:57.004	-12.8
11:27:57.016	-13.7
11:27:57.024	-12.5
11:27:57.036	-12.4
11:27:57.049	-13.3
11:27:57.057	-13.1
11:27:57.069	-12.8
11:27:57.081	-13.2
11:27:57.090	-14.6
11:27:57.102	-16.6
11:27:57.114	-18.0
11:27:57.126	-17.0
11:27:57.135	-18.9
11:27:57.147	-18.5
11:27:57.159	-18.5
11:27:57.167	-19.3
11:27:57.180	-20.6
11:27:57.192	-20.2
11:27:57.200	-19.3
11:27:57.212	-18.7
11:27:57.225	-18.9
11:27:57.233	-20.3
11:27:57.245	-20.0
11:27:57.258	-19.3
11:27:57.270	-20.2
11:27:57.278	-18.4
11:27:57.290	-17.8
11:27:57.303	-18.4
11:27:57.315	-17.9
11:27:57.323	-15.9
11:27:57.335	-15.1
11:27:57.348	-14.3
11:27:57.356	-14.7
11:27:57.368	-13.9
11:27:57.380	-11.3
11:27:57.389	-12.3
11:27:57.401	-12.4
11:27:57.413	-11.6
11:27:57.425	-13.6
11:27:57.434	-16.1
11:27:57.446	-16.0
11:27:57.458	-16.0
11:27:57.466	-14.7
11:27:57.479	-15.4
11:27:57.491	-16.9
11:27:57.499	-15.7
11:27:57.511	-15.4
11:27:57.524	-14.1
11:27:57.532	-14.4
11:27:57.544	-12.5
11:27:57.557	-11.0
11:27:57.565	-11.4
11:27:57.577	-11.1
11:27:57.589	-11.0
11:27:57.602	-9.9
11:27:57.610	-10.3
11:27:57.622	-11.2
11:27:57.634	-12.3
11:27:57.643	-10.8
11:27:57.655	-10.1
11:27:57.667	-11.5
11:27:57.679	-9.5
11:27:57.688	-10.2
11:27:57.700	-7.5
11:27:57.712	-8.0
11:27:57.720	-7.6
11:27:57.733	-7.6
11:27:57.745	-8.3
11:27:57.753	-10.3
11:27:57.765	-9.9
11:27:57.778	-9.0
11:27:57.786	-9.8
11:27:57.798	-9.6
11:27:57.810	-12.3
11:27:57.819	-9.3
11:27:57.831	-9.3
11:27:57.843	-8.8
11:27:57.855	-8.2
11:27:57.864	-7.7
11:27:57.876	-8.3
11:27:57.888	-9.5
11:27:57.896	-8.1
11:27:57.909	-7.3
11:27:57.921	-5.6
11:27:57.929	-8.8
11:27:57.942	-10.2
11:27:57.954	-8.4
11:27:57.966	-6.8
11:27:57.974	-5.7
11:27:57.987	-6.3
11:27:57.999	-4.5
11:27:58.007	-5.5
11:27:58.019	-5.8
11:27:58.032	-6.7
11:27:58.040	-6.6
11:27:58.052	-6.1
11:27:58.064	-10.3
11:27:58.072	-13.2
11:27:58.085	-15.8
11:27:58.097	-18.0
11:27:58.109	-22.1
11:27:58.118	-23.6
11:27:58.130	-25.3
11:27:58.142	-27.2
11:27:58.150	-27.6
11:27:58.163	-28.7
11:27:58.175	-24.9
11:27:58.183	-23.7
11:27:58.195	-21.1
11:27:58.208	-18.2
11:27:58.216	-15.3
11:27:58.228	-12.6
11:27:58.240	-10.4
11:27:58.249	-8.5
11:27:58.261	-7.4
11:27:58.273	-4.7
11:27:58.285	-6.0
11:27:58.294	-3.9
11:27:58.306	-2.8
11:27:58.318	-2.7
11:27:58.326	-1.6
11:27:58.339	-0.6
11:27:58.351	0.2
11:27:58.363	1.3
11:27:58.371	1.6
11:27:58.384	1.9
11:27:58.396	3.5
11:27:58.404	4.0
11:27:58.417	2.4
11:27:58.429	1.9
11:27:58.437	1.0
11:27:58.449	-2.0
11:27:58.462	-5.1
11:27:58.470	-6.2
11:27:58.482	-5.3
11:27:58.494	-5.5
11:27:58.503	-3.6
11:27:58.515	-5.3
11:27:58.527	-4.4
11:27:58.539	-5.0
11:27:58.548	-3.8
11:27:58.560	-2.6
11:27:58.572	-0.5
11:27:58.580	-0.8
11:27:58.593	-2.9
11:27:58.606	-3.8
11:27:58.617	-6.8
11:27:58.625	-7.1
11:27:58.638	-6.9
11:27:58.651	-5.7
11:27:58.659	-7.7
11:27:58.671	-5.9
11:27:58.684	-5.9
11:27:58.691	-5.9
11:27:58.703	-5.3
11:27:58.716	-5.6
11:27:58.724	-6.2
11:27:58.736	-5.5
11:27:58.748	-5.6
11:27:58.757	-6.0
11:27:58.769	-5.1
11:27:58.781	-6.4
11:27:58.793	-6.4
11:27:58.802	-4.7
11:27:58.814	-2.1
11:27:58.826	-0.4
11:27:58.834	0.5
11:27:58.847	-1.4
11:27:58.859	-2.3
11:27:58.867	-0.6
11:27:58.879	1.5
11:27:58.892	1.3
11:27:58.900	2.6
11:27:58.912	2.2
11:27:58.925	-0.6
11:27:58.937	-1.1
11:27:58.945	-1.0
11:27:58.957	1.1
11:27:58.970	1.7
11:27:58.978	0.2
11:27:58.990	0.5
11:27:59.002	0.7
11:27:59.011	-0.2
11:27:59.023	-0.6
11:27:59.035	0.8
11:27:59.047	3.6
11:27:59.056	4.9
11:27:59.068	4.9
11:27:59.080	6.6
11:27:59.088	7.4
11:27:59.101	5.7
11:27:59.113	5.5
11:27:59.121	5.1
11:27:59.133	6.4
11:27:59.146	8.0
11:27:59.154	5.4
11:27:59.166	5.4
11:27:59.178	6.2
11:27:59.187	5.0
11:27:59.199	4.8
11:27:59.211	4.2
11:27:59.223	6.2
11:27:59.232	5.8
11:27:59.244	6.0
11:27:59.256	1.5
11:27:59.264	1.5
11:27:59.277	0.9
11:27:59.289	0.4
11:27:59.301	1.5
11:27:59.310	0.6
11:27:59.322	0.8
11:27:59.334	0.1
11:27:59.342	5.2
11:27:59.354	5.4
11:27:59.367	8.8
11:27:59.375	8.4
11:27:59.387	10.7
11:27:59.400	14.8
11:27:59.412	14.9
11:27:59.420	19.6
11:27:59.433	22.3
11:27:59.445	23.5
11:27:59.453	20.4
11:27:59.466	21.3
11:27:59.478	22.6
11:27:59.486	25.5
11:27:59.498	25.5
11:27:59.510	23.1
11:27:59.523	25.0
11:27:59.531	22.5
11:27:59.543	22.8
11:27:59.555	24.6
11:27:59.564	25.9
11:27:59.576	25.5
11:27:59.588	26.1
11:27:59.600	24.9
11:27:59.609	26.6
11:27:59.621	25.7
11:27:59.633	24.1
11:27:59.641	24.8
11:27:59.654	26.0
11:27:59.666	28.7
11:27:59.674	28.7
11:27:59.686	33.2
11:27:59.699	32.5
11:27:59.707	33.2
11:27:59.719	31.5
11:27:59.732	33.2
11:27:59.740	32.9
11:27:59.752	31.4
11:27:59.764	30.8
11:27:59.777	26.0
11:27:59.785	24.1
11:27:59.797	22.0
11:27:59.809	23.3
11:27:59.818	21.2
11:27:59.830	20.9
11:27:59.842	19.0
11:27:59.850	18.9
11:27:59.863	19.8
11:27:59.875	18.4
11:27:59.887	18.9
11:27:59.895	20.8
11:27:59.908	18.4
11:27:59.920	17.5
11:27:59.928	19.4
11:27:59.940	18.2
11:27:59.953	20.2
11:27:59.961	21.2
11:27:59.973	21.4
11:27:59.985	21.2
11:27:59.994	21.4
11:28:00.006	20.2
11:28:00.018	20.9
11:28:00.030	20.1
11:28:00.039	18.3
11:28:00.051	20.2
11:28:00.063	19.5
11:28:00.071	19.4
11:28:00.084	21.0
11:28:00.096	21.8
11:28:00.104	21.2
11:28:00.116	21.5
11:28:00.129	21.9
11:28:00.137	21.6
11:28:00.149	25.6
11:28:00.162	25.7
11:28:00.170	26.1
11:28:00.182	26.6
11:28:00.194	24.8
11:28:00.206	24.5
11:28:00.215	24.9
11:28:00.227	25.7
11:28:00.239	25.1
11:28:00.248	25.3
11:28:00.260	23.6
11:28:00.272	23.7
11:28:00.284	24.7
11:28:00.293	24.9
11:28:00.305	25.5
11:28:00.317	26.9
11:28:00.325	27.4
11:28:00.338	27.3
11:28:00.350	27.7
11:28:00.358	31.1
11:28:00.370	30.7
11:28:00.383	31.6
11:28:00.391	31.3
11:28:00.403	31.9
11:28:00.415	33.8
11:28:00.424	32.1
11:28:00.436	30.9
11:28:00.448	29.6
11:28:00.460	29.4
11:28:00.469	26.9
11:28:00.481	29.4
11:28:00.493	26.7
11:28:00.501	26.7
11:28:00.514	25.2
11:28:00.526	24.2
11:28:00.538	25.5
11:28:00.546	26.0
11:28:00.559	27.4
11:28:00.571	27.2
11:28:00.579	25.7
11:28:00.591	22.3
11:28:00.604	23.6
11:28:00.612	22.3
11:28:00.624	21.8
11:28:00.637	19.9
11:28:00.646	18.5
11:28:00.658	16.8
11:28:00.670	14.9
11:28:00.678	12.5
11:28:00.691	13.9
11:28:00.703	15.7
11:28:00.715	14.9
11:28:00.724	13.5
11:28:00.736	12.8
11:28:00.748	13.8
11:28:00.756	11.2
11:28:00.768	12.9
11:28:00.781	13.3
11:28:00.789	13.9
11:28:00.801	12.0
11:28:00.814	8.1
11:28:00.822	8.0
11:28:00.834	7.8
11:28:00.846	6.3
11:28:00.859	2.8
11:28:00.867	3.7
11:28:00.879	1.1
11:28:00.891	-1.7
11:28:00.900	-1.5
11:28:00.912	-3.3
11:28:00.924	-4.8
11:28:00.932	-7.7
11:28:00.945	-8.6
11:28:00.957	-7.3
11:28:00.969	-7.1
11:28:00.977	-7.3
11:28:00.990	-6.9
11:28:01.002	-5.8
11:28:01.010	-7.3
11:28:01.023	-7.2
11:28:01.035	-6.2
11:28:01.043	-3.9
11:28:01.055	-4.6
11:28:01.067	-7.1
11:28:01.076	-8.9
11:28:01.088	-9.3
11:28:01.100	-9.9
11:28:01.109	-11.9
11:28:01.121	-11.5
11:28:01.133	-13.0
11:28:01.145	-13.4
11:28:01.153	-17.2
11:28:01.166	-16.4
11:28:01.178	-16.6
11:28:01.186	-15.6
11:28:01.198	-16.8
11:28:01.211	-19.0
11:28:01.223	-20.0
11:28:01.231	-22.4
11:28:01.244	-21.2
11:28:01.256	-22.0
11:28:01.264	-22.7
11:28:01.276	-26.1
11:28:01.289	-26.1
11:28:01.301	-28.9
11:28:01.309	-29.5
11:28:01.321	-29.1
11:28:01.334	-29.2
11:28:01.342	-29.0
11:28:01.354	-30.7
11:28:01.366	-30.4
11:28:01.375	-28.7
11:28:01.387	-25.8
11:28:01.399	-26.3
11:28:01.407	-21.9
11:28:01.420	-21.9
11:28:01.432	-21.1
11:28:01.444	-21.1
11:28:01.452	-20.5
11:28:01.465	-21.7
11:28:01.477	-22.7
11:28:01.485	-24.3
11:28:01.497	-26.6
11:28:01.510	-27.8
11:28:01.522	-29.6
11:28:01.530	-29.4
11:28:01.542	-29.7
11:28:01.555	-28.5
11:28:01.563	-28.4
11:28:01.575	-26.0
11:28:01.587	-24.5
11:28:01.596	-22.0
11:28:01.608	-19.6
11:28:01.620	-18.0
11:28:01.628	-17.7
11:28:01.641	-16.4
11:28:01.653	-14.3
11:28:01.661	-13.4
11:28:01.673	-13.1
11:28:01.686	-11.1
11:28:01.698	-9.3
11:28:01.706	-10.2
11:28:01.719	-10.3
11:28:01.731	-9.7
11:28:01.739	-8.2
11:28:01.751	-7.6
11:28:01.764	-9.2
11:28:01.772	-8.7
11:28:01.784	-6.0
11:28:01.796	-6.8
11:28:01.809	-6.4
11:28:01.817	-4.0
11:28:01.829	-2.9
11:28:01.841	-0.3
11:28:01.850	0.5
11:28:01.862	0.6
11:28:01.874	1.7
11:28:01.882	0.8
11:28:01.894	-1.0
11:28:01.906	1.1
11:28:01.915	0.4
11:28:01.927	0.1
11:28:01.939	-0.4
11:28:01.951	0.0
11:28:01.960	-1.1
11:28:01.972	-1.8
11:28:01.984	-1.1
11:28:01.992	2.1
11:28:02.005	3.4
11:28:02.017	1.9
11:28:02.025	4.3
11:28:02.037	4.0
11:28:02.050	4.3
11:28:02.058	4.4
11:28:02.070	6.0
11:28:02.082	7.9
11:28:02.091	9.5
11:28:02.103	9.8
11:28:02.115	10.1
11:28:02.127	10.6
11:28:02.136	8.8
11:28:02.148	11.5
11:28:02.160	11.5
11:28:02.168	13.7
11:28:02.181	14.4
11:28:02.193	16.9
11:28:02.205	16.0
11:28:02.213	17.3
11:28:02.226	16.7
11:28:02.238	18.9
11:28:02.246	18.8
11:28:02.259	16.7
11:28:02.271	18.3
11:28:02.279	15.2
11:28:02.291	14.2
11:28:02.304	11.1
11:28:02.312	11.1
11:28:02.324	13.0
11:28:02.336	16.6
11:28:02.345	16.5
11:28:02.357	14.9
11:28:02.369	14.6
11:28:02.381	13.7
11:28:02.390	14.0
11:28:02.402	14.6
11:28:02.414	16.2
11:28:02.422	17.0
11:28:02.435	14.8
11:28:02.447	12.9
11:28:02.459	10.8
11:28:02.467	13.8
11:28:02.480	13.5
11:28:02.492	15.5
11:28:02.500	15.7
11:28:02.512	15.5
11:28:02.525	15.3
11:28:02.534	14.7
11:28:02.546	13.7
11:28:02.558	11.6
11:28:02.567	12.8
11:28:02.579	10.9
11:28:02.591	11.9
11:28:02.599	11.3
11:28:02.612	13.6
11:28:02.624	14.6
11:28:02.636	13.7
11:28:02.644	15.5
11:28:02.657	15.6
11:28:02.669	18.1
11:28:02.677	18.4
11:28:02.689	21.7
11:28:02.702	22.5
11:28:02.710	22.9
11:28:02.722	21.7
11:28:02.735	21.7
11:28:02.743	23.7
11:28:02.755	21.9
11:28:02.767	22.9
11:28:02.780	23.4
11:28:02.788	27.4
11:28:02.800	27.8
11:28:02.812	28.3
11:28:02.821	27.5
11:28:02.833	27.3
11:28:02.845	29.2
11:28:02.853	28.5
11:28:02.866	29.3
11:28:02.878	31.0
11:28:02.890	32.0
11:28:02.898	29.2
11:28:02.911	28.2
11:28:02.923	27.3
11:28:02.931	28.1
11:28:02.943	28.0
11:28:02.956	27.4
11:28:02.964	26.4
11:28:02.976	26.4
11:28:02.989	24.4
11:28:02.997	24.3
11:28:03.009	26.4
11:28:03.021	26.6
11:28:03.029	26.4
11:28:03.042	26.9
11:28:03.054	28.8
11:28:03.066	26.5
11:28:03.074	27.8
11:28:03.087	28.2
11:28:03.099	29.0
11:28:03.107	26.7
11:28:03.120	23.1
11:28:03.132	22.5
11:28:03.144	23.5
11:28:03.152	22.7
11:28:03.165	22.2
11:28:03.177	22.6
11:28:03.185	22.8
11:28:03.197	22.5
11:28:03.210	22.6
11:28:03.218	22.9
11:28:03.230	23.2
11:28:03.242	21.4
11:28:03.255	20.9
11:28:03.263	20.4
11:28:03.275	19.4
11:28:03.287	19.3
11:28:03.296	17.8
11:28:03.308	17.9
11:28:03.320	16.1
11:28:03.328	15.7
11:28:03.341	15.9
11:28:03.353	17.7
11:28:03.365	18.6
11:28:03.373	18.8
11:28:03.386	18.6
11:28:03.398	18.6
11:28:03.406	21.0
11:28:03.418	19.9
11:28:03.431	21.6
11:28:03.443	20.5
11:28:03.451	19.3
11:28:03.463	17.7
11:28:03.476	17.9
11:28:03.484	17.9
11:28:03.496	18.7
11:28:03.508	19.1
11:28:03.517	15.3
11:28:03.529	17.0
11:28:03.541	15.7
11:28:03.549	17.0
11:28:03.562	17.9
11:28:03.574	17.8
11:28:03.582	15.5
11:28:03.594	15.1
11:28:03.607	14.0
11:28:03.618	13.9
11:28:03.627	14.2
11:28:03.639	13.5
11:28:03.651	13.5
11:28:03.659	15.4
11:28:03.672	15.1
11:28:03.684	14.2
11:28:03.692	15.4
11:28:03.704	16.3
11:28:03.717	14.7
11:28:03.729	13.7
11:28:03.737	16.7
11:28:03.749	16.0
11:28:03.762	15.8
11:28:03.770	13.5
11:28:03.782	13.8
11:28:03.794	16.7
11:28:03.803	16.2
11:28:03.815	14.6
11:28:03.827	15.1
11:28:03.835	16.5
11:28:03.848	13.1
11:28:03.861	13.6
11:28:03.873	12.5
11:28:03.881	12.1
11:28:03.894	10.3
11:28:03.906	9.6
11:28:03.914	11.7
11:28:03.926	11.9
11:28:03.939	12.8
11:28:03.947	9.9
11:28:03.959	10.7
11:28:03.971	14.5
11:28:03.980	15.3
11:28:03.992	14.9
11:28:04.004	15.3
11:28:04.012	15.1
11:28:04.025	12.6
11:28:04.037	12.3
11:28:04.049	10.8
11:28:04.058	12.0
11:28:04.070	11.6
11:28:04.082	5.6
11:28:04.090	5.9
11:28:04.103	4.7
11:28:04.115	5.3
11:28:04.127	3.8
11:28:04.135	3.1
11:28:04.148	3.4
11:28:04.160	3.8
11:28:04.168	3.7
11:28:04.180	3.3
11:28:04.193	4.7
11:28:04.201	2.9
11:28:04.213	4.2
11:28:04.225	1.4
11:28:04.234	-0.2
11:28:04.246	-0.8
11:28:04.258	-2.7
11:28:04.266	-4.2
11:28:04.279	-3.8
11:28:04.291	-4.8
11:28:04.303	-7.9
11:28:04.311	-9.3
11:28:04.324	-11.0
11:28:04.336	-10.3
11:28:04.344	-10.5
11:28:04.356	-12.5
11:28:04.369	-14.2
11:28:04.381	-14.0
11:28:04.389	-17.2
11:28:04.402	-17.7
11:28:04.414	-18.6
11:28:04.422	-20.2
11:28:04.434	-20.5
11:28:04.447	-22.1
11:28:04.455	-21.6
11:28:04.467	-20.3
11:28:04.479	-19.0
11:28:04.488	-19.8
11:28:04.500	-19.2
11:28:04.512	-21.5
11:28:04.520	-20.1
11:28:04.533	-19.1
11:28:04.545	-19.6
11:28:04.557	-18.5
11:28:04.565	-20.0
11:28:04.578	-21.1
11:28:04.590	-20.6
11:28:04.598	-21.0
11:28:04.610	-19.0
11:28:04.623	-16.3
11:28:04.631	-17.8
11:28:04.643	-18.9
11:28:04.655	-17.4
11:28:04.664	-17.7
11:28:04.676	-19.1
11:28:04.688	-18.4
11:28:04.700	-19.5
11:28:04.709	-19.6
11:28:04.721	-21.7
11:28:04.733	-22.5
11:28:04.741	-22.6
11:28:04.754	-21.5
11:28:04.766	-24.1
11:28:04.774	-24.5
11:28:04.787	-23.3
11:28:04.799	-25.1
11:28:04.811	-25.0
11:28:04.819	-25.5
11:28:04.832	-27.2
11:28:04.844	-27.7
11:28:04.852	-28.8
11:28:04.864	-29.5
11:28:04.877	-28.3
11:28:04.885	-25.2
11:28:04.897	-25.0
11:28:04.909	-23.9
11:28:04.918	-25.4
11:28:04.930	-24.5
11:28:04.942	-23.2
11:28:04.950	-22.0
11:28:04.963	-20.3
11:28:04.975	-19.3
11:28:04.987	-18.4
11:28:04.996	-19.4
11:28:05.008	-16.6
11:28:05.020	-15.0
11:28:05.028	-12.3
11:28:05.040	-11.3
11:28:05.053	-9.7
11:28:05.065	-9.2
11:28:05.073	-8.7
11:28:05.085	-7.5
11:28:05.098	-6.5
11:28:05.106	-5.4
11:28:05.118	-6.0
11:28:05.130	-6.7
11:28:05.139	-5.6
11:28:05.151	-6.2
11:28:05.163	-7.9
11:28:05.171	-5.9
11:28:05.184	-4.5
11:28:05.196	-3.5
11:28:05.204	-3.7
11:28:05.216	-4.4
11:28:05.229	-3.5
11:28:05.241	-2.1
11:28:05.249	-2.2
11:28:05.261	-0.3
11:28:05.274	4.7
11:28:05.282	4.8
11:28:05.294	4.8
11:28:05.306	6.6
11:28:05.315	6.6
11:28:05.327	6.8
11:28:05.339	6.6
11:28:05.351	6.5
11:28:05.360	6.7
11:28:05.372	6.3
11:28:05.384	4.4
11:28:05.392	6.2
11:28:05.405	8.8
11:28:05.417	9.4
11:28:05.429	10.1
11:28:05.437	10.8
11:28:05.450	10.9
11:28:05.462	13.4
11:28:05.470	14.7
11:28:05.482	16.2
11:28:05.495	19.3
11:28:05.503	17.8
11:28:05.515	16.3
11:28:05.528	14.6
11:28:05.540	15.1
11:28:05.548	15.4
11:28:05.560	18.1
11:28:05.572	15.9
11:28:05.581	16.0
11:28:05.593	16.8
11:28:05.605	15.9
11:28:05.614	16.5
11:28:05.626	18.0
11:28:05.638	20.3
11:28:05.650	21.7
11:28:05.659	22.8
11:28:05.671	21.4
11:28:05.683	23.5
11:28:05.691	23.2
11:28:05.704	23.7
11:28:05.716	25.6
11:28:05.724	25.3
11:28:05.736	25.1
11:28:05.749	22.0
11:28:05.757	22.4
11:28:05.769	22.4
11:28:05.781	21.8
11:28:05.794	22.5
11:28:05.802	23.4
11:28:05.814	22.3
11:28:05.826	20.3
11:28:05.835	21.6
11:28:05.847	22.0
11:28:05.859	24.5
11:28:05.867	23.4
11:28:05.880	22.0
11:28:05.892	22.0
11:28:05.900	22.0
11:28:05.913	20.5
11:28:05.925	21.2
11:28:05.933	21.8
11:28:05.945	21.7
11:28:05.958	22.0
11:28:05.970	23.4
11:28:05.978	23.6
11:28:05.990	23.7
11:28:06.002	24.6
11:28:06.011	22.9
11:28:06.023	22.8
11:28:06.035	22.4
11:28:06.048	20.4
11:28:06.056	18.9
11:28:06.068	18.8
11:28:06.080	16.1
11:28:06.089	17.0
11:28:06.101	18.5
11:28:06.113	16.5
11:28:06.121	15.6
11:28:06.134	15.2
11:28:06.146	12.4
11:28:06.154	12.4
11:28:06.166	14.0
11:28:06.179	12.6
11:28:06.187	13.2
11:28:06.199	10.6
11:28:06.211	11.2
11:28:06.224	13.0
11:28:06.232	11.7
11:28:06.244	13.3
11:28:06.257	16.0
11:28:06.265	16.9
11:28:06.277	15.1
11:28:06.289	19.4
11:28:06.302	18.8
11:28:06.310	20.9
11:28:06.322	18.6
11:28:06.334	16.7
11:28:06.343	18.4
11:28:06.355	19.0
11:28:06.367	17.8
11:28:06.375	16.0
11:28:06.388	17.3
11:28:06.400	11.2
11:28:06.408	10.0
11:28:06.421	6.7
11:28:06.433	5.9
11:28:06.441	6.4
11:28:06.453	5.1
11:28:06.466	2.5
11:28:06.478	1.5
11:28:06.486	1.7
11:28:06.498	-0.5
11:28:06.511	-0.5
11:28:06.519	-0.4
11:28:06.531	0.3
11:28:06.544	-0.7
11:28:06.552	-2.5
11:28:06.564	-3.2
11:28:06.576	-2.8
11:28:06.584	-1.7
11:28:06.597	-3.8
11:28:06.609	-3.9
11:28:06.621	-3.8
11:28:06.630	-4.7
11:28:06.642	-7.2
11:28:06.654	-6.8
11:28:06.662	-5.4
11:28:06.674	-5.1
11:28:06.687	-6.1
11:28:06.695	-8.5
11:28:06.707	-9.6
11:28:06.720	-10.9
11:28:06.732	-10.3
11:28:06.740	-11.3
11:28:06.752	-11.4
11:28:06.765	-12.3
11:28:06.773	-13.3
11:28:06.785	-15.1
11:28:06.797	-15.9
11:28:06.805	-16.4
11:28:06.818	-15.5
11:28:06.830	-16.6
11:28:06.838	-20.0
11:28:06.851	-20.1
11:28:06.863	-19.0
11:28:06.871	-19.6
11:28:06.883	-20.5
11:28:06.896	-19.7
11:28:06.908	-20.6
11:28:06.916	-20.0
11:28:06.929	-21.3
11:28:06.941	-20.5
11:28:06.949	-20.3
11:28:06.961	-20.3
11:28:06.973	-20.9
11:28:06.986	-21.3
11:28:06.994	-21.9
11:28:07.006	-24.1
11:28:07.018	-24.1
11:28:07.027	-23.2
11:28:07.039	-22.5
11:28:07.051	-23.0
11:28:07.059	-22.5
11:28:07.072	-23.4
11:28:07.084	-23.6
11:28:07.092	-23.5
11:28:07.104	-23.4
11:28:07.117	-22.2
11:28:07.125	-22.1
11:28:07.137	-23.9
11:28:07.149	-24.4
11:28:07.162	-25.7
11:28:07.170	-24.6
11:28:07.182	-24.0
11:28:07.195	-24.0
11:28:07.203	-24.8
11:28:07.215	-24.0
11:28:07.227	-24.0
11:28:07.239	-25.3
11:28:07.248	-25.6
11:28:07.260	-26.2
11:28:07.272	-27.1
11:28:07.285	-29.0
11:28:07.293	-27.7
11:28:07.305	-28.2
11:28:07.317	-27.0
11:28:07.326	-27.3
11:28:07.338	-25.8
11:28:07.350	-23.0
11:28:07.358	-23.1
11:28:07.371	-22.0
11:28:07.383	-21.1
11:28:07.391	-20.7
11:28:07.403	-23.5
11:28:07.416	-22.6
11:28:07.424	-22.9
11:28:07.436	-23.6
11:28:07.448	-24.9
11:28:07.461	-26.1
11:28:07.469	-25.4
11:28:07.481	-24.7
11:28:07.493	-23.6
11:28:07.502	-21.9
11:28:07.514	-21.1
11:28:07.526	-21.3
11:28:07.534	-21.1
11:28:07.547	-18.7
11:28:07.559	-17.5
11:28:07.571	-18.4
11:28:07.579	-17.8
11:28:07.592	-18.7
11:28:07.604	-17.6
11:28:07.612	-17.9
11:28:07.624	-16.1
11:28:07.637	-14.1
11:28:07.645	-12.2
11:28:07.657	-13.2
11:28:07.670	-12.6
11:28:07.678	-12.0
11:28:07.690	-11.4
11:28:07.702	-9.6
11:28:07.715	-9.4
11:28:07.723	-7.3
11:28:07.735	-6.2
11:28:07.747	-6.8
11:28:07.755	-8.8
11:28:07.768	-7.8
11:28:07.780	-7.9
11:28:07.788	-6.7
11:28:07.801	-7.7
11:28:07.813	-8.2
11:28:07.821	-7.1
11:28:07.833	-8.4
11:28:07.846	-9.4
11:28:07.854	-9.4
11:28:07.866	-8.9
11:28:07.878	-9.3
11:28:07.891	-9.3
11:28:07.899	-10.1
11:28:07.911	-10.2
11:28:07.924	-11.8
11:28:07.932	-14.7
11:28:07.944	-15.3
11:28:07.956	-15.3
11:28:07.969	-15.7
11:28:07.977	-16.0
11:28:07.989	-14.9
11:28:08.001	-13.6
11:28:08.010	-12.9
11:28:08.022	-11.2
11:28:08.034	-9.1
11:28:08.042	-6.3
11:28:08.055	-5.4
11:28:08.067	-6.2
11:28:08.075	-5.7
11:28:08.087	-4.5
11:28:08.100	-4.1
11:28:08.108	-5.1
11:28:08.120	-5.4
11:28:08.132	-7.7
11:28:08.145	-7.4
11:28:08.153	-7.8
11:28:08.165	-7.3
11:28:08.177	-4.7
11:28:08.186	-3.1
11:28:08.198	-2.1
11:28:08.210	-1.8
11:28:08.223	-0.9
11:28:08.231	-0.9
11:28:08.243	1.3
11:28:08.255	2.8
11:28:08.263	4.9
11:28:08.276	8.3
11:28:08.288	8.2
11:28:08.297	7.6
11:28:08.309	8.4
11:28:08.321	7.7
11:28:08.329	6.1
11:28:08.341	9.0
11:28:08.354	9.6
11:28:08.362	9.4
11:28:08.374	7.9
11:28:08.386	5.3
11:28:08.399	4.4
11:28:08.407	6.0
11:28:08.419	5.2
11:28:08.431	4.9
11:28:08.440	5.7
11:28:08.452	4.0
11:28:08.464	3.5
11:28:08.472	1.3
11:28:08.485	-0.4
11:28:08.497	-0.5
11:28:08.505	0.2
11:28:08.517	-2.6
11:28:08.530	-3.8
11:28:08.542	-4.6
11:28:08.550	-3.2
11:28:08.562	-4.6
11:28:08.575	-3.6
11:28:08.583	-1.9
11:28:08.595	-1.5
11:28:08.607	0.6
11:28:08.616	0.8
11:28:08.628	2.3
11:28:08.640	2.1
11:28:08.653	2.3
11:28:08.661	-0.4
11:28:08.673	1.0
11:28:08.685	-0.5
11:28:08.693	-0.7
11:28:08.706	-0.4
11:28:08.718	-3.6
11:28:08.726	-4.7
11:28:08.738	-5.3
11:28:08.751	-3.4
11:28:08.759	-1.5
11:28:08.771	0.6
11:28:08.784	-0.5
11:28:08.792	-0.5
11:28:08.804	-0.4
11:28:08.816	0.1
11:28:08.829	1.4
11:28:08.837	0.4
11:28:08.849	2.3
11:28:08.861	1.3
11:28:08.870	-1.6
11:28:08.882	-1.5
11:28:08.894	-0.1
11:28:08.906	-0.7
11:28:08.915	-1.9
11:28:08.927	-3.0
11:28:08.939	-4.2
11:28:08.947	-3.8
11:28:08.960	-8.0
11:28:08.972	-9.0
11:28:08.980	-8.9
11:28:08.992	-11.0
11:28:09.005	-13.3
11:28:09.013	-12.2
11:28:09.025	-15.2
11:28:09.037	-14.5
11:28:09.046	-16.5
11:28:09.058	-17.7
11:28:09.070	-17.0
11:28:09.082	-18.6
11:28:09.091	-20.3
11:28:09.103	-19.8
11:28:09.115	-18.6
11:28:09.123	-17.9
11:28:09.136	-13.7
11:28:09.148	-16.2
11:28:09.156	-13.6
11:28:09.169	-10.3
11:28:09.181	-10.6
11:28:09.193	-9.4
11:28:09.201	-8.1
11:28:09.214	-8.6
11:28:09.226	-9.8
11:28:09.238	-11.5
11:28:09.246	-11.7
11:28:09.259	-9.6
11:28:09.271	-12.1
11:28:09.279	-13.8
11:28:09.291	-15.7
11:28:09.304	-14.2
11:28:09.312	-12.6
11:28:09.324	-11.4
11:28:09.336	-9.4
11:28:09.345	-11.3
11:28:09.357	-12.9
11:28:09.369	-13.5
11:28:09.381	-11.7
11:28:09.390	-11.4
11:28:09.402	-9.9
11:28:09.414	-10.9
11:28:09.422	-10.8
11:28:09.435	-10.2
11:28:09.447	-11.8
11:28:09.455	-8.8
11:28:09.467	-9.1
11:28:09.480	-8.8
11:28:09.492	-7.0
11:28:09.500	-9.6
11:28:09.512	-7.8
11:28:09.525	-7.9
11:28:09.533	-8.0
11:28:09.545	-9.5
11:28:09.557	-8.0
11:28:09.566	-9.2
11:28:09.578	-9.4
11:28:09.590	-9.2
11:28:09.599	-11.2
11:28:09.611	-9.5
11:28:09.623	-10.6
11:28:09.635	-8.5
11:28:09.643	-10.9
11:28:09.656	-11.4
11:28:09.668	-11.8
11:28:09.676	-11.1
11:28:09.688	-8.0
11:28:09.701	-8.5
11:28:09.709	-7.9
11:28:09.721	-9.7
11:28:09.733	-9.7
11:28:09.742	-10.5
11:28:09.754	-8.1
11:28:09.767	-6.0
11:28:09.775	-5.2
11:28:09.788	-5.4
11:28:09.800	-8.5
11:28:09.812	-9.8
11:28:09.821	-10.1
11:28:09.833	-8.4
11:28:09.845	-8.1
11:28:09.853	-8.4
11:28:09.866	-8.8
11:28:09.878	-10.5
11:28:09.890	-11.7
11:28:09.898	-11.4
11:28:09.911	-10.8
11:28:09.923	-7.7
11:28:09.931	-9.7
11:28:09.943	-10.0
11:28:09.956	-9.9
11:28:09.964	-12.0
11:28:09.976	-12.1
11:28:09.988	-11.1
11:28:09.997	-10.9
11:28:10.009	-11.2
11:28:10.021	-10.2
11:28:10.029	-6.8
11:28:10.042	-5.9
11:28:10.054	-6.1
11:28:10.066	-3.3
11:28:10.074	-1.9
11:28:10.087	-3.3
11:28:10.099	-1.2
11:28:10.107	-2.4
11:28:10.119	-2.4
11:28:10.132	-0.8
11:28:10.144	-5.6
11:28:10.152	-2.9
11:28:10.165	-1.3
11:28:10.177	-2.2
11:28:10.185	-2.5
11:28:10.197	-0.9
11:28:10.210	-3.4
11:28:10.218	-2.6
11:28:10.229	0.4
11:28:10.241	-1.3
11:28:10.250	-0.2
11:28:10.262	-3.2
11:28:10.274	-4.5
11:28:10.282	-3.8
11:28:10.295	-4.0
11:28:10.307	-4.3
11:28:10.319	-4.0
11:28:10.327	-2.0
11:28:10.340	-5.5
11:28:10.352	-5.6
11:28:10.360	-5.2
11:28:10.372	-3.4
11:28:10.385	-1.5
11:28:10.394	-1.6
11:28:10.406	-1.3
11:28:10.419	-2.6
11:28:10.427	-3.0
11:28:10.439	-3.5
11:28:10.451	-1.1
11:28:10.464	-1.9
11:28:10.472	-3.8
11:28:10.484	-5.4
11:28:10.496	-5.8
11:28:10.505	-6.9
11:28:10.517	-6.8
11:28:10.529	-5.4
11:28:10.537	-5.2
11:28:10.549	-4.8
11:28:10.562	-6.8
11:28:10.574	-6.1
11:28:10.582	-4.7
11:28:10.594	-3.8
11:28:10.607	-5.0
11:28:10.615	-8.1
11:28:10.627	-7.1
11:28:10.640	-7.7
11:28:10.648	-6.9
11:28:10.660	-8.4
11:28:10.672	-6.7
11:28:10.680	-2.6
11:28:10.693	-3.3
11:28:10.705	-4.2
11:28:10.713	-1.8
11:28:10.725	1.7
11:28:10.738	0.9
11:28:10.750	2.7
11:28:10.758	2.0
11:28:10.771	2.6
11:28:10.783	2.8
11:28:10.791	-0.2
11:28:10.803	-0.5
11:28:10.816	-0.9
11:28:10.828	-0.9
11:28:10.836	-2.3
11:28:10.848	-1.4
11:28:10.861	-0.6
11:28:10.869	3.9
11:28:10.881	3.0
11:28:10.893	5.9
11:28:10.902	3.9
11:28:10.914	5.3
11:28:10.926	8.4
11:28:10.934	9.5
11:28:10.947	9.5
11:28:10.959	8.8
11:28:10.967	6.6
11:28:10.979	2.2
11:28:10.992	3.4
11:28:11.004	1.3
11:28:11.012	4.1
11:28:11.024	4.5
11:28:11.037	2.7
11:28:11.045	0.5
11:28:11.057	1.6
11:28:11.069	2.4
11:28:11.078	2.9
11:28:11.090	5.0
11:28:11.102	6.4
11:28:11.115	5.0
11:28:11.123	5.4
11:28:11.135	5.4
11:28:11.147	7.3
11:28:11.155	8.8
11:28:11.168	8.2
11:28:11.180	9.9
11:28:11.192	12.4
11:28:11.200	11.1
11:28:11.213	11.6
11:28:11.225	12.3
11:28:11.234	12.7
11:28:11.246	12.0
11:28:11.258	11.1
11:28:11.266	10.1
11:28:11.278	11.8
11:28:11.291	11.7
11:28:11.303	10.3
11:28:11.311	11.7
11:28:11.323	11.4
11:28:11.336	12.2
11:28:11.344	11.3
11:28:11.356	11.8
11:28:11.368	13.5
11:28:11.377	13.5
11:28:11.389	15.0
11:28:11.401	14.0
11:28:11.413	14.4
11:28:11.422	13.9
11:28:11.434	13.3
11:28:11.446	11.7
11:28:11.454	11.8
11:28:11.467	12.3
11:28:11.479	12.3
11:28:11.487	13.5
11:28:11.499	11.2
11:28:11.512	13.4
11:28:11.520	12.5
11:28:11.532	13.4
11:28:11.544	14.7
11:28:11.557	16.6
11:28:11.565	19.2
11:28:11.577	21.9
11:28:11.589	23.3
11:28:11.598	23.9
11:28:11.610	25.9
11:28:11.622	25.5
11:28:11.630	27.6
11:28:11.643	28.9
11:28:11.655	29.1
11:28:11.663	28.7
11:28:11.676	28.3
11:28:11.688	26.5
11:28:11.696	27.4
11:28:11.708	25.6
11:28:11.721	26.4
11:28:11.733	26.6
11:28:11.741	27.6
11:28:11.753	27.4
11:28:11.766	27.6
11:28:11.774	26.0
11:28:11.786	24.4
11:28:11.798	27.4
11:28:11.811	27.1
11:28:11.819	27.9
11:28:11.831	28.6
11:28:11.843	28.2
11:28:11.852	26.6
11:28:11.864	25.3
11:28:11.876	26.2
11:28:11.884	27.6
11:28:11.897	28.9
11:28:11.909	26.9
11:28:11.917	27.7
11:28:11.929	29.9
11:28:11.942	27.3
11:28:11.950	29.2
11:28:11.962	28.9
11:28:11.974	29.5
11:28:11.987	27.6
11:28:11.995	29.9
11:28:12.007	29.7
11:28:12.019	27.3
11:28:12.028	24.2
11:28:12.040	21.6
11:28:12.052	22.1
11:28:12.065	19.5
11:28:12.073	20.8
11:28:12.085	20.0
11:28:12.097	20.4
11:28:12.105	18.3
11:28:12.118	17.6
11:28:12.130	19.9
11:28:12.138	21.6
11:28:12.151	22.6
11:28:12.163	23.3
11:28:12.171	24.2
11:28:12.183	26.3
11:28:12.196	26.6
11:28:12.204	28.3
11:28:12.216	29.2
11:28:12.228	29.3
11:28:12.241	30.0
11:28:12.249	31.3
11:28:12.261	32.8
11:28:12.273	34.6
11:28:12.282	34.4
11:28:12.294	32.9
11:28:12.306	33.5
11:28:12.314	33.9
11:28:12.327	36.0
11:28:12.339	37.1
11:28:12.347	39.1
11:28:12.359	38.8
11:28:12.372	39.1
11:28:12.384	37.4
11:28:12.392	38.5
11:28:12.404	39.1
11:28:12.417	40.1
11:28:12.425	37.9
11:28:12.437	37.4
11:28:12.449	38.9
11:28:12.458	37.2
11:28:12.470	37.2
11:28:12.482	37.7
11:28:12.494	39.8
11:28:12.503	39.9
11:28:12.515	39.7
11:28:12.527	40.3
11:28:12.536	42.5
11:28:12.548	42.7
11:28:12.560	41.8
11:28:12.568	43.7
11:28:12.580	43.0
11:28:12.593	42.2
11:28:12.601	43.4
11:28:12.613	43.6
11:28:12.625	44.9
11:28:12.634	46.1
11:28:12.646	47.0
11:28:12.658	46.0
11:28:12.671	47.2
11:28:12.679	46.4
11:28:12.691	49.7
11:28:12.703	49.7
11:28:12.712	49.2
11:28:12.724	49.0
11:28:12.736	50.1
11:28:12.748	48.5
11:28:12.757	47.1
11:28:12.769	47.3
11:28:12.781	47.4
11:28:12.789	48.6
11:28:12.802	46.2
11:28:12.814	46.9
11:28:12.822	45.4
11:28:12.834	46.9
11:28:12.847	44.1
11:28:12.855	43.8
11:28:12.867	42.7
11:28:12.879	44.5
11:28:12.888	44.3
11:28:12.900	40.3
11:28:12.912	40.8
11:28:12.924	40.0
11:28:12.933	41.1
11:28:12.945	38.9
11:28:12.957	39.3
11:28:12.965	38.8
11:28:12.978	41.1
11:28:12.990	38.2
11:28:12.998	37.4
11:28:13.010	36.8
11:28:13.023	37.6
11:28:13.035	37.0
11:28:13.043	34.3
11:28:13.055	35.6
11:28:13.068	35.9
11:28:13.076	35.7
11:28:13.088	33.0
11:28:13.100	33.1
11:28:13.109	32.3
11:28:13.121	33.6
11:28:13.133	31.3
11:28:13.141	30.2
11:28:13.154	31.4
11:28:13.166	29.9
11:28:13.178	27.8
11:28:13.186	27.9
11:28:13.199	30.1
11:28:13.211	29.8
11:28:13.223	28.8
11:28:13.232	28.7
11:28:13.244	27.8
11:28:13.256	29.3
11:28:13.264	30.0
11:28:13.277	30.4
11:28:13.289	32.1
11:28:13.297	32.4
11:28:13.309	29.8
11:28:13.322	30.3
11:28:13.334	31.1
11:28:13.342	31.1
11:28:13.354	31.9
11:28:13.367	30.3
11:28:13.375	29.1
11:28:13.387	28.0
11:28:13.399	28.0
11:28:13.408	26.7
11:28:13.420	27.0
11:28:13.432	27.3
11:28:13.440	25.6
11:28:13.453	25.4
11:28:13.465	25.1
11:28:13.478	25.6
11:28:13.486	24.9
11:28:13.499	23.7
11:28:13.511	20.7
11:28:13.519	20.0
11:28:13.531	18.5
11:28:13.544	17.7
11:28:13.552	19.1
11:28:13.564	17.6
11:28:13.576	16.6
11:28:13.585	15.4
11:28:13.597	15.3
11:28:13.609	16.3
11:28:13.617	16.4
11:28:13.630	17.1
11:28:13.642	20.7
11:28:13.654	21.9
11:28:13.663	19.8
11:28:13.675	19.3
11:28:13.687	17.8
11:28:13.695	19.1
11:28:13.708	17.8
11:28:13.720	14.8
11:28:13.732	17.7
11:28:13.740	16.9
11:28:13.753	14.6
11:28:13.765	10.3
11:28:13.773	9.6
11:28:13.785	12.1
11:28:13.798	11.2
11:28:13.806	6.7
11:28:13.818	4.8
11:28:13.830	6.3
11:28:13.839	3.9
11:28:13.851	2.1
11:28:13.863	-0.7
11:28:13.871	-0.2
11:28:13.884	-0.8
11:28:13.896	-3.9
11:28:13.908	-3.8
11:28:13.916	-2.3
11:28:13.929	-1.1
11:28:13.941	-1.5
11:28:13.949	-3.4
11:28:13.961	-4.3
11:28:13.974	-2.9
11:28:13.986	-3.5
11:28:13.994	-1.0
11:28:14.006	0.2
11:28:14.019	-0.8
11:28:14.027	-1.6
11:28:14.039	-0.1
11:28:14.051	-1.7
11:28:14.060	-3.4
11:28:14.072	-1.7
11:28:14.084	-4.1
11:28:14.092	0.4
11:28:14.105	-1.1
11:28:14.117	-3.0
11:28:14.125	-2.7
11:28:14.137	-4.1
11:28:14.150	-6.6
11:28:14.162	-6.4
11:28:14.170	-5.9
11:28:14.183	-7.8
11:28:14.195	-8.1
11:28:14.203	-12.5
11:28:14.215	-11.9
11:28:14.228	-12.7
11:28:14.236	-13.3
11:28:14.248	-12.3
11:28:14.260	-10.2
11:28:14.269	-10.3
11:28:14.281	-10.0
11:28:14.293	-10.0
11:28:14.305	-9.8
11:28:14.314	-11.6
11:28:14.326	-16.0
11:28:14.338	-15.4
11:28:14.346	-16.5
11:28:14.359	-17.1
11:28:14.371	-21.8
11:28:14.379	-22.4
11:28:14.391	-21.9
11:28:14.404	-21.5
11:28:14.416	-21.2
11:28:14.424	-21.7
11:28:14.436	-22.3
11:28:14.449	-24.1
11:28:14.457	-24.0
11:28:14.469	-24.0
11:28:14.481	-22.0
11:28:14.490	-21.4
11:28:14.502	-23.5
11:28:14.514	-25.4
11:28:14.522	-26.6
11:28:14.535	-26.5
11:28:14.547	-25.9
11:28:14.555	-24.2
11:28:14.567	-24.5
11:28:14.580	-24.0
11:28:14.592	-24.8
11:28:14.600	-25.5
11:28:14.612	-23.5
11:28:14.625	-22.6
11:28:14.633	-21.7
11:28:14.645	-20.9
11:28:14.658	-19.6
11:28:14.670	-19.6
11:28:14.678	-17.3
11:28:14.690	-16.9
11:28:14.703	-14.0
11:28:14.711	-13.4
11:28:14.723	-13.3
11:28:14.735	-11.2
11:28:14.744	-9.7
11:28:14.756	-9.1
11:28:14.768	-7.6
11:28:14.776	-7.1
11:28:14.789	-6.5
11:28:14.801	-3.7
11:28:14.809	-3.9
11:28:14.821	-2.7
11:28:14.834	-2.5
11:28:14.846	-1.2
11:28:14.854	-1.4
11:28:14.866	1.8
11:28:14.879	1.1
11:28:14.887	1.0
11:28:14.899	0.1
11:28:14.911	0.0
11:28:14.920	0.2
11:28:14.932	1.1
11:28:14.944	2.6
11:28:14.956	1.5
11:28:14.965	1.6
11:28:14.977	2.7
11:28:14.989	3.5
11:28:14.997	5.0
11:28:15.010	7.1
11:28:15.022	7.2
11:28:15.030	8.2
11:28:15.042	8.6
11:28:15.055	9.5
11:28:15.063	11.7
11:28:15.075	15.1
11:28:15.087	13.9
11:28:15.100	15.8
11:28:15.108	16.8
11:28:15.120	17.2
11:28:15.133	17.3
11:28:15.141	18.5
11:28:15.153	19.5
11:28:15.165	18.7
11:28:15.177	21.5
11:28:15.186	19.4
11:28:15.198	19.3
11:28:15.210	19.4
11:28:15.218	19.6
11:28:15.231	19.5
11:28:15.243	19.7
11:28:15.255	19.2
11:28:15.264	17.8
11:28:15.276	19.2
11:28:15.288	15.1
11:28:15.296	16.3
11:28:15.309	17.6
11:28:15.321	16.4
11:28:15.329	16.4
11:28:15.341	18.2
11:28:15.354	19.6
11:28:15.362	19.6
11:28:15.374	23.4
11:28:15.386	22.8
11:28:15.399	23.6
11:28:15.407	24.3
11:28:15.419	24.4
11:28:15.431	26.4
11:28:15.440	28.0
11:28:15.452	27.3
11:28:15.464	26.4
11:28:15.472	27.4
11:28:15.485	26.1
11:28:15.497	26.1
11:28:15.505	26.6
11:28:15.517	25.7
11:28:15.530	24.1
11:28:15.538	23.3
11:28:15.550	21.2
11:28:15.562	21.0
11:28:15.575	22.4
11:28:15.583	21.1
11:28:15.595	20.0
11:28:15.608	20.6
11:28:15.616	22.4
11:28:15.628	22.2
11:28:15.640	26.5
11:28:15.653	26.2
11:28:15.661	27.8
11:28:15.673	28.7
11:28:15.685	27.7
11:28:15.693	27.4
11:28:15.706	27.8
11:28:15.718	26.2
11:28:15.726	24.7
11:28:15.739	25.4
11:28:15.751	20.3
11:28:15.759	19.7
11:28:15.771	19.0
11:28:15.784	18.0
11:28:15.792	17.1
11:28:15.804	18.5
11:28:15.816	19.0
11:28:15.829	21.6
11:28:15.837	21.0
11:28:15.849	20.2
11:28:15.861	22.8
11:28:15.870	24.6
11:28:15.882	26.1
11:28:15.894	25.6
11:28:15.906	26.1
11:28:15.915	25.3
11:28:15.927	24.2
11:28:15.939	22.7
11:28:15.947	22.4
11:28:15.960	22.8
11:28:15.972	22.1
11:28:15.980	21.8
11:28:15.992	20.2
11:28:16.005	21.3
11:28:16.013	19.6
11:28:16.025	18.4
11:28:16.037	17.8
11:28:16.046	17.3
11:28:16.058	17.4
11:28:16.070	16.6
11:28:16.083	17.0
11:28:16.091	16.6
11:28:16.103	16.3
11:28:16.115	17.5
11:28:16.124	18.2
11:28:16.136	19.6
11:28:16.148	19.8
11:28:16.156	18.8
11:28:16.169	18.5
11:28:16.181	20.1
11:28:16.189	20.0
11:28:16.201	20.7
11:28:16.214	21.6
11:28:16.226	20.2
11:28:16.234	20.7
11:28:16.246	18.9
11:28:16.259	18.8
11:28:16.267	20.3
11:28:16.279	19.5
11:28:16.291	18.2
11:28:16.300	16.6
11:28:16.312	15.1
11:28:16.324	15.6
11:28:16.336	14.0
11:28:16.345	11.8
11:28:16.357	13.7
11:28:16.369	14.0
11:28:16.377	12.9
11:28:16.390	12.8
11:28:16.402	13.8
11:28:16.410	14.3
11:28:16.422	14.6
11:28:16.435	14.0
11:28:16.443	12.7
11:28:16.455	11.7
11:28:16.467	11.1
11:28:16.476	10.4
11:28:16.488	10.8
11:28:16.500	11.3
11:28:16.513	9.7
11:28:16.521	9.6
11:28:16.533	9.6
11:28:16.545	7.6
11:28:16.553	7.6
11:28:16.566	9.8
11:28:16.578	9.7
11:28:16.590	8.8
11:28:16.598	9.3
11:28:16.611	8.6
11:28:16.623	10.8
11:28:16.631	10.7
11:28:16.643	12.0
11:28:16.656	10.8
11:28:16.664	11.9
11:28:16.676	14.1
11:28:16.689	12.1
11:28:16.697	13.9
11:28:16.709	13.2
11:28:16.721	12.9
11:28:16.730	13.3
11:28:16.742	12.2
11:28:16.754	12.1
11:28:16.766	13.9
11:28:16.775	12.8
11:28:16.787	11.0
11:28:16.799	11.9
11:28:16.807	12.3
11:28:16.820	10.4
11:28:16.832	10.9
11:28:16.840	8.3
11:28:16.852	11.5
11:28:16.865	9.8
11:28:16.877	9.3
11:28:16.885	11.5
11:28:16.897	9.1
11:28:16.910	8.8
11:28:16.918	6.0
11:28:16.930	9.7
11:28:16.942	10.3
11:28:16.951	9.8
11:28:16.963	5.8
11:28:16.975	3.8
11:28:16.983	2.0
11:28:16.996	1.0
11:28:17.008	2.6
11:28:17.020	3.9
11:28:17.028	5.4
11:28:17.041	4.5
11:28:17.053	4.2
11:28:17.061	4.0
11:28:17.073	5.8
11:28:17.086	8.5
11:28:17.094	10.6
11:28:17.106	10.4
11:28:17.118	11.0
11:28:17.128	10.3
11:28:17.140	10.1
11:28:17.152	9.4
11:28:17.165	11.1
11:28:17.177	12.6
11:28:17.185	11.8
11:28:17.197	12.4
11:28:17.210	13.0
11:28:17.218	12.2
11:28:17.230	11.2
11:28:17.242	11.0
11:28:17.251	11.0
11:28:17.263	10.8
11:28:17.275	9.4
11:28:17.283	10.0
11:28:17.296	10.9
11:28:17.308	7.9
11:28:17.316	5.7
11:28:17.328	5.9
11:28:17.341	6.6
11:28:17.349	5.7
11:28:17.361	6.5
11:28:17.373	6.5
11:28:17.386	5.9
11:28:17.394	3.7
11:28:17.406	2.7
11:28:17.418	3.2
11:28:17.427	5.2
11:28:17.439	5.0
11:28:17.451	2.7
11:28:17.459	2.2
11:28:17.472	2.5
11:28:17.484	2.1
11:28:17.496	2.2
11:28:17.504	2.0
11:28:17.517	1.8
11:28:17.529	3.2
11:28:17.537	-0.3
11:28:17.550	-1.1
11:28:17.562	0.9
11:28:17.574	0.3
11:28:17.582	-2.6
11:28:17.594	-2.8
11:28:17.607	-3.8
11:28:17.615	-4.6
11:28:17.627	-6.0
11:28:17.639	-9.0
11:28:17.648	-11.3
11:28:17.660	-12.8
11:28:17.672	-13.7
11:28:17.680	-13.5
11:28:17.693	-14.3
11:28:17.705	-15.9
11:28:17.713	-17.7
11:28:17.726	-19.3
11:28:17.738	-18.0
11:28:17.750	-16.4
11:28:17.758	-14.3
11:28:17.771	-13.2
11:28:17.783	-15.4
11:28:17.791	-15.3
11:28:17.803	-14.4
11:28:17.816	-14.7
11:28:17.828	-13.8
11:28:17.836	-12.1
11:28:17.848	-15.4
11:28:17.861	-17.9
11:28:17.869	-18.6
11:28:17.881	-19.3
11:28:17.893	-17.6
11:28:17.902	-18.9
11:28:17.914	-17.8
11:28:17.926	-17.7
11:28:17.934	-18.2
11:28:17.947	-20.6
11:28:17.959	-18.8
11:28:17.967	-18.3
11:28:17.979	-17.3
11:28:17.992	-17.4
11:28:18.004	-18.0
11:28:18.012	-17.7
11:28:18.024	-19.3
11:28:18.037	-20.5
11:28:18.045	-20.5
11:28:18.057	-16.7
11:28:18.069	-16.4
11:28:18.078	-15.0
11:28:18.090	-15.6
11:28:18.102	-17.9
11:28:18.110	-18.4
11:28:18.123	-19.4
11:28:18.135	-18.4
11:28:18.147	-18.5
11:28:18.156	-20.3
11:28:18.168	-23.3
11:28:18.180	-24.7
11:28:18.188	-25.8
11:28:18.201	-25.8
11:28:18.213	-22.1
11:28:18.221	-21.9
11:28:18.233	-21.9
11:28:18.246	-24.1
11:28:18.258	-23.4
11:28:18.266	-21.8
11:28:18.278	-21.5
11:28:18.291	-20.2
11:28:18.299	-17.8
11:28:18.311	-18.1
11:28:18.324	-19.7
11:28:18.332	-20.2
11:28:18.344	-19.7
11:28:18.356	-18.4
11:28:18.365	-18.9
11:28:18.377	-19.6
11:28:18.389	-19.1
11:28:18.397	-18.5
11:28:18.410	-20.6
11:28:18.422	-20.5
11:28:18.435	-19.2
11:28:18.442	-17.9
11:28:18.455	-15.5
11:28:18.467	-16.9
11:28:18.475	-17.5
11:28:18.487	-17.4
11:28:18.500	-17.4
11:28:18.512	-18.1
11:28:18.520	-16.7
11:28:18.532	-14.8
11:28:18.545	-15.6
11:28:18.553	-14.5
11:28:18.565	-15.3
11:28:18.578	-13.2
11:28:18.586	-11.9
11:28:18.598	-10.2
11:28:18.610	-9.2
11:28:18.618	-8.4
11:28:18.631	-7.9
11:28:18.643	-8.6
11:28:18.651	-8.4
11:28:18.663	-9.3
11:28:18.676	-9.7
11:28:18.688	-9.7
11:28:18.696	-7.9
11:28:18.709	-5.5
11:28:18.721	-6.5
11:28:18.729	-6.1
11:28:18.741	-6.6
11:28:18.754	-4.6
11:28:18.762	-3.1
11:28:18.774	-2.4
11:28:18.786	-1.3
11:28:18.799	-2.0
11:28:18.807	-2.9
11:28:18.819	-4.6
11:28:18.831	-2.6
11:28:18.840	-0.7
11:28:18.852	-1.3
11:28:18.864	-1.0
11:28:18.872	-0.2
11:28:18.885	-1.9
11:28:18.897	-3.3
11:28:18.905	-2.6
11:28:18.917	-0.9
11:28:18.930	-1.1
11:28:18.942	-1.4
11:28:18.950	-2.3
11:28:18.962	-0.7
11:28:18.975	-1.7
11:28:18.983	-2.7
11:28:18.995	-0.2
11:28:19.007	2.2
11:28:19.016	1.8
11:28:19.028	0.9
11:28:19.040	0.5
11:28:19.048	0.2
11:28:19.061	-1.5
11:28:19.073	-3.1
11:28:19.085	-4.1
11:28:19.093	-4.5
11:28:19.106	-7.0
11:28:19.118	-9.6
11:28:19.126	-9.5
11:28:19.138	-10.2
11:28:19.151	-10.0
11:28:19.159	-10.7
11:28:19.171	-10.6
11:28:19.184	-9.8
11:28:19.196	-9.0
11:28:19.204	-9.1
11:28:19.216	-7.7
11:28:19.229	-6.9
11:28:19.236	-4.9
11:28:19.249	-4.8
11:28:19.262	-5.0
11:28:19.270	-5.7
11:28:19.282	-5.9
11:28:19.294	-6.6
11:28:19.307	-6.9
11:28:19.315	-6.0
11:28:19.327	-2.2
11:28:19.339	-3.1
11:28:19.348	-5.4
11:28:19.360	-4.9
11:28:19.372	-2.6
11:28:19.380	-1.9
11:28:19.393	-1.1
11:28:19.405	1.8
11:28:19.417	2.3
11:28:19.425	3.6
11:28:19.437	1.1
11:28:19.449	1.6
11:28:19.457	2.5
11:28:19.470	2.6
11:28:19.482	1.6
11:28:19.494	2.6
11:28:19.502	3.2
11:28:19.515	0.3
11:28:19.527	0.7
11:28:19.535	-0.6
11:28:19.548	-1.1
11:28:19.560	-0.2
11:28:19.568	2.4
11:28:19.580	3.2
11:28:19.592	3.8
11:28:19.601	4.1
11:28:19.613	4.5
11:28:19.625	5.4
11:28:19.633	8.0
11:28:19.646	8.5
11:28:19.658	10.0
11:28:19.670	10.9
11:28:19.678	9.5
11:28:19.691	9.5
11:28:19.703	11.1
11:28:19.711	12.4
11:28:19.724	13.5
11:28:19.736	15.6
11:28:19.748	15.2
11:28:19.756	18.2
11:28:19.769	17.4
11:28:19.781	17.3
11:28:19.790	17.5
11:28:19.802	19.9
11:28:19.815	19.0
11:28:19.823	18.5
11:28:19.835	18.4
11:28:19.847	18.3
11:28:19.856	17.9
11:28:19.868	15.2
11:28:19.880	15.8
11:28:19.888	17.4
11:28:19.901	19.2
11:28:19.913	18.4
11:28:19.925	19.7
11:28:19.934	20.5
11:28:19.946	20.5
11:28:19.958	22.3
11:28:19.966	21.1
11:28:19.978	21.5
11:28:19.991	22.0
11:28:19.999	21.7
11:28:20.011	22.1
11:28:20.024	23.6
11:28:20.032	22.7
11:28:20.044	24.8
11:28:20.056	24.5
11:28:20.068	22.2
11:28:20.077	23.3
11:28:20.089	23.3
11:28:20.101	24.3
11:28:20.109	23.7
11:28:20.122	23.5
11:28:20.134	22.9
11:28:20.142	22.5
11:28:20.155	19.5
11:28:20.167	21.8
11:28:20.179	21.4
11:28:20.187	21.1
11:28:20.200	22.3
11:28:20.212	20.4
11:28:20.220	20.8
11:28:20.232	18.8
11:28:20.245	19.1
11:28:20.253	19.9
11:28:20.265	21.6
11:28:20.277	19.4
11:28:20.286	20.0
11:28:20.298	20.4
11:28:20.310	19.8
11:28:20.318	21.7
11:28:20.331	22.7
11:28:20.343	23.6
11:28:20.355	21.9
11:28:20.363	21.6
11:28:20.376	20.4
11:28:20.388	19.1
11:28:20.396	18.5
11:28:20.408	18.0
11:28:20.421	18.4
11:28:20.433	16.9
11:28:20.441	16.8
11:28:20.453	17.9
11:28:20.466	18.1
11:28:20.474	17.7
11:28:20.486	18.4
11:28:20.498	21.3
11:28:20.507	21.2
11:28:20.519	21.2
11:28:20.531	20.5
11:28:20.539	21.7
11:28:20.552	20.4
11:28:20.564	20.3
11:28:20.572	21.4
11:28:20.584	22.0
11:28:20.597	21.2
11:28:20.609	18.6
11:28:20.617	18.5
11:28:20.629	17.1
11:28:20.642	18.9
11:28:20.650	18.2
11:28:20.662	18.7
11:28:20.675	17.0
11:28:20.683	15.2
11:28:20.695	14.6
11:28:20.707	12.4
11:28:20.720	14.1
11:28:20.728	13.0
11:28:20.740	14.0
11:28:20.752	10.8
11:28:20.761	10.1
11:28:20.773	9.1
11:28:20.785	9.7
11:28:20.793	10.8
11:28:20.806	9.8
11:28:20.818	12.2
11:28:20.826	11.1
11:28:20.838	11.7
11:28:20.851	12.2
11:28:20.863	13.5
11:28:20.871	13.0
11:28:20.883	13.9
11:28:20.896	13.8
11:28:20.904	13.7
11:28:20.916	13.9
11:28:20.928	13.4
11:28:20.937	12.4
11:28:20.949	13.3
11:28:20.961	10.5
11:28:20.969	11.0
11:28:20.982	12.7
11:28:20.994	13.5
11:28:21.006	14.3
11:28:21.014	14.5
11:28:21.027	15.6
11:28:21.039	15.8
11:28:21.047	18.1
11:28:21.059	18.4
11:28:21.072	19.5
11:28:21.084	17.4
11:28:21.092	16.4
11:28:21.104	16.9
11:28:21.117	16.3
11:28:21.125	15.5
11:28:21.137	16.2
11:28:21.150	18.1
11:28:21.162	18.0
11:28:21.170	16.9
11:28:21.182	19.6
11:28:21.195	19.1
11:28:21.203	18.5
11:28:21.215	16.4
11:28:21.227	17.4
11:28:21.236	16.6
11:28:21.248	16.3
11:28:21.260	15.4
11:28:21.268	13.8
11:28:21.281	13.9
11:28:21.293	12.9
11:28:21.301	13.4
11:28:21.314	14.8
11:28:21.326	14.9
11:28:21.338	12.4
11:28:21.346	11.2
11:28:21.359	9.4
11:28:21.371	8.4
11:28:21.379	7.6
11:28:21.391	7.6
11:28:21.404	6.3
11:28:21.416	6.9
11:28:21.424	5.2
11:28:21.436	4.7
11:28:21.449	5.1
11:28:21.457	7.3
11:28:21.469	6.1
11:28:21.481	4.0
11:28:21.490	3.6
11:28:21.502	3.8
11:28:21.514	2.8
11:28:21.522	1.5
11:28:21.535	-0.1
11:28:21.547	0.7
11:28:21.555	-0.3
11:28:21.567	-3.2
11:28:21.580	-4.5
11:28:21.592	-3.7
11:28:21.600	-4.8
11:28:21.612	-6.5
11:28:21.625	-7.2
11:28:21.633	-7.0
11:28:21.645	-5.3
11:28:21.658	-7.8
11:28:21.670	-7.9
11:28:21.678	-7.0
11:28:21.690	-6.3
11:28:21.702	-6.5
11:28:21.711	-6.9
11:28:21.723	-8.0
11:28:21.735	-5.8
11:28:21.743	-8.4
11:28:21.756	-10.7
11:28:21.768	-9.7
11:28:21.776	-11.3
11:28:21.789	-13.9
11:28:21.801	-14.3
11:28:21.809	-15.9
11:28:21.821	-15.9
11:28:21.834	-15.8
11:28:21.846	-16.9
11:28:21.854	-14.7
11:28:21.867	-14.6
11:28:21.879	-17.9
11:28:21.887	-18.2
11:28:21.899	-17.8
11:28:21.911	-18.2
11:28:21.920	-19.0
11:28:21.932	-16.8
11:28:21.944	-16.3
11:28:21.952	-17.8
11:28:21.965	-17.2
11:28:21.977	-16.2
11:28:21.989	-13.4
11:28:21.997	-9.1
11:28:22.010	-7.9
11:28:22.022	-8.1
11:28:22.030	-7.5
11:28:22.042	-10.4
11:28:22.055	-11.6
11:28:22.063	-13.4
11:28:22.075	-12.9
11:28:22.088	-13.2
11:28:22.100	-14.5
11:28:22.108	-18.6
11:28:22.120	-18.6
11:28:22.133	-18.0
11:28:22.141	-18.9
11:28:22.153	-17.9
11:28:22.165	-17.5
11:28:22.174	-13.9
11:28:22.186	-15.2
11:28:22.197	-16.5
11:28:22.206	-16.3
11:28:22.218	-15.7
11:28:22.230	-16.3
11:28:22.238	-15.9
11:28:22.251	-14.6
11:28:22.263	-14.1
11:28:22.276	-12.1
11:28:22.283	-13.0
11:28:22.296	-13.4
11:28:22.308	-11.9
11:28:22.316	-11.3
11:28:22.329	-9.5
11:28:22.341	-9.3
11:28:22.353	-9.5
11:28:22.361	-9.5
11:28:22.374	-7.4
11:28:22.386	-8.3
11:28:22.394	-7.1
11:28:22.406	-6.9
11:28:22.419	-8.1
11:28:22.427	-7.2
11:28:22.439	-6.3
11:28:22.452	-5.0
11:28:22.460	-4.2
11:28:22.472	-3.2
11:28:22.484	-4.4
11:28:22.492	-3.0
11:28:22.505	-3.4
11:28:22.517	-1.3
11:28:22.529	-0.3
11:28:22.537	0.6
11:28:22.550	0.3
11:28:22.562	0.3
11:28:22.570	1.7
11:28:22.583	2.3
11:28:22.595	3.6
11:28:22.603	3.0
11:28:22.615	5.1
11:28:22.628	5.1
11:28:22.641	9.4
11:28:22.649	9.5
11:28:22.661	10.1
11:28:22.674	11.1
11:28:22.682	11.6
11:28:22.695	12.7
11:28:22.706	14.7
11:28:22.715	15.5
11:28:22.727	15.0
11:28:22.739	19.4
11:28:22.747	16.7
11:28:22.760	17.3
11:28:22.772	17.9
11:28:22.784	18.2
11:28:22.792	18.0
11:28:22.805	19.2
11:28:22.817	17.3
11:28:22.825	18.5
11:28:22.837	18.7
11:28:22.850	14.6
11:28:22.858	16.1
11:28:22.870	17.9
11:28:22.882	19.3
11:28:22.891	20.2
11:28:22.903	19.9
11:28:22.915	19.3
11:28:22.928	19.3
11:28:22.936	19.3
11:28:22.948	20.5
11:28:22.960	21.5
11:28:22.968	22.0
11:28:22.981	21.6
11:28:22.993	20.5
11:28:23.001	20.7
11:28:23.014	22.3
11:28:23.026	21.5
11:28:23.038	21.8
11:28:23.046	21.7
11:28:23.059	21.2
11:28:23.071	20.6
11:28:23.083	19.1
11:28:23.091	19.2
11:28:23.104	18.6
11:28:23.116	20.5
11:28:23.124	19.1
11:28:23.136	19.6
11:28:23.149	19.1
11:28:23.157	19.6
11:28:23.169	19.7
11:28:23.181	20.8
11:28:23.190	22.8
11:28:23.202	23.2
11:28:23.214	23.0
11:28:23.222	21.9
11:28:23.235	22.5
11:28:23.247	23.8
11:28:23.259	24.9
11:28:23.267	25.0
11:28:23.280	23.1
11:28:23.292	20.3
11:28:23.300	18.2
11:28:23.312	15.4
11:28:23.325	15.5
11:28:23.337	14.6
11:28:23.345	15.1
11:28:23.358	12.9
11:28:23.370	13.6
11:28:23.378	12.1
11:28:23.390	13.5
11:28:23.402	15.0
11:28:23.411	14.8
11:28:23.423	16.5
11:28:23.435	16.3
11:28:23.443	16.0
11:28:23.456	16.0
11:28:23.468	15.8
11:28:23.476	15.5
11:28:23.488	16.9
11:28:23.501	15.2
11:28:23.513	15.7
11:28:23.521	16.5
11:28:23.534	15.5
11:28:23.546	15.3
11:28:23.554	15.6
11:28:23.566	18.4
11:28:23.579	21.4
11:28:23.591	18.5
11:28:23.599	17.9
11:28:23.611	20.2
11:28:23.624	19.4
11:28:23.632	20.4
11:28:23.644	20.4
11:28:23.656	20.1
11:28:23.665	20.1
11:28:23.677	15.7
11:28:23.689	13.8
11:28:23.697	16.2
11:28:23.710	15.3
11:28:23.722	14.9
11:28:23.730	14.5
11:28:23.742	12.5
11:28:23.755	12.0
11:28:23.767	12.0
11:28:23.775	11.7
11:28:23.787	14.0
11:28:23.800	13.4
11:28:23.808	11.5
11:28:23.820	10.6
11:28:23.832	9.1
11:28:23.841	12.5
11:28:23.853	13.9
11:28:23.865	13.6
11:28:23.873	15.0
11:28:23.886	14.6
11:28:23.898	12.9
11:28:23.910	12.4
11:28:23.918	12.5
11:28:23.931	14.0
11:28:23.943	14.5
11:28:23.951	11.2
11:28:23.964	8.6
11:28:23.976	7.6
11:28:23.984	6.0
11:28:23.996	5.8
11:28:24.008	5.2
11:28:24.021	4.7
11:28:24.029	4.0
11:28:24.041	1.8
11:28:24.054	0.5
11:28:24.062	-0.4
11:28:24.074	-0.1
11:28:24.086	-1.1
11:28:24.095	-2.0
11:28:24.107	-3.1
11:28:24.119	-3.6
11:28:24.127	-3.2
11:28:24.140	-1.0
11:28:24.152	0.4
11:28:24.160	3.4
11:28:24.172	3.7
11:28:24.185	2.9
11:28:24.197	6.2
11:28:24.205	7.1
11:28:24.217	8.1
11:28:24.230	8.6
11:28:24.238	8.9
11:28:24.250	7.9
11:28:24.262	7.9
11:28:24.275	6.7
11:28:24.283	6.7
11:28:24.295	9.5
11:28:24.307	8.1
11:28:24.316	7.9
11:28:24.328	9.1
11:28:24.340	9.4
11:28:24.348	9.6
11:28:24.361	8.7
11:28:24.373	8.0
11:28:24.381	6.6
11:28:24.393	7.2
11:28:24.406	6.5
11:28:24.414	7.4
11:28:24.426	6.6
11:28:24.439	6.3
11:28:24.451	6.0
11:28:24.459	4.4
11:28:24.471	5.8
11:28:24.483	5.1
11:28:24.492	5.4
11:28:24.504	5.2
11:28:24.516	4.0
11:28:24.524	2.5
11:28:24.537	3.4
11:28:24.549	0.5
11:28:24.561	-0.4
11:28:24.569	1.1
11:28:24.582	-0.4
11:28:24.594	3.4
11:28:24.602	4.9
11:28:24.615	5.3
11:28:24.627	3.9
11:28:24.635	4.1
11:28:24.647	4.1
11:28:24.660	6.5
11:28:24.668	5.9
11:28:24.680	6.1
11:28:24.692	4.7
11:28:24.705	1.0
11:28:24.713	-1.7
11:28:24.725	-2.2
11:28:24.737	-1.4
11:28:24.746	-2.4
11:28:24.758	-3.9
11:28:24.770	-5.8
11:28:24.778	-5.9
11:28:24.791	-7.8
11:28:24.803	-6.0
11:28:24.811	-6.4
11:28:24.823	-7.7
11:28:24.836	-7.8
11:28:24.848	-7.0
11:28:24.856	-5.2
11:28:24.868	-5.5
11:28:24.881	-6.3
11:28:24.889	-7.1
11:28:24.901	-4.9
11:28:24.913	-7.5
11:28:24.922	-5.2
11:28:24.934	-3.1
11:28:24.946	-4.9
11:28:24.958	-8.1
11:28:24.967	-10.0
11:28:24.979	-14.0
11:28:24.991	-13.6
11:28:24.999	-13.0
11:28:25.012	-15.5
11:28:25.024	-15.5
11:28:25.032	-19.1
11:28:25.044	-21.5
11:28:25.057	-22.1
11:28:25.069	-20.5
11:28:25.077	-19.1
11:28:25.090	-14.7
11:28:25.102	-16.5
11:28:25.110	-16.1
11:28:25.122	-17.8
11:28:25.135	-17.0
11:28:25.143	-16.9
11:28:25.155	-15.9
11:28:25.167	-16.6
11:28:25.180	-15.7
11:28:25.188	-18.3
11:28:25.200	-20.0
11:28:25.212	-19.7
11:28:25.221	-21.2
11:28:25.233	-20.5
11:28:25.245	-17.6
11:28:25.257	-17.3
11:28:25.266	-19.6
11:28:25.278	-19.6
11:28:25.290	-21.1
11:28:25.299	-21.0
11:28:25.311	-21.8
11:28:25.323	-19.7
11:28:25.331	-19.8
11:28:25.344	-19.0
11:28:25.356	-21.6
11:28:25.364	-22.7
11:28:25.376	-21.0
11:28:25.389	-20.2
11:28:25.397	-21.3
11:28:25.409	-19.8
11:28:25.422	-16.5
11:28:25.434	-18.9
11:28:25.442	-18.4
11:28:25.454	-19.6
11:28:25.467	-19.7
11:28:25.475	-19.0
11:28:25.487	-19.2
11:28:25.499	-20.7
11:28:25.512	-21.0
11:28:25.520	-19.8
11:28:25.532	-22.0
11:28:25.544	-21.8
11:28:25.553	-21.5
11:28:25.565	-21.9
11:28:25.577	-21.2
11:28:25.585	-21.1
11:28:25.598	-21.8
11:28:25.610	-19.9
11:28:25.618	-20.2
11:28:25.631	-22.1
11:28:25.643	-20.8
11:28:25.651	-19.5
11:28:25.663	-19.2
11:28:25.676	-18.2
11:28:25.687	-20.1
11:28:25.695	-19.2
11:28:25.708	-18.0
11:28:25.720	-18.0
11:28:25.728	-15.4
11:28:25.740	-14.9
11:28:25.753	-14.1
11:28:25.761	-14.5
11:28:25.773	-14.5
11:28:25.785	-13.9
11:28:25.794	-10.9
11:28:25.807	-10.3
11:28:25.819	-10.8
11:28:25.832	-11.9
11:28:25.840	-14.3
11:28:25.852	-14.2
11:28:25.864	-15.8
11:28:25.873	-16.1
11:28:25.885	-15.5
11:28:25.897	-14.0
11:28:25.905	-16.5
11:28:25.918	-16.2
11:28:25.930	-13.9
11:28:25.942	-12.0
11:28:25.950	-9.9
11:28:25.963	-10.9
11:28:25.975	-9.7
11:28:25.983	-10.1
11:28:25.995	-10.7
11:28:26.008	-12.1
11:28:26.016	-11.0
11:28:26.027	-12.1
